crm_name,crm_address,crm_postcode,crm_city,siret_candidate,score,candidate_name,candidate_addr,candidate_city,candidate_postcode,candidate_insee,rank,shap
 GE FRUITS,69 Rue Marcel Mérieux,69960,CORBAS,82875878900022,0.9995742440223694,GE FRUITS,69 RUE MARCEL MERIEUX,CORBAS,69960,69273,1,
 GE FRUITS,69 Rue Marcel Mérieux,69960,CORBAS,89124205900014,0.9985993504524231,GE FRUITS HOLDING,69 RUE MARCEL MERIEUX,CORBAS,69960,69273,2,
 GE FRUITS,69 Rue Marcel Mérieux,69960,CORBAS,48170771900029,0.9972410202026367,LUCEN FRUITS,69 RUE MARCEL MERIEUX,CORBAS,69960,69273,3,
 GE FRUITS,69 Rue Marcel Mérieux,69960,CORBAS,51112302800017,0.9965544939041138,RHONE FRUITS,69 RUE MARCEL MERIEUX,CORBAS,69960,69273,4,
 GE FRUITS,69 Rue Marcel Mérieux,69960,CORBAS,50743546900022,0.9822179675102234,RHONE ALPES FRUITS ET LEGUMES,69 RUE MARCEL MERIEUX,CORBAS,69960,69273,5,
05-OISEAU BLANC adapei69,50 RUE NUNGESSER,69150,DECINES CHARPIEU,77564828000037,0.9948561191558838,ADAPEI L OISEAU BLANC,50 RUE NUNGESSER,DECINES-CHARPIEU,69150,69275,1,
05-OISEAU BLANC adapei69,50 RUE NUNGESSER,69150,DECINES CHARPIEU,21690275900010,0.912124752998352,MAIRIE,PLACE ROGER SALENGRO,DECINES-CHARPIEU,69150,69275,2,
05-OISEAU BLANC adapei69,50 RUE NUNGESSER,69150,DECINES CHARPIEU,43134405000015,0.6901431679725647,ASS CERCLE 11 DECINES,12 RUE CARNOT,DECINES-CHARPIEU,69150,69275,3,
05-OISEAU BLANC adapei69,50 RUE NUNGESSER,69150,DECINES CHARPIEU,91812179900012,0.6245798468589783,CHAMP BLANC,21 RUE PAUL ET MARC BARBEZAT,DECINES-CHARPIEU,69150,69275,4,
05-OISEAU BLANC adapei69,50 RUE NUNGESSER,69150,DECINES CHARPIEU,94962465400016,0.6198130249977112,DECINES GRAND LARGE IMMOBILIER,14 RUE DE LA FRATERNITE,DECINES-CHARPIEU,69150,69275,5,
10-GRAND  LARGE ADAPEI69, 216 Rue Marino Simonetti,69150,DECINES CHARPIEU,77564828000300,0.9931735396385193,FOYER LE GRAND LARGE,216 RUE MARINO SIMONETTI,DECINES-CHARPIEU,69150,69275,1,
10-GRAND  LARGE ADAPEI69, 216 Rue Marino Simonetti,69150,DECINES CHARPIEU,88915823400019,0.9793810248374939,IMMERSION GRAND LARGE,44 RUE DE LA REPUBLIQUE,DECINES-CHARPIEU,69150,69275,2,
10-GRAND  LARGE ADAPEI69, 216 Rue Marino Simonetti,69150,DECINES CHARPIEU,77564828000037,0.9625434875488281,ADAPEI L OISEAU BLANC,50 RUE NUNGESSER,DECINES-CHARPIEU,69150,69275,3,
10-GRAND  LARGE ADAPEI69, 216 Rue Marino Simonetti,69150,DECINES CHARPIEU,94962465400016,0.9612780213356018,DECINES GRAND LARGE IMMOBILIER,14 RUE DE LA FRATERNITE,DECINES-CHARPIEU,69150,69275,4,
10-GRAND  LARGE ADAPEI69, 216 Rue Marino Simonetti,69150,DECINES CHARPIEU,38438227100011,0.9442710876464844,CENTRE CONTROLE ET SECURITE GRAND LARGE,24 RUE BALZAC,DECINES CHARPIEU,69150,69275,5,
ADEL,29 Boulevard Charles de Gaulle,69150,DECINES-CHARPIEU,95650716400021,0.9995046854019165,ADEL,29 BOULEVARD CHARLES DE GAULLE,DECINES-CHARPIEU,69150,69275,1,
ADEL,29 Boulevard Charles de Gaulle,69150,DECINES-CHARPIEU,84214049300011,0.9990147352218628,ADEL ZZ,29 BOULEVARD CHARLES DE GAULLE,DECINES-CHARPIEU,69150,69275,2,
ADEL,29 Boulevard Charles de Gaulle,69150,DECINES-CHARPIEU,88389178000016,0.9960094690322876,ADELCOBO,29 BOULEVARD CHARLES DE GAULLE,DECINES-CHARPIEU,69150,69275,3,
ADEL,29 Boulevard Charles de Gaulle,69150,DECINES-CHARPIEU,88837240600023,0.9521268606185913,ALLIN PADEL,2 AVENUE SIMONE VEIL,DECINES-CHARPIEU,69150,69275,4,
ADEL,29 Boulevard Charles de Gaulle,69150,DECINES-CHARPIEU,92416297700012,0.874242901802063,ALL IN PADEL 69,2 AVENUE SIMONE VEIL,DECINES-CHARPIEU,69150,69275,5,
AGE CORBAS,4 rue du Mont Blanc,69960,CORBAS,93007181600019,0.9805731177330017,SLAY,4 RUE DU MONT BLANC,CORBAS,69960,69273,1,
AGE CORBAS,4 rue du Mont Blanc,69960,CORBAS,93007181600019,0.9805731177330017,SLAY,4 RUE DU MONT BLANC,CORBAS,69960,69273,1,
AGE CORBAS,4 rue du Mont Blanc,69960,CORBAS,89899019700029,0.9782494306564331,MOTORCUSTOMS,4 RUE DU MONT BLANC,CORBAS,69960,69273,2,
AGE CORBAS,4 rue du Mont Blanc,69960,CORBAS,89899019700029,0.9782494306564331,MOTORCUSTOMS,4 RUE DU MONT BLANC,CORBAS,69960,69273,2,
AGE CORBAS,4 rue du Mont Blanc,69960,CORBAS,92437886200115,0.9729483723640442,MC2A,4 RUE DU MONT BLANC,CORBAS,69960,69273,3,
AGE CORBAS,4 rue du Mont Blanc,69960,CORBAS,92437886200115,0.9729483723640442,MC2A,4 RUE DU MONT BLANC,CORBAS,69960,69273,3,
AGE CORBAS,4 rue du Mont Blanc,69960,CORBAS,85299724600024,0.9487712979316711,SM2G,4 RUE DU MONT BLANC,CORBAS,69960,69273,4,
AGE CORBAS,4 rue du Mont Blanc,69960,CORBAS,85299724600024,0.9487712979316711,SM2G,4 RUE DU MONT BLANC,CORBAS,69960,69273,4,
AGE CORBAS,4 rue du Mont Blanc,69960,CORBAS,84026453500039,0.9170836210250854,CO&GO,4 RUE DU MONT BLANC,CORBAS,69960,69273,5,
AGE CORBAS,4 rue du Mont Blanc,69960,CORBAS,84026453500039,0.9170836210250854,CO&GO,4 RUE DU MONT BLANC,CORBAS,69960,69273,5,
ALL IN ACADEMY,13 RUE MARCEAU,69150,DECINES CHARPIEU,90186658200025,0.999537467956543,ALL IN ACADEMY DECINES,13 RUE MARCEAU,DECINES-CHARPIEU,69150,69275,1,
ALL IN ACADEMY,13 RUE MARCEAU,69150,DECINES CHARPIEU,92326934400027,0.997692346572876,ALL IN SCHOOL,13 RUE MARCEAU,DECINES-CHARPIEU,69150,69275,2,
ALL IN ACADEMY,13 RUE MARCEAU,69150,DECINES CHARPIEU,92229667800027,0.9960785508155823,ALL IN STORE,13 RUE MARCEAU,DECINES-CHARPIEU,69150,69275,3,
ALL IN ACADEMY,13 RUE MARCEAU,69150,DECINES CHARPIEU,92971940900013,0.9960307478904724,ALL IN ARENA,13 RUE MARCEAU,DECINES-CHARPIEU,69150,69275,4,
ALL IN ACADEMY,13 RUE MARCEAU,69150,DECINES CHARPIEU,92169061600021,0.9945857524871826,ALL IN GROUP,13 RUE MARCEAU,DECINES-CHARPIEU,69150,69275,5,
APAJH 69 CAMSP DECINES,15 AVENUE FRANKLIN ROOSEVELT,69150,DECINES-CHARPIEU,78457968202902,0.9994250535964966,FEDERATION APAJH,15 AVENUE FRANKLIN ROOSEVELT,DECINES-CHARPIEU,69150,69275,1,
APAJH 69 CAMSP DECINES,15 AVENUE FRANKLIN ROOSEVELT,69150,DECINES-CHARPIEU,49520638500017,0.6834422945976257,FPCAT,109 AVENUE FRANKLIN ROOSEVELT,DECINES-CHARPIEU,69150,69275,2,
APAJH 69 CAMSP DECINES,15 AVENUE FRANKLIN ROOSEVELT,69150,DECINES-CHARPIEU,32649352500025,0.6349760890007019,INTER ISOLATION,105 AVENUE FRANKLIN ROOSEVELT,DECINES-CHARPIEU,69150,69275,3,
APAJH 69 CAMSP DECINES,15 AVENUE FRANKLIN ROOSEVELT,69150,DECINES-CHARPIEU,54001848800028,0.6172854900360107,SOLUTION PEINTURE DISTRIBUTION,45 AVENUE FRANKLIN ROOSEVELT,DECINES-CHARPIEU,69150,69275,4,
APAJH 69 CAMSP DECINES,15 AVENUE FRANKLIN ROOSEVELT,69150,DECINES-CHARPIEU,44303932600022,0.6093874573707581,DITIB,127 AVENUE FRANKLIN ROOSEVELT,DECINES-CHARPIEU,69150,69275,5,
ASL,69 Rue Marcel Merieux,69960,CORBAS,50920124000025,0.9961549639701843,ASSOCIATION SYNDICALE LIBRE DU MARCHE DE GROS DE LYON CORBAS,69 RUE MARCEL MERIEUX,CORBAS,69960,69273,1,
ASL,69 Rue Marcel Merieux,69960,CORBAS,79249138300016,0.9893418550491333,DU 41,69 RUE MARCEL MERIEUX,CORBAS,69960,69273,2,
ASL,69 Rue Marcel Merieux,69960,CORBAS,49057604800022,0.979223906993866,FIGITOMM,69 RUE MARCEL MERIEUX,CORBAS,69960,69273,3,
ASL,69 Rue Marcel Merieux,69960,CORBAS,40091271300023,0.9744675159454346,COMPTOIR DE L AIL,69 RUE MARCEL MERIEUX,CORBAS,69960,69273,4,
ASL,69 Rue Marcel Merieux,69960,CORBAS,89067249600019,0.9653550386428833,IMMO PSE,69 RUE MARCEL MERIEUX,CORBAS,69960,69273,5,
ASLI - ZACM,4 Avenue du 24 Août 1944,69960,CORBAS,44112152200029,0.9999133348464966,ASLI ZACM,4 AVENUE DU 24 AOUT 1944,CORBAS,69960,69273,1,
ASLI - ZACM,4 Avenue du 24 Août 1944,69960,CORBAS,41216431100042,0.9465559720993042,RONDE DE NUIT,4 AVENUE DU 24 AOUT 1944,CORBAS,69960,69273,2,
ASLI - ZACM,4 Avenue du 24 Août 1944,69960,CORBAS,43488836800025,0.9171139001846313,A L T R A,4 AVENUE DU 24 AOUT 1944,CORBAS,69960,69273,3,
ASLI - ZACM,4 Avenue du 24 Août 1944,69960,CORBAS,48239538100023,0.9094794392585754,ASSOCIATION,4 AVENUE DU 24 AOUT 1944,CORBAS,69960,69273,4,
ASLI - ZACM,4 Avenue du 24 Août 1944,69960,CORBAS,50949159300034,0.9002144932746887,MASE,4 AVENUE DU 24 AOUT 1944,CORBAS,69960,69273,5,
AST DECINES,"35 rue Emile Zola, Rez-de-chaussée",69150,DECINES CHARPIEU,51930431500020,0.9790028929710388,AST SERVICES,78 RUE ELISEE RECLUS,DECINES-CHARPIEU,69150,69275,1,
AST DECINES,"35 rue Emile Zola, Rez-de-chaussée",69150,DECINES CHARPIEU,92437886200305,0.41478022933006287,MC2A,35 RUE EMILE ZOLA,DECINES-CHARPIEU,69150,69275,2,
AST DECINES,"35 rue Emile Zola, Rez-de-chaussée",69150,DECINES CHARPIEU,39254982000943,0.399109423160553,AST GROUPE,81 RUE ELISEE RECLUS,DECINES-CHARPIEU,69150,69275,3,
AST DECINES,"35 rue Emile Zola, Rez-de-chaussée",69150,DECINES CHARPIEU,51840987500011,0.2225254774093628,NMR,46 RUE SULLY,DECINES-CHARPIEU,69150,69275,4,
AST DECINES,"35 rue Emile Zola, Rez-de-chaussée",69150,DECINES CHARPIEU,91463510700016,0.20967453718185425,F.H.I.,18 RUE PAUL ET MARC BARBEZAT,DECINES-CHARPIEU,69150,69275,5,
ATOUT GAZ,"89 Avenue des Bruyères, Bâtiment B",69150,DECINES CHARPIEU,53011730800029,0.9926294088363647,CLIM A LYON,89 AVENUE DES BRUYERES,DECINES-CHARPIEU,69150,69275,1,
ATOUT GAZ,"89 Avenue des Bruyères, Bâtiment B",69150,DECINES CHARPIEU,80812847400026,0.9711488485336304,RG MAINTENANCE GAZ,98 AVENUE EDOUARD HERRIOT,DECINES-CHARPIEU,69150,69275,2,
ATOUT GAZ,"89 Avenue des Bruyères, Bâtiment B",69150,DECINES CHARPIEU,44060173000045,0.7071804404258728,ENERGIE PROCESS,89 AVENUE DES BRUYERES,DECINES-CHARPIEU,69150,69275,3,
ATOUT GAZ,"89 Avenue des Bruyères, Bâtiment B",69150,DECINES CHARPIEU,97993485800015,0.5804051756858826,HOLDING BOUQUET,89 AVENUE DES BRUYERES,DECINES-CHARPIEU,69150,69275,4,
ATOUT GAZ,"89 Avenue des Bruyères, Bâtiment B",69150,DECINES CHARPIEU,89439856900018,0.546515166759491,HOLDING BOUQUET,89 AVENUE DES BRUYERES,DECINES-CHARPIEU,69150,69275,5,
BAGTROTTER,20 Rue Paul et Marc Barbezat,69150,DECINES-CHARPIEU,85120177200031,0.8882511854171753,SP COATING,20 RUE PAUL ET MARC BARBEZAT,DECINES-CHARPIEU,69150,69275,1,
BAGTROTTER,20 Rue Paul et Marc Barbezat,69150,DECINES-CHARPIEU,98399053200027,0.7595032453536987,WILLY INFO SERVICES,20 RUE DU 24 AVRIL 1915,DECINES-CHARPIEU,69150,69275,2,
BAGTROTTER,20 Rue Paul et Marc Barbezat,69150,DECINES-CHARPIEU,44303932600030,0.4686848223209381,DITIB,72 RUE PAUL ET MARC BARBEZAT,DECINES-CHARPIEU,69150,69275,3,
BAGTROTTER,20 Rue Paul et Marc Barbezat,69150,DECINES-CHARPIEU,32370743000027,0.3555264174938202,BULLES,52 RUE PAUL ET MARC BARBEZAT,DECINES-CHARPIEU,69150,69275,4,
BAGTROTTER,20 Rue Paul et Marc Barbezat,69150,DECINES-CHARPIEU,48323825900038,0.3468873202800751,"GROUPE BILGIN, BAGDAN, EURO INTER FOOD",62 RUE PAUL ET MARC BARBEZAT,DECINES-CHARPIEU,69150,69275,5,
BLANC ROSSET LYON,5 Rue du Mont-Blanc,69960,CORBAS,40400979700055,0.9863716959953308,MAISON LANDRIER PERE BLANC,5 RUE DU MONT BLANC,CORBAS,69960,69273,1,
BLANC ROSSET LYON,5 Rue du Mont-Blanc,69960,CORBAS,98401778000011,0.9617089033126831,MHT,5 RUE DU MONT BLANC,CORBAS,69960,69273,2,
BLANC ROSSET LYON,5 Rue du Mont-Blanc,69960,CORBAS,50484013300012,0.9368676543235779,BLANC NOEL,21 ALLEE HELENE BOUCHER,CORBAS,69960,69273,3,
BLANC ROSSET LYON,5 Rue du Mont-Blanc,69960,CORBAS,53749522800018,0.9223577976226807,ZOL LYON,22 RUE DE LA VANOISE,CORBAS,69960,69273,4,
BLANC ROSSET LYON,5 Rue du Mont-Blanc,69960,CORBAS,31061319500042,0.8756489157676697,TLF SERVICES,5 RUE DU MONT BLANC,CORBAS,69960,69273,5,
BUFAB FRANCE,21 Avenue du 24 Août 1944,69960,CORBAS,35323743100088,0.9997510313987732,CHAPELLET,21 AVENUE DU 24 AOUT 1944,CORBAS,69960,69273,1,
BUFAB FRANCE,21 Avenue du 24 Août 1944,69960,CORBAS,31045504300524,0.9645359516143799,FRANCE BOISSONS RHONE ALPES,73 RUE MARCEL MERIEUX,CORBAS,69960,69273,2,
BUFAB FRANCE,21 Avenue du 24 Août 1944,69960,CORBAS,91047578900020,0.9415846467018127,BIEN BOIRE A CORBAS,8 RUE DES ROSES,CORBAS,69960,69273,3,
BUFAB FRANCE,21 Avenue du 24 Août 1944,69960,CORBAS,53027192300027,0.7711120247840881,FCB,4 RUE DU MONT BLANC,CORBAS,69960,69273,4,
BUFAB FRANCE,21 Avenue du 24 Août 1944,69960,CORBAS,97855983900045,0.7211455702781677,GOFO FRANCE,24 AVENUE DU 24 AOUT 1944,CORBAS,69960,69273,5,
Babolat Corbas,1 avenue du 24 Aout 1944,69960,CORBAS,55213140100101,0.9990739822387695,BABOLAT VS,1 AVENUE DU 24 AOUT 1944,CORBAS,69960,69273,1,
Babolat Corbas,1 avenue du 24 Aout 1944,69960,CORBAS,55213140100101,0.9990739822387695,BABOLAT VS,1 AVENUE DU 24 AOUT 1944,CORBAS,69960,69273,1,
Babolat Corbas,1 avenue du 24 Aout 1944,69960,CORBAS,55213140100101,0.9990739822387695,BABOLAT VS,1 AVENUE DU 24 AOUT 1944,CORBAS,69960,69273,1,
Babolat Corbas,1 avenue du 24 Aout 1944,69960,CORBAS,37932444500012,0.7820568084716797,COMITE D'ENTREPRISE DUMSCHMIDT,1 AVENUE DU 24 AOUT 1944,CORBAS,69960,69273,2,
Babolat Corbas,1 avenue du 24 Aout 1944,69960,CORBAS,37932444500012,0.7820568084716797,COMITE D'ENTREPRISE DUMSCHMIDT,1 AVENUE DU 24 AOUT 1944,CORBAS,69960,69273,2,
Babolat Corbas,1 avenue du 24 Aout 1944,69960,CORBAS,37932444500012,0.7820568084716797,COMITE D'ENTREPRISE DUMSCHMIDT,1 AVENUE DU 24 AOUT 1944,CORBAS,69960,69273,2,
Babolat Corbas,1 avenue du 24 Aout 1944,69960,CORBAS,91047578900020,0.6506986618041992,BIEN BOIRE A CORBAS,8 RUE DES ROSES,CORBAS,69960,69273,3,
Babolat Corbas,1 avenue du 24 Aout 1944,69960,CORBAS,91047578900020,0.6506986618041992,BIEN BOIRE A CORBAS,8 RUE DES ROSES,CORBAS,69960,69273,3,
Babolat Corbas,1 avenue du 24 Aout 1944,69960,CORBAS,91047578900020,0.6506986618041992,BIEN BOIRE A CORBAS,8 RUE DES ROSES,CORBAS,69960,69273,3,
Babolat Corbas,1 avenue du 24 Aout 1944,69960,CORBAS,30218155700026,0.4637053608894348,SOC BAHADOURIAN,1 RUE DU MONT BLANC,CORBAS,69960,69273,4,
Babolat Corbas,1 avenue du 24 Aout 1944,69960,CORBAS,30218155700026,0.4637053608894348,SOC BAHADOURIAN,1 RUE DU MONT BLANC,CORBAS,69960,69273,4,
Babolat Corbas,1 avenue du 24 Aout 1944,69960,CORBAS,30218155700026,0.4637053608894348,SOC BAHADOURIAN,1 RUE DU MONT BLANC,CORBAS,69960,69273,4,
Babolat Corbas,1 avenue du 24 Aout 1944,69960,CORBAS,38355692500022,0.28647223114967346,QUERCUS,13 AVENUE DU 24 AOUT 1944,CORBAS,69960,69273,5,
Babolat Corbas,1 avenue du 24 Aout 1944,69960,CORBAS,38355692500022,0.28647223114967346,QUERCUS,13 AVENUE DU 24 AOUT 1944,CORBAS,69960,69273,5,
Babolat Corbas,1 avenue du 24 Aout 1944,69960,CORBAS,38355692500022,0.28647223114967346,QUERCUS,13 AVENUE DU 24 AOUT 1944,CORBAS,69960,69273,5,
Blanc-Rosset Lyon,5 RUE DU MONT BLANC,69960,CORBAS,98401778000011,0.9889625906944275,MHT,5 RUE DU MONT BLANC,CORBAS,69960,69273,1,
Blanc-Rosset Lyon,5 RUE DU MONT BLANC,69960,CORBAS,40400979700055,0.8154900670051575,MAISON LANDRIER PERE BLANC,5 RUE DU MONT BLANC,CORBAS,69960,69273,2,
Blanc-Rosset Lyon,5 RUE DU MONT BLANC,69960,CORBAS,79470553300063,0.774564802646637,RAS 250,5 RUE DU MONT BLANC,CORBAS,69960,69273,3,
Blanc-Rosset Lyon,5 RUE DU MONT BLANC,69960,CORBAS,93841560100013,0.6023880839347839,ECORENOVHABITAT,5 RUE DU MONT BLANC,CORBAS,69960,69273,4,
Blanc-Rosset Lyon,5 RUE DU MONT BLANC,69960,CORBAS,84099688800029,0.5547499060630798,ECOCONSTRUCTIONHABITAT,5 RUE DU MONT BLANC,CORBAS,69960,69273,5,
CAMSP de Décines  APAJH,15 AVENUE FRANKLIN ROOSEVELT,69150,DECINES CHARPIEU,78457968202902,0.9995419979095459,FEDERATION APAJH,15 AVENUE FRANKLIN ROOSEVELT,DECINES-CHARPIEU,69150,69275,1,
CAMSP de Décines  APAJH,15 AVENUE FRANKLIN ROOSEVELT,69150,DECINES CHARPIEU,83042487500029,0.7334791421890259,POSITIF SOLUTION,151 AVENUE FRANKLIN ROOSEVELT,DECINES-CHARPIEU,69150,69275,2,
CAMSP de Décines  APAJH,15 AVENUE FRANKLIN ROOSEVELT,69150,DECINES CHARPIEU,44303932600022,0.5985718369483948,DITIB,127 AVENUE FRANKLIN ROOSEVELT,DECINES-CHARPIEU,69150,69275,3,
CAMSP de Décines  APAJH,15 AVENUE FRANKLIN ROOSEVELT,69150,DECINES CHARPIEU,42510962600019,0.5981853604316711,CLD HOLDING,95 AVENUE FRANKLIN ROOSEVELT,DECINES-CHARPIEU,69150,69275,4,
CAMSP de Décines  APAJH,15 AVENUE FRANKLIN ROOSEVELT,69150,DECINES CHARPIEU,44097290900020,0.5882902145385742,SAAK,151 AVENUE FRANKLIN ROOSEVELT,DECINES-CHARPIEU,69150,69275,5,
CAP VI CORBAS,2 Avenue de l Industrie,69960,CORBAS,31857056100163,0.9989099502563477,CAP V.I,18 AVENUE DE L'INDUSTRIE,CORBAS,69960,69273,1,
CAP VI CORBAS,2 Avenue de l Industrie,69960,CORBAS,21690273400013,0.9535404443740845,MAIRIE,PL CHARLES JOCTEUR,CORBAS,69960,69273,2,
CAP VI CORBAS,2 Avenue de l Industrie,69960,CORBAS,49303960600022,0.7508809566497803,QUALI SERVICE,2 RUE DU CARREAU,CORBAS,69960,69273,3,
CAP VI CORBAS,2 Avenue de l Industrie,69960,CORBAS,91505740000011,0.6097745299339294,TIRE REVIVAL,2 RUE COLIERE,CORBAS,69960,69273,4,
CAP VI CORBAS,2 Avenue de l Industrie,69960,CORBAS,33894480400024,0.5557453036308289,CTRE CULTUREL LE POLARIS,AVENUE DE CORBETTA,CORBAS,69960,69273,5,
CHAMPILYON,69 Rue Marcel Merieux,69960,CORBAS,38388325300023,0.9998729228973389,CHAMPILYON,69 RUE MARCEL MERIEUX,CORBAS,69960,69273,1,
CHAMPILYON,69 Rue Marcel Merieux,69960,CORBAS,43533987400024,0.997833788394928,CHAMPI TOMM,69 RUE MARCEL MERIEUX,CORBAS,69960,69273,2,
CHAMPILYON,69 Rue Marcel Merieux,69960,CORBAS,79249138300016,0.9897407293319702,DU 41,69 RUE MARCEL MERIEUX,CORBAS,69960,69273,3,
CHAMPILYON,69 Rue Marcel Merieux,69960,CORBAS,84146910900018,0.9892380237579346,VERT FRAMBOISE,69 RUE MARCEL MERIEUX,CORBAS,69960,69273,4,
CHAMPILYON,69 Rue Marcel Merieux,69960,CORBAS,79468653500038,0.9866397976875305,LYON SAVEURS,69 RUE MARCEL MERIEUX,CORBAS,69960,69273,5,
CHARCUTERIE TRAITEUR SELECTION,7 Avenue de Montmartin,69960,CORBAS,87910748000037,0.9903806447982788,RY2C,7 AVENUE DE MONTMARTIN,CORBAS,69960,69273,1,
CHARCUTERIE TRAITEUR SELECTION,7 Avenue de Montmartin,69960,CORBAS,31446535200032,0.9174721240997314,CSL,LES TAILLIS,CORBAS,69960,69273,2,
CHARCUTERIE TRAITEUR SELECTION,7 Avenue de Montmartin,69960,CORBAS,92824877200016,0.8521953821182251,FRESH AND PACK,7 AVENUE DE MONTMARTIN,CORBAS,69960,69273,3,
CHARCUTERIE TRAITEUR SELECTION,7 Avenue de Montmartin,69960,CORBAS,89978959800013,0.8336086273193359,LES ESSARTS,7 AVENUE DE MONTMARTIN,CORBAS,69960,69273,4,
CHARCUTERIE TRAITEUR SELECTION,7 Avenue de Montmartin,69960,CORBAS,89235029900012,0.8101871609687805,D BRO,7 AVENUE DE MONTMARTIN,CORBAS,69960,69273,5,
CHRONOPOST - Agence  LYON SANTE FRESH,42 BOULEVARD DES NATIONS,69960,CORBAS,38396013502974,0.9990718364715576,CHRONOPOST,42 BOULEVARD DES NATIONS,CORBAS,69960,69273,1,
CHRONOPOST - Agence  LYON SANTE FRESH,42 BOULEVARD DES NATIONS,69960,CORBAS,50921047200155,0.9961519837379456,CHRONOFRESH,42 BOULEVARD DES NATIONS,CORBAS,69960,69273,2,
CHRONOPOST - Agence  LYON SANTE FRESH,42 BOULEVARD DES NATIONS,69960,CORBAS,38469201800086,0.9843829274177551,STERNE CARE,42 BOULEVARD DES NATIONS,CORBAS,69960,69273,3,
CHRONOPOST - Agence  LYON SANTE FRESH,42 BOULEVARD DES NATIONS,69960,CORBAS,50921047200122,0.9776396751403809,CHRONOFRESH,6 AVENUE GABRIEL PERI,CORBAS,69960,69273,4,
CHRONOPOST - Agence  LYON SANTE FRESH,42 BOULEVARD DES NATIONS,69960,CORBAS,38396013501554,0.9637089967727661,CHRONOPOST,6 AVENUE GABRIEL PERI,CORBAS,69960,69273,5,
CHRONOPOST - Agence DE CORBAS,6 Avenue Gabriel Péri ,69960,CORBAS,38396013501554,0.9992033839225769,CHRONOPOST,6 AVENUE GABRIEL PERI,CORBAS,69960,69273,1,
CHRONOPOST - Agence DE CORBAS,6 Avenue Gabriel Péri ,69960,CORBAS,50921047200122,0.986850380897522,CHRONOFRESH,6 AVENUE GABRIEL PERI,CORBAS,69960,69273,2,
CHRONOPOST - Agence DE CORBAS,6 Avenue Gabriel Péri ,69960,CORBAS,38396013502974,0.9829077124595642,CHRONOPOST,42 BOULEVARD DES NATIONS,CORBAS,69960,69273,3,
CHRONOPOST - Agence DE CORBAS,6 Avenue Gabriel Péri ,69960,CORBAS,39950664100766,0.8266111612319946,ATALIAN PROPRETE,6 AVENUE GABRIEL PERI,CORBAS,69960,69273,4,
CHRONOPOST - Agence DE CORBAS,6 Avenue Gabriel Péri ,69960,CORBAS,88114683100014,0.7980795502662659,GENERATION AGENCEMENTS,33 RUE DU PETIT BOIS,CORBAS,69960,69273,5,
CMR LOCATION,8 Avenue de l'Industrie,69960,CORBAS,49069921200026,0.999869704246521,CMR LOCATION,8 AVENUE DE L'INDUSTRIE,CORBAS,69960,69273,1,
CMR LOCATION,8 Avenue de l'Industrie,69960,CORBAS,43916488000023,0.9337772130966187,C B L F R,8 AVENUE DE L'INDUSTRIE,CORBAS,69960,69273,2,
CMR LOCATION,8 Avenue de l'Industrie,69960,CORBAS,33902484600042,0.9074200987815857,HEXATRANS,8 AVENUE DE L'INDUSTRIE,CORBAS,69960,69273,3,
CMR LOCATION,8 Avenue de l'Industrie,69960,CORBAS,84308328800020,0.888816773891449,OUITRANS,8 AVENUE DE L'INDUSTRIE,CORBAS,69960,69273,4,
CMR LOCATION,8 Avenue de l'Industrie,69960,CORBAS,87998905100013,0.8858097791671753,ROAD LINE TRANSPORTS,8 AVENUE DE L'INDUSTRIE,CORBAS,69960,69273,5,
CMT,76 Rue Paul et Marc Barbezat,69150,DECINES-CHARPIEU,30742038000023,0.9998462200164795,CMT,76 RUE PAUL ET MARC BARBEZAT,DECINES-CHARPIEU,69150,69275,1,
CMT,76 Rue Paul et Marc Barbezat,69150,DECINES-CHARPIEU,99181968100016,0.9987308382987976,CMT BIAX,76 RUE PAUL ET MARC BARBEZAT,DECINES-CHARPIEU,69150,69275,2,
CMT,76 Rue Paul et Marc Barbezat,69150,DECINES-CHARPIEU,91136328100013,0.9149097204208374,ESOPP GROUP MANAGEMENT COMPANY,76 RUE PAUL ET MARC BARBEZAT,DECINES-CHARPIEU,69150,69275,3,
CMT,76 Rue Paul et Marc Barbezat,69150,DECINES-CHARPIEU,91303082100015,0.8110341429710388,A TP,77 RUE PAUL ET MARC BARBEZAT,DECINES-CHARPIEU,69150,69275,4,
CMT,76 Rue Paul et Marc Barbezat,69150,DECINES-CHARPIEU,53829224400026,0.6978525519371033,TMD MENUISERIE,73 RUE PAUL ET MARC BARBEZAT,DECINES-CHARPIEU,69150,69275,5,
COFRULY,69 Rue Marcel Merieux,69960,CORBAS,38230906000020,0.9998241066932678,COFRULY,69 RUE MARCEL MERIEUX,CORBAS,69960,69273,1,
COFRULY,69 Rue Marcel Merieux,69960,CORBAS,42037022300034,0.981704592704773,COULEURS PRIMEURS,69 RUE MARCEL MERIEUX,CORBAS,69960,69273,2,
COFRULY,69 Rue Marcel Merieux,69960,CORBAS,79249138300016,0.9790152311325073,DU 41,69 RUE MARCEL MERIEUX,CORBAS,69960,69273,3,
COFRULY,69 Rue Marcel Merieux,69960,CORBAS,53325979200018,0.9787406325340271,CORBAS F & E,69 RUE MARCEL MERIEUX,CORBAS,69960,69273,4,
COFRULY,69 Rue Marcel Merieux,69960,CORBAS,89804329400013,0.9743599891662598,LA MAISON BLANCHE,69 RUE MARCEL MERIEUX,CORBAS,69960,69273,5,
COMPTOIR DE L AIL,69 Rue Marcel Merieux,69960,CORBAS,40091271300023,0.9998481273651123,COMPTOIR DE L AIL,69 RUE MARCEL MERIEUX,CORBAS,69960,69273,1,
COMPTOIR DE L AIL,69 Rue Marcel Merieux,69960,CORBAS,96550106700056,0.9775906801223755,CLEDOR LA PROVENCE,69 RUE MARCEL MERIEUX,CORBAS,69960,69273,2,
COMPTOIR DE L AIL,69 Rue Marcel Merieux,69960,CORBAS,44209549300049,0.9761584401130676,JABRI,69 RUE MARCEL MERIEUX,CORBAS,69960,69273,3,
COMPTOIR DE L AIL,69 Rue Marcel Merieux,69960,CORBAS,89067198500012,0.9748705625534058,4CFJ,69 RUE MARCEL MERIEUX,CORBAS,69960,69273,4,
COMPTOIR DE L AIL,69 Rue Marcel Merieux,69960,CORBAS,77983234400088,0.9728108048439026,SOLY IMPORT,69 RUE MARCEL MERIEUX,CORBAS,69960,69273,5,
CORALLIS,6 Rue du Dauphiné,69960,CORBAS,42152046100367,0.950207531452179,CORALLIS FORMATION PROFESSIONNELLE,6 RUE DU DAUPHINE,CORBAS,69960,69273,1,
CORALLIS,6 Rue du Dauphiné,69960,CORBAS,84357049000022,0.8671539425849915,RORI CORBAS,69 RUE MARCEL MERIEUX,CORBAS,69960,69273,2,
CORALLIS,6 Rue du Dauphiné,69960,CORBAS,60612032700030,0.8308210372924805,ROBERT MERMET,6 RUE DU DAUPHINE,CORBAS,69960,69273,3,
CORALLIS,6 Rue du Dauphiné,69960,CORBAS,39937378600132,0.7723388075828552,AGROLOGIS,6 RUE DU DAUPHINE,CORBAS,69960,69273,4,
CORALLIS,6 Rue du Dauphiné,69960,CORBAS,50981899300024,0.7622852921485901,COMALIS,4 RUE DU MONT BLANC,CORBAS,69960,69273,5,
CORBAS - ALLENDE,38 avenue Salvador Allende,69960,CORBAS,21690273400013,0.800351619720459,MAIRIE,PL CHARLES JOCTEUR,CORBAS,69960,69273,1,
CORBAS - ALLENDE,38 avenue Salvador Allende,69960,CORBAS,22690001701186,0.795743465423584,MDR MEDICO SOCIAL,38 AVENUE SALVADOR ALLENDE,CORBAS,69960,69273,2,
CORBAS - ALLENDE,38 avenue Salvador Allende,69960,CORBAS,43316787100014,0.6913183927536011,ASS ENTENTE BADMINTON CORBAS,PL CHARLES JOCTEUR,CORBAS,69960,69273,3,
CORBAS - ALLENDE,38 avenue Salvador Allende,69960,CORBAS,40364635900014,0.6534300446510315,CORBAS FULL CONTACT,PL CHARLES JOCTEUR,CORBAS,69960,69273,4,
CORBAS - ALLENDE,38 avenue Salvador Allende,69960,CORBAS,91047578900020,0.5953892469406128,BIEN BOIRE A CORBAS,8 RUE DES ROSES,CORBAS,69960,69273,5,
CORBAS - COLLEGE CASSIN,chemin des Romanettes,69960,CORBAS,19692898000016,0.9993836879730225,CLG,CHEMIN DES ROMANETTES,CORBAS,69960,69273,1,
CORBAS - COLLEGE CASSIN,chemin des Romanettes,69960,CORBAS,19692898000016,0.9993836879730225,CLG,CHEMIN DES ROMANETTES,CORBAS,69960,69273,1,
CORBAS - COLLEGE CASSIN,chemin des Romanettes,69960,CORBAS,32099119300014,0.9686691761016846,ASS SPORTIVE COLLEGE RENE CASSIN,CHEMIN DES ROMANETTES,CORBAS,69960,69273,2,
CORBAS - COLLEGE CASSIN,chemin des Romanettes,69960,CORBAS,32099119300014,0.9686691761016846,ASS SPORTIVE COLLEGE RENE CASSIN,CHEMIN DES ROMANETTES,CORBAS,69960,69273,2,
CORBAS - COLLEGE CASSIN,chemin des Romanettes,69960,CORBAS,48392159900013,0.9281570315361023,16 R DU COLLEGE,19 ROUTE DE SAINT SYMPHORIEN D'OZON,CORBAS,69960,69273,3,
CORBAS - COLLEGE CASSIN,chemin des Romanettes,69960,CORBAS,48392159900013,0.9281570315361023,16 R DU COLLEGE,19 ROUTE DE SAINT SYMPHORIEN D'OZON,CORBAS,69960,69273,3,
CORBAS - COLLEGE CASSIN,chemin des Romanettes,69960,CORBAS,32099120100015,0.8826672434806824,FOYER SOCIO EDUCATIF DU COLLEGE RENE CASSIN,CHEMIN DES ROMANETTES,CORBAS,69960,69273,4,
CORBAS - COLLEGE CASSIN,chemin des Romanettes,69960,CORBAS,32099120100015,0.8826672434806824,FOYER SOCIO EDUCATIF DU COLLEGE RENE CASSIN,CHEMIN DES ROMANETTES,CORBAS,69960,69273,4,
CORBAS - COLLEGE CASSIN,chemin des Romanettes,69960,CORBAS,90388573900016,0.3257840871810913,ASSOCIATION SPORTIVE DU COLLEGE DE CORBAS,CHEMIN DES ROMANETTES,CORBAS,69960,69273,5,
CORBAS - COLLEGE CASSIN,chemin des Romanettes,69960,CORBAS,90388573900016,0.3257840871810913,ASSOCIATION SPORTIVE DU COLLEGE DE CORBAS,CHEMIN DES ROMANETTES,CORBAS,69960,69273,5,
CORETEC CONCEPTION REALISAT,64 Avenue des Bruyères,69150,DECINES-CHARPIEU,41940199700038,0.9994169473648071,CORETEC,64 AVENUE DES BRUYERES,DECINES-CHARPIEU,69150,69275,1,
CORETEC CONCEPTION REALISAT,64 Avenue des Bruyères,69150,DECINES-CHARPIEU,41940199700046,0.9935358762741089,CORETEC,47 AVENUE DES BRUYERES,DECINES-CHARPIEU,69150,69275,2,
CORETEC CONCEPTION REALISAT,64 Avenue des Bruyères,69150,DECINES-CHARPIEU,39479066100018,0.9585850834846497,PUBLI CONCEPT COMMUNICATION GRAPHIQUE,54 RUE RASPAIL,DECINES-CHARPIEU,69150,69275,3,
CORETEC CONCEPTION REALISAT,64 Avenue des Bruyères,69150,DECINES-CHARPIEU,83057263200016,0.9188944101333618,INOVIA CONCEPT,42 RUE VAUCANSON,DECINES-CHARPIEU,69150,69275,4,
CORETEC CONCEPTION REALISAT,64 Avenue des Bruyères,69150,DECINES-CHARPIEU,82148118100021,0.8527899980545044,PAYSAGE CONCEPT,34 RUE FRANCISCO FERRER,DECINES-CHARPIEU,69150,69275,5,
COTE FRAIS DISTRIBUTION,17 Rue Du Vercors,69960,CORBAS,79143049900032,0.9997391104698181,COTE FRAIS DISTRIBUTION LYON,17 RUE DU VERCORS,CORBAS,69960,69273,1,
COTE FRAIS DISTRIBUTION,17 Rue Du Vercors,69960,CORBAS,49246772500056,0.9993751645088196,COTE FRAIS DISTRIBUTION,17 RUE DU VERCORS,CORBAS,69960,69273,2,
COTE FRAIS DISTRIBUTION,17 Rue Du Vercors,69960,CORBAS,97951603600030,0.9922153353691101,FRESH DISTRIBUTION,17 RUE DU VERCORS,CORBAS,69960,69273,3,
COTE FRAIS DISTRIBUTION,17 Rue Du Vercors,69960,CORBAS,38760403600013,0.9392102360725403,DU CHEMIN DE LA COTE,11 RUE FREDERIC CHOPIN,CORBAS,69960,69273,4,
COTE FRAIS DISTRIBUTION,17 Rue Du Vercors,69960,CORBAS,80385563400025,0.8564097285270691,DUPESSEY DISTRIBUTION,3 AVENUE DU 24 AOUT 1944,CORBAS,69960,69273,5,
COULEUR PRIMEUR,69 Rue Marcel Merieux,69960,CORBAS,42037022300034,0.9993863105773926,COULEURS PRIMEURS,69 RUE MARCEL MERIEUX,CORBAS,69960,69273,1,
COULEUR PRIMEUR,69 Rue Marcel Merieux,69960,CORBAS,50062848200027,0.9942817687988281,MARCHE DE CORBAS,69 RUE MARCEL MERIEUX,CORBAS,69960,69273,2,
COULEUR PRIMEUR,69 Rue Marcel Merieux,69960,CORBAS,97250554900022,0.9931818842887878,MILAN PRIMEURS,69 RUE MARCEL MERIEUX,CORBAS,69960,69273,3,
COULEUR PRIMEUR,69 Rue Marcel Merieux,69960,CORBAS,78015368000076,0.9928230047225952,VINDRY,69 RUE MARCEL MERIEUX,CORBAS,69960,69273,4,
COULEUR PRIMEUR,69 Rue Marcel Merieux,69960,CORBAS,83946918600010,0.9845225811004639,ELYA,69 RUE MARCEL MERIEUX,CORBAS,69960,69273,5,
DAD,7 Avenue de Montmartin,69960,CORBAS,89766474400025,0.9989734888076782,DAD,7 AVENUE DE MONTMARTIN,CORBAS,69960,69273,1,
DAD,7 Avenue de Montmartin,69960,CORBAS,51359179200058,0.9553013443946838,MY INVEST CONSULTING,7 AVENUE DE MONTMARTIN,CORBAS,69960,69273,2,
DAD,7 Avenue de Montmartin,69960,CORBAS,52224113200037,0.9528307914733887,DENERGIE,7 AVENUE DE MONTMARTIN,CORBAS,69960,69273,3,
DAD,7 Avenue de Montmartin,69960,CORBAS,87910748000037,0.9328746795654297,RY2C,7 AVENUE DE MONTMARTIN,CORBAS,69960,69273,4,
DAD,7 Avenue de Montmartin,69960,CORBAS,89235029900012,0.9299297332763672,D BRO,7 AVENUE DE MONTMARTIN,CORBAS,69960,69273,5,
DASIR (Dépot Auto Sport Industrie Rhodanien),5 Rue de Catalogne,69150,DECINES CHARPIEU,30327422900051,0.9997352957725525,DASIR,5 RUE DE CATALOGNE,DECINES-CHARPIEU,69150,69275,1,
DASIR (Dépot Auto Sport Industrie Rhodanien),5 Rue de Catalogne,69150,DECINES CHARPIEU,30327422900077,0.9466373324394226,DASIR,85 RUE ELISEE RECLUS,DECINES-CHARPIEU,69150,69275,2,
DASIR (Dépot Auto Sport Industrie Rhodanien),5 Rue de Catalogne,69150,DECINES CHARPIEU,30327422900085,0.9342424869537354,DASIR,91 AVENUE FRANKLIN ROOSEVELT,DECINES-CHARPIEU,69150,69275,3,
DASIR (Dépot Auto Sport Industrie Rhodanien),5 Rue de Catalogne,69150,DECINES CHARPIEU,80343566800014,0.6979548931121826,YAPALA,5 RUE DE CATALOGNE,DECINES-CHARPIEU,69150,69275,4,
DASIR (Dépot Auto Sport Industrie Rhodanien),5 Rue de Catalogne,69150,DECINES CHARPIEU,47893595000020,0.5866245031356812,ALPAYA,5 RUE DE CATALOGNE,DECINES-CHARPIEU,69150,69275,5,
DECINES - COLLEGE BASTIE,107-115 rue Emile Zola,69150,DECINES CHARPIEU,19691495600012,0.9996604919433594,CLG,107 RUE EMILE ZOLA,DECINES-CHARPIEU,69150,69275,1,
DECINES - COLLEGE BASTIE,107-115 rue Emile Zola,69150,DECINES-CHARPIEU,19691495600012,0.9996604919433594,CLG,107 RUE EMILE ZOLA,DECINES-CHARPIEU,69150,69275,1,
DECINES - COLLEGE BASTIE,107-115 rue Emile Zola,69150,DECINES CHARPIEU,53239583700018,0.9668074250221252,FOYER SOCIO EDUCATIF DU COLLEGE GEORGES BRASSENS,17 AVENUE SALVADOR ALLENDE,DECINES-CHARPIEU,69150,69275,2,
DECINES - COLLEGE BASTIE,107-115 rue Emile Zola,69150,DECINES-CHARPIEU,53239583700018,0.9668074250221252,FOYER SOCIO EDUCATIF DU COLLEGE GEORGES BRASSENS,17 AVENUE SALVADOR ALLENDE,DECINES-CHARPIEU,69150,69275,2,
DECINES - COLLEGE BASTIE,107-115 rue Emile Zola,69150,DECINES CHARPIEU,19692157100010,0.9514957070350647,CLG,50 RUE SULLY,DECINES-CHARPIEU,69150,69275,3,
DECINES - COLLEGE BASTIE,107-115 rue Emile Zola,69150,DECINES-CHARPIEU,19692157100010,0.9514957070350647,CLG,50 RUE SULLY,DECINES-CHARPIEU,69150,69275,3,
DECINES - COLLEGE BASTIE,107-115 rue Emile Zola,69150,DECINES CHARPIEU,50898280800018,0.9348527789115906,ASSOCIATION SPORTIVE DU COLLEGE MARYSE BASTIE,107 RUE EMILE ZOLA,DECINES-CHARPIEU,69150,69275,4,
DECINES - COLLEGE BASTIE,107-115 rue Emile Zola,69150,DECINES-CHARPIEU,50898280800018,0.9348527789115906,ASSOCIATION SPORTIVE DU COLLEGE MARYSE BASTIE,107 RUE EMILE ZOLA,DECINES-CHARPIEU,69150,69275,4,
DECINES - COLLEGE BASTIE,107-115 rue Emile Zola,69150,DECINES CHARPIEU,53300386900013,0.8866317868232727,ASSOCIATION SPORTIVE DU COLLEGE GEORGES BRASSENS,50 RUE SULLY,DECINES-CHARPIEU,69150,69275,5,
DECINES - COLLEGE BASTIE,107-115 rue Emile Zola,69150,DECINES-CHARPIEU,53300386900013,0.8866317868232727,ASSOCIATION SPORTIVE DU COLLEGE GEORGES BRASSENS,50 RUE SULLY,DECINES-CHARPIEU,69150,69275,5,
DECINES - COLLEGE BRASSENS,17 AVENUE SALVADOR ALLENDE,69150,DECINES CHARPIEU,19692157100010,0.9963322281837463,CLG,50 RUE SULLY,DECINES-CHARPIEU,69150,69275,1,
DECINES - COLLEGE BRASSENS,17 AVENUE SALVADOR ALLENDE,69150,DECINES-CHARPIEU,19692157100010,0.9963322281837463,CLG,50 RUE SULLY,DECINES-CHARPIEU,69150,69275,1,
DECINES - COLLEGE BRASSENS,17 AVENUE SALVADOR ALLENDE,69150,DECINES CHARPIEU,53239583700018,0.9885128736495972,FOYER SOCIO EDUCATIF DU COLLEGE GEORGES BRASSENS,17 AVENUE SALVADOR ALLENDE,DECINES-CHARPIEU,69150,69275,2,
DECINES - COLLEGE BRASSENS,17 AVENUE SALVADOR ALLENDE,69150,DECINES-CHARPIEU,53239583700018,0.9885128736495972,FOYER SOCIO EDUCATIF DU COLLEGE GEORGES BRASSENS,17 AVENUE SALVADOR ALLENDE,DECINES-CHARPIEU,69150,69275,2,
DECINES - COLLEGE BRASSENS,17 AVENUE SALVADOR ALLENDE,69150,DECINES CHARPIEU,53300386900013,0.9811413288116455,ASSOCIATION SPORTIVE DU COLLEGE GEORGES BRASSENS,50 RUE SULLY,DECINES-CHARPIEU,69150,69275,3,
DECINES - COLLEGE BRASSENS,17 AVENUE SALVADOR ALLENDE,69150,DECINES-CHARPIEU,53300386900013,0.9811413288116455,ASSOCIATION SPORTIVE DU COLLEGE GEORGES BRASSENS,50 RUE SULLY,DECINES-CHARPIEU,69150,69275,3,
DECINES - COLLEGE BRASSENS,17 AVENUE SALVADOR ALLENDE,69150,DECINES CHARPIEU,19691495600012,0.9494026899337769,CLG,107 RUE EMILE ZOLA,DECINES-CHARPIEU,69150,69275,4,
DECINES - COLLEGE BRASSENS,17 AVENUE SALVADOR ALLENDE,69150,DECINES-CHARPIEU,19691495600012,0.9494026899337769,CLG,107 RUE EMILE ZOLA,DECINES-CHARPIEU,69150,69275,4,
DECINES - COLLEGE BRASSENS,17 AVENUE SALVADOR ALLENDE,69150,DECINES CHARPIEU,50898280800018,0.8971801996231079,ASSOCIATION SPORTIVE DU COLLEGE MARYSE BASTIE,107 RUE EMILE ZOLA,DECINES-CHARPIEU,69150,69275,5,
DECINES - COLLEGE BRASSENS,17 AVENUE SALVADOR ALLENDE,69150,DECINES-CHARPIEU,50898280800018,0.8971801996231079,ASSOCIATION SPORTIVE DU COLLEGE MARYSE BASTIE,107 RUE EMILE ZOLA,DECINES-CHARPIEU,69150,69275,5,
DECINES - MITTERAND,5 place François Mitterrand,69150,DECINES CHARPIEU,91389226100011,0.9538721442222595,K ASM,5 PLACE FRANCOIS MITTERRAND,DECINES-CHARPIEU,69150,69275,1,
DECINES - MITTERAND,5 place François Mitterrand,69150,DECINES-CHARPIEU,91389226100011,0.9538721442222595,K ASM,5 PLACE FRANCOIS MITTERRAND,DECINES-CHARPIEU,69150,69275,1,
DECINES - MITTERAND,5 place François Mitterrand,69150,DECINES CHARPIEU,52251565900012,0.7691718339920044,DECINES LOISIRS DECOUVERTES,PLACE ROGER SALENGRO,DECINES-CHARPIEU,69150,69275,2,
DECINES - MITTERAND,5 place François Mitterrand,69150,DECINES-CHARPIEU,52251565900012,0.7691718339920044,DECINES LOISIRS DECOUVERTES,PLACE ROGER SALENGRO,DECINES-CHARPIEU,69150,69275,2,
DECINES - MITTERAND,5 place François Mitterrand,69150,DECINES CHARPIEU,49303863200029,0.7255867123603821,MACONNERIE RODRIGUES,4 PLACE FRANCOIS MITTERRAND,DECINES-CHARPIEU,69150,69275,3,
DECINES - MITTERAND,5 place François Mitterrand,69150,DECINES-CHARPIEU,49303863200029,0.7255867123603821,MACONNERIE RODRIGUES,4 PLACE FRANCOIS MITTERRAND,DECINES-CHARPIEU,69150,69275,3,
DECINES - MITTERAND,5 place François Mitterrand,69150,DECINES CHARPIEU,22690001700600,0.7176920771598816,M.D.R PRINCIPALE,5 PLACE FRANCOIS MITTERRAND,DECINES-CHARPIEU,69150,69275,4,
DECINES - MITTERAND,5 place François Mitterrand,69150,DECINES-CHARPIEU,22690001700600,0.7176920771598816,M.D.R PRINCIPALE,5 PLACE FRANCOIS MITTERRAND,DECINES-CHARPIEU,69150,69275,4,
DECINES - MITTERAND,5 place François Mitterrand,69150,DECINES CHARPIEU,80844941700027,0.687099039554596,SEYFERT DECINES,23 RUE VAUCANSON,DECINES-CHARPIEU,69150,69275,5,
DECINES - MITTERAND,5 place François Mitterrand,69150,DECINES-CHARPIEU,80844941700027,0.687099039554596,SEYFERT DECINES,23 RUE VAUCANSON,DECINES-CHARPIEU,69150,69275,5,
DELTA SERVICE LOCATION,29 Route de Lyon,69960,CORBAS,31874347300163,0.9996102452278137,DSL,29 ROUTE DE LYON,CORBAS,69960,69273,1,
DELTA SERVICE LOCATION,29 Route de Lyon,69960,CORBAS,31874347300163,0.9996102452278137,DSL,29 ROUTE DE LYON,CORBAS,69960,69273,1,
DELTA SERVICE LOCATION,29 Route de Lyon,69960,CORBAS,31874347300056,0.9995372295379639,DSL,RUE DE SAVOIE,CORBAS,69960,69273,2,
DELTA SERVICE LOCATION,29 Route de Lyon,69960,CORBAS,31874347300056,0.9995372295379639,DSL,RUE DE SAVOIE,CORBAS,69960,69273,2,
DELTA SERVICE LOCATION,29 Route de Lyon,69960,CORBAS,83131613800021,0.9967600703239441,DELTA SERVICE GROUP,RUE DE SAVOIE,CORBAS,69960,69273,3,
DELTA SERVICE LOCATION,29 Route de Lyon,69960,CORBAS,83131613800021,0.9967600703239441,DELTA SERVICE GROUP,RUE DE SAVOIE,CORBAS,69960,69273,3,
DELTA SERVICE LOCATION,29 Route de Lyon,69960,CORBAS,89207929400013,0.9882810711860657,DELTA MANAGERS,RUE DE SAVOIE,CORBAS,69960,69273,4,
DELTA SERVICE LOCATION,29 Route de Lyon,69960,CORBAS,89207929400013,0.9882810711860657,DELTA MANAGERS,RUE DE SAVOIE,CORBAS,69960,69273,4,
DELTA SERVICE LOCATION,29 Route de Lyon,69960,CORBAS,88461033800011,0.9066612124443054,XDE INVEST,RUE DE SAVOIE,CORBAS,69960,69273,5,
DELTA SERVICE LOCATION,29 Route de Lyon,69960,CORBAS,88461033800011,0.9066612124443054,XDE INVEST,RUE DE SAVOIE,CORBAS,69960,69273,5,
DEXIS,92 Avenue des Bruyères,69150,DECINES-CHARPIEU,91034831700017,0.9722653031349182,CNP,92 AVENUE DES BRUYERES,DECINES-CHARPIEU,69150,69275,1,
DEXIS,92 Avenue des Bruyères,69150,DECINES-CHARPIEU,99292617000018,0.9662413597106934,M&N GROUP,92 AVENUE DES BRUYERES,DECINES-CHARPIEU,69150,69275,2,
DEXIS,92 Avenue des Bruyères,69150,DECINES-CHARPIEU,82299922300024,0.9611392617225647,BCC,92 AVENUE DES BRUYERES,DECINES-CHARPIEU,69150,69275,3,
DEXIS,92 Avenue des Bruyères,69150,DECINES-CHARPIEU,97350016800057,0.9564998745918274,SBM,92 AVENUE DES BRUYERES,DECINES-CHARPIEU,69150,69275,4,
DEXIS,92 Avenue des Bruyères,69150,DECINES-CHARPIEU,84955409200015,0.9286625385284424,A ET L,92 AVENUE DES BRUYERES,DECINES-CHARPIEU,69150,69275,5,
DGDDI LYON,12 AVENUE SIMONE VEIL,69150,DECINES CHARPIEU,44432008900022,0.9262685179710388,HOTEL ECLIPSE,25 AVENUE JEAN JAURES,DECINES-CHARPIEU,69150,69275,1,
DGDDI LYON,12 AVENUE SIMONE VEIL,69150,DECINES CHARPIEU,95752298000045,0.8944088816642761,CINE DIGITAL LYON,89 AVENUE DES BRUYERES,DECINES-CHARPIEU,69150,69275,2,
DGDDI LYON,12 AVENUE SIMONE VEIL,69150,DECINES CHARPIEU,83508352800025,0.8453285694122314,KOPSTER HOTEL,12 AVENUE SIMONE VEIL,DECINES-CHARPIEU,69150,69275,3,
DGDDI LYON,12 AVENUE SIMONE VEIL,69150,DECINES CHARPIEU,93362445400015,0.8005151748657227,UNION DES MOSQUEES DE DITIB LYON,72 RUE PAUL ET MARC BARBEZAT,DECINES-CHARPIEU,69150,69275,4,
DGDDI LYON,12 AVENUE SIMONE VEIL,69150,DECINES CHARPIEU,79382644700013,0.758739173412323,FONDS DE DOTATION FONDITIB LYON,72 RUE PAUL ET MARC BARBEZAT,DECINES-CHARPIEU,69150,69275,5,
DIATEX,8 Avenue de l’Industrie,69960,CORBAS,33999882500048,0.9994679093360901,DIATEX,8 AVENUE DE L'INDUSTRIE,CORBAS,69960,69273,1,
DIATEX,8 Avenue de l’Industrie,69960,CORBAS,43916488000023,0.9578269124031067,C B L F R,8 AVENUE DE L'INDUSTRIE,CORBAS,69960,69273,2,
DIATEX,8 Avenue de l’Industrie,69960,CORBAS,53278720700036,0.9308456778526306,T.G.E,8 AVENUE DE L'INDUSTRIE,CORBAS,69960,69273,3,
DIATEX,8 Avenue de l’Industrie,69960,CORBAS,43373617000054,0.8733362555503845,EIFFAGE INFRASTRUCTURES GESTION ET DEVELOPPEMENT,8 RUE DU DAUPHINE,CORBAS,69960,69273,4,
DIATEX,8 Avenue de l’Industrie,69960,CORBAS,84308328800020,0.8234021067619324,OUITRANS,8 AVENUE DE L'INDUSTRIE,CORBAS,69960,69273,5,
DOLONIS,42 Rue Vaucanson,69150,DECINES-CHARPIEU,42086307800036,0.9998751878738403,DOLONIS,42 RUE VAUCANSON,DECINES-CHARPIEU,69150,69275,1,
DOLONIS,42 Rue Vaucanson,69150,DECINES-CHARPIEU,48355837500026,0.9679673314094543,DIAKELYS,42 RUE VAUCANSON,DECINES-CHARPIEU,69150,69275,2,
DOLONIS,42 Rue Vaucanson,69150,DECINES-CHARPIEU,53271962200047,0.9328746795654297,BSPM,42 RUE VAUCANSON,DECINES-CHARPIEU,69150,69275,3,
DOLONIS,42 Rue Vaucanson,69150,DECINES-CHARPIEU,48784306200026,0.9137037396430969,CRAFS CENTRE REG AUX FORMATIONS SECURITE,42 RUE VAUCANSON,DECINES-CHARPIEU,69150,69275,4,
DOLONIS,42 Rue Vaucanson,69150,DECINES-CHARPIEU,82131322800032,0.9034484028816223,TRULLI,42 RUE VAUCANSON,DECINES-CHARPIEU,69150,69275,5,
DigitBoxing and coall,25 Avenue Beauregard,69150,DECINES-CHARPIEU,43136403300040,0.9951849579811096,MATOS 2 BOXE,25 AVENUE BEAUREGARD,DECINES-CHARPIEU,69150,69275,1,
DigitBoxing and coall,25 Avenue Beauregard,69150,DECINES-CHARPIEU,83119206700013,0.9680851697921753,ART METALLIQUE,25 AVENUE BEAUREGARD,DECINES-CHARPIEU,69150,69275,2,
DigitBoxing and coall,25 Avenue Beauregard,69150,DECINES-CHARPIEU,51891410600027,0.9457510113716125,BOXING CLUB DECINOIS,13 RUE MARCEL THERRAS,DECINES-CHARPIEU,69150,69275,3,
DigitBoxing and coall,25 Avenue Beauregard,69150,DECINES-CHARPIEU,83354823300034,0.878813624382019,H.ELEC,25 AVENUE BEAUREGARD,DECINES-CHARPIEU,69150,69275,4,
DigitBoxing and coall,25 Avenue Beauregard,69150,DECINES-CHARPIEU,92382340500017,0.8130465745925903,DBG,13 RUE MARCEL THERRAS,DECINES-CHARPIEU,69150,69275,5,
EASYDIS CORBAS,44 Boulevard des Nations,69960,CORBAS,38312387400497,0.9995386600494385,EASYDIS,BOULEVARD DES NATIONS,CORBAS,69960,69273,1,
EASYDIS CORBAS,44 Boulevard des Nations,69960,CORBAS,43316787100014,0.7254167795181274,ASS ENTENTE BADMINTON CORBAS,PL CHARLES JOCTEUR,CORBAS,69960,69273,2,
EASYDIS CORBAS,44 Boulevard des Nations,69960,CORBAS,82515263000034,0.5927456617355347,SPV PV 3,BOULEVARD DES NATIONS,CORBAS,69960,69273,3,
EASYDIS CORBAS,44 Boulevard des Nations,69960,CORBAS,63204104253861,0.4238864779472351,COMPASS GROUP FRANCE 0552,BOULEVARD DES NATIONS,CORBAS,69960,69273,4,
EASYDIS CORBAS,44 Boulevard des Nations,69960,CORBAS,21690273400013,0.4007677733898163,MAIRIE,PL CHARLES JOCTEUR,CORBAS,69960,69273,5,
EBERLE,20 BOULEVARD DES NATIONS,69960,CORBAS,44974369900026,0.9996517896652222,EBERLE FRANCE,20 BOULEVARD DES NATIONS,CORBAS,69960,69273,1,
EBERLE,20 BOULEVARD DES NATIONS,69960,CORBAS,21690273400013,0.9437351822853088,MAIRIE,PL CHARLES JOCTEUR,CORBAS,69960,69273,2,
EBERLE,20 BOULEVARD DES NATIONS,69960,CORBAS,41140300900011,0.6278366446495056,JOAN,AVENUE DE CORBETTA,CORBAS,69960,69273,3,
EBERLE,20 BOULEVARD DES NATIONS,69960,CORBAS,85175744300029,0.6267310380935669,IOZIA,26 BOULEVARD DES NATIONS,CORBAS,69960,69273,4,
EBERLE,20 BOULEVARD DES NATIONS,69960,CORBAS,38312387400497,0.6226516962051392,EASYDIS,BOULEVARD DES NATIONS,CORBAS,69960,69273,5,
ELLERS,29 Boulevard Charles de Gaulle,69150,DECINES-CHARPIEU,79446051900026,0.9999158382415771,ELLERS,29 BOULEVARD CHARLES DE GAULLE,DECINES-CHARPIEU,69150,69275,1,
ELLERS,29 Boulevard Charles de Gaulle,69150,DECINES-CHARPIEU,87973236000026,0.9985029697418213,ELLERS PROFILS,29 BOULEVARD CHARLES DE GAULLE,DECINES-CHARPIEU,69150,69275,2,
ELLERS,29 Boulevard Charles de Gaulle,69150,DECINES-CHARPIEU,90393967600016,0.9679700136184692,HACHOD,29 BOULEVARD CHARLES DE GAULLE,DECINES-CHARPIEU,69150,69275,3,
ELLERS,29 Boulevard Charles de Gaulle,69150,DECINES-CHARPIEU,40842073500024,0.859521210193634,INGAFO,CHE DU MAS SOUS RATTIER,DECINES-CHARPIEU,69150,69275,4,
ELLERS,29 Boulevard Charles de Gaulle,69150,DECINES-CHARPIEU,92116556900010,0.6543071269989014,SIRA ZZ,29 BOULEVARD CHARLES DE GAULLE,DECINES-CHARPIEU,69150,69275,5,
ERIKS N.V.,28 Rue Wilson,69150,DECINES CHARPIEU,37903755900091,0.9993441700935364,ERIKS,28 RUE WILSON,DECINES-CHARPIEU,69150,69275,1,
ERIKS N.V.,28 Rue Wilson,69150,DECINES CHARPIEU,31122396000064,0.9974014759063721,ERIKS FRANCE HOLDING,28 RUE WILSON,DECINES-CHARPIEU,69150,69275,2,
ERIKS N.V.,28 Rue Wilson,69150,DECINES CHARPIEU,44330413400044,0.9589117765426636,SUEZ RV REBOND INSERTION,28 RUE WILSON,DECINES-CHARPIEU,69150,69275,3,
ERIKS N.V.,28 Rue Wilson,69150,DECINES CHARPIEU,38458171600014,0.8095223903656006,R E V,28 RUE VAUCANSON,DECINES-CHARPIEU,69150,69275,4,
ERIKS N.V.,28 Rue Wilson,69150,DECINES CHARPIEU,81010047900015,0.6728205680847168,L.M.A,28 RUE CARNOT,DECINES-CHARPIEU,69150,69275,5,
EUROMASTER CORBAS,52 Rue Louis Pradel,69960,CORBAS,39252740400678,0.9990841150283813,EUROMASTER FRANCE,52 RUE LOUIS PRADEL,CORBAS,69960,69273,1,
EUROMASTER CORBAS,52 Rue Louis Pradel,69960,CORBAS,38445469001229,0.8218216300010681,EIS,13 IMPASSE DU 24 AOUT 1944,CORBAS,69960,69273,2,
EUROMASTER CORBAS,52 Rue Louis Pradel,69960,CORBAS,97890109800019,0.8193145990371704,EURO METAL,16 RUE DU VERCORS,CORBAS,69960,69273,3,
EUROMASTER CORBAS,52 Rue Louis Pradel,69960,CORBAS,79301916700048,0.3798803687095642,STAMPTECH INGENIERIE,50 RUE LOUIS PRADEL,CORBAS,69960,69273,4,
EUROMASTER CORBAS,52 Rue Louis Pradel,69960,CORBAS,87805985600020,0.2516058683395386,B.C.D.,40 ROUTE DE LYON,CORBAS,69960,69273,5,
FEDERAL EXPRESS CORBAS,83 RUE MARCEL MERIEUX,69960,CORBAS,97350535701885,0.997797966003418,TNT,83 RUE MARCEL MERIEUX,CORBAS,69960,69273,1,
FEDERAL EXPRESS CORBAS,83 RUE MARCEL MERIEUX,69960,CORBAS,94967077200019,0.97929847240448,VALMY PARTNERS,83 RUE MARCEL MERIEUX,CORBAS,69960,69273,2,
FEDERAL EXPRESS CORBAS,83 RUE MARCEL MERIEUX,69960,CORBAS,84298155700015,0.9727184176445007,NOVA EXPRESS,9 IMPASSE DU CHALET,CORBAS,69960,69273,3,
FEDERAL EXPRESS CORBAS,83 RUE MARCEL MERIEUX,69960,CORBAS,91417298600020,0.9695006012916565,VALMY,83 RUE MARCEL MERIEUX,CORBAS,69960,69273,4,
FEDERAL EXPRESS CORBAS,83 RUE MARCEL MERIEUX,69960,CORBAS,33001223800078,0.9694830179214478,FAREX DEVELOPPEMENT,83 RUE MARCEL MERIEUX,CORBAS,69960,69273,5,
FEMAT,28 RUE LOUIS PRADEL,69960,CORBAS,84287252500063,0.9992035031318665,FEMAT GROUPE,28 RUE LOUIS PRADEL,CORBAS,69960,69273,1,
FEMAT,28 RUE LOUIS PRADEL,69960,CORBAS,94089427200019,0.9915327429771423,FEMAT HOLDING,11 IMPASSE DU RHONE,CORBAS,69960,69273,2,
FEMAT,28 RUE LOUIS PRADEL,69960,CORBAS,80178728400042,0.8597926497459412,TECHLIFE,28 RUE LOUIS PRADEL,CORBAS,69960,69273,3,
FEMAT,28 RUE LOUIS PRADEL,69960,CORBAS,79945101800011,0.8168202042579651,S.M.D.B.,28 RUE LOUIS PRADEL,CORBAS,69960,69273,4,
FEMAT,28 RUE LOUIS PRADEL,69960,CORBAS,89779682700011,0.6260433197021484,MDC RENO,28 RUE LOUIS PRADEL,CORBAS,69960,69273,5,
FONTBONNE & FILS,57 Rue Émile Zola,69150,DECINES-CHARPIEU,96650042300035,0.9997566342353821,FONTBONNE ET FILS,57 RUE EMILE ZOLA,DECINES-CHARPIEU,69150,69275,1,
FONTBONNE & FILS,57 Rue Émile Zola,69150,DECINES-CHARPIEU,39756468300019,0.8992959260940552,BEN & FILS,RUE DE CATALOGNE,DECINES-CHARPIEU,69150,69275,2,
FONTBONNE & FILS,57 Rue Émile Zola,69150,DECINES-CHARPIEU,34929586500043,0.8912387490272522,NASARRE ET FILS,RUE PAUL ET MARC BARBEZAT,DECINES-CHARPIEU,69150,69275,3,
FONTBONNE & FILS,57 Rue Émile Zola,69150,DECINES-CHARPIEU,91098499600017,0.8734397292137146,FLTC,57 RUE EMILE ZOLA,DECINES-CHARPIEU,69150,69275,4,
FONTBONNE & FILS,57 Rue Émile Zola,69150,DECINES-CHARPIEU,43440957900019,0.8638443946838379,LES BRUYERES,57 RUE EMILE ZOLA,DECINES-CHARPIEU,69150,69275,5,
FOYER NOTRE DAME DES SANS ABRI DECINES CHARPIEU,51 Avenue Franklin Roosevelt,69150,DECINES-CHARPIEU,94273320500010,0.8524395823478699,EURO PARE BRISE + LYON,51 AVENUE FRANKLIN ROOSEVELT,DECINES-CHARPIEU,69150,69275,1,
FOYER NOTRE DAME DES SANS ABRI DECINES CHARPIEU,51 Avenue Franklin Roosevelt,69150,DECINES-CHARPIEU,81879433100012,0.7513113617897034,DECINES OLYMPIQUE HANDISPORT,51 RUE DANTON,DECINES-CHARPIEU,69150,69275,2,
FOYER NOTRE DAME DES SANS ABRI DECINES CHARPIEU,51 Avenue Franklin Roosevelt,69150,DECINES-CHARPIEU,44303932600022,0.7165942192077637,DITIB,127 AVENUE FRANKLIN ROOSEVELT,DECINES-CHARPIEU,69150,69275,3,
FOYER NOTRE DAME DES SANS ABRI DECINES CHARPIEU,51 Avenue Franklin Roosevelt,69150,DECINES-CHARPIEU,80067624900025,0.4208658039569855,A.B.I.,79 AVENUE FRANKLIN ROOSEVELT,DECINES-CHARPIEU,69150,69275,4,
FOYER NOTRE DAME DES SANS ABRI DECINES CHARPIEU,51 Avenue Franklin Roosevelt,69150,DECINES-CHARPIEU,40189798800010,0.37893375754356384,DIFFUPACK,205 AVENUE FRANKLIN ROOSEVELT,DECINES-CHARPIEU,69150,69275,5,
FRANCE VIANDES,30 Avenue du 24 Août 1944,69960,CORBAS,31563143200046,0.9998871088027954,FRANCE VIANDES,30 AVENUE DU 24 AOUT 1944,CORBAS,69960,69273,1,
FRANCE VIANDES,30 Avenue du 24 Août 1944,69960,CORBAS,81536371800017,0.9484540224075317,SR VIANDES,40 RUE DES IRIS,CORBAS,69960,69273,2,
FRANCE VIANDES,30 Avenue du 24 Août 1944,69960,CORBAS,48482143400046,0.9442191123962402,VIENNE VIANDE,5 AVENUE DE MONTMARTIN,CORBAS,69960,69273,3,
FRANCE VIANDES,30 Avenue du 24 Août 1944,69960,CORBAS,92150150800029,0.7418248653411865,LA HALLE DES VIANDES,7 RUE DES MARRONNIERS,CORBAS,69960,69273,4,
FRANCE VIANDES,30 Avenue du 24 Août 1944,69960,CORBAS,41447724000058,0.6189526915550232,SOCIETE D'EXPLOITATION CHENNAH VIANDE,29 RUE MARCEL MERIEUX,CORBAS,69960,69273,5,
FRIGO TRANSPORTS 69,Rue de la Vanoise,69960,CORBAS,34450958300052,0.9990335702896118,FRIGO TRANSPORTS 69,RUE DE LA VANOISE,CORBAS,69960,69273,1,
FRIGO TRANSPORTS 69,Rue de la Vanoise,69960,CORBAS,45285394800035,0.9911516308784485,LOGISTIQUE TRANSPORTS FRIGO MARCEL OMONT,4 RUE DU MONT BLANC,CORBAS,69960,69273,2,
FRIGO TRANSPORTS 69,Rue de la Vanoise,69960,CORBAS,89746951600016,0.969844400882721,LES FRIGOS DU RHONE,51 RUE MARCEL MERIEUX,CORBAS,69960,69273,3,
FRIGO TRANSPORTS 69,Rue de la Vanoise,69960,CORBAS,84357049000022,0.8916246294975281,RORI CORBAS,69 RUE MARCEL MERIEUX,CORBAS,69960,69273,4,
FRIGO TRANSPORTS 69,Rue de la Vanoise,69960,CORBAS,32902163800229,0.664207398891449,STAT,38 AVENUE DU 24 AOUT 1944,CORBAS,69960,69273,5,
FRUITAS SANCHEZ,69 Rue Marcel Mérieux,69960,CORBAS,31554738000024,0.9995800852775574,FRUTAS SANCHEZ,69 RUE MARCEL MERIEUX,CORBAS,69960,69273,1,
FRUITAS SANCHEZ,69 Rue Marcel Mérieux,69960,CORBAS,51112302800017,0.9947848916053772,RHONE FRUITS,69 RUE MARCEL MERIEUX,CORBAS,69960,69273,2,
FRUITAS SANCHEZ,69 Rue Marcel Mérieux,69960,CORBAS,53194863600018,0.9894604682922363,GIE DU MARCHE DE GROS LYON CORBAS,69 RUE MARCEL MERIEUX,CORBAS,69960,69273,3,
FRUITAS SANCHEZ,69 Rue Marcel Mérieux,69960,CORBAS,89124205900014,0.988413393497467,GE FRUITS HOLDING,69 RUE MARCEL MERIEUX,CORBAS,69960,69273,4,
FRUITAS SANCHEZ,69 Rue Marcel Mérieux,69960,CORBAS,50743546900022,0.9825930595397949,RHONE ALPES FRUITS ET LEGUMES,69 RUE MARCEL MERIEUX,CORBAS,69960,69273,5,
Filmor,33 Avenue Franklin Roosevelt,69150,DECINES CHARPIEU,53257969500018,0.96962970495224,HYBAT,33 AVENUE FRANKLIN ROOSEVELT,DECINES-CHARPIEU,69150,69275,1,
Filmor,33 Avenue Franklin Roosevelt,69150,DECINES CHARPIEU,21690275900010,0.7993337512016296,MAIRIE,PLACE ROGER SALENGRO,DECINES-CHARPIEU,69150,69275,2,
Filmor,33 Avenue Franklin Roosevelt,69150,DECINES CHARPIEU,83013558800036,0.5671413540840149,CHARPENTERIE LYONNAISE,133 AVENUE FRANKLIN ROOSEVELT,DECINES-CHARPIEU,69150,69275,3,
Filmor,33 Avenue Franklin Roosevelt,69150,DECINES CHARPIEU,39950094100030,0.5659536719322205,HYBELE,33 AVENUE FRANKLIN ROOSEVELT,DECINES-CHARPIEU,69150,69275,4,
Filmor,33 Avenue Franklin Roosevelt,69150,DECINES CHARPIEU,52237889200015,0.5510662794113159,PB3,133 AVENUE FRANKLIN ROOSEVELT,DECINES-CHARPIEU,69150,69275,5,
G. JACQUEMMOZ ET FILS Corbas,43 Avenue Gabriel Péri,69960,CORBAS,30385874000051,0.9995352029800415,G. JACQUEMMOZ ET FILS,43 AVENUE GABRIEL PERI,CORBAS,69960,69273,1,
G. JACQUEMMOZ ET FILS Corbas,43 Avenue Gabriel Péri,69960,CORBAS,77574144000579,0.7399129867553711,STRICHER,43 AVENUE GABRIEL PERI,CORBAS,69960,69273,2,
G. JACQUEMMOZ ET FILS Corbas,43 Avenue Gabriel Péri,69960,CORBAS,30057104900554,0.603482723236084,PETIT FORESTIER LOCATION,43 AVENUE GABRIEL PERI,CORBAS,69960,69273,3,
G. JACQUEMMOZ ET FILS Corbas,43 Avenue Gabriel Péri,69960,CORBAS,41823597400023,0.5347533822059631,B.J.P.,43 RUE DE L AVIATION,CORBAS,69960,69273,4,
G. JACQUEMMOZ ET FILS Corbas,43 Avenue Gabriel Péri,69960,CORBAS,31045504300524,0.523921012878418,FRANCE BOISSONS RHONE ALPES,73 RUE MARCEL MERIEUX,CORBAS,69960,69273,5,
GAT International,est 4 rue de Collières,69960,CORBAS,31997093500072,0.9625087380409241,GAT INTERNATIONAL GERIB BESSON,2 RUE COLIERE,CORBAS,69960,69273,1,
GAT International,est 4 rue de Collières,69960,CORBAS,80178657500010,0.9285657405853271,G.E.G.,4 RUE DU DAUPHINE,CORBAS,69960,69273,2,
GAT International,est 4 rue de Collières,69960,CORBAS,39423231800045,0.8167045712471008,FSI,44 AVENUE DU 24 AOUT 1944,CORBAS,69960,69273,3,
GAT International,est 4 rue de Collières,69960,CORBAS,40013180100013,0.6573923826217651,REP INTERNATIONAL,15 RUE DU DAUPHINE,CORBAS,69960,69273,4,
GAT International,est 4 rue de Collières,69960,CORBAS,79021377100013,0.6001573204994202,PCI,4 RUE DU DAUPHINE,CORBAS,69960,69273,5,
GIE FLAVIEN,16 RUE DE LOMBARDIE,69150,DECINES-CHARPIEU,38343468500038,0.9994956254959106,GIE FLAVIEN GCAT,16 RUE DE LOMBARDIE,DECINES-CHARPIEU,69150,69275,1,
GIE FLAVIEN,16 RUE DE LOMBARDIE,69150,DECINES-CHARPIEU,78513510400079,0.9869871139526367,ASSOCIATION FLAVIEN,34 RUE VAUCANSON,DECINES-CHARPIEU,69150,69275,2,
GIE FLAVIEN,16 RUE DE LOMBARDIE,69150,DECINES-CHARPIEU,92440626700014,0.954536497592926,FONDS DE DOTATION RESSOURCES ET PARTAGES,16 RUE DE LOMBARDIE,DECINES-CHARPIEU,69150,69275,3,
GIE FLAVIEN,16 RUE DE LOMBARDIE,69150,DECINES-CHARPIEU,97350450900058,0.8278387188911438,SERF,16 RUE DE LOMBARDIE,DECINES-CHARPIEU,69150,69275,4,
GIE FLAVIEN,16 RUE DE LOMBARDIE,69150,DECINES-CHARPIEU,79009806500044,0.7942232489585876,ISTA SECG,16 RUE DE LOMBARDIE,DECINES-CHARPIEU,69150,69275,5,
GROUPE ADF,4 Rue Louis Pradel,69960,CORBAS,31234599400049,0.902288019657135,DUTEL T.P.,4 RUE LOUIS PRADEL,CORBAS,69960,69273,1,
GROUPE ADF,4 Rue Louis Pradel,69960,CORBAS,95269669800028,0.8718870878219604,RGD,4 RUE LOUIS PRADEL,CORBAS,69960,69273,2,
GROUPE ADF,4 Rue Louis Pradel,69960,CORBAS,45285394800035,0.7620088458061218,LOGISTIQUE TRANSPORTS FRIGO MARCEL OMONT,4 RUE DU MONT BLANC,CORBAS,69960,69273,3,
GROUPE ADF,4 Rue Louis Pradel,69960,CORBAS,43781383500158,0.6828866600990295,T.M.F. TRANSPORTS,4 RUE DU MONT BLANC,CORBAS,69960,69273,4,
GROUPE ADF,4 Rue Louis Pradel,69960,CORBAS,32876945000011,0.6448869109153748,MLM,RUE LOUIS PRADEL,CORBAS,69960,69273,5,
Groupe SIRENE (IPO),17 Rue Émile Zola,69150,DECINES-CHARPIEU,37963306800075,0.9892951846122742,IPO TECHNOLOGIE,84 AVENUE DES BRUYERES,DECINES-CHARPIEU,69150,69275,1,
Groupe SIRENE (IPO),17 Rue Émile Zola,69150,DECINES-CHARPIEU,37815004900039,0.8886163830757141,TECAIR,17 RUE EMILE ZOLA,DECINES-CHARPIEU,69150,69275,2,
Groupe SIRENE (IPO),17 Rue Émile Zola,69150,DECINES-CHARPIEU,35395258300022,0.6580159068107605,NET SOL EXPANSION,17 RUE EMILE ZOLA,DECINES-CHARPIEU,69150,69275,3,
Groupe SIRENE (IPO),17 Rue Émile Zola,69150,DECINES-CHARPIEU,92162811100012,0.6259331107139587,IPOVIEW,15 RUE EMILE ZOLA,DECINES-CHARPIEU,69150,69275,4,
Groupe SIRENE (IPO),17 Rue Émile Zola,69150,DECINES-CHARPIEU,96350502900032,0.5322071313858032,SCHEIDEGGER W ET CIE MECANIQUE,17 RUE VAUCANSON,DECINES-CHARPIEU,69150,69275,5,
HEXATRANS,42b Boulevard des Nations,69960,CORBAS,33902484600042,0.9899882674217224,HEXATRANS,8 AVENUE DE L'INDUSTRIE,CORBAS,69960,69273,1,
HEXATRANS,42b Boulevard des Nations,69960,CORBAS,38396013502974,0.858083963394165,CHRONOPOST,42 BOULEVARD DES NATIONS,CORBAS,69960,69273,2,
HEXATRANS,42b Boulevard des Nations,69960,CORBAS,45167079800037,0.768009603023529,TRANS PROCESS,84 RUE DU CARREAU,CORBAS,69960,69273,3,
HEXATRANS,42b Boulevard des Nations,69960,CORBAS,50921047200155,0.6832720637321472,CHRONOFRESH,42 BOULEVARD DES NATIONS,CORBAS,69960,69273,4,
HEXATRANS,42b Boulevard des Nations,69960,CORBAS,34738186500075,0.6562594771385193,360 SERVICES,42 BOULEVARD DES NATIONS,CORBAS,69960,69273,5,
HTI MED,65 Avenue Franklin Roosevelt,69150,DECINES-CHARPIEU,53759247900019,0.9996402263641357,HTI MED,65 AVENUE FRANKLIN ROOSEVELT,DECINES-CHARPIEU,69150,69275,1,
HTI MED,65 Avenue Franklin Roosevelt,69150,DECINES-CHARPIEU,39236472500037,0.990659236907959,HTI TECHNOLOGIES,65 AVENUE FRANKLIN ROOSEVELT,DECINES-CHARPIEU,69150,69275,2,
HTI MED,65 Avenue Franklin Roosevelt,69150,DECINES-CHARPIEU,39236472500029,0.9861257672309875,HTI TECHNOLOGIES,49 AVENUE FRANKLIN ROOSEVELT,DECINES-CHARPIEU,69150,69275,3,
HTI MED,65 Avenue Franklin Roosevelt,69150,DECINES-CHARPIEU,53067073600012,0.9723941683769226,TERRE DE SOIE,65 AVENUE FRANKLIN ROOSEVELT,DECINES-CHARPIEU,69150,69275,4,
HTI MED,65 Avenue Franklin Roosevelt,69150,DECINES-CHARPIEU,98794008700016,0.9112384915351868,MED IMMO,4 RUE GUY DE MAUPASSANT,DECINES-CHARPIEU,69150,69275,5,
HTI Technologies,49 Avenue Franklin Roosevelt,69150,DECINES-CHARPIEU,39236472500029,0.999853253364563,HTI TECHNOLOGIES,49 AVENUE FRANKLIN ROOSEVELT,DECINES-CHARPIEU,69150,69275,1,
HTI Technologies,49 Avenue Franklin Roosevelt,69150,DECINES-CHARPIEU,39236472500037,0.9950793981552124,HTI TECHNOLOGIES,65 AVENUE FRANKLIN ROOSEVELT,DECINES-CHARPIEU,69150,69275,2,
HTI Technologies,49 Avenue Franklin Roosevelt,69150,DECINES-CHARPIEU,53795997500013,0.9796265959739685,HI TECH ELECTRICITE,1 RUE PAUL MARCELLIN,DECINES CHARPIEU,69150,69275,3,
HTI Technologies,49 Avenue Franklin Roosevelt,69150,DECINES-CHARPIEU,88461051000023,0.9606967568397522,MH TECHNOLOGIE,205 AVENUE FRANKLIN ROOSEVELT,DECINES-CHARPIEU,69150,69275,4,
HTI Technologies,49 Avenue Franklin Roosevelt,69150,DECINES-CHARPIEU,53759247900019,0.9044268727302551,HTI MED,65 AVENUE FRANKLIN ROOSEVELT,DECINES-CHARPIEU,69150,69275,5,
ISOJET,14 Boulevard des Nations,69960,CORBAS,38502373400036,0.999122679233551,ISOJET EQUIPEMENTS,14 BOULEVARD DES NATIONS,CORBAS,69960,69273,1,
ISOJET,14 Boulevard des Nations,69960,CORBAS,91939853700010,0.9434595108032227,ZAH,14 BOULEVARD DES NATIONS,CORBAS,69960,69273,2,
ISOJET,14 Boulevard des Nations,69960,CORBAS,52357358200021,0.6145005822181702,NOUVEL AIR IMMOBILIER,14 RUE DE L'AVIATION,CORBAS,69960,69273,3,
ISOJET,14 Boulevard des Nations,69960,CORBAS,88438262300020,0.5986183881759644,HANDUSTRY,14 BOULEVARD DES NATIONS,CORBAS,69960,69273,4,
ISOJET,14 Boulevard des Nations,69960,CORBAS,38312387400497,0.5636022090911865,EASYDIS,BOULEVARD DES NATIONS,CORBAS,69960,69273,5,
ITAFRAN,23 AVENUE DE L'INDUSTRIE,69960,CORBAS,30549218300143,0.9998088479042053,BDF,21 AVENUE DE L'INDUSTRIE,CORBAS,69960,69273,1,
ITAFRAN,23 AVENUE DE L'INDUSTRIE,69960,CORBAS,49010707500015,0.8590124845504761,ECCM,PL CHARLES JOCTEUR,CORBAS,69960,69273,2,
ITAFRAN,23 AVENUE DE L'INDUSTRIE,69960,CORBAS,50484321000015,0.7155750393867493,TTCPR,13 AVENUE DE L'INDUSTRIE,CORBAS,69960,69273,3,
ITAFRAN,23 AVENUE DE L'INDUSTRIE,69960,CORBAS,80012725000010,0.7039735913276672,REGATE,23 AVENUE DE L'INDUSTRIE,CORBAS,69960,69273,4,
ITAFRAN,23 AVENUE DE L'INDUSTRIE,69960,CORBAS,43316787100014,0.6515951752662659,ASS ENTENTE BADMINTON CORBAS,PL CHARLES JOCTEUR,CORBAS,69960,69273,5,
ITAFRAN Site 2,21 AVENUE DE L INDUSTRIE,69960,CORBAS,30549218300143,0.9991425275802612,BDF,21 AVENUE DE L'INDUSTRIE,CORBAS,69960,69273,1,
ITAFRAN Site 2,21 AVENUE DE L INDUSTRIE,69960,CORBAS,43450752100038,0.8709892630577087,LA COMPAGNIE FINANCIERE DE LA PONCETIERE,21 AVENUE DE L'INDUSTRIE,CORBAS,69960,69273,2,
ITAFRAN Site 2,21 AVENUE DE L INDUSTRIE,69960,CORBAS,41246447100025,0.8047523498535156,SOCIETE INDUSTRIELLE DE LA PONCETIERE,21 AVENUE DE L'INDUSTRIE,CORBAS,69960,69273,3,
ITAFRAN Site 2,21 AVENUE DE L INDUSTRIE,69960,CORBAS,80139224200021,0.7678782939910889,COURRIER SUD,21 AVENUE DE L'INDUSTRIE,CORBAS,69960,69273,4,
ITAFRAN Site 2,21 AVENUE DE L INDUSTRIE,69960,CORBAS,51469668100014,0.7606061697006226,LOCO,21 AVENUE DE MONTMARTIN,CORBAS,69960,69273,5,
JNC,1 IMPASSE DU RHONE,69960,CORBAS,79341104200013,0.9983160495758057,J.N.C,1 IMPASSE DU RHONE,CORBAS,69960,69273,1,
JNC,1 IMPASSE DU RHONE,69960,CORBAS,51304869400048,0.9568487405776978,NEWCO MADIS,1 IMPASSE DU RHONE,CORBAS,69960,69273,2,
JNC,1 IMPASSE DU RHONE,69960,CORBAS,87919666500027,0.9252923727035522,DENJEAN B.E,1 IMPASSE DU RHONE,CORBAS,69960,69273,3,
JNC,1 IMPASSE DU RHONE,69960,CORBAS,52281662800039,0.9014536738395691,LA MITHOLIERE,1 IMPASSE DU RHONE,CORBAS,69960,69273,4,
JNC,1 IMPASSE DU RHONE,69960,CORBAS,97775821800019,0.8924892544746399,MEL'ART,1 IMPASSE DU RHONE,CORBAS,69960,69273,5,
JOURDAN ET MARZE,69 Rue Marcel Merieux,69960,CORBAS,41255269700028,0.9994864463806152,JOURDAN ET MARZE SUCCESSEURS,69 RUE MARCEL MERIEUX,CORBAS,69960,69273,1,
JOURDAN ET MARZE,69 Rue Marcel Merieux,69960,CORBAS,50062848200027,0.9598994255065918,MARCHE DE CORBAS,69 RUE MARCEL MERIEUX,CORBAS,69960,69273,2,
JOURDAN ET MARZE,69 Rue Marcel Merieux,69960,CORBAS,84357049000022,0.9512054920196533,RORI CORBAS,69 RUE MARCEL MERIEUX,CORBAS,69960,69273,3,
JOURDAN ET MARZE,69 Rue Marcel Merieux,69960,CORBAS,89124205900014,0.9243959188461304,GE FRUITS HOLDING,69 RUE MARCEL MERIEUX,CORBAS,69960,69273,4,
JOURDAN ET MARZE,69 Rue Marcel Merieux,69960,CORBAS,53194863600018,0.8973641991615295,GIE DU MARCHE DE GROS LYON CORBAS,69 RUE MARCEL MERIEUX,CORBAS,69960,69273,5,
KOPSTER HOTEL,12 AVENUE SIMONE VEIL,69150,DECINES CHARPIEU,83508352800025,0.9992772936820984,KOPSTER HOTEL,12 AVENUE SIMONE VEIL,DECINES-CHARPIEU,69150,69275,1,
KOPSTER HOTEL,12 AVENUE SIMONE VEIL,69150,DECINES CHARPIEU,39336910300030,0.9264089465141296,PREMIERE CLASSE,BOULEVARD CHARLES DE GAULLE,DECINES-CHARPIEU,69150,69275,2,
KOPSTER HOTEL,12 AVENUE SIMONE VEIL,69150,DECINES CHARPIEU,47787810200011,0.6636925339698792,HOTEL DE LA POSTE,15 RUE DU DAUPHINE,DECINES-CHARPIEU,69150,69275,3,
KOPSTER HOTEL,12 AVENUE SIMONE VEIL,69150,DECINES CHARPIEU,84480092000051,0.5174798369407654,VORTEX DEVELOPPEMENT,AVENUE SIMONE VEIL,DECINES-CHARPIEU,69150,69275,4,
KOPSTER HOTEL,12 AVENUE SIMONE VEIL,69150,DECINES CHARPIEU,42826885800019,0.5101956725120544,DANY,RUE ELISEE RECLUS,DECINES-CHARPIEU,69150,69275,5,
L2G,17 Avenue du 24 Août 1944,69960,CORBAS,44888664800055,0.9994199275970459,"LA GENERALE DE GASTRONOMIE, REMINOX, BM PRODUCTION",17 AVENUE DU 24 AOUT 1944,CORBAS,69960,69273,1,
L2G,17 Avenue du 24 Août 1944,69960,CORBAS,83057359800018,0.6870285868644714,LAJIL AGRO ALIMENTAIRE,17 RUE DU VERCORS,CORBAS,69960,69273,2,
L2G,17 Avenue du 24 Août 1944,69960,CORBAS,40987740400056,0.5681598782539368,MADIAL,17 AVENUE DU 24 AOUT 1944,CORBAS,69960,69273,3,
L2G,17 Avenue du 24 Août 1944,69960,CORBAS,79783988300015,0.3998340666294098,EALC,RUE NUNGESSER ET COLI,CORBAS,69960,69273,4,
L2G,17 Avenue du 24 Août 1944,69960,CORBAS,50972207000026,0.36485418677330017,GAMI,13 AVENUE DU 24 AOUT 1944,CORBAS,69960,69273,5,
LES BANQUES ALIMENTAIRES,127 Avenue Franklin Roosevelt,69150,DECINES-CHARPIEU,38078113800033,0.9987381100654602,BANQUE ALIMENTAIRE DU RHONE,127 AVENUE FRANKLIN ROOSEVELT,DECINES-CHARPIEU,69150,69275,1,
LES BANQUES ALIMENTAIRES,127 Avenue Franklin Roosevelt,69150,DECINES-CHARPIEU,80328373800018,0.9954944849014282,FONDS DE DOTATION DE LA BANQUE ALIMENTAIRE DU RHONE,127 AVENUE FRANKLIN ROOSEVELT,DECINES-CHARPIEU,69150,69275,2,
LES BANQUES ALIMENTAIRES,127 Avenue Franklin Roosevelt,69150,DECINES-CHARPIEU,44303932600022,0.9927825927734375,DITIB,127 AVENUE FRANKLIN ROOSEVELT,DECINES-CHARPIEU,69150,69275,3,
LES BANQUES ALIMENTAIRES,127 Avenue Franklin Roosevelt,69150,DECINES-CHARPIEU,79996542100032,0.7437934875488281,COLLECTIF ALIMENTAIRE D'INITIATIVES SOLIDAIRES,45 RUE GEORGES BIZET,DECINES-CHARPIEU,69150,69275,4,
LES BANQUES ALIMENTAIRES,127 Avenue Franklin Roosevelt,69150,DECINES-CHARPIEU,99161175700014,0.6098946332931519,1 2 3 PARE BRISE,201 AVENUE FRANKLIN ROOSEVELT,DECINES-CHARPIEU,69150,69275,5,
LES DOUCEURS DU MOULIN,69 Rue Marcel Mérieux,69960,CORBAS,89357911000022,0.9949091076850891,LES DOUCEURS DU MOULIN FRUITS ET LEGUMES,69 RUE MARCEL MERIEUX,CORBAS,69960,69273,1,
LES DOUCEURS DU MOULIN,69 Rue Marcel Mérieux,69960,CORBAS,49852066700029,0.9762871861457825,LES MURIERS,69 RUE MARCEL MERIEUX,CORBAS,69960,69273,2,
LES DOUCEURS DU MOULIN,69 Rue Marcel Mérieux,69960,CORBAS,79249138300016,0.9294544458389282,DU 41,69 RUE MARCEL MERIEUX,CORBAS,69960,69273,3,
LES DOUCEURS DU MOULIN,69 Rue Marcel Mérieux,69960,CORBAS,31554738000024,0.9252707362174988,FRUTAS SANCHEZ,69 RUE MARCEL MERIEUX,CORBAS,69960,69273,4,
LES DOUCEURS DU MOULIN,69 Rue Marcel Mérieux,69960,CORBAS,84146910900018,0.911161482334137,VERT FRAMBOISE,69 RUE MARCEL MERIEUX,CORBAS,69960,69273,5,
LTP Carreau Corbas,"4, rue du Carreau",69960,CORBAS,89096240000010,0.8592463135719299,S.P.R,4 RUE DU CARREAU,CORBAS,69960,69273,1,
LTP Carreau Corbas,"4, rue du Carreau",69960,CORBAS,83144406200051,0.8288626670837402,H2O DETECTION,4 RUE DU CARREAU,CORBAS,69960,69273,2,
LTP Carreau Corbas,"4, rue du Carreau",69960,CORBAS,44062776800052,0.4348691999912262,MB DIFFUSION,RUE DU CARREAU,CORBAS,69960,69273,3,
LTP Carreau Corbas,"4, rue du Carreau",69960,CORBAS,52820294800014,0.4189620018005371,CORBAS VOLLEY,62 RTE DE ST PRIEST,CORBAS,69960,69273,4,
LTP Carreau Corbas,"4, rue du Carreau",69960,CORBAS,92133268000013,0.3481431305408478,HDN,4 IMPASSE DU CHALET,CORBAS,69960,69273,5,
La Tresse du Boucher,4 impasse du Rhone,69960,CORBAS,42476102100023,0.9968366622924805,LA TRESSE DU BOUCHER,4 IMPASSE DU RHONE,CORBAS,69960,69273,1,
La Tresse du Boucher,4 impasse du Rhone,69960,CORBAS,51809239000278,0.654373049736023,DIPENERGIE,IMPASSE DU RHONE,CORBAS,69960,69273,2,
La Tresse du Boucher,4 impasse du Rhone,69960,CORBAS,48302368500033,0.6247835159301758,BOUCHERIE LA QUALITE,17 RUE DU VERCORS,CORBAS,69960,69273,3,
La Tresse du Boucher,4 impasse du Rhone,69960,CORBAS,92236797400016,0.5874953866004944,INFINITY ODEM HOLDING,4 IMPASSE DU CHALET,CORBAS,69960,69273,4,
La Tresse du Boucher,4 impasse du Rhone,69960,CORBAS,91375396800019,0.5590559244155884,CDV INVEST,4 IMPASSE DU RHONE,CORBAS,69960,69273,5,
Lyon Select,69 Rue Marcel Merieux,69960,CORBAS,42414632200021,0.9996609687805176,EKVAL PRIMEURS,69 RUE MARCEL MERIEUX,CORBAS,69960,69273,1,
Lyon Select,69 Rue Marcel Merieux,69960,CORBAS,80372802100012,0.9974773526191711,SELECT GROUP L,69 RUE MARCEL MERIEUX,CORBAS,69960,69273,2,
Lyon Select,69 Rue Marcel Merieux,69960,CORBAS,80369965100011,0.9939234852790833,SELECT GROUP T,69 RUE MARCEL MERIEUX,CORBAS,69960,69273,3,
Lyon Select,69 Rue Marcel Merieux,69960,CORBAS,49852066700029,0.9840641021728516,LES MURIERS,69 RUE MARCEL MERIEUX,CORBAS,69960,69273,4,
Lyon Select,69 Rue Marcel Merieux,69960,CORBAS,44209549300049,0.9570713639259338,JABRI,69 RUE MARCEL MERIEUX,CORBAS,69960,69273,5,
MAHLE AFTERMARKET FRANCE SAS,2bis Rue de Catalogne,69150,DECINES-CHARPIEU,95850100900129,0.999786913394928,COFFI,6 RUE DE CATALOGNE,DECINES-CHARPIEU,69150,69275,1,
MAHLE AFTERMARKET FRANCE SAS,2bis Rue de Catalogne,69150,DECINES-CHARPIEU,37920621200027,0.99775630235672,MAHLE FRANCE,6 RUE DE CATALOGNE,DECINES-CHARPIEU,69150,69275,2,
MAHLE AFTERMARKET FRANCE SAS,2bis Rue de Catalogne,69150,DECINES-CHARPIEU,49104276800029,0.8051408529281616,JMH IRIS FINANCE,2 RUE DE CATALOGNE,DECINES-CHARPIEU,69150,69275,3,
MAHLE AFTERMARKET FRANCE SAS,2bis Rue de Catalogne,69150,DECINES-CHARPIEU,95230141400043,0.8007032871246338,UPTEL,2 RUE DE CATALOGNE,DECINES-CHARPIEU,69150,69275,4,
MAHLE AFTERMARKET FRANCE SAS,2bis Rue de Catalogne,69150,DECINES-CHARPIEU,21690275900010,0.7023956179618835,MAIRIE,PLACE ROGER SALENGRO,DECINES-CHARPIEU,69150,69275,5,
MAHLE BEHR FRANCE ROUFFACH S.A.S Site Décines - Aftermarket,6 Rue de Catalogne,69150,DECINES-CHARPIEU,95850100900129,0.997771143913269,COFFI,6 RUE DE CATALOGNE,DECINES-CHARPIEU,69150,69275,1,
MAHLE BEHR FRANCE ROUFFACH S.A.S Site Décines - Aftermarket,6 Rue de Catalogne,69150,DECINES-CHARPIEU,37920621200027,0.9948208332061768,MAHLE FRANCE,6 RUE DE CATALOGNE,DECINES-CHARPIEU,69150,69275,2,
MAHLE BEHR FRANCE ROUFFACH S.A.S Site Décines - Aftermarket,6 Rue de Catalogne,69150,DECINES-CHARPIEU,89784621800013,0.5621641278266907,GRAND LARGE ASSURANCE & PRET,6 ALLEE HORIZON,DECINES-CHARPIEU,69150,69275,3,
MAHLE BEHR FRANCE ROUFFACH S.A.S Site Décines - Aftermarket,6 Rue de Catalogne,69150,DECINES-CHARPIEU,42952680900026,0.47250062227249146,S.C.I 3 AMT,6 RUE DE LOMBARDIE,DECINES-CHARPIEU,69150,69275,4,
MAHLE BEHR FRANCE ROUFFACH S.A.S Site Décines - Aftermarket,6 Rue de Catalogne,69150,DECINES-CHARPIEU,39978192100065,0.3471437394618988,NICE FRANCE,RUE EMILE ZOLA,DECINES-CHARPIEU,69150,69275,5,
MAIRIE DE CORBAS,1 place Charles Jocteur,69960,CORBAS,21690273400013,0.9996030926704407,MAIRIE,PL CHARLES JOCTEUR,CORBAS,69960,69273,1,
MAIRIE DE CORBAS,1 place Charles Jocteur,69960,CORBAS,21690273400088,0.9437963366508484,MAISON DE SANTE,PL CHARLES JOCTEUR,CORBAS,69960,69273,2,
MAIRIE DE CORBAS,1 place Charles Jocteur,69960,CORBAS,52837424200014,0.839276909828186,SCC,PL CHARLES JOCTEUR,CORBAS,69960,69273,3,
MAIRIE DE CORBAS,1 place Charles Jocteur,69960,CORBAS,51909802400010,0.7822096347808838,CLUB DE CHIENS DE POLICE DE CORBAS,PL CHARLES JOCTEUR,CORBAS,69960,69273,4,
MAIRIE DE CORBAS,1 place Charles Jocteur,69960,CORBAS,26691041300019,0.6765391230583191,CCAS,PL CHARLES JOCTEUR,CORBAS,69960,69273,5,
MASE RHONE ALPES,4 Avenue du 24 Août 1944,69960,CORBAS,48239538100023,0.9997935891151428,ASSOCIATION,4 AVENUE DU 24 AOUT 1944,CORBAS,69960,69273,1,
MASE RHONE ALPES,4 Avenue du 24 Août 1944,69960,CORBAS,50949159300034,0.9990547299385071,MASE,4 AVENUE DU 24 AOUT 1944,CORBAS,69960,69273,2,
MASE RHONE ALPES,4 Avenue du 24 Août 1944,69960,CORBAS,90208475500013,0.9893325567245483,PRIMEVER RHONE ALPES,AVENUE DU 24 AOUT 1944,CORBAS,69960,69273,3,
MASE RHONE ALPES,4 Avenue du 24 Août 1944,69960,CORBAS,48101142700095,0.9852105975151062,PRIMEVER TRANSPORT RHONE ALPES,AVENUE DU 24 AOUT 1944,CORBAS,69960,69273,4,
MASE RHONE ALPES,4 Avenue du 24 Août 1944,69960,CORBAS,40917892800266,0.9843946695327759,PRODOMO,4 AVENUE DU 24 AOUT 1944,CORBAS,69960,69273,5,
MAUFFREY,11 avenue du 24-août-1944,69960,CORBAS,95750241200076,0.9993488192558289,MAUFFREY RHONE ALPES,11 AVENUE DU 24 AOUT 1944,CORBAS,69960,69273,1,
MAUFFREY,11 avenue du 24-août-1944,69960,CORBAS,78979146400876,0.9710577726364136,CEVA LOGISTICS GROUND & RAIL FRANCE,11 AVENUE DU 24 AOUT 1944,CORBAS,69960,69273,2,
MAUFFREY,11 avenue du 24-août-1944,69960,CORBAS,38521863101094,0.8542749881744385,POINT RELAIS,11 AVENUE DU 24 AOUT 1944,CORBAS,69960,69273,3,
MAUFFREY,11 avenue du 24-août-1944,69960,CORBAS,39102934500645,0.6904172301292419,COLIS PRIVE FRANCE,11 AVENUE DU 24 AOUT 1944,CORBAS,69960,69273,4,
MAUFFREY,11 avenue du 24-août-1944,69960,CORBAS,37837810300055,0.6127755641937256,DE LA RUE DE BAYONNE,11 AVENUE DU 24 AOUT 1944,CORBAS,69960,69273,5,
MC2A DECINES,"35 rue Emile Zola, Rez-de-chaussée",69150,DECINES CHARPIEU,92437886200305,0.998999297618866,MC2A,35 RUE EMILE ZOLA,DECINES-CHARPIEU,69150,69275,1,
MC2A DECINES,"35 rue Emile Zola, Rez-de-chaussée",69150,DECINES CHARPIEU,82106729500039,0.3792565166950226,NH EXPERTISE ET CONSEILS,23 RUE GAMBETTA,DECINES-CHARPIEU,69150,69275,2,
MC2A DECINES,"35 rue Emile Zola, Rez-de-chaussée",69150,DECINES CHARPIEU,85062992400018,0.31492912769317627,S.L.I,89 RUE RASPAIL,DECINES CHARPIEU,69150,69275,3,
MC2A DECINES,"35 rue Emile Zola, Rez-de-chaussée",69150,DECINES CHARPIEU,49451274200011,0.30977916717529297,A S C,35 RUE ANTOINE LUMIERE,DECINES-CHARPIEU,69150,69275,4,
MC2A DECINES,"35 rue Emile Zola, Rez-de-chaussée",69150,DECINES CHARPIEU,81879433100012,0.2599497437477112,DECINES OLYMPIQUE HANDISPORT,51 RUE DANTON,DECINES-CHARPIEU,69150,69275,5,
MEDISTOCK,Zi du Carreau - Rue du Carreau,69960,CORBAS,42045590900036,0.9998030066490173,MEDISTOCK,RUE DU CARREAU,CORBAS,69960,69273,1,
MEDISTOCK,Zi du Carreau - Rue du Carreau,69960,CORBAS,88194102500010,0.9525220990180969,PRIMMO CORBAS NOUVELLE,4 RUE DU DAUPHINE,CORBAS,69960,69273,2,
MEDISTOCK,Zi du Carreau - Rue du Carreau,69960,CORBAS,78994691000013,0.9000632166862488,MACHEUROP,51 RUE DU CARREAU,CORBAS,69960,69273,3,
MEDISTOCK,Zi du Carreau - Rue du Carreau,69960,CORBAS,79427511500010,0.8328968286514282,PRIMMO CASTELNAUDARY,4 RUE DU DAUPHINE,CORBAS,69960,69273,4,
MEDISTOCK,Zi du Carreau - Rue du Carreau,69960,CORBAS,98224718100018,0.7921873331069946,ATELIER DU COMPTOIR EN ETAIN,4 RUE DU MONT BLANC,CORBAS,69960,69273,5,
MELEO,4 Rue des Allobroges,69960,CORBAS,30870001200021,0.9980539083480835,ENTREPRISE MELEO,4 RUE DES ALLOBROGES,CORBAS,69960,69273,1,
MELEO,4 Rue des Allobroges,69960,CORBAS,49938790000016,0.9405794739723206,INDUSTRIE METALLERIE CORBASIENNE,4 RUE DES ALLOBROGES,CORBAS,69960,69273,2,
MELEO,4 Rue des Allobroges,69960,CORBAS,50357495600010,0.8074821829795837,PINZERE,4 RUE DES ALLOBROGES,CORBAS,69960,69273,3,
MELEO,4 Rue des Allobroges,69960,CORBAS,88008402500019,0.6273123621940613,TUYAUTERIE DES ALLOBROGES,4 RUE DES ALLOBROGES,CORBAS,69960,69273,4,
MELEO,4 Rue des Allobroges,69960,CORBAS,84357049000022,0.614233672618866,RORI CORBAS,69 RUE MARCEL MERIEUX,CORBAS,69960,69273,5,
MERGER,15 Avenue de Montmartin,69960,CORBAS,80931437000028,0.9996552467346191,MERGER,15 AVENUE DE MONTMARTIN,CORBAS,69960,69273,1,
MERGER,15 Avenue de Montmartin,69960,CORBAS,80273964900027,0.9382767677307129,BLG GROUPE,15 AVENUE DE MONTMARTIN,CORBAS,69960,69273,2,
MERGER,15 Avenue de Montmartin,69960,CORBAS,94259977000016,0.836835503578186,SPIRIT,15 AVENUE DE MONTMARTIN,CORBAS,69960,69273,3,
MERGER,15 Avenue de Montmartin,69960,CORBAS,83124006400020,0.7337833046913147,RUE MEDIA,15 AVENUE DE MONTMARTIN,CORBAS,69960,69273,4,
MERGER,15 Avenue de Montmartin,69960,CORBAS,50288639300011,0.6658710837364197,LYCO,AVENUE DE MONTMARTIN,CORBAS,69960,69273,5,
METALDYNE-  AAM Powertrain Decines Manufacturing Facility,51 Rue Vaucanson,69150,DECINES CHARPIEU,41267067100020,0.9982743263244629,METALDYNE INTERNATIONAL FRANCE,51 RUE VAUCANSON,DECINES-CHARPIEU,69150,69275,1,
METALDYNE-  AAM Powertrain Decines Manufacturing Facility,51 Rue Vaucanson,69150,DECINES CHARPIEU,38009882200022,0.38373836874961853,ACCESS,9 RUE VAUCANSON,DECINES-CHARPIEU,69150,69275,2,
METALDYNE-  AAM Powertrain Decines Manufacturing Facility,51 Rue Vaucanson,69150,DECINES CHARPIEU,45273624200028,0.3668476343154907,B.B.J.,7 RUE VAUCANSON,DECINES-CHARPIEU,69150,69275,3,
METALDYNE-  AAM Powertrain Decines Manufacturing Facility,51 Rue Vaucanson,69150,DECINES CHARPIEU,92844206000010,0.3424994647502899,C'MOON,34 RUE VAUCANSON,DECINES-CHARPIEU,69150,69275,4,
METALDYNE-  AAM Powertrain Decines Manufacturing Facility,51 Rue Vaucanson,69150,DECINES CHARPIEU,30365637500696,0.2715288996696472,PERNOD RICARD FRANCE,RUE VAUCANSON,DECINES-CHARPIEU,69150,69275,5,
Mecanhor,103 Avenue Franklin Roosevelt,69150,DECINES CHARPIEU,95751549700031,0.9998233914375305,MECANHOR,103 AVENUE FRANKLIN ROOSEVELT,DECINES-CHARPIEU,69150,69275,1,
Mecanhor,103 Avenue Franklin Roosevelt,69150,DECINES CHARPIEU,21690275900010,0.6929186582565308,MAIRIE,PLACE ROGER SALENGRO,DECINES-CHARPIEU,69150,69275,2,
Mecanhor,103 Avenue Franklin Roosevelt,69150,DECINES CHARPIEU,48107423500013,0.5118277668952942,TOUT L'IMMOBILIER LYON,151 AVENUE FRANKLIN ROOSEVELT,DECINES-CHARPIEU,69150,69275,3,
Mecanhor,103 Avenue Franklin Roosevelt,69150,DECINES CHARPIEU,52237889200015,0.4589737057685852,PB3,133 AVENUE FRANKLIN ROOSEVELT,DECINES-CHARPIEU,69150,69275,4,
Mecanhor,103 Avenue Franklin Roosevelt,69150,DECINES CHARPIEU,44303932600022,0.43851643800735474,DITIB,127 AVENUE FRANKLIN ROOSEVELT,DECINES-CHARPIEU,69150,69275,5,
OLYMPIQUE LYONNAIS,10 Avenue Simone Veil,69150,DECINES CHARPIEU,38507188100093,0.9998016953468323,OLYMPIQUE LYONNAIS,10 AVENUE SIMONE VEIL,DECINES-CHARPIEU,69150,69275,1,
OLYMPIQUE LYONNAIS,10 Avenue Simone Veil,69150,DECINES CHARPIEU,38507188100119,0.9994902610778809,OL STADE,10 AVENUE SIMONE VEIL,DECINES-CHARPIEU,69150,69275,2,
OLYMPIQUE LYONNAIS,10 Avenue Simone Veil,69150,DECINES CHARPIEU,77984556900069,0.9991699457168579,OLYMPIQUE LYONNAIS SECTION FOOT BALL,10 AVENUE SIMONE VEIL,DECINES-CHARPIEU,69150,69275,3,
OLYMPIQUE LYONNAIS,10 Avenue Simone Veil,69150,DECINES CHARPIEU,95352154900014,0.9987396597862244,OL FEMININ,10 AVENUE SIMONE VEIL,DECINES-CHARPIEU,69150,69275,4,
OLYMPIQUE LYONNAIS,10 Avenue Simone Veil,69150,DECINES CHARPIEU,38507188100085,0.9986513257026672,OL IMAGES,10 AVENUE SIMONE VEIL,DECINES-CHARPIEU,69150,69275,5,
OREXAD BRAMMER SOL 69,33 Avenue Franklin Roosevelt,69150,DECINES CHARPIEU,31413618500035,0.9886038303375244,SOLYRO,33 AVENUE FRANKLIN ROOSEVELT,DECINES-CHARPIEU,69150,69275,1,
OREXAD BRAMMER SOL 69,33 Avenue Franklin Roosevelt,69150,DECINES CHARPIEU,39950094100030,0.9306326508522034,HYBELE,33 AVENUE FRANKLIN ROOSEVELT,DECINES-CHARPIEU,69150,69275,2,
OREXAD BRAMMER SOL 69,33 Avenue Franklin Roosevelt,69150,DECINES CHARPIEU,35395258300022,0.6680498719215393,NET SOL EXPANSION,17 RUE EMILE ZOLA,DECINES-CHARPIEU,69150,69275,3,
OREXAD BRAMMER SOL 69,33 Avenue Franklin Roosevelt,69150,DECINES CHARPIEU,53257969500018,0.6190317869186401,HYBAT,33 AVENUE FRANKLIN ROOSEVELT,DECINES-CHARPIEU,69150,69275,4,
OREXAD BRAMMER SOL 69,33 Avenue Franklin Roosevelt,69150,DECINES CHARPIEU,53520765800035,0.5304026007652283,PRO SNACK,133 AVENUE FRANKLIN ROOSEVELT,DECINES-CHARPIEU,69150,69275,5,
OREXAD CORBAS,4 rue du Mont Blanc,69960,CORBAS,32095539602898,0.9963334798812866,RUBIX CORBAS,4 RUE DU MONT BLANC,CORBAS,69960,69273,1,
OREXAD CORBAS,4 rue du Mont Blanc,69960,CORBAS,89503864400038,0.9745714068412781,MIM FRET,4 RUE DU MONT BLANC,CORBAS,69960,69273,2,
OREXAD CORBAS,4 rue du Mont Blanc,69960,CORBAS,40748977200019,0.9718756079673767,BOVEXPO,4 RUE DU MONT BLANC,CORBAS,69960,69273,3,
OREXAD CORBAS,4 rue du Mont Blanc,69960,CORBAS,85299724600024,0.9487712979316711,SM2G,4 RUE DU MONT BLANC,CORBAS,69960,69273,4,
OREXAD CORBAS,4 rue du Mont Blanc,69960,CORBAS,81217721000034,0.9398011565208435,FOX TEN LOGISTIQUE,4 RUE DU MONT BLANC,CORBAS,69960,69273,5,
PAACK LOGISTICS CORBAS,32 Rue Colière,69960,CORBAS,84144832700087,0.9995991587638855,PAACK,32 RUE COLIERE,CORBAS,69960,69273,1,
PAACK LOGISTICS CORBAS,32 Rue Colière,69960,CORBAS,79146066000065,0.943777322769165,UTOPYA,32 RUE COLIERE,CORBAS,69960,69273,2,
PAACK LOGISTICS CORBAS,32 Rue Colière,69960,CORBAS,52781027900010,0.4863152801990509,C.M.,32 RUE MARCEL MERIEUX,CORBAS,69960,69273,3,
PAACK LOGISTICS CORBAS,32 Rue Colière,69960,CORBAS,79102747700011,0.4024973511695862,CORBAS PELLOCH'CLUB,5 IMPASSE DES GERFAUTS,CORBAS,69960,69273,4,
PAACK LOGISTICS CORBAS,32 Rue Colière,69960,CORBAS,41397404900012,0.35559841990470886,TCC,4 PL CHARLES JOCTEUR,CORBAS,69960,69273,5,
PEINTURE VALBERT SAS,8 Rue Paul et Marc Barbezat,69150,DECINES-CHARPIEU,81269442000025,0.9994495511054993,PEINTURES VALBERT,8 RUE PAUL ET MARC BARBEZAT,DECINES-CHARPIEU,69150,69275,1,
PEINTURE VALBERT SAS,8 Rue Paul et Marc Barbezat,69150,DECINES-CHARPIEU,38394592000023,0.9893010258674622,JUHEM,8 RUE PAUL ET MARC BARBEZAT,DECINES-CHARPIEU,69150,69275,2,
PEINTURE VALBERT SAS,8 Rue Paul et Marc Barbezat,69150,DECINES-CHARPIEU,54001848800028,0.9807631969451904,SOLUTION PEINTURE DISTRIBUTION,45 AVENUE FRANKLIN ROOSEVELT,DECINES-CHARPIEU,69150,69275,3,
PEINTURE VALBERT SAS,8 Rue Paul et Marc Barbezat,69150,DECINES-CHARPIEU,93448655600012,0.9494025707244873,S.A.S. PEINTURE,15 RUE DE LA FRATERNITE,DECINES-CHARPIEU,69150,69275,4,
PEINTURE VALBERT SAS,8 Rue Paul et Marc Barbezat,69150,DECINES-CHARPIEU,81476208400022,0.8819104433059692,ANG PEINTURE,60 RUE PAUL ET MARC BARBEZAT,DECINES-CHARPIEU,69150,69275,5,
PLEXY SIGN,48 Rue Vaucanson,69150,DECINES CHARPIEU,81021053400022,0.9998713731765747,PLEXY SIGN,48 RUE VAUCANSON,DECINES-CHARPIEU,69150,69275,1,
PLEXY SIGN,48 Rue Vaucanson,69150,DECINES CHARPIEU,91151240800012,0.8667618632316589,INDIVISION MONTZIKIAN ALAIN,48 RUE VAUCANSON,DECINES-CHARPIEU,69150,69275,2,
PLEXY SIGN,48 Rue Vaucanson,69150,DECINES CHARPIEU,64605047600068,0.4696713387966156,SIGNAUX GIROD,163 AVENUE FRANKLIN ROOSEVELT,DECINES-CHARPIEU,69150,69275,3,
PLEXY SIGN,48 Rue Vaucanson,69150,DECINES CHARPIEU,49133002300020,0.46241042017936707,ACHARD,7 RUE VAUCANSON,DECINES-CHARPIEU,69150,69275,4,
PLEXY SIGN,48 Rue Vaucanson,69150,DECINES CHARPIEU,96350502900032,0.3437768816947937,SCHEIDEGGER W ET CIE MECANIQUE,17 RUE VAUCANSON,DECINES-CHARPIEU,69150,69275,5,
POP Corbas,Rue Louis Pradel,69960,CORBAS,87805985600020,0.8692965507507324,B.C.D.,40 ROUTE DE LYON,CORBAS,69960,69273,1,
POP Corbas,Rue Louis Pradel,69960,CORBAS,32876945000011,0.7149789929389954,MLM,RUE LOUIS PRADEL,CORBAS,69960,69273,2,
POP Corbas,Rue Louis Pradel,69960,CORBAS,93045692600011,0.676676332950592,IDAK,40 ROUTE DE LYON,CORBAS,69960,69273,3,
POP Corbas,Rue Louis Pradel,69960,CORBAS,83222260800024,0.6681652665138245,ALLIANCE ET DEVELOPPEMENT,65 RUE LOUIS PRADEL,CORBAS,69960,69273,4,
POP Corbas,Rue Louis Pradel,69960,CORBAS,79341104200013,0.6588588356971741,J.N.C,1 IMPASSE DU RHONE,CORBAS,69960,69273,5,
PORTUGAULE,Rue du Carreau,69960,CORBAS,44062776800052,0.9998315572738647,MB DIFFUSION,RUE DU CARREAU,CORBAS,69960,69273,1,
PORTUGAULE,Rue du Carreau,69960,CORBAS,88501626100012,0.8597776293754578,LA BASCULE,2 RUE DU CARREAU,CORBAS,69960,69273,2,
PORTUGAULE,Rue du Carreau,69960,CORBAS,38506853100073,0.7613492608070374,MAINE BACHES,RUE DU CARREAU,CORBAS,69960,69273,3,
PORTUGAULE,Rue du Carreau,69960,CORBAS,79102747700011,0.6912451386451721,CORBAS PELLOCH'CLUB,5 IMPASSE DES GERFAUTS,CORBAS,69960,69273,4,
PORTUGAULE,Rue du Carreau,69960,CORBAS,91364264100017,0.6863747835159302,CHAVEYRIEUX,2 RUE DU CARREAU,CORBAS,69960,69273,5,
PRIMEURS DU SUD EST,69 Rue Marcel Merieux,69960,CORBAS,78015368000076,0.9997784495353699,VINDRY,69 RUE MARCEL MERIEUX,CORBAS,69960,69273,1,
PRIMEURS DU SUD EST,69 Rue Marcel Merieux,69960,CORBAS,42037022300034,0.9905698299407959,COULEURS PRIMEURS,69 RUE MARCEL MERIEUX,CORBAS,69960,69273,2,
PRIMEURS DU SUD EST,69 Rue Marcel Merieux,69960,CORBAS,97250554900022,0.9892816543579102,MILAN PRIMEURS,69 RUE MARCEL MERIEUX,CORBAS,69960,69273,3,
PRIMEURS DU SUD EST,69 Rue Marcel Merieux,69960,CORBAS,79410910800017,0.9848986268043518,GESCO PRIMEURS,69 RUE MARCEL MERIEUX,CORBAS,69960,69273,4,
PRIMEURS DU SUD EST,69 Rue Marcel Merieux,69960,CORBAS,82891506600017,0.9837566614151001,FEL'SUCCES,69 RUE MARCEL MERIEUX,CORBAS,69960,69273,5,
PROVIDIS SIEGE,11 Rue Marcel Mérieux,69960,CORBAS,42228238400037,0.9982925057411194,PROVIDIS LOGISTIQUE,11 RUE MARCEL MERIEUX,CORBAS,69960,69273,1,
PROVIDIS SIEGE,11 Rue Marcel Mérieux,69960,CORBAS,82843700400017,0.9914639592170715,SICOVIDIS,11 RUE MARCEL MERIEUX,CORBAS,69960,69273,2,
PROVIDIS SIEGE,11 Rue Marcel Mérieux,69960,CORBAS,53880777700015,0.9744934439659119,JARDINS ET VERGERS DISTRIBUTION,11 RUE MARCEL MERIEUX,CORBAS,69960,69273,3,
PROVIDIS SIEGE,11 Rue Marcel Mérieux,69960,CORBAS,49112982100030,0.9679439663887024,CF CHAMPAGNE,11 RUE MARCEL MERIEUX,CORBAS,69960,69273,4,
PROVIDIS SIEGE,11 Rue Marcel Mérieux,69960,CORBAS,89760414600018,0.9598836898803711,FRANKLIN,11 RUE MARCEL MERIEUX,CORBAS,69960,69273,5,
RACINE,Chemin des Pépinières,69150,DECINES-CHARPIEU,90861060300015,0.9939740300178528,25 RACINE,16 RUE DES MIMOSAS,DECINES-CHARPIEU,69150,69275,1,
RACINE,Chemin des Pépinières,69150,DECINES-CHARPIEU,81492147400023,0.6924625039100647,MJ2G,3 RUE MICHEL SERVET,DECINES-CHARPIEU,69150,69275,2,
RACINE,Chemin des Pépinières,69150,DECINES-CHARPIEU,90315698200014,0.515333890914917,NEJP,205 AVENUE JEAN JAURES,DECINES-CHARPIEU,69150,69275,3,
RACINE,Chemin des Pépinières,69150,DECINES-CHARPIEU,45108099800029,0.5007730722427368,SYJO,216 AVENUE JEAN JAURES,DECINES-CHARPIEU,69150,69275,4,
RACINE,Chemin des Pépinières,69150,DECINES-CHARPIEU,79451537900038,0.47844070196151733,TERELLIA,16 RUE PAUL ET MARC BARBEZAT,DECINES-CHARPIEU,69150,69275,5,
RAS INTERIM,5 Rue du Mont-Blanc,69960,CORBAS,79470553300063,0.9975764155387878,RAS 250,5 RUE DU MONT BLANC,CORBAS,69960,69273,1,
RAS INTERIM,5 Rue du Mont-Blanc,69960,CORBAS,96950856302469,0.9975191354751587,RAS,5 RUE DU MONT BLANC,CORBAS,69960,69273,2,
RAS INTERIM,5 Rue du Mont-Blanc,69960,CORBAS,32237493500086,0.9659111499786377,RAS,14 RUE MARCEL MERIEUX,CORBAS,69960,69273,3,
RAS INTERIM,5 Rue du Mont-Blanc,69960,CORBAS,96950270700025,0.9266894459724426,COBOLY,5 RUE DU MONT BLANC,CORBAS,69960,69273,4,
RAS INTERIM,5 Rue du Mont-Blanc,69960,CORBAS,93841560100013,0.8459867238998413,ECORENOVHABITAT,5 RUE DU MONT BLANC,CORBAS,69960,69273,5,
REP,15 RUE DU DAUPHINE,69960,CORBAS,40013180100013,0.9983252882957458,REP INTERNATIONAL,15 RUE DU DAUPHINE,CORBAS,69960,69273,1,
REP,15 RUE DU DAUPHINE,69960,CORBAS,52035529800032,0.9087588787078857,PIERRON ASCO & CELDA,15 RUE DU DAUPHINE,CORBAS,69960,69273,2,
REP,15 RUE DU DAUPHINE,69960,CORBAS,52837424200014,0.8977446556091309,SCC,PL CHARLES JOCTEUR,CORBAS,69960,69273,3,
REP,15 RUE DU DAUPHINE,69960,CORBAS,50953360000011,0.8310256600379944,PHARMACIE REALISATION MICHELIN,RUE DU CARREAU,CORBAS,69960,69273,4,
REP,15 RUE DU DAUPHINE,69960,CORBAS,48011073300023,0.6922740936279297,PR DEVELOPPEMENT,9 RUE DU DAUPHINE,CORBAS,69960,69273,5,
RHODANIENNE DE NEGOCE ET DE LOCATION,Rue Louis Pradel,69960,CORBAS,41983805700067,0.9998094439506531,RHODANIENNE DE NEGOCE ET DE LOCATION,65 RUE LOUIS PRADEL,CORBAS,69960,69273,1,
RHODANIENNE DE NEGOCE ET DE LOCATION,Rue Louis Pradel,69960,CORBAS,83283531800029,0.9803398251533508,LYON EST RHODANIENNE,65 RUE LOUIS PRADEL,CORBAS,69960,69273,2,
RHODANIENNE DE NEGOCE ET DE LOCATION,Rue Louis Pradel,69960,CORBAS,32316789000165,0.975992739200592,RDT (R D T ),12 AVENUE DE L'INDUSTRIE,CORBAS,69960,69273,3,
RHODANIENNE DE NEGOCE ET DE LOCATION,Rue Louis Pradel,69960,CORBAS,55214642500186,0.8484258651733398,SCERT,20 RUE LOUIS PRADEL,CORBAS,69960,69273,4,
RHODANIENNE DE NEGOCE ET DE LOCATION,Rue Louis Pradel,69960,CORBAS,91436787500012,0.843029260635376,TERRADE,65 RUE LOUIS PRADEL,CORBAS,69960,69273,5,
RUBIX FRANCE,33 Avenue Franklin Roosevelt,69150,DECINES CHARPIEU,31413618500035,0.9911477565765381,SOLYRO,33 AVENUE FRANKLIN ROOSEVELT,DECINES-CHARPIEU,69150,69275,1,
RUBIX FRANCE,33 Avenue Franklin Roosevelt,69150,DECINES CHARPIEU,49751383800027,0.8296976089477539,DEFI,34 RUE PAUL BERT,DECINES-CHARPIEU,69150,69275,2,
RUBIX FRANCE,33 Avenue Franklin Roosevelt,69150,DECINES CHARPIEU,39950094100030,0.8261407017707825,HYBELE,33 AVENUE FRANKLIN ROOSEVELT,DECINES-CHARPIEU,69150,69275,3,
RUBIX FRANCE,33 Avenue Franklin Roosevelt,69150,DECINES CHARPIEU,44147869000015,0.8056116104125977,LSFC,33 RUE PAUL BERT,DECINES-CHARPIEU,69150,69275,4,
RUBIX FRANCE,33 Avenue Franklin Roosevelt,69150,DECINES CHARPIEU,30930461603575,0.7979984879493713,REXEL,80 RUE ELISEE RECLUS,DECINES-CHARPIEU,69150,69275,5,
SARL White Warehouse,133 AVENUE FRANKLIN ROOSEVELT,69150,DECINES-CHARPIEU,52237889200015,0.9084633588790894,PB3,133 AVENUE FRANKLIN ROOSEVELT,DECINES-CHARPIEU,69150,69275,1,
SARL White Warehouse,133 AVENUE FRANKLIN ROOSEVELT,69150,DECINES-CHARPIEU,90279716600029,0.8927226066589355,STUDIO SYLVAIN DE ROZEVIRE,133 AVENUE FRANKLIN ROOSEVELT,DECINES-CHARPIEU,69150,69275,2,
SARL White Warehouse,133 AVENUE FRANKLIN ROOSEVELT,69150,DECINES-CHARPIEU,83013558800036,0.8396462798118591,CHARPENTERIE LYONNAISE,133 AVENUE FRANKLIN ROOSEVELT,DECINES-CHARPIEU,69150,69275,3,
SARL White Warehouse,133 AVENUE FRANKLIN ROOSEVELT,69150,DECINES-CHARPIEU,84295057800018,0.8298564553260803,AUTO EXTRA,133 AVENUE FRANKLIN ROOSEVELT,DECINES-CHARPIEU,69150,69275,4,
SARL White Warehouse,133 AVENUE FRANKLIN ROOSEVELT,69150,DECINES-CHARPIEU,92902769600020,0.6897022724151611,FREIA HARD CIDER,133 AVENUE FRANKLIN ROOSEVELT,DECINES-CHARPIEU,69150,69275,5,
SARL White Warehouse Site 2,79 AVENUE FRANKLIN ROOSEVELT,69150,DECINES-CHARPIEU,80067624900025,0.9393852353096008,A.B.I.,79 AVENUE FRANKLIN ROOSEVELT,DECINES-CHARPIEU,69150,69275,1,
SARL White Warehouse Site 2,79 AVENUE FRANKLIN ROOSEVELT,69150,DECINES-CHARPIEU,53206330200030,0.7709922790527344,A.L.S,79 AVENUE FRANKLIN ROOSEVELT,DECINES-CHARPIEU,69150,69275,2,
SARL White Warehouse Site 2,79 AVENUE FRANKLIN ROOSEVELT,69150,DECINES-CHARPIEU,82929870200012,0.7619432210922241,EGZON AUTO,79 AVENUE FRANKLIN ROOSEVELT,DECINES-CHARPIEU,69150,69275,3,
SARL White Warehouse Site 2,79 AVENUE FRANKLIN ROOSEVELT,69150,DECINES-CHARPIEU,93253799600021,0.7561010718345642,LCO,79 AVENUE FRANKLIN ROOSEVELT,DECINES-CHARPIEU,69150,69275,4,
SARL White Warehouse Site 2,79 AVENUE FRANKLIN ROOSEVELT,69150,DECINES-CHARPIEU,49473467600013,0.7345364093780518,KELIDJIAN,79 AVENUE FRANKLIN ROOSEVELT,DECINES-CHARPIEU,69150,69275,5,
SAS THE REVIVAL,2 Rue Colière,69960,CORBAS,91505740000011,0.9980002045631409,TIRE REVIVAL,2 RUE COLIERE,CORBAS,69960,69273,1,
SAS THE REVIVAL,2 Rue Colière,69960,CORBAS,91505740000029,0.9015882611274719,TIRE REVIVAL,65 RUE LOUIS PRADEL,CORBAS,69960,69273,2,
SAS THE REVIVAL,2 Rue Colière,69960,CORBAS,75268671700022,0.5425927042961121,FRAICHEUR QUALITE,2 RUE COLIERE,CORBAS,69960,69273,3,
SAS THE REVIVAL,2 Rue Colière,69960,CORBAS,48011081600018,0.4925984740257263,MPJ,BOULEVARD DES NATIONS,CORBAS,69960,69273,4,
SAS THE REVIVAL,2 Rue Colière,69960,CORBAS,52195788600018,0.47384196519851685,CLM,PL CHARLES JOCTEUR,CORBAS,69960,69273,5,
SEI LYON,32 Rue Louis Pradel,69960,CORBAS,53952241700010,0.8714739084243774,LYON SUD EST,4 AVENUE DU 24 AOUT 1944,CORBAS,69960,69273,1,
SEI LYON,32 Rue Louis Pradel,69960,CORBAS,98001975600017,0.7756155729293823,GROUPE HESTIA LYON DEVELOPPEMENT IMMOBILIER,44 AVENUE SALVADOR ALLENDE,CORBAS,69960,69273,2,
SEI LYON,32 Rue Louis Pradel,69960,CORBAS,96550733800048,0.7482931613922119,CLIMATIC ENERGIES,32 RUE LOUIS PRADEL,CORBAS,69960,69273,3,
SEI LYON,32 Rue Louis Pradel,69960,CORBAS,90480839100018,0.746229887008667,TL LYON,11 RUE MARCEL MERIEUX,CORBAS,69960,69273,4,
SEI LYON,32 Rue Louis Pradel,69960,CORBAS,75119730200035,0.7373952865600586,REP ARSTORES,88 RUE LOUIS PRADEL,CORBAS,69960,69273,5,
SERF EXTREMITY,16 RUE DE LOMBARDIE,69150,DECINES CHARPIEU,97350450900058,0.9989370703697205,SERF,16 RUE DE LOMBARDIE,DECINES-CHARPIEU,69150,69275,1,
SERF EXTREMITY,16 RUE DE LOMBARDIE,69150,DECINES CHARPIEU,97350450900033,0.9967901110649109,SERF,85 AVENUE DES BRUYERES,DECINES-CHARPIEU,69150,69275,2,
SERF EXTREMITY,16 RUE DE LOMBARDIE,69150,DECINES CHARPIEU,93754655400018,0.9847553372383118,SERF TECHNOLOGIES,85 AVENUE DES BRUYERES,DECINES-CHARPIEU,69150,69275,3,
SERF EXTREMITY,16 RUE DE LOMBARDIE,69150,DECINES CHARPIEU,92440626700014,0.9363659024238586,FONDS DE DOTATION RESSOURCES ET PARTAGES,16 RUE DE LOMBARDIE,DECINES-CHARPIEU,69150,69275,4,
SERF EXTREMITY,16 RUE DE LOMBARDIE,69150,DECINES CHARPIEU,38343468500038,0.897729218006134,GIE FLAVIEN GCAT,16 RUE DE LOMBARDIE,DECINES-CHARPIEU,69150,69275,5,
SERPAY,25 Avenue Beauregard,69150,DECINES-CHARPIEU,42322927700029,0.9998990297317505,SERPAY,25 AVENUE BEAUREGARD,DECINES-CHARPIEU,69150,69275,1,
SERPAY,25 Avenue Beauregard,69150,DECINES-CHARPIEU,83119206700013,0.9266254901885986,ART METALLIQUE,25 AVENUE BEAUREGARD,DECINES-CHARPIEU,69150,69275,2,
SERPAY,25 Avenue Beauregard,69150,DECINES-CHARPIEU,81340153600012,0.8541944622993469,MENUISERIE SAMPAIO,25 AVENUE BEAUREGARD,DECINES-CHARPIEU,69150,69275,3,
SERPAY,25 Avenue Beauregard,69150,DECINES-CHARPIEU,81139345300014,0.7692565321922302,PALMA INDUSTRIE,25 AVENUE BEAUREGARD,DECINES-CHARPIEU,69150,69275,4,
SERPAY,25 Avenue Beauregard,69150,DECINES-CHARPIEU,43136403300040,0.7146896719932556,MATOS 2 BOXE,25 AVENUE BEAUREGARD,DECINES-CHARPIEU,69150,69275,5,
SMEG FRANCE CORBAS,83 RUE MARCEL MERIEUX,69960,CORBAS,34408301900085,0.9990468621253967,SMEG,83 RUE MARCEL MERIEUX,CORBAS,69960,69273,1,
SMEG FRANCE CORBAS,83 RUE MARCEL MERIEUX,69960,CORBAS,97350535701885,0.9377858638763428,TNT,83 RUE MARCEL MERIEUX,CORBAS,69960,69273,2,
SMEG FRANCE CORBAS,83 RUE MARCEL MERIEUX,69960,CORBAS,94967077200019,0.9012057781219482,VALMY PARTNERS,83 RUE MARCEL MERIEUX,CORBAS,69960,69273,3,
SMEG FRANCE CORBAS,83 RUE MARCEL MERIEUX,69960,CORBAS,50483864000036,0.8966096043586731,FAREX SERVICES,83 RUE MARCEL MERIEUX,CORBAS,69960,69273,4,
SMEG FRANCE CORBAS,83 RUE MARCEL MERIEUX,69960,CORBAS,33001223800078,0.8368469476699829,FAREX DEVELOPPEMENT,83 RUE MARCEL MERIEUX,CORBAS,69960,69273,5,
SMEG France,83 Rue Marcel Mérieux,69960,CORBAS,34408301900085,0.9989521503448486,SMEG,83 RUE MARCEL MERIEUX,CORBAS,69960,69273,1,
SMEG France,83 Rue Marcel Mérieux,69960,CORBAS,97350535701885,0.9773762226104736,TNT,83 RUE MARCEL MERIEUX,CORBAS,69960,69273,2,
SMEG France,83 Rue Marcel Mérieux,69960,CORBAS,94967077200019,0.9162848591804504,VALMY PARTNERS,83 RUE MARCEL MERIEUX,CORBAS,69960,69273,3,
SMEG France,83 Rue Marcel Mérieux,69960,CORBAS,50483864000036,0.9051859378814697,FAREX SERVICES,83 RUE MARCEL MERIEUX,CORBAS,69960,69273,4,
SMEG France,83 Rue Marcel Mérieux,69960,CORBAS,33001223800078,0.8848950862884521,FAREX DEVELOPPEMENT,83 RUE MARCEL MERIEUX,CORBAS,69960,69273,5,
SOCIETE MODERNE D'ISOLATION,33 Route de Lyon,69960,CORBAS,05781296800998,0.9960792660713196,SMI SOCIETE MODERNE D'ISOLATION,33 ROUTE DE LYON,CORBAS,69960,69273,1,
SOCIETE MODERNE D'ISOLATION,33 Route de Lyon,69960,CORBAS,32899961000053,0.7518399953842163,REM ISOL,40 ROUTE DE LYON,CORBAS,69960,69273,2,
SOCIETE MODERNE D'ISOLATION,33 Route de Lyon,69960,CORBAS,88194102500010,0.3639306128025055,PRIMMO CORBAS NOUVELLE,4 RUE DU DAUPHINE,CORBAS,69960,69273,3,
SOCIETE MODERNE D'ISOLATION,33 Route de Lyon,69960,CORBAS,91097505100012,0.3348906934261322,ACAM.FRANCE AMICALE CABRIOLETS ANCIENS ET MODERNES DE FRANCE,6 IMPASSE PAUL VALERY,CORBAS,69960,69273,4,
SOCIETE MODERNE D'ISOLATION,33 Route de Lyon,69960,CORBAS,50365111900011,0.30745571851730347,THEDLIPAL,44 ROUTE DE LYON,CORBAS,69960,69273,5,
SOLY IMPORT,51 Rue Marcel Merieux,69960,CORBAS,77983234400070,0.9999066591262817,SOLY IMPORT,51 RUE MARCEL MERIEUX,CORBAS,69960,69273,1,
SOLY IMPORT,51 Rue Marcel Merieux,69960,CORBAS,77983234400088,0.99968421459198,SOLY IMPORT,69 RUE MARCEL MERIEUX,CORBAS,69960,69273,2,
SOLY IMPORT,51 Rue Marcel Merieux,69960,CORBAS,87955528200018,0.9947448968887329,SOLY FROST HOLDING,51 RUE MARCEL MERIEUX,CORBAS,69960,69273,3,
SOLY IMPORT,51 Rue Marcel Merieux,69960,CORBAS,49122827600029,0.9502653479576111,DU PETIT BOIS,51 RUE MARCEL MERIEUX,CORBAS,69960,69273,4,
SOLY IMPORT,51 Rue Marcel Merieux,69960,CORBAS,80253160800015,0.9213170409202576,BAFILCO,51 RUE MARCEL MERIEUX,CORBAS,69960,69273,5,
SOPINVEST,92 Avenue des Bruyères,69150,DECINES-CHARPIEU,50829414700055,0.9994392991065979,SOPINVEST,92 AVENUE DES BRUYERES,DECINES-CHARPIEU,69150,69275,1,
SOPINVEST,92 Avenue des Bruyères,69150,DECINES-CHARPIEU,84955409200015,0.9902920126914978,A ET L,92 AVENUE DES BRUYERES,DECINES-CHARPIEU,69150,69275,2,
SOPINVEST,92 Avenue des Bruyères,69150,DECINES-CHARPIEU,82299922300024,0.9802911281585693,BCC,92 AVENUE DES BRUYERES,DECINES-CHARPIEU,69150,69275,3,
SOPINVEST,92 Avenue des Bruyères,69150,DECINES-CHARPIEU,84408395600046,0.9387089014053345,SERVALL,92 AVENUE DES BRUYERES,DECINES-CHARPIEU,69150,69275,4,
SOPINVEST,92 Avenue des Bruyères,69150,DECINES-CHARPIEU,80916115100026,0.9384534955024719,2F INVEST,92 AVENUE DES BRUYERES,DECINES-CHARPIEU,69150,69275,5,
STAT Corbas,38 Avenue du 24 Août 1944,69960,CORBAS,32902163800229,0.9994786381721497,STAT,38 AVENUE DU 24 AOUT 1944,CORBAS,69960,69273,1,
STAT Corbas,38 Avenue du 24 Août 1944,69960,CORBAS,19692898000016,0.32126492261886597,CLG,CHEMIN DES ROMANETTES,CORBAS,69960,69273,2,
STAT Corbas,38 Avenue du 24 Août 1944,69960,CORBAS,44459464200035,0.31334877014160156,DELANCHY PRESTATIONS DE SERVICES 69 DPS 69,RUE DE LA VANOISE,CORBAS,69960,69273,3,
STAT Corbas,38 Avenue du 24 Août 1944,69960,CORBAS,95247417900019,0.30313363671302795,IRIS,3 ALLEE SANTOS DUMONT,CORBAS,69960,69273,4,
STAT Corbas,38 Avenue du 24 Août 1944,69960,CORBAS,90208475500013,0.29998984932899475,PRIMEVER RHONE ALPES,AVENUE DU 24 AOUT 1944,CORBAS,69960,69273,5,
Sabeco,92 Avenue des Bruyères,69150,DECINES CHARPIEU,01675055600165,0.986943244934082,ETABLISSEMENTS G. BOUTILLON,92 AVENUE DES BRUYERES,DECINES-CHARPIEU,69150,69275,1,
Sabeco,92 Avenue des Bruyères,69150,DECINES CHARPIEU,79422623300037,0.9845995306968689,SABEKO LYON,92 AVENUE DES BRUYERES,DECINES-CHARPIEU,69150,69275,2,
Sabeco,92 Avenue des Bruyères,69150,DECINES CHARPIEU,91034831700017,0.9442140460014343,CNP,92 AVENUE DES BRUYERES,DECINES-CHARPIEU,69150,69275,3,
Sabeco,92 Avenue des Bruyères,69150,DECINES CHARPIEU,84955409200015,0.8433754444122314,A ET L,92 AVENUE DES BRUYERES,DECINES-CHARPIEU,69150,69275,4,
Sabeco,92 Avenue des Bruyères,69150,DECINES CHARPIEU,92337559600015,0.8417285084724426,SEMEURS DE TALENTS,92 AVENUE DES BRUYERES,DECINES-CHARPIEU,69150,69275,5,
Simonetti,167 avenue Franklin Roosevelt,69150,DECINES CHARPIEU,97250156300035,0.991898775100708,ENTREPRISE SIMONETTI,167 AVENUE FRANKLIN ROOSEVELT,DECINES-CHARPIEU,69150,69275,1,
Simonetti,167 avenue Franklin Roosevelt,69150,DECINES CHARPIEU,94273320500010,0.5629870891571045,EURO PARE BRISE + LYON,51 AVENUE FRANKLIN ROOSEVELT,DECINES-CHARPIEU,69150,69275,2,
Simonetti,167 avenue Franklin Roosevelt,69150,DECINES CHARPIEU,41053733600019,0.47265195846557617,FRUTIVORE DECINES,221 AVENUE FRANKLIN ROOSEVELT,DECINES-CHARPIEU,69150,69275,3,
Simonetti,167 avenue Franklin Roosevelt,69150,DECINES CHARPIEU,41895154700029,0.3650752305984497,FACTORY PLAST,161 AVENUE FRANKLIN ROOSEVELT,DECINES-CHARPIEU,69150,69275,4,
Simonetti,167 avenue Franklin Roosevelt,69150,DECINES CHARPIEU,53763223400010,0.32759878039360046,PROCESSUS GROUP,161 AVENUE FRANKLIN ROOSEVELT,DECINES-CHARPIEU,69150,69275,5,
Sirene SAS,84 Avenue des Bruyères,69150,DECINES CHARPIEU,48964959000028,0.643817663192749,MISHTTO,22 AVENUE DES BRUYERES,DECINES-CHARPIEU,69150,69275,1,
Sirene SAS,84 Avenue des Bruyères,69150,DECINES CHARPIEU,84443908300016,0.6367350220680237,CLHAU,84 AVENUE JEAN JAURES,DECINES-CHARPIEU,69150,69275,2,
Sirene SAS,84 Avenue des Bruyères,69150,DECINES CHARPIEU,37963306800075,0.617507815361023,IPO TECHNOLOGIE,84 AVENUE DES BRUYERES,DECINES-CHARPIEU,69150,69275,3,
Sirene SAS,84 Avenue des Bruyères,69150,DECINES CHARPIEU,82397672500023,0.5491935610771179,NKH,84 AVENUE JEAN JAURES,DECINES-CHARPIEU,69150,69275,4,
Sirene SAS,84 Avenue des Bruyères,69150,DECINES CHARPIEU,83031443100016,0.5179427862167358,VKH,84 AVENUE JEAN JAURES,DECINES-CHARPIEU,69150,69275,5,
Sitiv Corbas,PLACE CHARLES-JOCTEUR,69960,CORBAS,80774024600010,0.8442142009735107,COR.BAL.TRAD.,PL CHARLES JOCTEUR,CORBAS,69960,69273,1,
Sitiv Corbas,PLACE CHARLES-JOCTEUR,69960,CORBAS,21690273400088,0.8374248743057251,MAISON DE SANTE,PL CHARLES JOCTEUR,CORBAS,69960,69273,2,
Sitiv Corbas,PLACE CHARLES-JOCTEUR,69960,CORBAS,51085000100023,0.8358052372932434,CORBAS RUNNING,1 PL CHARLES JOCTEUR,CORBAS,69960,69273,3,
Sitiv Corbas,PLACE CHARLES-JOCTEUR,69960,CORBAS,81436747000014,0.829790472984314,LE CHOEURBASIEN !,PL CHARLES JOCTEUR,CORBAS,69960,69273,4,
Sitiv Corbas,PLACE CHARLES-JOCTEUR,69960,CORBAS,82115901900024,0.8137127757072449,CORBAS PATISS',PL CHARLES JOCTEUR,CORBAS,69960,69273,5,
Stryker Corporation,85 Avenue des Bruyères,69150,DECINES-CHARPIEU,93754655400018,0.8356558680534363,SERF TECHNOLOGIES,85 AVENUE DES BRUYERES,DECINES-CHARPIEU,69150,69275,1,
Stryker Corporation,16 RUE DE LOMBARDIE,69150,DECINES-CHARPIEU,79009806500044,0.8115032315254211,ISTA SECG,16 RUE DE LOMBARDIE,DECINES-CHARPIEU,69150,69275,1,
Stryker Corporation,16 RUE DE LOMBARDIE,69150,DECINES-CHARPIEU,79748329400022,0.331203818321228,MIDAS,43 AVENUE FRANKLIN ROOSEVELT,DECINES-CHARPIEU,69150,69275,2,
Stryker Corporation,85 Avenue des Bruyères,69150,DECINES-CHARPIEU,97350450900033,0.3245580494403839,SERF,85 AVENUE DES BRUYERES,DECINES-CHARPIEU,69150,69275,2,
Stryker Corporation,16 RUE DE LOMBARDIE,69150,DECINES-CHARPIEU,38386328900013,0.28173360228538513,CHARPIEU,127 RUE DE LA REPUBLIQUE,DECINES-CHARPIEU,69150,69275,3,
Stryker Corporation,85 Avenue des Bruyères,69150,DECINES-CHARPIEU,53276792800023,0.27121806144714355,RAPID AUTO 69,54 AVENUE DES BRUYERES,DECINES-CHARPIEU,69150,69275,3,
Stryker Corporation,16 RUE DE LOMBARDIE,69150,DECINES-CHARPIEU,97350450900058,0.2567274868488312,SERF,16 RUE DE LOMBARDIE,DECINES-CHARPIEU,69150,69275,4,
Stryker Corporation,85 Avenue des Bruyères,69150,DECINES-CHARPIEU,79979235300044,0.23960353434085846,ARMORUM,87 AVENUE DES BRUYERES,DECINES-CHARPIEU,69150,69275,4,
Stryker Corporation,85 Avenue des Bruyères,69150,DECINES-CHARPIEU,45202259300019,0.23293545842170715,CLUB DECINES PETANQUE,38 AVENUE JEAN MACE,DECINES-CHARPIEU,69150,69275,5,
Stryker Corporation,16 RUE DE LOMBARDIE,69150,DECINES-CHARPIEU,80067624900025,0.21589075028896332,A.B.I.,79 AVENUE FRANKLIN ROOSEVELT,DECINES-CHARPIEU,69150,69275,5,
TECNIPLAST FRANCE,37 RUE EMILE ZOLA,69150,DECINES,45126922900048,0.9999115467071533,TECNIPLAST FRANCE,37 RUE EMILE ZOLA,DECINES-CHARPIEU,69150,69275,1,
TECNIPLAST FRANCE,37 RUE EMILE ZOLA,69150,DECINES,39978192100065,0.8036735653877258,NICE FRANCE,RUE EMILE ZOLA,DECINES-CHARPIEU,69150,69275,2,
TECNIPLAST FRANCE,37 RUE EMILE ZOLA,69150,DECINES,92126072500012,0.7866882681846619,COMITE FESTIF DE DECINES,49 RUE PAUL BERT,DECINES-CHARPIEU,69150,69275,3,
TECNIPLAST FRANCE,37 RUE EMILE ZOLA,69150,DECINES,53351966600010,0.6665467023849487,A.E.F.Z.,2 AVENUE SALVADOR ALLENDE,DECINES-CHARPIEU,69150,69275,4,
TECNIPLAST FRANCE,37 RUE EMILE ZOLA,69150,DECINES,52318096600013,0.6616654396057129,RENOVATION ISOLATION PEINTURE FRANCE (RIP FRANCE),79 AVENUE FRANKLIN ROOSEVELT,DECINES-CHARPIEU,69150,69275,5,
TRANS GROUPAGE EXPRESS,8 Avenue de l’Industrie,69960,CORBAS,53278720700036,0.9997946619987488,T.G.E,8 AVENUE DE L'INDUSTRIE,CORBAS,69960,69273,1,
TRANS GROUPAGE EXPRESS,8 Avenue de l’Industrie,69960,CORBAS,93868146700016,0.9857432246208191,D&M EXPRESS,18 RUE MARCEL CERDAN,CORBAS,69960,69273,2,
TRANS GROUPAGE EXPRESS,8 Avenue de l’Industrie,69960,CORBAS,93122956100010,0.9764828681945801,ELINE EXPRESS,4 IMPASSE JACQUES PREVERT,CORBAS,69960,69273,3,
TRANS GROUPAGE EXPRESS,8 Avenue de l’Industrie,69960,CORBAS,33999882500048,0.9596522450447083,DIATEX,8 AVENUE DE L'INDUSTRIE,CORBAS,69960,69273,4,
TRANS GROUPAGE EXPRESS,8 Avenue de l’Industrie,69960,CORBAS,84308328800020,0.8948215246200562,OUITRANS,8 AVENUE DE L'INDUSTRIE,CORBAS,69960,69273,5,
TRANSPORTS FRIGORIFIQUES DU VIVARAIS,24 Avenue du 24 Août 1944,69960,CORBAS,53112426100029,0.9983198046684265,VIVARAIS LYON,26 AVENUE DU 24 AOUT 1944,CORBAS,69960,69273,1,
TRANSPORTS FRIGORIFIQUES DU VIVARAIS,24 Avenue du 24 Août 1944,69960,CORBAS,97855983900045,0.8957418203353882,GOFO FRANCE,24 AVENUE DU 24 AOUT 1944,CORBAS,69960,69273,2,
TRANSPORTS FRIGORIFIQUES DU VIVARAIS,24 Avenue du 24 Août 1944,69960,CORBAS,43781383500158,0.8391163945198059,T.M.F. TRANSPORTS,4 RUE DU MONT BLANC,CORBAS,69960,69273,3,
TRANSPORTS FRIGORIFIQUES DU VIVARAIS,24 Avenue du 24 Août 1944,69960,CORBAS,84427763200023,0.7418942451477051,VIGNAL GROUP,19 AVENUE DU 24 AOUT 1944,CORBAS,69960,69273,4,
TRANSPORTS FRIGORIFIQUES DU VIVARAIS,24 Avenue du 24 Août 1944,69960,CORBAS,93314132700017,0.6968330144882202,CORBAS CROSSTRAINING 69,2 RUE ANDRE MALRAUX,CORBAS,69960,69273,5,
Timcod Rhone-Alpes,40 route de Lyon,69960,CORBAS,48048580400037,0.9880521297454834,APLISTORE,40 ROUTE DE LYON,CORBAS,69960,69273,1,
Timcod Rhone-Alpes,40 route de Lyon,69960,CORBAS,41397404900012,0.9494141936302185,TCC,4 PL CHARLES JOCTEUR,CORBAS,69960,69273,2,
Timcod Rhone-Alpes,40 route de Lyon,69960,CORBAS,96050098100050,0.873537003993988,CEME CERNIAUT,40 ROUTE DE LYON,CORBAS,69960,69273,3,
Timcod Rhone-Alpes,40 route de Lyon,69960,CORBAS,87805985600020,0.8668383359909058,B.C.D.,40 ROUTE DE LYON,CORBAS,69960,69273,4,
Timcod Rhone-Alpes,40 route de Lyon,69960,CORBAS,38031006000468,0.8666226267814636,AUTOCARS FROSSARD,28 AVENUE DU 24 AOUT 1944,CORBAS,69960,69273,5,
UNIVERSAL ARCHERY,81 Rue Elisée Reclus,69150,DECINES-CHARPIEU,81280940800014,0.9995303153991699,UNIVERSAL ARCHERY,81 RUE ELISEE RECLUS,DECINES-CHARPIEU,69150,69275,1,
UNIVERSAL ARCHERY,81 Rue Elisée Reclus,69150,DECINES-CHARPIEU,80053604700023,0.9550355076789856,RHONE ALPES AUVERGNE CARRELAGE,81 RUE ELISEE RECLUS,DECINES-CHARPIEU,69150,69275,2,
UNIVERSAL ARCHERY,81 Rue Elisée Reclus,69150,DECINES-CHARPIEU,21690275900010,0.9379011988639832,MAIRIE,PLACE ROGER SALENGRO,DECINES-CHARPIEU,69150,69275,3,
UNIVERSAL ARCHERY,81 Rue Elisée Reclus,69150,DECINES-CHARPIEU,39902465200238,0.9342966675758362,RECORD PORTES AUTOMATIQUES,81 RUE ELISEE RECLUS,DECINES-CHARPIEU,69150,69275,4,
UNIVERSAL ARCHERY,81 Rue Elisée Reclus,69150,DECINES-CHARPIEU,48802039700037,0.9315760135650635,SCHEM'ELEC,81 RUE ELISEE RECLUS,DECINES-CHARPIEU,69150,69275,5,
VIGNAL SYSTEMS,19 AVENUE DU 24 AOUT 1944,69960,CORBAS,45032486800030,0.9998881816864014,VIGNAL SYSTEMS,19 AVENUE DU 24 AOUT 1944,CORBAS,69960,69273,1,
VIGNAL SYSTEMS,19 AVENUE DU 24 AOUT 1944,69960,CORBAS,81265702100026,0.9979323148727417,VIGNAL IMMO,19 AVENUE DU 24 AOUT 1944,CORBAS,69960,69273,2,
VIGNAL SYSTEMS,19 AVENUE DU 24 AOUT 1944,69960,CORBAS,45032486800048,0.9976860284805298,VIGNAL SYSTEMS,12 AVENUE DE L'INDUSTRIE,CORBAS,69960,69273,3,
VIGNAL SYSTEMS,19 AVENUE DU 24 AOUT 1944,69960,CORBAS,95752556100040,0.9961506128311157,SESALY,19 AVENUE DU 24 AOUT 1944,CORBAS,69960,69273,4,
VIGNAL SYSTEMS,19 AVENUE DU 24 AOUT 1944,69960,CORBAS,84427763200023,0.9943821430206299,VIGNAL GROUP,19 AVENUE DU 24 AOUT 1944,CORBAS,69960,69273,5,
