crm_id,xgb_status,chosen_siret_xgb,score_top1,score_top2,score_gap,score_ratio,name_semantic_max,name_jaro_max,name_token_overlap_max,segment,threshold_used,places_value,route_same_siren_resolved,route_risk_score,route_risk_threshold,resolved_siret,resolved_score,resolved_rank,final_status,chosen_siret_final
10007,AUTO_RISK,77982683300039,0.42696628,0.42696628,0.0,1.0,0.5815117955207825,0.7863636363636364,0.0,,,,True,0.9961977005004883,0.8350000000000003,77982683300039,0.42696628,0.0,AUTO_RISK,77982683300039
10012,REVIEW,96650116500015,0.8766756,0.6739812,0.20269442,1.3007419,0.9021039009094238,0.8666666666666666,0.5,,,,,0.2571428716182709,0.8350000000000003,,,,REVIEW,96650116500015
10027,AUTO_RISK,49069921200026,0.9479167,0.9479167,0.0,1.0,1.0,1.0,1.0,,,,True,0.9961977005004883,0.8350000000000003,49069921200026,0.9479167,0.0,AUTO_RISK,49069921200026
1003,AUTO_RISK,44826933200012,0.96533334,0.96533334,0.0,1.0,1.0,1.0,1.0,,,,True,1.0,0.8350000000000003,44826933200012,0.96533334,0.0,AUTO_RISK,44826933200012
10046,AUTO_RISK,95752409300037,0.96533334,0.96533334,0.0,1.0,0.7557427883148193,1.0,1.0,,,,True,1.0,0.8350000000000003,95752409300037,0.96533334,0.0,AUTO_RISK,95752409300037
10062,AUTO_RISK,38769578600054,0.8083832,0.8083832,0.0,1.0,0.9999998211860656,1.0,1.0,,,,True,1.0,0.8350000000000003,38769578600054,0.8083832,0.0,AUTO_RISK,38769578600054
10070,AUTO_RISK,96950799500021,0.9048583,0.9048583,0.0,1.0,0.8436381816864014,0.8933333333333334,0.4,,,,True,1.0,0.8350000000000003,96950799500021,0.9048583,0.0,AUTO_RISK,96950799500021
10084,AUTO_RISK,79012023200026,0.96533334,0.96533334,0.0,1.0,1.0000001192092896,1.0,1.0,,,,True,1.0,0.8350000000000003,79012023200026,0.96533334,0.0,AUTO_RISK,79012023200026
1010,AUTO_RISK,78285946600065,0.92098767,0.92098767,0.0,1.0,0.8690329790115356,0.95,0.6666666666666666,,,,True,1.0,0.8350000000000003,78285946600065,0.92098767,0.0,AUTO_RISK,78285946600065
10117,AUTO_RISK,52097289400015,0.9628571,0.9628571,0.0,1.0,1.0,1.0,1.0,,,,True,1.0,0.8350000000000003,52097289400015,0.9628571,0.0,AUTO_RISK,52097289400015
10132,REVIEW,50920450900020,0.9628571,0.26684636,0.69601077,3.6082828,0.9999999403953552,1.0,1.0,,,,,0.913385808467865,0.8350000000000003,,,,REVIEW,50920450900020
10140,REVIEW,50019337000045,0.96533334,0.42696628,0.53836703,2.2609124,0.9999998807907104,1.0,1.0,,,,,0.913385808467865,0.8350000000000003,,,,REVIEW,50019337000045
10148,AUTO_RISK,43148826100022,0.9048583,0.9048583,0.0,1.0,1.0,1.0,1.0,,,,True,1.0,0.8350000000000003,43148826100022,0.9048583,0.0,AUTO_RISK,43148826100022
1015,AUTO_RISK,44089525800059,0.96533334,0.96533334,0.0,1.0,0.9999998211860656,1.0,1.0,,,,True,1.0,0.8350000000000003,44089525800059,0.96533334,0.0,AUTO_RISK,44089525800059
10156,AUTO_RISK,30697942800050,0.9848485,0.9848485,0.0,1.0,1.0000001192092896,1.0,1.0,,,,True,1.0,0.8350000000000003,30697942800050,0.9848485,0.0,AUTO_RISK,30697942800050
10174,REVIEW,38391077500048,0.0875,0.05142857,0.036071427,1.7013888,0.3879449367523193,0.5570707070707072,0.0,,,,,0.49180328845977783,0.8350000000000003,,,,REVIEW,38391077500048
10196,AUTO_RISK,30546239200047,0.9479167,0.9479167,0.0,1.0,1.0,1.0,1.0,,,,True,1.0,0.8350000000000003,30546239200047,0.9479167,0.0,AUTO_RISK,30546239200047
10199,AUTO_RISK,34026901800123,0.9628571,0.9628571,0.0,1.0,1.0000001192092896,1.0,1.0,,,,True,1.0,0.8350000000000003,34026901800123,0.9628571,0.0,AUTO_RISK,34026901800123
10217,AUTO_RISK,33776386600023,0.26684636,0.26684636,0.0,1.0,0.2309438437223434,0.4799498746867168,0.25,,,,True,1.0,0.8350000000000003,33776386600023,0.26684636,0.0,AUTO_RISK,33776386600023
10220,REVIEW,75315766800025,0.9479167,0.92098767,0.02692902,1.0292393,0.9999998807907104,1.0,1.0,,,,True,0.1428571492433548,0.8350000000000003,75315766800025,0.9479167,0.0,REVIEW,75315766800025
10221,AUTO_RISK,81924991300016,0.96533334,0.96533334,0.0,1.0,0.9999998807907104,1.0,1.0,,,,True,1.0,0.8350000000000003,81924991300016,0.96533334,0.0,AUTO_RISK,81924991300016
10233,REVIEW,55201802001709,0.6739812,0.5191083,0.1548729,1.2983441,0.9464648962020874,0.8695652173913043,0.5,,,,True,0.08163265138864517,0.8350000000000003,55201802001709,0.6739812,0.0,REVIEW,55201802001709
10237,AUTO_RISK,55208329702578,0.92098767,0.92098767,0.0,1.0,0.9264151453971864,0.85,0.3333333333333333,,,,True,1.0,0.8350000000000003,55208329702578,0.92098767,0.0,AUTO_RISK,55208329702578
10243,REVIEW,53188879000015,0.92098767,0.26684636,0.6541413,3.451378,0.9192523956298828,0.9425,0.0,,,,,0.913385808467865,0.8350000000000003,,,,REVIEW,53188879000015
10245,AUTO_RISK,80346212600019,0.69402987,0.69402987,0.0,1.0,0.8717431426048279,0.7726608187134502,0.6666666666666666,,,,True,1.0,0.8350000000000003,80346212600019,0.69402987,0.0,AUTO_RISK,80346212600019
10253,AUTO_RISK,55208329702461,0.92098767,0.92098767,0.0,1.0,0.9261626601219176,0.8640000000000001,0.3333333333333333,,,,True,1.0,0.8350000000000003,55208329702461,0.92098767,0.0,AUTO_RISK,55208329702461
10258,REVIEW,55201802001170,0.42696628,0.26684636,0.16011992,1.6000453,0.9453455805778505,0.9066666666666666,0.5,,,,,0.0,0.8350000000000003,,,,REVIEW,55201802001170
10259,REVIEW,77570560100281,0.9048583,0.8083832,0.096475065,1.1193433,0.9268159866333008,0.8592592592592593,0.3333333333333333,,,,,0.2571428716182709,0.8350000000000003,,,,REVIEW,77570560100281
10260,AUTO_RISK,55208329702776,0.8083832,0.8083832,0.0,1.0,0.9467951059341432,0.8666666666666666,0.3333333333333333,,,,True,1.0,0.8350000000000003,55208329702776,0.8083832,0.0,AUTO_RISK,55208329702776
10261,AUTO_RISK,90246264700014,0.8419811,0.8419811,0.0,1.0,0.9820484519004822,0.8333333333333334,1.0,,,,True,1.0,0.8350000000000003,90246264700014,0.8419811,0.0,AUTO_RISK,90246264700014
10288,AUTO_RISK,81021053400022,0.9628571,0.9628571,0.0,1.0,0.9999999403953552,1.0,1.0,,,,True,1.0,0.8350000000000003,81021053400022,0.9628571,0.0,AUTO_RISK,81021053400022
10293,AUTO_RISK,43136403300040,0.63245034,0.0016708438,0.6307795,378.5215,0.7600312829017639,0.632713691537221,0.0,,,,,1.0,0.8350000000000003,,,,AUTO_RISK,43136403300040
10295,AUTO_RISK,38223801200050,0.721519,0.721519,0.0,1.0,0.8318029046058655,0.8742857142857142,0.6666666666666666,,,,True,1.0,0.8350000000000003,38223801200050,0.721519,0.0,AUTO_RISK,38223801200050
1030,AUTO_RISK,87794890100013,0.9848485,0.9848485,0.0,1.0,0.9999998807907104,1.0,1.0,,,,True,1.0,0.8350000000000003,87794890100013,0.9848485,0.0,AUTO_RISK,87794890100013
10305,REVIEW,49109817400064,0.63245034,0.5191083,0.11334205,1.2183399,0.8303998708724976,0.9545454545454544,0.6666666666666666,,,,,0.2571428716182709,0.8350000000000003,,,,REVIEW,49109817400064
10318,AUTO_RISK,49319140700920,0.6739812,0.6739812,0.0,1.0,0.778584361076355,0.8600668337510443,0.5,,,,True,1.0,0.8350000000000003,49319140700920,0.6739812,0.0,AUTO_RISK,49319140700920
10319,AUTO_RISK,49319140700847,0.8419811,0.8419811,0.0,1.0,0.8490849733352661,0.9263157894736842,0.6666666666666666,,,,True,1.0,0.8350000000000003,49319140700847,0.8419811,0.0,AUTO_RISK,49319140700847
1032,AUTO_RISK,83798102600011,0.63245034,0.63245034,0.0,1.0,0.7539151906967163,0.6389887762885474,0.0,,,,True,1.0,0.8350000000000003,83798102600011,0.63245034,0.0,AUTO_RISK,83798102600011
10322,AUTO_RISK,95039540000050,0.92098767,0.92098767,0.0,1.0,0.5900779962539673,1.0,1.0,,,,True,1.0,0.8350000000000003,95039540000050,0.92098767,0.0,AUTO_RISK,95039540000050
1033,AUTO_RISK,35152148900028,0.92098767,0.92098767,0.0,1.0,0.9819672107696532,0.9882352941176472,0.5,,,,True,1.0,0.8350000000000003,35152148900028,0.92098767,0.0,AUTO_RISK,35152148900028
10343,AUTO_RISK,84216812200021,0.5191083,0.5191083,0.0,1.0,0.8452119827270508,0.9333333333333332,0.5,,,,True,1.0,0.8350000000000003,84216812200021,0.5191083,0.0,AUTO_RISK,84216812200021
10346,AUTO_RISK,49264595700035,0.96533334,0.96533334,0.0,1.0,0.9999999403953552,1.0,1.0,,,,True,1.0,0.8350000000000003,49264595700035,0.96533334,0.0,AUTO_RISK,49264595700035
10366,AUTO_RISK,49123704600017,0.9479167,0.9479167,0.0,1.0,0.849441647529602,0.9,0.0,,,,True,1.0,0.8350000000000003,49123704600017,0.9479167,0.0,AUTO_RISK,49123704600017
10368,AUTO_RISK,42291080200020,0.9628571,0.9628571,0.0,1.0,0.9999999403953552,1.0,1.0,,,,True,1.0,0.8350000000000003,42291080200020,0.9628571,0.0,AUTO_RISK,42291080200020
10369,AUTO_RISK,48301594700011,0.9559322,0.9559322,0.0,1.0,1.0000001192092896,1.0,1.0,,,,True,1.0,0.8350000000000003,48301594700011,0.9559322,0.0,AUTO_RISK,48301594700011
10370,REVIEW,30985796900047,0.26684636,0.006139992,0.26070637,43.460377,0.0,0.4994830438378825,0.0,,,,,0.913385808467865,0.8350000000000003,,,,REVIEW,30985796900047
10374,AUTO_RISK,34217688000041,0.96533334,0.96533334,0.0,1.0,1.0,1.0,1.0,,,,True,1.0,0.8350000000000003,34217688000041,0.96533334,0.0,AUTO_RISK,34217688000041
10375,AUTO_RISK,82424623500017,0.9048583,0.016393442,0.88846487,55.196358,0.8678004741668701,0.8541666666666666,0.5,,,,,1.0,0.8350000000000003,,,,AUTO_RISK,82424623500017
10377,AUTO_RISK,32565471300438,0.8766756,0.8766756,0.0,1.0,0.87092125415802,0.9285714285714286,0.5,,,,True,1.0,0.8350000000000003,32565471300438,0.8766756,0.0,AUTO_RISK,32565471300438
10379,AUTO_RISK,95751685900056,0.9048583,0.9048583,0.0,1.0,0.9276199340820312,0.8405128205128205,0.5,,,,True,1.0,0.8350000000000003,95751685900056,0.9048583,0.0,AUTO_RISK,95751685900056
10380,AUTO_RISK,84131310900016,0.5191083,0.5191083,0.0,1.0,0.9543426036834716,0.7452252252252253,0.75,,,,True,1.0,0.8350000000000003,84131310900016,0.5191083,0.0,AUTO_RISK,84131310900016
1039,AUTO_RISK,49971437600021,0.9848485,0.9848485,0.0,1.0,1.0,1.0,1.0,,,,True,1.0,0.8350000000000003,49971437600021,0.9848485,0.0,AUTO_RISK,49971437600021
104,AUTO_RISK,26440013600026,0.8766756,0.8766756,0.0,1.0,0.6561886072158813,0.9492063492063492,0.5,,,,True,0.9961977005004883,0.8350000000000003,26440013600026,0.8766756,0.0,AUTO_RISK,26440013600026
10406,AUTO_RISK,44035243300021,0.9479167,0.9479167,0.0,1.0,1.0,1.0,1.0,,,,True,1.0,0.8350000000000003,44035243300021,0.9479167,0.0,AUTO_RISK,44035243300021
10408,AUTO_RISK,52836226200016,0.721519,0.721519,0.0,1.0,0.9442845582962036,0.9090909090909092,0.5,,,,True,0.9961977005004883,0.8350000000000003,52836226200016,0.721519,0.0,AUTO_RISK,52836226200016
10409,REVIEW,50411606200044,0.05142857,0.016393442,0.03503513,3.1371431,1.0,1.0,1.0,,,,,0.2857142984867096,0.8350000000000003,,,,REVIEW,50411606200044
1042,AUTO_RISK,34942515700014,0.26684636,0.26684636,0.0,1.0,0.7962414026260376,0.7242324561403509,0.5,,,,True,1.0,0.8350000000000003,34942515700014,0.26684636,0.0,AUTO_RISK,34942515700014
10424,AUTO_RISK,45123194800048,0.9871795,0.9871795,0.0,1.0,1.0000001192092896,1.0,1.0,,,,True,1.0,0.8350000000000003,45123194800048,0.9871795,0.0,AUTO_RISK,45123194800048
10439,AUTO_RISK,34314039800045,1.0,0.016393442,0.9836066,61.000004,0.8628917336463928,1.0,1.0,,,,,1.0,0.8350000000000003,,,,AUTO_RISK,34314039800045
10456,AUTO_RISK,97150121800095,0.8419811,0.8419811,0.0,1.0,0.9354572296142578,0.5499999999999999,0.5,,,,True,1.0,0.8350000000000003,97150121800095,0.8419811,0.0,AUTO_RISK,97150121800095
1046,AUTO_RISK,56450302700034,0.721519,0.721519,0.0,1.0,0.7391716241836548,0.5950617283950618,0.25,,,,True,1.0,0.8350000000000003,56450302700034,0.721519,0.0,AUTO_RISK,56450302700034
10473,REVIEW,51348700900229,0.0021415188,0.0021415188,0.0,1.0,0.4345950186252594,0.607070707070707,0.0,,,,,0.49180328845977783,0.8350000000000003,,,,REVIEW,51348700900229
10474,AUTO_RISK,51348700900203,0.9848485,0.9848485,0.0,1.0,0.907268524169922,1.0,1.0,,,,True,1.0,0.8350000000000003,51348700900203,0.9848485,0.0,AUTO_RISK,51348700900203
10490,REVIEW,37811411002733,0.6739812,0.6739812,0.0,1.0,0.620867133140564,0.664573268921095,0.25,,,,,0.49180328845977783,0.8350000000000003,,,,REVIEW,37811411002733
10493,REVIEW,37811411001651,0.69402987,0.26684636,0.4271835,2.6008594,0.649800717830658,0.5497076023391813,0.0,,,,,0.817460298538208,0.8350000000000003,,,,REVIEW,37811411001651
10501,AUTO_RISK,43756800900827,0.9048583,0.9048583,0.0,1.0,0.7968586087226868,0.8882352941176471,0.5,,,,True,1.0,0.8350000000000003,43756800900827,0.9048583,0.0,AUTO_RISK,43756800900827
10502,AUTO_RISK,50050141600118,0.8419811,0.8419811,0.0,1.0,0.8741124272346497,0.6914414414414415,0.5,,,,True,1.0,0.8350000000000003,50050141600118,0.8419811,0.0,AUTO_RISK,50050141600118
10508,AUTO_RISK,96650008400027,0.9848485,0.9848485,0.0,1.0,1.0000001192092896,1.0,1.0,,,,True,1.0,0.8350000000000003,96650008400027,0.9848485,0.0,AUTO_RISK,96650008400027
10514,AUTO_RISK,34392426200045,0.95809627,0.95809627,0.0,1.0,0.9999998807907104,1.0,1.0,,,,True,1.0,0.8350000000000003,34392426200045,0.95809627,0.0,AUTO_RISK,34392426200045
10524,AUTO_RISK,31554738000024,0.8419811,0.8419811,0.0,1.0,0.9744632840156556,0.9844444444444445,0.3333333333333333,,,,True,1.0,0.8350000000000003,31554738000024,0.8419811,0.0,AUTO_RISK,31554738000024
10525,AUTO_RISK,37904780600037,0.9559322,0.9559322,0.0,1.0,1.0,1.0,1.0,,,,True,1.0,0.8350000000000003,37904780600037,0.9559322,0.0,AUTO_RISK,37904780600037
10535,AUTO_RISK,43012891800025,0.9559322,0.9559322,0.0,1.0,0.9999998807907104,1.0,1.0,,,,True,1.0,0.8350000000000003,43012891800025,0.9559322,0.0,AUTO_RISK,43012891800025
10536,AUTO_RISK,39330413400041,0.63245034,0.63245034,0.0,1.0,1.0,1.0,1.0,,,,True,1.0,0.8350000000000003,39330413400041,0.63245034,0.0,AUTO_RISK,39330413400041
10539,AUTO_RISK,45351733600039,0.9628571,0.016393442,0.9464637,58.734287,0.965663492679596,0.9714285714285714,0.0,,,,,1.0,0.8350000000000003,,,,AUTO_RISK,45351733600039
10542,AUTO_RISK,50500966200030,0.63245034,0.63245034,0.0,1.0,0.9999998807907104,1.0,1.0,,,,True,0.9961977005004883,0.8350000000000003,50500966200030,0.63245034,0.0,AUTO_RISK,50500966200030
10549,REVIEW,33999403000049,0.9479167,0.5191083,0.4288084,1.826048,0.9999998807907104,1.0,1.0,,,,,0.699999988079071,0.8350000000000003,,,,REVIEW,33999403000049
10553,AUTO_RISK,48210660600031,0.8083832,0.8083832,0.0,1.0,0.9999998807907104,1.0,1.0,,,,True,1.0,0.8350000000000003,48210660600031,0.8083832,0.0,AUTO_RISK,48210660600031
10554,AUTO_RISK,81531608800039,0.6739812,0.6739812,0.0,1.0,0.9690102338790894,0.915,0.6666666666666666,,,,True,1.0,0.8350000000000003,81531608800039,0.6739812,0.0,AUTO_RISK,81531608800039
10558,AUTO_RISK,44513584100036,0.92098767,0.92098767,0.0,1.0,0.6690858602523804,1.0,1.0,,,,True,1.0,0.8350000000000003,44513584100036,0.92098767,0.0,AUTO_RISK,44513584100036
10564,AUTO_RISK,40076409800044,0.96533334,0.96533334,0.0,1.0,0.8836492300033569,1.0,1.0,,,,True,1.0,0.8350000000000003,40076409800044,0.96533334,0.0,AUTO_RISK,40076409800044
10569,AUTO_RISK,30733663600021,0.26684636,0.26684636,0.0,1.0,0.7971336841583252,0.8285714285714286,0.25,,,,True,1.0,0.8350000000000003,30733663600021,0.26684636,0.0,AUTO_RISK,30733663600021
10573,AUTO_RISK,30327375900157,0.9871795,0.9871795,0.0,1.0,0.9102132320404052,1.0,1.0,,,,True,1.0,0.8350000000000003,30327375900157,0.9871795,0.0,AUTO_RISK,30327375900157
10574,AUTO_RISK,42301000800013,0.8766756,0.8766756,0.0,1.0,0.7301799058914185,1.0,1.0,,,,True,1.0,0.8350000000000003,42301000800013,0.8766756,0.0,AUTO_RISK,42301000800013
10578,REVIEW,44386676900195,0.96533334,0.26684636,0.698487,3.6175623,1.0,1.0,1.0,,,,,0.913385808467865,0.8350000000000003,,,,REVIEW,44386676900195
10581,AUTO_RISK,34323414200721,0.96533334,0.96533334,0.0,1.0,0.9999998807907104,1.0,1.0,,,,True,1.0,0.8350000000000003,34323414200721,0.96533334,0.0,AUTO_RISK,34323414200721
10584,AUTO_RISK,43829303700083,0.96533334,0.96533334,0.0,1.0,0.9999999403953552,1.0,1.0,,,,True,1.0,0.8350000000000003,43829303700083,0.96533334,0.0,AUTO_RISK,43829303700083
10593,AUTO_RISK,57210489103736,0.9848485,0.9848485,0.0,1.0,0.9999998211860656,1.0,1.0,,,,True,1.0,0.8350000000000003,57210489103736,0.9848485,0.0,AUTO_RISK,57210489103736
10598,AUTO_RISK,91772663000010,0.96533334,0.0016708438,0.9636625,577.752,0.9999998807907104,1.0,1.0,,,,,1.0,0.8350000000000003,,,,AUTO_RISK,91772663000010
1060,AUTO_RISK,51068851800016,1.0,0.08629441,0.9137056,11.588236,1.0,1.0,1.0,,,,,1.0,0.8350000000000003,,,,AUTO_RISK,51068851800016
10615,AUTO_RISK,42505055602492,0.9048583,0.9048583,0.0,1.0,0.6861783266067505,1.0,1.0,,,,True,1.0,0.8350000000000003,42505055602492,0.9048583,0.0,AUTO_RISK,42505055602492
10624,REVIEW,84278638600016,0.8083832,0.39823008,0.41015315,2.0299401,0.9999998807907104,1.0,1.0,,,,,0.08163265138864517,0.8350000000000003,,,,REVIEW,84278638600016
10632,AUTO_RISK,30432689500055,0.96533334,0.96533334,0.0,1.0,1.0,1.0,1.0,,,,True,1.0,0.8350000000000003,30432689500055,0.96533334,0.0,AUTO_RISK,30432689500055
10634,AUTO_RISK,49098556100011,0.9628571,0.9628571,0.0,1.0,1.0,1.0,1.0,,,,True,1.0,0.8350000000000003,49098556100011,0.9628571,0.0,AUTO_RISK,49098556100011
10635,AUTO_RISK,79204703700363,0.8419811,0.008073818,0.8339073,104.28537,0.8191044330596924,0.8550397733464095,0.3333333333333333,,,,,1.0,0.8350000000000003,,,,AUTO_RISK,79204703700363
10648,AUTO_RISK,42473713800059,0.9048583,0.9048583,0.0,1.0,0.8188304305076599,0.9125,0.6666666666666666,,,,True,1.0,0.8350000000000003,42473713800059,0.9048583,0.0,AUTO_RISK,42473713800059
10651,REVIEW,77567227240450,0.5191083,0.42696628,0.092142016,1.2158064,0.9140191674232484,0.8469565217391304,0.6666666666666666,,,,,0.0833333358168602,0.8350000000000003,,,,REVIEW,77567227240450
10677,REVIEW,35264550100300,0.7966102,0.05142857,0.7451816,15.489642,0.6715145707130432,0.5746376811594204,0.2,,,,,0.9692307710647583,0.8350000000000003,,,,REVIEW,35264550100300
10678,AUTO_RISK,35054222100022,0.6739812,0.6739812,0.0,1.0,0.712244987487793,0.7342672413793104,0.25,,,,True,1.0,0.8350000000000003,35054222100022,0.6739812,0.0,AUTO_RISK,35054222100022
10680,AUTO_RISK,20002940300017,0.69402987,0.0021415188,0.69188833,324.083,0.5134552121162415,0.6096491228070176,0.0,,,,,1.0,0.8350000000000003,,,,AUTO_RISK,20002940300017
10686,AUTO_RISK,30629266500016,0.5191083,0.5191083,0.0,1.0,0.7168567180633545,0.7638888888888888,0.5,,,,True,1.0,0.8350000000000003,30629266500016,0.5191083,0.0,AUTO_RISK,30629266500016
10694,AUTO_RISK,52205914600020,0.9848485,0.9848485,0.0,1.0,0.8981542587280273,1.0,1.0,,,,True,1.0,0.8350000000000003,52205914600020,0.9848485,0.0,AUTO_RISK,52205914600020
10697,AUTO_RISK,44437909300016,0.69402987,0.69402987,0.0,1.0,0.795817494392395,0.826688555347092,0.6,,,,True,1.0,0.8350000000000003,44437909300016,0.69402987,0.0,AUTO_RISK,44437909300016
10701,AUTO_RISK,79784035200026,0.9166667,0.9166667,0.0,1.0,0.8510416746139526,1.0,1.0,,,,True,1.0,0.8350000000000003,79784035200026,0.9166667,0.0,AUTO_RISK,79784035200026
10708,AUTO_RISK,83187910100028,0.0021415188,0.0021415188,0.0,1.0,0.5113615989685059,0.6080521817363923,0.0,,,,True,0.9961977005004883,0.8350000000000003,83187910100028,0.0021415188,0.0,AUTO_RISK,83187910100028
10717,REVIEW,48132513200027,0.26684636,0.1,0.16684636,2.6684635,0.0,0.4144927536231884,0.0,,,,,0.817460298538208,0.8350000000000003,,,,REVIEW,48132513200027
10741,AUTO_RISK,42033740400016,0.9048583,0.9048583,0.0,1.0,0.8199859857559204,0.8178861788617886,0.8,,,,True,1.0,0.8350000000000003,42033740400016,0.9048583,0.0,AUTO_RISK,42033740400016
10742,AUTO_RISK,19860048800011,0.39823008,0.39823008,0.0,1.0,0.6518661975860596,0.6855203619909501,0.5,,,,True,1.0,0.8350000000000003,19860048800011,0.39823008,0.0,AUTO_RISK,19860048800011
10749,REVIEW,82418653000021,0.6739812,0.5191083,0.1548729,1.2983441,0.6424646377563477,0.9081967213114752,0.4285714285714285,,,,,0.08163265138864517,0.8350000000000003,,,,REVIEW,82418653000021
10763,REVIEW,19340057900010,0.8419811,0.05142857,0.79055256,16.371855,0.8516350984573364,0.8666666666666666,0.3333333333333333,,,,,0.817460298538208,0.8350000000000003,,,,REVIEW,19340057900010
10772,AUTO_RISK,21340023700011,0.96533334,0.96533334,0.0,1.0,0.8552285432815552,1.0,1.0,,,,True,1.0,0.8350000000000003,21340023700011,0.96533334,0.0,AUTO_RISK,21340023700011
10777,REVIEW,25340326500015,0.26684636,0.23076923,0.036077127,1.1563342,0.6596041321754456,0.7102638352638353,0.3333333333333333,,,,,0.2571428716182709,0.8350000000000003,,,,REVIEW,25340326500015
10781,AUTO_RISK,19340083500016,0.96533334,0.016393442,0.9489399,58.885338,0.6186824440956116,0.96,0.75,,,,,1.0,0.8350000000000003,,,,AUTO_RISK,19340083500016
10782,AUTO_RISK,19340955400014,0.20704846,0.20704846,0.0,1.0,0.6197304725646973,0.8270194202082747,0.2,,,,True,1.0,0.8350000000000003,19340955400014,0.20704846,0.0,AUTO_RISK,19340955400014
10789,REVIEW,19341278000010,0.8419811,0.1,0.7419811,8.419811,0.4851149618625641,1.0,1.0,,,,,0.817460298538208,0.8350000000000003,,,,REVIEW,19341278000010
10796,AUTO_RISK,19340024900010,0.9848485,0.9848485,0.0,1.0,0.9999999403953552,1.0,1.0,,,,True,1.0,0.8350000000000003,19340024900010,0.9848485,0.0,AUTO_RISK,19340024900010
10798,REVIEW,44281488500020,0.7966102,0.63245034,0.16415983,1.2595617,0.8489704728126526,0.8620689655172413,0.25,,,,,0.2857142984867096,0.8350000000000003,,,,REVIEW,44281488500020
108,REVIEW,92451082900014,0.26684636,0.16865079,0.09819557,1.582242,0.6791720986366272,0.6175213675213675,0.2,,,,,0.0,0.8350000000000003,,,,REVIEW,92451082900014
10803,REVIEW,71291388800012,0.39823008,0.26684636,0.13138372,1.4923571,0.0,0.0,0.0,,,,,0.913385808467865,0.8350000000000003,,,,REVIEW,71291388800012
10808,AUTO_RISK,19340053800016,0.9479167,0.05142857,0.89648813,18.431713,0.9021546244621276,0.9818181818181818,0.5,,,,,1.0,0.8350000000000003,,,,AUTO_RISK,19340053800016
10809,AUTO_RISK,42225599200014,0.96533334,0.96533334,0.0,1.0,1.0,1.0,1.0,,,,True,1.0,0.8350000000000003,42225599200014,0.96533334,0.0,AUTO_RISK,42225599200014
10810,REVIEW,46680005900019,0.63245034,0.16865079,0.46379954,3.7500587,0.7255604863166809,0.6726190476190476,0.0,,,,,0.913385808467865,0.8350000000000003,,,,REVIEW,46680005900019
10815,AUTO_RISK,30476343600017,0.26684636,0.26684636,0.0,1.0,0.7721701860427856,0.688753662384494,0.25,,,,True,1.0,0.8350000000000003,30476343600017,0.26684636,0.0,AUTO_RISK,30476343600017
10819,AUTO_RISK,83376826000014,0.6739812,0.6739812,0.0,1.0,0.9505255222320556,0.9133333333333332,0.0,,,,True,0.9961977005004883,0.8350000000000003,83376826000014,0.6739812,0.0,AUTO_RISK,83376826000014
10831,AUTO_RISK,24340001700089,0.42696628,0.42696628,0.0,1.0,0.9999998807907104,1.0,1.0,,,,True,0.9961977005004883,0.8350000000000003,24340001700089,0.42696628,0.0,AUTO_RISK,24340001700089
10833,AUTO_RISK,49914084600019,0.8419811,0.8419811,0.0,1.0,0.9999998807907104,1.0,1.0,,,,True,1.0,0.8350000000000003,49914084600019,0.8419811,0.0,AUTO_RISK,49914084600019
10835,AUTO_RISK,33877110800069,0.8083832,0.8083832,0.0,1.0,0.8857057690620422,1.0,1.0,,,,True,1.0,0.8350000000000003,33877110800069,0.8083832,0.0,AUTO_RISK,33877110800069
10842,AUTO_RISK,21340213400018,0.9166667,0.9166667,0.0,1.0,0.9480947852134703,0.9333333333333332,1.0,,,,True,1.0,0.8350000000000003,21340213400018,0.9166667,0.0,AUTO_RISK,21340213400018
10848,AUTO_RISK,52164207400020,0.42696628,0.006139992,0.4208263,69.538574,0.8611634969711304,0.7333333333333334,0.0,,,,,0.9961977005004883,0.8350000000000003,,,,AUTO_RISK,52164207400020
10849,AUTO_RISK,79464117500011,0.6739812,0.0021415188,0.67183965,314.72113,0.9117584228515624,0.8639473684210527,0.0,,,,,1.0,0.8350000000000003,,,,AUTO_RISK,79464117500011
10852,AUTO_RISK,79980506400034,0.775,0.775,0.0,1.0,0.7656713724136353,0.8666666666666666,0.25,,,,True,1.0,0.8350000000000003,79980506400034,0.775,0.0,AUTO_RISK,79980506400034
10858,AUTO_RISK,79067503700010,0.9628571,0.9628571,0.0,1.0,1.0,1.0,1.0,,,,True,1.0,0.8350000000000003,79067503700010,0.9628571,0.0,AUTO_RISK,79067503700010
10870,AUTO_RISK,42279535100028,0.94550574,0.94550574,0.0,1.0,0.9809292554855348,0.9866666666666668,0.3333333333333333,,,,True,1.0,0.8350000000000003,42279535100028,0.94550574,0.0,AUTO_RISK,42279535100028
10883,AUTO_RISK,48408917200023,0.92098767,0.92098767,0.0,1.0,0.9999999403953552,1.0,1.0,,,,True,1.0,0.8350000000000003,48408917200023,0.92098767,0.0,AUTO_RISK,48408917200023
10884,AUTO_RISK,38936188200035,0.9048583,0.9048583,0.0,1.0,1.0,1.0,1.0,,,,True,1.0,0.8350000000000003,38936188200035,0.9048583,0.0,AUTO_RISK,38936188200035
10892,AUTO_RISK,38220420400079,0.9479167,0.016393442,0.93152326,57.82292,1.0000001192092896,1.0,1.0,,,,,1.0,0.8350000000000003,,,,AUTO_RISK,38220420400079
10894,AUTO_RISK,48384892500036,0.96533334,0.96533334,0.0,1.0,0.9999998807907104,1.0,1.0,,,,True,1.0,0.8350000000000003,48384892500036,0.96533334,0.0,AUTO_RISK,48384892500036
10900,AUTO_RISK,77607904800018,1.0,1.0,0.0,1.0,0.9999999403953552,1.0,1.0,,,,True,1.0,0.8350000000000003,77607904800018,1.0,0.0,AUTO_RISK,77607904800018
10906,REVIEW,38381266600105,1.0,0.1,0.9,10.0,0.9999998807907104,1.0,1.0,,,,,0.9692307710647583,0.8350000000000003,,,,REVIEW,38381266600105
10912,AUTO_RISK,82783974700033,0.96533334,0.96533334,0.0,1.0,0.9999998807907104,1.0,1.0,,,,True,1.0,0.8350000000000003,82783974700033,0.96533334,0.0,AUTO_RISK,82783974700033
10913,AUTO_RISK,30704953600054,0.8766756,0.8766756,0.0,1.0,0.9999999403953552,1.0,1.0,,,,True,1.0,0.8350000000000003,30704953600054,0.8766756,0.0,AUTO_RISK,30704953600054
10925,REVIEW,54206212000259,0.69402987,0.20331155,0.4907183,3.4136274,0.8067333698272705,0.7000000000000001,0.5,,,,,0.49180328845977783,0.8350000000000003,,,,REVIEW,54206212000259
10927,AUTO_RISK,20001734100120,0.9048583,0.9048583,0.0,1.0,0.9999998807907104,1.0,1.0,,,,True,1.0,0.8350000000000003,20001734100120,0.9048583,0.0,AUTO_RISK,20001734100120
1094,AUTO_RISK,52804205400023,0.42696628,0.42696628,0.0,1.0,0.6859971284866333,0.8255555555555556,0.2,,,,True,1.0,0.8350000000000003,52804205400023,0.42696628,0.0,AUTO_RISK,52804205400023
10940,AUTO_RISK,39236244800087,0.8766756,0.8766756,0.0,1.0,0.8312448263168335,0.961790780141844,0.5714285714285714,,,,True,1.0,0.8350000000000003,39236244800087,0.8766756,0.0,AUTO_RISK,39236244800087
10942,AUTO_RISK,39748292800017,0.92098767,0.92098767,0.0,1.0,0.8038421869277954,0.7898989898989899,0.75,,,,True,1.0,0.8350000000000003,39748292800017,0.92098767,0.0,AUTO_RISK,39748292800017
10945,AUTO_RISK,82401217300046,0.96533334,0.96533334,0.0,1.0,1.0,1.0,1.0,,,,True,1.0,0.8350000000000003,82401217300046,0.96533334,0.0,AUTO_RISK,82401217300046
10949,AUTO_RISK,37779122300045,0.63245034,0.63245034,0.0,1.0,0.9530609250068665,0.8833333333333334,0.5,,,,True,1.0,0.8350000000000003,37779122300045,0.63245034,0.0,AUTO_RISK,37779122300045
10966,REVIEW,81046003000010,0.8766756,0.7966102,0.08006543,1.1005076,0.9405283331871032,0.9,0.5,,,,,0.0833333358168602,0.8350000000000003,,,,REVIEW,81046003000010
10968,REVIEW,93432643000097,0.69402987,0.6739812,0.020048678,1.0297467,0.8217072486877441,0.8912698412698413,0.8,,,,,0.0833333358168602,0.8350000000000003,,,,REVIEW,93432643000097
10982,AUTO_RISK,58212223000094,0.96533334,0.96533334,0.0,1.0,1.0,1.0,1.0,,,,True,1.0,0.8350000000000003,58212223000094,0.96533334,0.0,AUTO_RISK,58212223000094
10986,AUTO_RISK,54292008700013,0.8766756,0.8766756,0.0,1.0,1.0,1.0,1.0,,,,True,1.0,0.8350000000000003,54292008700013,0.8766756,0.0,AUTO_RISK,54292008700013
10987,AUTO_RISK,32259221300050,0.8419811,0.8419811,0.0,1.0,0.8070003986358643,0.8583333333333334,0.25,,,,True,1.0,0.8350000000000003,32259221300050,0.8419811,0.0,AUTO_RISK,32259221300050
10992,REVIEW,51916296000016,0.9559322,0.63245034,0.32348186,1.5114739,1.000000238418579,1.0,1.0,,,,,0.49180328845977783,0.8350000000000003,,,,REVIEW,51916296000016
10995,AUTO_RISK,77607487400012,0.92098767,0.92098767,0.0,1.0,0.7777875661849976,0.9619047619047618,0.25,,,,True,1.0,0.8350000000000003,77607487400012,0.92098767,0.0,AUTO_RISK,77607487400012
10996,AUTO_RISK,81921322400044,0.9048583,0.9048583,0.0,1.0,1.0,1.0,1.0,,,,True,0.9961977005004883,0.8350000000000003,81921322400044,0.9048583,0.0,AUTO_RISK,81921322400044
10999,AUTO_RISK,77562917301373,0.9479167,0.9479167,0.0,1.0,0.9556217193603516,0.9894736842105264,0.5,,,,True,1.0,0.8350000000000003,77562917301373,0.9479167,0.0,AUTO_RISK,77562917301373
11000,REVIEW,34465125200019,0.26684636,0.0875,0.17934635,3.0496728,0.9183247089385986,0.8257575757575758,0.6666666666666666,,,,,0.08163265138864517,0.8350000000000003,,,,REVIEW,34465125200019
11019,AUTO_RISK,44056242900033,0.8083832,0.8083832,0.0,1.0,0.940098524093628,0.8925,0.25,,,,True,1.0,0.8350000000000003,44056242900033,0.8083832,0.0,AUTO_RISK,44056242900033
11022,REVIEW,39234713400497,0.5191083,0.42696628,0.092142016,1.2158064,0.5961705446243286,0.594047619047619,0.0,,,,,0.65625,0.8350000000000003,,,,REVIEW,39234713400497
11036,AUTO_RISK,31988334403077,0.96533334,0.96533334,0.0,1.0,1.0,1.0,1.0,,,,True,1.0,0.8350000000000003,31988334403077,0.96533334,0.0,AUTO_RISK,31988334403077
11040,REVIEW,41020916700064,0.96533334,0.63245034,0.332883,1.5263386,1.0,1.0,1.0,,,,,0.817460298538208,0.8350000000000003,,,,REVIEW,41020916700064
11048,REVIEW,32609301000030,0.42696628,0.26684636,0.16011992,1.6000453,0.784368097782135,0.9071870878322492,0.2857142857142857,,,,,0.49180328845977783,0.8350000000000003,,,,REVIEW,32609301000030
11049,AUTO_RISK,33877110800044,0.92098767,0.92098767,0.0,1.0,1.0,1.0,1.0,,,,True,1.0,0.8350000000000003,33877110800044,0.92098767,0.0,AUTO_RISK,33877110800044
11051,REVIEW,52942669400012,0.05142857,0.05142857,0.0,1.0,0.0,0.4348484848484849,0.0,,,,,0.49180328845977783,0.8350000000000003,,,,REVIEW,52942669400012
11054,AUTO_RISK,52362529100035,0.9559322,0.9559322,0.0,1.0,0.9999999403953552,1.0,1.0,,,,True,1.0,0.8350000000000003,52362529100035,0.9559322,0.0,AUTO_RISK,52362529100035
1106,AUTO_RISK,50296167500019,0.5191083,0.5191083,0.0,1.0,1.0,1.0,1.0,,,,True,0.9961977005004883,0.8350000000000003,50296167500019,0.5191083,0.0,AUTO_RISK,50296167500019
11065,AUTO_RISK,32863270800025,0.9479167,0.9479167,0.0,1.0,0.9682913422584534,0.9481481481481482,0.0,,,,True,1.0,0.8350000000000003,32863270800025,0.9479167,0.0,AUTO_RISK,32863270800025
11078,AUTO_RISK,45391540700044,0.96533334,0.96533334,0.0,1.0,1.0,1.0,1.0,,,,True,0.9961977005004883,0.8350000000000003,45391540700044,0.96533334,0.0,AUTO_RISK,45391540700044
11084,AUTO_RISK,41476751700025,0.9628571,0.9628571,0.0,1.0,0.9999999403953552,1.0,1.0,,,,True,1.0,0.8350000000000003,41476751700025,0.9628571,0.0,AUTO_RISK,41476751700025
11099,AUTO_RISK,43206729600033,0.33582088,0.33582088,0.0,1.0,0.8368595838546753,0.8705882352941177,0.5,,,,True,1.0,0.8350000000000003,43206729600033,0.33582088,0.0,AUTO_RISK,43206729600033
11102,AUTO_RISK,43014268700051,0.9848485,0.0021415188,0.98270696,459.8832,0.9999998807907104,1.0,1.0,,,,,1.0,0.8350000000000003,,,,AUTO_RISK,43014268700051
11106,AUTO_RISK,32584258100010,0.9848485,0.9848485,0.0,1.0,1.0000001192092896,1.0,1.0,,,,True,1.0,0.8350000000000003,32584258100010,0.9848485,0.0,AUTO_RISK,32584258100010
1112,AUTO_RISK,47952166800026,0.9479167,0.9479167,0.0,1.0,0.8119881749153137,0.94,0.75,,,,True,1.0,0.8350000000000003,47952166800026,0.9479167,0.0,AUTO_RISK,47952166800026
11123,REVIEW,91098333700023,0.69402987,0.42696628,0.2670636,1.625491,0.7719565629959106,0.7828282828282828,0.6666666666666666,,,,,0.0833333358168602,0.8350000000000003,,,,REVIEW,91098333700023
1113,AUTO_RISK,38033416900030,0.9048583,0.9048583,0.0,1.0,0.935078263282776,0.9111111111111112,0.6666666666666666,,,,True,1.0,0.8350000000000003,38033416900030,0.9048583,0.0,AUTO_RISK,38033416900030
11133,AUTO_RISK,50130429900024,0.9048583,0.9048583,0.0,1.0,0.8751235008239746,0.8409356725146199,0.6666666666666666,,,,True,1.0,0.8350000000000003,50130429900024,0.9048583,0.0,AUTO_RISK,50130429900024
11134,REVIEW,49373195400019,0.6739812,0.5191083,0.1548729,1.2983441,1.0,1.0,1.0,,,,,0.0,0.8350000000000003,,,,REVIEW,49373195400019
1114,REVIEW,85300411700018,0.8766756,0.20704846,0.66962713,4.2341566,0.8520973920822144,0.9,0.3333333333333333,,,,,0.65625,0.8350000000000003,,,,REVIEW,85300411700018
11142,AUTO_RISK,19340061100011,0.8766756,0.8766756,0.0,1.0,0.8578954935073853,0.8693877551020409,0.4444444444444444,,,,True,1.0,0.8350000000000003,19340061100011,0.8766756,0.0,AUTO_RISK,19340061100011
11145,AUTO_RISK,19341603900017,0.9871795,0.9871795,0.0,1.0,1.0,1.0,1.0,,,,True,1.0,0.8350000000000003,19341603900017,0.9871795,0.0,AUTO_RISK,19341603900017
11167,AUTO_RISK,71205261200199,0.9479167,0.9479167,0.0,1.0,0.9624825716018676,1.0,1.0,,,,True,0.9961977005004883,0.8350000000000003,71205261200199,0.9479167,0.0,AUTO_RISK,71205261200199
11181,AUTO_RISK,39847156501990,0.92098767,0.92098767,0.0,1.0,1.0000001192092896,1.0,1.0,,,,True,1.0,0.8350000000000003,39847156501990,0.92098767,0.0,AUTO_RISK,39847156501990
11183,AUTO_RISK,49002343900022,0.5191083,0.5191083,0.0,1.0,0.9057364463806152,0.8631578947368421,0.5,,,,True,1.0,0.8350000000000003,49002343900022,0.5191083,0.0,AUTO_RISK,49002343900022
1119,AUTO_RISK,49442205800011,0.8766756,0.8766756,0.0,1.0,1.0,1.0,1.0,,,,True,0.9961977005004883,0.8350000000000003,49442205800011,0.8766756,0.0,AUTO_RISK,49442205800011
11208,AUTO_RISK,74984804000038,0.9559322,0.9559322,0.0,1.0,1.0,1.0,1.0,,,,True,1.0,0.8350000000000003,74984804000038,0.9559322,0.0,AUTO_RISK,74984804000038
11220,AUTO_RISK,47973792600044,0.9628571,0.9628571,0.0,1.0,0.9999999403953552,1.0,1.0,,,,True,1.0,0.8350000000000003,47973792600044,0.9628571,0.0,AUTO_RISK,47973792600044
11221,REVIEW,43841763600034,0.05142857,0.006139992,0.045288578,8.376,0.9201478958129884,0.8555555555555555,0.0,,,,,0.817460298538208,0.8350000000000003,,,,REVIEW,43841763600034
1123,AUTO_RISK,40767860600028,0.9479167,0.9479167,0.0,1.0,1.0,1.0,1.0,,,,True,1.0,0.8350000000000003,40767860600028,0.9479167,0.0,AUTO_RISK,40767860600028
11233,REVIEW,44780045900037,0.26684636,0.0021415188,0.26470485,124.606125,0.7652449607849121,0.8012121212121213,0.0,,,,,0.9692307710647583,0.8350000000000003,,,,REVIEW,44780045900037
11243,AUTO_RISK,51273485600028,0.9848485,0.0021415188,0.98270696,459.8832,1.0,1.0,1.0,,,,,1.0,0.8350000000000003,,,,AUTO_RISK,51273485600028
11250,AUTO_RISK,38143510600046,0.9559322,0.9559322,0.0,1.0,1.0,1.0,1.0,,,,True,1.0,0.8350000000000003,38143510600046,0.9559322,0.0,AUTO_RISK,38143510600046
11251,AUTO_RISK,38072668700037,0.96533334,0.96533334,0.0,1.0,1.0000001192092896,1.0,1.0,,,,True,1.0,0.8350000000000003,38072668700037,0.96533334,0.0,AUTO_RISK,38072668700037
11252,AUTO_RISK,85182108200019,0.63245034,0.63245034,0.0,1.0,0.7877024412155151,0.5984848484848485,0.0,,,,True,1.0,0.8350000000000003,85182108200019,0.63245034,0.0,AUTO_RISK,85182108200019
11260,REVIEW,95040876500028,0.9628571,0.16865079,0.7942063,5.7091765,0.9999999403953552,1.0,1.0,,,,,0.913385808467865,0.8350000000000003,,,,REVIEW,95040876500028
11261,REVIEW,32786921000010,0.9479167,0.6739812,0.2739355,1.4064438,0.8798312544822693,1.0,1.0,,,,,0.699999988079071,0.8350000000000003,,,,REVIEW,32786921000010
11266,AUTO_RISK,40250599400069,0.96533334,0.96533334,0.0,1.0,1.0,1.0,1.0,,,,True,0.9961977005004883,0.8350000000000003,40250599400069,0.96533334,0.0,AUTO_RISK,40250599400069
11273,AUTO_RISK,21340113600014,0.9479167,0.9479167,0.0,1.0,0.8907381892204285,0.8977885891198584,0.3333333333333333,,,,True,1.0,0.8350000000000003,21340113600014,0.9479167,0.0,AUTO_RISK,21340113600014
11280,AUTO_RISK,42382404400014,0.42696628,0.42696628,0.0,1.0,0.666886568069458,0.708994708994709,0.3333333333333333,,,,True,1.0,0.8350000000000003,42382404400014,0.42696628,0.0,AUTO_RISK,42382404400014
11290,AUTO_RISK,77605922200096,0.92098767,0.92098767,0.0,1.0,1.0,1.0,1.0,,,,True,1.0,0.8350000000000003,77605922200096,0.92098767,0.0,AUTO_RISK,77605922200096
11304,AUTO_RISK,39375289400039,0.99038464,0.016393442,0.9739912,60.413467,0.9999998211860656,1.0,1.0,,,,,1.0,0.8350000000000003,,,,AUTO_RISK,39375289400039
11308,REVIEW,87835164200029,0.8766756,0.8419811,0.034694493,1.0412058,0.765198826789856,0.803639846743295,0.75,,,,,0.0,0.8350000000000003,,,,REVIEW,87835164200029
11312,AUTO_RISK,21340211800011,0.9559322,0.9559322,0.0,1.0,0.9281585216522216,0.9333333333333332,1.0,,,,True,1.0,0.8350000000000003,21340211800011,0.9559322,0.0,AUTO_RISK,21340211800011
11317,AUTO_RISK,48255975400031,0.9048583,0.9048583,0.0,1.0,0.890708327293396,0.8314285714285714,0.3333333333333333,,,,True,1.0,0.8350000000000003,48255975400031,0.9048583,0.0,AUTO_RISK,48255975400031
1132,AUTO_RISK,38335067500013,0.9048583,0.9048583,0.0,1.0,0.7553488612174988,0.9076923076923076,0.5,,,,True,1.0,0.8350000000000003,38335067500013,0.9048583,0.0,AUTO_RISK,38335067500013
11324,AUTO_RISK,32520376800016,0.9166667,0.9166667,0.0,1.0,0.9317010641098022,0.9333333333333332,0.6666666666666666,,,,True,1.0,0.8350000000000003,32520376800016,0.9166667,0.0,AUTO_RISK,32520376800016
11325,AUTO_RISK,48190518000024,0.96533334,0.96533334,0.0,1.0,0.9839590787887572,0.9478947368421052,0.5,,,,True,1.0,0.8350000000000003,48190518000024,0.96533334,0.0,AUTO_RISK,48190518000024
1133,AUTO_RISK,40986731400042,0.9628571,0.9628571,0.0,1.0,0.8516263961791992,1.0,1.0,,,,True,1.0,0.8350000000000003,40986731400042,0.9628571,0.0,AUTO_RISK,40986731400042
11332,AUTO_RISK,39982730200023,0.5191083,0.5191083,0.0,1.0,0.7481279373168945,0.64494301994302,0.25,,,,True,1.0,0.8350000000000003,39982730200023,0.5191083,0.0,AUTO_RISK,39982730200023
11336,REVIEW,25340048500038,0.8419811,0.63245034,0.20953077,1.3312999,0.6451554894447327,0.9071428571428573,0.0,,,,,0.699999988079071,0.8350000000000003,,,,REVIEW,25340048500038
1134,AUTO_RISK,40394297200056,0.92098767,0.92098767,0.0,1.0,0.8874496817588806,1.0,1.0,,,,True,1.0,0.8350000000000003,40394297200056,0.92098767,0.0,AUTO_RISK,40394297200056
11355,REVIEW,33327648300034,0.9559322,0.92098767,0.034944534,1.0379424,0.8988670110702515,1.0,1.0,,,,True,0.08163265138864517,0.8350000000000003,33327648300034,0.9559322,0.0,REVIEW,33327648300034
1137,REVIEW,19300949500014,1.0,0.33582088,0.6641791,2.977778,0.6788969039916992,1.0,1.0,,,,,0.913385808467865,0.8350000000000003,,,,REVIEW,19300949500014
11376,AUTO_RISK,34235325700039,0.8766756,0.8766756,0.0,1.0,0.800737738609314,0.9012383900928792,0.2,,,,True,1.0,0.8350000000000003,34235325700039,0.8766756,0.0,AUTO_RISK,34235325700039
11381,AUTO_RISK,33424619600037,0.9166667,0.9166667,0.0,1.0,0.8238071203231812,1.0,1.0,,,,True,1.0,0.8350000000000003,33424619600037,0.9166667,0.0,AUTO_RISK,33424619600037
11388,AUTO_RISK,44358673000030,0.9559322,0.9559322,0.0,1.0,1.0000001192092896,1.0,1.0,,,,True,1.0,0.8350000000000003,44358673000030,0.9559322,0.0,AUTO_RISK,44358673000030
11394,AUTO_RISK,91198420100028,0.8766756,0.8766756,0.0,1.0,0.9723502397537231,0.6120268620268621,0.5,,,,True,0.9961977005004883,0.8350000000000003,91198420100028,0.8766756,0.0,AUTO_RISK,91198420100028
11396,AUTO_RISK,50853703200049,0.8766756,0.8766756,0.0,1.0,0.9944881796836852,0.9866666666666668,0.3333333333333333,,,,True,1.0,0.8350000000000003,50853703200049,0.8766756,0.0,AUTO_RISK,50853703200049
114,AUTO_RISK,38818506800102,0.9048583,0.9048583,0.0,1.0,0.9108338356018066,0.8555555555555555,0.5,,,,True,1.0,0.8350000000000003,38818506800102,0.9048583,0.0,AUTO_RISK,38818506800102
11403,AUTO_RISK,39170721300024,0.9166667,0.9166667,0.0,1.0,0.7805911302566528,0.8974358974358975,0.5,,,,True,1.0,0.8350000000000003,39170721300024,0.9166667,0.0,AUTO_RISK,39170721300024
11406,AUTO_RISK,83472914700019,0.42696628,0.0021415188,0.42482477,199.37546,0.0,0.0,0.0,,,,,1.0,0.8350000000000003,,,,AUTO_RISK,83472914700019
11414,AUTO_RISK,33766816400060,1.0,1.0,0.0,1.0,1.0,1.0,1.0,,,,True,1.0,0.8350000000000003,33766816400060,1.0,0.0,AUTO_RISK,33766816400060
11425,REVIEW,70378024700549,0.1,0.0021415188,0.09785848,46.69583,0.0,0.4444444444444444,0.0,,,,,0.913385808467865,0.8350000000000003,,,,REVIEW,70378024700549
11441,AUTO_RISK,38873456800511,0.42696628,0.42696628,0.0,1.0,0.6179574728012085,0.5194444444444445,0.2,,,,True,1.0,0.8350000000000003,38873456800511,0.42696628,0.0,AUTO_RISK,38873456800511
11442,REVIEW,13000548124234,0.42696628,0.021181718,0.40578455,20.157303,0.7070092558860779,0.6445998445998445,0.0,,,,,0.942307710647583,0.8350000000000003,,,,REVIEW,13000548124234
11444,AUTO_RISK,13000548125504,0.5191083,0.5191083,0.0,1.0,0.7470515966415405,0.6722222222222222,0.2,,,,True,1.0,0.8350000000000003,13000548125504,0.5191083,0.0,AUTO_RISK,13000548125504
11445,AUTO_RISK,13000548111025,0.1,0.1,0.0,1.0,0.7376145124435425,0.560985797827903,0.25,,,,True,1.0,0.8350000000000003,13000548111025,0.1,0.0,AUTO_RISK,13000548111025
1145,AUTO_RISK,83463652400011,0.8913044,0.8913044,0.0,1.0,1.0,1.0,1.0,,,,True,1.0,0.8350000000000003,83463652400011,0.8913044,0.0,AUTO_RISK,83463652400011
11453,AUTO_RISK,16002301600233,0.8419811,0.006139992,0.8358411,137.13066,0.786555290222168,0.6,0.0,,,,,1.0,0.8350000000000003,,,,AUTO_RISK,16002301600233
11457,AUTO_RISK,13000548112775,0.8419811,0.008073818,0.8339073,104.28537,0.737256646156311,0.5275132275132275,0.0,,,,,1.0,0.8350000000000003,,,,AUTO_RISK,13000548112775
11470,AUTO_RISK,40419652900642,0.9479167,0.9479167,0.0,1.0,0.7758746147155762,0.8636363636363636,0.3333333333333333,,,,True,1.0,0.8350000000000003,40419652900642,0.9479167,0.0,AUTO_RISK,40419652900642
11471,REVIEW,51261273000014,0.69402987,0.26684636,0.4271835,2.6008594,0.9444846510887146,0.9309210526315788,1.0,,,,,0.4736842215061188,0.8350000000000003,,,,REVIEW,51261273000014
11479,REVIEW,49823440000022,0.11363637,0.05142857,0.062207796,2.209596,0.0,0.4385908209437621,0.0,,,,,0.8307692408561707,0.8350000000000003,,,,REVIEW,49823440000022
11482,AUTO_RISK,31412191400027,0.92098767,0.92098767,0.0,1.0,0.9999998807907104,1.0,1.0,,,,True,1.0,0.8350000000000003,31412191400027,0.92098767,0.0,AUTO_RISK,31412191400027
11488,AUTO_RISK,50050515100034,0.96533334,0.96533334,0.0,1.0,1.0,1.0,1.0,,,,True,1.0,0.8350000000000003,50050515100034,0.96533334,0.0,AUTO_RISK,50050515100034
1149,AUTO_RISK,65382016700050,0.9559322,0.9559322,0.0,1.0,0.9999998807907104,1.0,1.0,,,,True,1.0,0.8350000000000003,65382016700050,0.9559322,0.0,AUTO_RISK,65382016700050
11492,AUTO_RISK,34491352000021,0.92098767,0.92098767,0.0,1.0,1.0,1.0,1.0,,,,True,1.0,0.8350000000000003,34491352000021,0.92098767,0.0,AUTO_RISK,34491352000021
1150,REVIEW,24140089400077,0.42696628,0.42696628,0.0,1.0,0.6680566668510437,0.8635737119608088,0.25,,,,True,0.699999988079071,0.8350000000000003,24140089400077,0.42696628,0.0,REVIEW,24140089400077
11504,AUTO_RISK,33919893900029,0.8419811,0.8419811,0.0,1.0,0.8933129906654358,0.6047619047619047,0.5,,,,True,0.9961977005004883,0.8350000000000003,33919893900029,0.8419811,0.0,AUTO_RISK,33919893900029
11508,AUTO_RISK,77599746300036,0.05142857,0.05142857,0.0,1.0,0.8098286390304565,0.5735735735735735,0.3333333333333333,,,,True,1.0,0.8350000000000003,77599746300036,0.05142857,0.0,AUTO_RISK,77599746300036
11509,AUTO_RISK,21340081500105,0.92098767,0.92098767,0.0,1.0,1.0,1.0,1.0,,,,True,1.0,0.8350000000000003,21340081500105,0.92098767,0.0,AUTO_RISK,21340081500105
11514,REVIEW,83929032700015,0.9871795,0.11363637,0.87354314,8.68718,1.0,1.0,1.0,,,,,0.8307692408561707,0.8350000000000003,,,,REVIEW,83929032700015
11515,REVIEW,32388766100011,0.021181718,0.016393442,0.004788276,1.2920848,0.5983012914657593,0.7438271604938271,0.25,,,,,0.2571428716182709,0.8350000000000003,,,,REVIEW,32388766100011
11521,REVIEW,75179183100017,0.26684636,0.26684636,0.0,1.0,0.0,0.4880952380952381,0.0,,,,,0.4924924373626709,0.8350000000000003,,,,REVIEW,75179183100017
11526,AUTO_RISK,21340028600018,0.9628571,0.9628571,0.0,1.0,0.8516241312026978,0.9333333333333332,1.0,,,,True,1.0,0.8350000000000003,21340028600018,0.9628571,0.0,AUTO_RISK,21340028600018
1153,AUTO_RISK,33975596900039,0.9559322,0.9559322,0.0,1.0,1.0,1.0,1.0,,,,True,0.9961977005004883,0.8350000000000003,33975596900039,0.9559322,0.0,AUTO_RISK,33975596900039
11530,REVIEW,52152640000010,0.8083832,0.6739812,0.13440204,1.1994151,0.9167089462280272,0.5353535353535354,0.6666666666666666,,,,,0.2571428716182709,0.8350000000000003,,,,REVIEW,52152640000010
11536,REVIEW,34414831700037,0.6739812,0.42696628,0.24701491,1.578535,0.8057090044021606,0.8454545454545456,0.3333333333333333,,,,,0.08163265138864517,0.8350000000000003,,,,REVIEW,34414831700037
11541,REVIEW,41074805700040,0.05142857,0.05142857,0.0,1.0,0.715051531791687,0.7611111111111111,0.0,,,,,0.2857142984867096,0.8350000000000003,,,,REVIEW,41074805700040
11556,AUTO_RISK,30077280300023,0.26684636,0.26684636,0.0,1.0,0.7159004211425781,0.6959064327485379,0.2222222222222222,,,,True,1.0,0.8350000000000003,30077280300023,0.26684636,0.0,AUTO_RISK,30077280300023
11561,AUTO_RISK,55208329701521,0.9048583,0.9048583,0.0,1.0,1.0,1.0,1.0,,,,True,1.0,0.8350000000000003,55208329701521,0.9048583,0.0,AUTO_RISK,55208329701521
11567,AUTO_RISK,84497741300021,0.9628571,0.9628571,0.0,1.0,0.8913172483444214,1.0,1.0,,,,True,1.0,0.8350000000000003,84497741300021,0.9628571,0.0,AUTO_RISK,84497741300021
11570,AUTO_RISK,20004264600097,0.9848485,0.9848485,0.0,1.0,0.9999999403953552,1.0,1.0,,,,True,1.0,0.8350000000000003,20004264600097,0.9848485,0.0,AUTO_RISK,20004264600097
11578,AUTO_RISK,41246204600175,0.8419811,0.8419811,0.0,1.0,0.771206796169281,0.7884615384615384,0.5,,,,True,1.0,0.8350000000000003,41246204600175,0.8419811,0.0,AUTO_RISK,41246204600175
11589,AUTO_RISK,30650557900046,0.5191083,0.5191083,0.0,1.0,0.9592348337173462,0.9904761904761904,0.3333333333333333,,,,True,1.0,0.8350000000000003,30650557900046,0.5191083,0.0,AUTO_RISK,30650557900046
11598,AUTO_RISK,34978952900030,0.9628571,0.9628571,0.0,1.0,0.9999998211860656,1.0,1.0,,,,True,1.0,0.8350000000000003,34978952900030,0.9628571,0.0,AUTO_RISK,34978952900030
11601,AUTO_RISK,51275772500043,1.0,1.0,0.0,1.0,1.0,1.0,1.0,,,,True,1.0,0.8350000000000003,51275772500043,1.0,0.0,AUTO_RISK,51275772500043
11605,AUTO_RISK,38814247300056,0.9848485,0.9848485,0.0,1.0,1.0,1.0,1.0,,,,True,1.0,0.8350000000000003,38814247300056,0.9848485,0.0,AUTO_RISK,38814247300056
11613,AUTO_RISK,38370305500087,0.1,0.1,0.0,1.0,0.7471147775650024,0.8545454545454545,0.25,,,,True,1.0,0.8350000000000003,38370305500087,0.1,0.0,AUTO_RISK,38370305500087
11628,AUTO_RISK,81938030400017,0.9848485,0.9848485,0.0,1.0,1.0,1.0,1.0,,,,True,1.0,0.8350000000000003,81938030400017,0.9848485,0.0,AUTO_RISK,81938030400017
11636,AUTO_RISK,77558804900012,0.8319017,0.8319017,0.0,1.0,0.8208795785903931,0.890909090909091,0.5,,,,True,1.0,0.8350000000000003,77558804900012,0.8319017,0.0,AUTO_RISK,77558804900012
11637,REVIEW,40248021400012,0.39823008,0.008073818,0.39015627,49.32364,0.7177428603172302,0.5794064937803078,0.0769230769230769,,,,,0.9692307710647583,0.8350000000000003,,,,REVIEW,40248021400012
11639,REVIEW,53881679400027,0.6739812,0.5191083,0.1548729,1.2983441,0.7718769907951355,0.8666666666666666,0.25,,,,,0.08163265138864517,0.8350000000000003,,,,REVIEW,53881679400027
11640,AUTO_RISK,77598215000028,0.6739812,0.6739812,0.0,1.0,0.7770243883132935,0.7044583044583045,0.2222222222222222,,,,True,1.0,0.8350000000000003,77598215000028,0.6739812,0.0,AUTO_RISK,77598215000028
11641,AUTO_RISK,82317468500011,0.96533334,0.96533334,0.0,1.0,1.0000001192092896,1.0,1.0,,,,True,1.0,0.8350000000000003,82317468500011,0.96533334,0.0,AUTO_RISK,82317468500011
11644,AUTO_RISK,34138658900053,0.69402987,0.69402987,0.0,1.0,0.6961759924888611,1.0,1.0,,,,True,1.0,0.8350000000000003,34138658900053,0.69402987,0.0,AUTO_RISK,34138658900053
11647,REVIEW,77558804900525,0.5191083,0.016393442,0.5027149,31.665607,0.7800998687744141,0.8718971322419599,0.25,,,,,0.817460298538208,0.8350000000000003,,,,REVIEW,77558804900525
11650,AUTO_RISK,40093650600056,0.9479167,0.9479167,0.0,1.0,0.8761956095695496,0.8266206896551725,0.75,,,,True,1.0,0.8350000000000003,40093650600056,0.9479167,0.0,AUTO_RISK,40093650600056
11656,AUTO_RISK,32435520500075,0.5191083,0.5191083,0.0,1.0,0.668932318687439,0.9066666666666666,0.5,,,,True,1.0,0.8350000000000003,32435520500075,0.5191083,0.0,AUTO_RISK,32435520500075
11660,AUTO_RISK,88878371900014,0.9479167,0.9479167,0.0,1.0,0.8526186943054199,0.85,0.3333333333333333,,,,True,1.0,0.8350000000000003,88878371900014,0.9479167,0.0,AUTO_RISK,88878371900014
11664,AUTO_RISK,91524688800027,0.9048583,0.9048583,0.0,1.0,0.8841322064399719,0.890909090909091,0.5,,,,True,1.0,0.8350000000000003,91524688800027,0.9048583,0.0,AUTO_RISK,91524688800027
11676,REVIEW,40049087600010,0.9048583,0.8766756,0.028182685,1.0321472,1.0,1.0,1.0,,,,,0.0,0.8350000000000003,,,,REVIEW,40049087600010
11679,AUTO_RISK,48129649900017,0.26684636,0.26684636,0.0,1.0,0.6249325275421143,0.7756613756613756,0.8,,,,True,0.9961977005004883,0.8350000000000003,48129649900017,0.26684636,0.0,AUTO_RISK,48129649900017
11694,AUTO_RISK,39022732000020,0.92098767,0.92098767,0.0,1.0,0.9999998807907104,1.0,1.0,,,,True,1.0,0.8350000000000003,39022732000020,0.92098767,0.0,AUTO_RISK,39022732000020
11699,REVIEW,37811411000380,0.8766756,0.016393442,0.8602822,53.477215,0.7615819573402405,0.8466666666666667,0.0,,,,,0.9692307710647583,0.8350000000000003,,,,REVIEW,37811411000380
11700,REVIEW,37811411001347,0.8419811,0.8083832,0.033597887,1.0415618,0.6866746544837952,0.5555555555555555,0.0,,,,,0.699999988079071,0.8350000000000003,,,,REVIEW,37811411001347
11703,AUTO_RISK,63615002100013,0.92098767,0.92098767,0.0,1.0,0.8199067711830139,0.9233523086654016,0.75,,,,True,1.0,0.8350000000000003,63615002100013,0.92098767,0.0,AUTO_RISK,63615002100013
11704,AUTO_RISK,42860788100011,0.9048583,0.9048583,0.0,1.0,0.7673461437225342,0.9619047619047618,0.6666666666666666,,,,True,1.0,0.8350000000000003,42860788100011,0.9048583,0.0,AUTO_RISK,42860788100011
1171,AUTO_RISK,21140366200011,0.9559322,0.9559322,0.0,1.0,0.9480947852134703,0.9333333333333332,1.0,,,,True,1.0,0.8350000000000003,21140366200011,0.9559322,0.0,AUTO_RISK,21140366200011
11722,REVIEW,32542198000021,0.721519,0.20704846,0.5144705,3.4847832,0.5914284586906433,0.9130434782608696,0.5,,,,,0.817460298538208,0.8350000000000003,,,,REVIEW,32542198000021
11749,AUTO_RISK,84785582200015,0.9628571,0.9628571,0.0,1.0,0.9999999403953552,1.0,1.0,,,,True,1.0,0.8350000000000003,84785582200015,0.9628571,0.0,AUTO_RISK,84785582200015
11754,AUTO_RISK,32902163800179,0.9559322,0.9559322,0.0,1.0,1.0,1.0,1.0,,,,True,1.0,0.8350000000000003,32902163800179,0.9559322,0.0,AUTO_RISK,32902163800179
11756,AUTO_RISK,30621552600030,0.20704846,0.20704846,0.0,1.0,0.6545608043670654,0.6428571428571429,0.0,,,,True,0.9961977005004883,0.8350000000000003,30621552600030,0.20704846,0.0,AUTO_RISK,30621552600030
11764,AUTO_RISK,39311803900683,0.39823008,0.39823008,0.0,1.0,0.7839667797088623,0.8441428571428572,0.2,,,,True,1.0,0.8350000000000003,39311803900683,0.39823008,0.0,AUTO_RISK,39311803900683
11773,REVIEW,43344829700021,0.8419811,0.016393442,0.8255877,51.36085,0.9375306367874146,0.9766666666666668,0.0,,,,,0.942307710647583,0.8350000000000003,,,,REVIEW,43344829700021
11787,AUTO_RISK,36650067600056,0.96533334,0.96533334,0.0,1.0,0.9999999403953552,1.0,1.0,,,,True,1.0,0.8350000000000003,36650067600056,0.96533334,0.0,AUTO_RISK,36650067600056
1180,REVIEW,24140074600046,0.016393442,0.008073818,0.008319624,2.0304449,0.5321557521820068,0.5064102564102564,0.0,,,,,0.49180328845977783,0.8350000000000003,,,,REVIEW,24140074600046
11805,AUTO_RISK,52922174900128,0.92098767,0.92098767,0.0,1.0,0.9501996040344238,0.9335483870967742,0.4,,,,True,1.0,0.8350000000000003,52922174900128,0.92098767,0.0,AUTO_RISK,52922174900128
11808,AUTO_RISK,38257702100142,0.92098767,0.92098767,0.0,1.0,1.0,1.0,1.0,,,,True,1.0,0.8350000000000003,38257702100142,0.92098767,0.0,AUTO_RISK,38257702100142
1181,AUTO_RISK,21140752300011,0.26684636,0.021181718,0.24566464,12.597957,0.5194254517555237,0.5879365079365079,0.0,,,,,0.9961977005004883,0.8350000000000003,,,,AUTO_RISK,21140752300011
11810,REVIEW,36950081400016,0.05142857,0.006139992,0.045288578,8.376,0.6041432619094849,0.8711229946524064,0.3333333333333333,,,,,0.49180328845977783,0.8350000000000003,,,,REVIEW,36950081400016
11814,REVIEW,94502478400015,0.20704846,0.05142857,0.15561989,4.0259423,0.569475531578064,0.553517632465001,0.0,,,,,0.699999988079071,0.8350000000000003,,,,REVIEW,94502478400015
11824,AUTO_RISK,26760092200228,0.8083832,0.8083832,0.0,1.0,0.6762317419052124,0.687154950312845,0.3333333333333333,,,,True,1.0,0.8350000000000003,26760092200228,0.8083832,0.0,AUTO_RISK,26760092200228
11826,AUTO_RISK,26760092200202,0.6739812,0.6739812,0.0,1.0,0.6858559846878052,0.5486111111111112,0.25,,,,True,1.0,0.8350000000000003,26760092200202,0.6739812,0.0,AUTO_RISK,26760092200202
11828,AUTO_RISK,26760092200053,0.8419811,0.8419811,0.0,1.0,0.6572443842887878,0.662962962962963,0.3333333333333333,,,,True,1.0,0.8350000000000003,26760092200053,0.8419811,0.0,AUTO_RISK,26760092200053
11830,AUTO_RISK,26760092200020,0.8083832,0.8083832,0.0,1.0,0.6966074705123901,0.6164021164021164,0.1666666666666666,,,,True,1.0,0.8350000000000003,26760092200020,0.8083832,0.0,AUTO_RISK,26760092200020
11838,AUTO_RISK,35282361100061,0.96533334,0.96533334,0.0,1.0,1.000000238418579,1.0,1.0,,,,True,1.0,0.8350000000000003,35282361100061,0.96533334,0.0,AUTO_RISK,35282361100061
11846,AUTO_RISK,55214081600331,0.9479167,0.9479167,0.0,1.0,0.9999999403953552,1.0,1.0,,,,True,1.0,0.8350000000000003,55214081600331,0.9479167,0.0,AUTO_RISK,55214081600331
11847,AUTO_RISK,41007217700067,0.9479167,0.9479167,0.0,1.0,0.9088958501815796,0.85,0.6666666666666666,,,,True,1.0,0.8350000000000003,41007217700067,0.9479167,0.0,AUTO_RISK,41007217700067
11849,REVIEW,38967501800227,0.05142857,0.008073818,0.043354753,6.369796,0.6296327114105225,0.5906432748538012,0.0,,,,,0.817460298538208,0.8350000000000003,,,,REVIEW,38967501800227
11853,AUTO_RISK,41464442700034,0.8419811,0.006139992,0.8358411,137.13066,0.5262738466262817,0.7307692307692308,0.0,,,,,1.0,0.8350000000000003,,,,AUTO_RISK,41464442700034
11854,AUTO_RISK,81811469600011,0.42696628,0.42696628,0.0,1.0,0.8730518817901611,0.6984848484848486,0.6666666666666666,,,,True,0.9961977005004883,0.8350000000000003,81811469600011,0.42696628,0.0,AUTO_RISK,81811469600011
1186,AUTO_RISK,37575046000053,0.6739812,0.6739812,0.0,1.0,0.8005797863006592,0.888888888888889,0.5,,,,True,1.0,0.8350000000000003,37575046000053,0.6739812,0.0,AUTO_RISK,37575046000053
11861,AUTO_RISK,77570105500037,0.96533334,0.96533334,0.0,1.0,1.0,1.0,1.0,,,,True,1.0,0.8350000000000003,77570105500037,0.96533334,0.0,AUTO_RISK,77570105500037
11865,REVIEW,49233093100014,0.9628571,0.8419811,0.120876014,1.1435615,1.0,1.0,1.0,,,,,0.2571428716182709,0.8350000000000003,,,,REVIEW,49233093100014
11885,AUTO_RISK,45072548600069,0.9559322,0.9559322,0.0,1.0,0.9999999403953552,1.0,1.0,,,,True,1.0,0.8350000000000003,45072548600069,0.9559322,0.0,AUTO_RISK,45072548600069
11886,AUTO_RISK,42972676300056,0.721519,0.721519,0.0,1.0,0.7759451270103455,0.5996865203761755,0.2,,,,True,1.0,0.8350000000000003,42972676300056,0.721519,0.0,AUTO_RISK,42972676300056
11898,REVIEW,30646225000045,0.92098767,0.8419811,0.07900655,1.0938342,0.9095088243484496,0.9076923076923076,0.6666666666666666,,,,,0.08163265138864517,0.8350000000000003,,,,REVIEW,30646225000045
1190,AUTO_RISK,78072836600029,0.69402987,0.69402987,0.0,1.0,0.7303974628448486,0.896969696969697,0.8,,,,True,1.0,0.8350000000000003,78072836600029,0.69402987,0.0,AUTO_RISK,78072836600029
11901,REVIEW,07565021800458,0.9848485,0.9479167,0.036931813,1.038961,1.0,1.0,1.0,,,,,0.817460298538208,0.8350000000000003,,,,REVIEW,07565021800458
11902,REVIEW,34106026700018,0.021181718,0.016393442,0.004788276,1.2920848,0.5261726379394531,0.6262626262626263,0.0,,,,,0.2857142984867096,0.8350000000000003,,,,REVIEW,34106026700018
11906,AUTO_RISK,07565021800615,0.92098767,0.92098767,0.0,1.0,0.8067574501037598,0.8941176470588236,0.5,,,,True,1.0,0.8350000000000003,07565021800615,0.92098767,0.0,AUTO_RISK,07565021800615
11908,AUTO_RISK,47983403800040,0.69402987,0.69402987,0.0,1.0,0.9055711627006532,0.8205128205128206,0.5,,,,True,1.0,0.8350000000000003,47983403800040,0.69402987,0.0,AUTO_RISK,47983403800040
11919,REVIEW,39163512500019,0.26684636,0.09996016,0.1668862,2.669527,0.5243662595748901,0.6048265460030166,0.0,,,,,0.699999988079071,0.8350000000000003,,,,REVIEW,39163512500019
11924,AUTO_RISK,41289057600041,0.92098767,0.92098767,0.0,1.0,0.8527266979217529,0.7061807331628303,0.5,,,,True,1.0,0.8350000000000003,41289057600041,0.92098767,0.0,AUTO_RISK,41289057600041
11927,AUTO_RISK,53210236500014,0.8083832,0.8083832,0.0,1.0,0.9352095127105712,0.95,0.3333333333333333,,,,True,1.0,0.8350000000000003,53210236500014,0.8083832,0.0,AUTO_RISK,53210236500014
11931,AUTO_RISK,81849488200017,0.8766756,0.8766756,0.0,1.0,0.8292466402053833,0.9223214285714286,0.0,,,,True,1.0,0.8350000000000003,81849488200017,0.8766756,0.0,AUTO_RISK,81849488200017
11935,AUTO_RISK,49356453800012,0.9848485,0.9848485,0.0,1.0,1.0000001192092896,1.0,1.0,,,,True,1.0,0.8350000000000003,49356453800012,0.9848485,0.0,AUTO_RISK,49356453800012
11952,AUTO_RISK,82371692300011,0.92098767,0.92098767,0.0,1.0,1.0,1.0,1.0,,,,True,1.0,0.8350000000000003,82371692300011,0.92098767,0.0,AUTO_RISK,82371692300011
11958,AUTO_RISK,41137153700019,0.96533334,0.96533334,0.0,1.0,0.8935648202896118,1.0,1.0,,,,True,1.0,0.8350000000000003,41137153700019,0.96533334,0.0,AUTO_RISK,41137153700019
1196,AUTO_RISK,33975596900070,0.8419811,0.8419811,0.0,1.0,0.8029705882072449,0.9384615384615383,0.5,,,,True,1.0,0.8350000000000003,33975596900070,0.8419811,0.0,AUTO_RISK,33975596900070
11975,AUTO_RISK,54207095800039,0.8766756,0.8766756,0.0,1.0,1.0,1.0,1.0,,,,True,1.0,0.8350000000000003,54207095800039,0.8766756,0.0,AUTO_RISK,54207095800039
11990,AUTO_RISK,82918841600012,0.8419811,0.8419811,0.0,1.0,0.9020398259162904,0.7638888888888888,0.6666666666666666,,,,True,0.9961977005004883,0.8350000000000003,82918841600012,0.8419811,0.0,AUTO_RISK,82918841600012
120,AUTO_RISK,33933424500034,0.42696628,0.42696628,0.0,1.0,0.6167968511581421,0.7414021164021163,0.5,,,,True,1.0,0.8350000000000003,33933424500034,0.42696628,0.0,AUTO_RISK,33933424500034
12014,AUTO_RISK,78106587500028,0.9166667,0.9166667,0.0,1.0,0.8321198225021362,0.7535714285714287,0.0,,,,True,1.0,0.8350000000000003,78106587500028,0.9166667,0.0,AUTO_RISK,78106587500028
12015,AUTO_RISK,53790848500023,0.96533334,0.1,0.8653333,9.653334,0.7621181011199951,1.0,1.0,,,,,0.9961977005004883,0.8350000000000003,,,,AUTO_RISK,53790848500023
12022,AUTO_RISK,53970599600012,0.8083832,0.8083832,0.0,1.0,0.9999998211860656,1.0,1.0,,,,True,1.0,0.8350000000000003,53970599600012,0.8083832,0.0,AUTO_RISK,53970599600012
12024,REVIEW,89274549800014,0.016393442,0.008073818,0.008319624,2.0304449,0.5337380170822144,0.6462962962962963,0.0,,,,,0.65625,0.8350000000000003,,,,REVIEW,89274549800014
12029,REVIEW,78105769000021,0.9048583,0.8766756,0.028182685,1.0321472,0.8976722955703735,0.8926462694578636,0.6666666666666666,,,,,0.2857142984867096,0.8350000000000003,,,,REVIEW,78105769000021
12054,REVIEW,52071979000013,0.9048583,0.33582088,0.56903744,2.694467,0.8715510368347168,0.832857142857143,0.6666666666666666,,,,,0.699999988079071,0.8350000000000003,,,,REVIEW,52071979000013
12060,AUTO_RISK,31335126400269,0.63245034,0.63245034,0.0,1.0,0.9075183868408204,0.8217391304347826,0.5714285714285714,,,,True,1.0,0.8350000000000003,31335126400269,0.63245034,0.0,AUTO_RISK,31335126400269
12063,AUTO_RISK,50943019500040,0.96533334,0.96533334,0.0,1.0,1.0,1.0,1.0,,,,True,1.0,0.8350000000000003,50943019500040,0.96533334,0.0,AUTO_RISK,50943019500040
12065,AUTO_RISK,83041420700035,0.6739812,0.6739812,0.0,1.0,0.8848341703414917,0.9904761904761904,0.3333333333333333,,,,True,0.9961977005004883,0.8350000000000003,83041420700035,0.6739812,0.0,AUTO_RISK,83041420700035
12070,AUTO_RISK,39199818400017,0.92098767,0.92098767,0.0,1.0,0.938461422920227,0.6835372636262513,0.4285714285714285,,,,True,1.0,0.8350000000000003,39199818400017,0.92098767,0.0,AUTO_RISK,39199818400017
12071,AUTO_RISK,44397689900031,0.92098767,0.92098767,0.0,1.0,0.9999998807907104,1.0,1.0,,,,True,1.0,0.8350000000000003,44397689900031,0.92098767,0.0,AUTO_RISK,44397689900031
12087,REVIEW,44083886000078,0.6739812,0.016393442,0.65758777,41.112854,0.6690734624862671,0.7470043572984749,0.25,,,,,0.913385808467865,0.8350000000000003,,,,REVIEW,44083886000078
12089,REVIEW,31201082000172,0.63245034,0.05142857,0.5810218,12.297646,0.5265675187110901,0.5777777777777778,0.0,,,,,0.942307710647583,0.8350000000000003,,,,REVIEW,31201082000172
12090,AUTO_RISK,31201082000040,0.42696628,0.0021415188,0.42482477,199.37546,0.5265675187110901,0.5777777777777778,0.0,,,,,1.0,0.8350000000000003,,,,AUTO_RISK,31201082000040
12093,AUTO_RISK,41063462000190,0.9048583,0.9048583,0.0,1.0,0.9999999403953552,1.0,1.0,,,,True,1.0,0.8350000000000003,41063462000190,0.9048583,0.0,AUTO_RISK,41063462000190
12096,AUTO_RISK,38317478600020,0.69402987,0.69402987,0.0,1.0,0.786270022392273,0.557397359377826,0.2307692307692307,,,,True,1.0,0.8350000000000003,38317478600020,0.69402987,0.0,AUTO_RISK,38317478600020
12113,REVIEW,38248999500029,0.92098767,0.26684636,0.6541413,3.451378,1.0,1.0,1.0,,,,,0.817460298538208,0.8350000000000003,,,,REVIEW,38248999500029
12117,AUTO_RISK,53957326100036,0.9479167,0.9479167,0.0,1.0,0.8865224123001099,0.9833333333333332,0.0,,,,True,1.0,0.8350000000000003,53957326100036,0.9479167,0.0,AUTO_RISK,53957326100036
12119,AUTO_RISK,33022102900045,0.33582088,0.33582088,0.0,1.0,0.8788647055625916,0.7300000000000001,0.0,,,,True,0.9961977005004883,0.8350000000000003,33022102900045,0.33582088,0.0,AUTO_RISK,33022102900045
12122,AUTO_RISK,31727336500054,0.9048583,0.9048583,0.0,1.0,0.8612477779388428,0.7595959595959596,0.6666666666666666,,,,True,1.0,0.8350000000000003,31727336500054,0.9048583,0.0,AUTO_RISK,31727336500054
12124,REVIEW,37841772900035,0.36363637,0.26684636,0.096790016,1.3627181,0.4916619956493377,0.6137566137566138,0.0,,,,,0.4736842215061188,0.8350000000000003,,,,REVIEW,37841772900035
12132,REVIEW,50856120600063,0.016393442,0.016393442,0.0,1.0,0.6885316371917725,0.6416666666666667,0.3333333333333333,,,,,0.08163265138864517,0.8350000000000003,,,,REVIEW,50856120600063
1214,REVIEW,25140051100035,0.2,0.05142857,0.14857143,3.8888888,0.7367188930511475,0.6388888888888888,0.1,,,,,0.817460298538208,0.8350000000000003,,,,REVIEW,25140051100035
12149,AUTO_RISK,40494961200026,0.92098767,0.92098767,0.0,1.0,0.9999999403953552,1.0,1.0,,,,True,1.0,0.8350000000000003,40494961200026,0.92098767,0.0,AUTO_RISK,40494961200026
12156,AUTO_RISK,41202919100068,0.9048583,0.9048583,0.0,1.0,0.9035167694091796,0.881947261663286,0.6,,,,True,1.0,0.8350000000000003,41202919100068,0.9048583,0.0,AUTO_RISK,41202919100068
12167,AUTO_RISK,80485426300030,0.69402987,0.69402987,0.0,1.0,1.0,1.0,1.0,,,,True,0.9961977005004883,0.8350000000000003,80485426300030,0.69402987,0.0,AUTO_RISK,80485426300030
12169,REVIEW,91906850200013,0.775,0.1,0.67499995,7.7499995,1.0,1.0,1.0,,,,,0.65625,0.8350000000000003,,,,REVIEW,91906850200013
1219,AUTO_RISK,33913719200011,0.9628571,0.9628571,0.0,1.0,1.0,1.0,1.0,,,,True,1.0,0.8350000000000003,33913719200011,0.9628571,0.0,AUTO_RISK,33913719200011
12190,AUTO_RISK,39931356800012,0.96533334,0.96533334,0.0,1.0,0.9999999403953552,1.0,1.0,,,,True,1.0,0.8350000000000003,39931356800012,0.96533334,0.0,AUTO_RISK,39931356800012
12194,AUTO_RISK,47250105500058,1.0,0.016393442,0.9836066,61.000004,0.9999998807907104,1.0,1.0,,,,,1.0,0.8350000000000003,,,,AUTO_RISK,47250105500058
12197,AUTO_RISK,41383155300024,0.96533334,0.008073818,0.95725954,119.56343,1.0000001192092896,1.0,1.0,,,,,1.0,0.8350000000000003,,,,AUTO_RISK,41383155300024
1220,AUTO_RISK,21140277100011,0.9559322,0.05142857,0.90450364,18.58757,0.9075624346733092,0.8666666666666666,0.3333333333333333,,,,,0.9961977005004883,0.8350000000000003,,,,AUTO_RISK,21140277100011
12203,AUTO_RISK,40762324800033,0.92098767,0.92098767,0.0,1.0,0.9999999403953552,1.0,1.0,,,,True,1.0,0.8350000000000003,40762324800033,0.92098767,0.0,AUTO_RISK,40762324800033
12208,REVIEW,44375283700023,0.96533334,0.92098767,0.044345677,1.0481502,1.000000238418579,1.0,1.0,,,,,0.2857142984867096,0.8350000000000003,,,,REVIEW,44375283700023
12210,AUTO_RISK,34949617401342,0.9559322,0.9559322,0.0,1.0,1.0,1.0,1.0,,,,True,1.0,0.8350000000000003,34949617401342,0.9559322,0.0,AUTO_RISK,34949617401342
12212,AUTO_RISK,53499869500033,0.9559322,0.9559322,0.0,1.0,0.9999999403953552,1.0,1.0,,,,True,1.0,0.8350000000000003,53499869500033,0.9559322,0.0,AUTO_RISK,53499869500033
12239,AUTO_RISK,84340721400058,0.721519,0.721519,0.0,1.0,0.9105280637741088,0.9391304347826088,0.75,,,,True,1.0,0.8350000000000003,84340721400058,0.721519,0.0,AUTO_RISK,84340721400058
12240,AUTO_RISK,39998279200067,0.8766756,0.8766756,0.0,1.0,0.905676543712616,0.9066666666666666,0.5,,,,True,1.0,0.8350000000000003,39998279200067,0.8766756,0.0,AUTO_RISK,39998279200067
12243,AUTO_RISK,66204244943568,0.96533334,0.96533334,0.0,1.0,0.9999999403953552,1.0,1.0,,,,True,1.0,0.8350000000000003,66204244943568,0.96533334,0.0,AUTO_RISK,66204244943568
12250,AUTO_RISK,38376579900077,0.26684636,0.26684636,0.0,1.0,0.6103463768959045,0.5194444444444444,0.0,,,,True,0.9961977005004883,0.8350000000000003,38376579900077,0.26684636,0.0,AUTO_RISK,38376579900077
12259,AUTO_RISK,57204173900077,0.9848485,0.9848485,0.0,1.0,1.0,1.0,1.0,,,,True,1.0,0.8350000000000003,57204173900077,0.9848485,0.0,AUTO_RISK,57204173900077
12261,AUTO_RISK,58213743600108,0.775,0.775,0.0,1.0,0.8486158847808838,0.7611408199643493,0.6666666666666666,,,,True,1.0,0.8350000000000003,58213743600108,0.775,0.0,AUTO_RISK,58213743600108
12270,AUTO_RISK,55208329700655,0.92098767,0.92098767,0.0,1.0,1.0,1.0,1.0,,,,True,1.0,0.8350000000000003,55208329700655,0.92098767,0.0,AUTO_RISK,55208329700655
12273,AUTO_RISK,50028663800308,0.9479167,0.9479167,0.0,1.0,0.9999998807907104,1.0,1.0,,,,True,0.9961977005004883,0.8350000000000003,50028663800308,0.9479167,0.0,AUTO_RISK,50028663800308
12276,AUTO_RISK,78370371300116,0.9479167,0.9479167,0.0,1.0,0.9999998807907104,1.0,1.0,,,,True,1.0,0.8350000000000003,78370371300116,0.9479167,0.0,AUTO_RISK,78370371300116
12281,AUTO_RISK,83377118100025,0.26684636,0.006139992,0.26070637,43.460377,0.0,0.4444444444444444,0.0,,,,,0.9961977005004883,0.8350000000000003,,,,AUTO_RISK,83377118100025
12287,REVIEW,39066000900049,0.92098767,0.69402987,0.2269578,1.3270144,0.9999998807907104,1.0,1.0,,,,True,0.2857142984867096,0.8350000000000003,39066000900049,0.92098767,0.0,REVIEW,39066000900049
12302,REVIEW,34386265201114,0.05142857,0.016393442,0.03503513,3.1371431,0.6921324729919434,0.6865079365079364,0.3333333333333333,,,,,0.2857142984867096,0.8350000000000003,,,,REVIEW,34386265201114
12311,REVIEW,30289782200029,0.42696628,0.006139992,0.4208263,69.538574,0.7050923109054565,0.6986531986531986,0.25,,,,,0.942307710647583,0.8350000000000003,,,,REVIEW,30289782200029
12319,AUTO_RISK,34032397100044,0.6739812,0.6739812,0.0,1.0,0.7615090608596802,0.6488095238095238,0.125,,,,True,1.0,0.8350000000000003,34032397100044,0.6739812,0.0,AUTO_RISK,34032397100044
12321,AUTO_RISK,34032397100135,0.69402987,0.69402987,0.0,1.0,0.7879186868667603,0.7268518518518517,0.3333333333333333,,,,True,1.0,0.8350000000000003,34032397100135,0.69402987,0.0,AUTO_RISK,34032397100135
1233,REVIEW,32083781800139,0.05142857,0.05142857,0.0,1.0,0.575078010559082,0.6071428571428571,0.0,,,,,0.8307692408561707,0.8350000000000003,,,,REVIEW,32083781800139
12338,AUTO_RISK,31643271500043,0.6739812,0.016393442,0.65758777,41.112854,0.5340447425842285,0.5902777777777778,0.0,,,,,0.9961977005004883,0.8350000000000003,,,,AUTO_RISK,31643271500043
1234,REVIEW,41030116200351,0.016393442,0.016393442,0.0,1.0,0.4370710849761963,0.5555555555555555,0.0,,,,,0.8307692408561707,0.8350000000000003,,,,REVIEW,41030116200351
12341,AUTO_RISK,33762184101372,0.6739812,0.6739812,0.0,1.0,0.9212311506271362,0.8416666666666667,0.3333333333333333,,,,True,1.0,0.8350000000000003,33762184101372,0.6739812,0.0,AUTO_RISK,33762184101372
12344,AUTO_RISK,50050141600324,0.69402987,0.69402987,0.0,1.0,0.8026121258735657,0.670751633986928,0.3333333333333333,,,,True,0.9961977005004883,0.8350000000000003,50050141600324,0.69402987,0.0,AUTO_RISK,50050141600324
12346,REVIEW,90503721400020,0.9048583,0.6739812,0.2308771,1.3425572,1.0,1.0,1.0,,,,,0.2571428716182709,0.8350000000000003,,,,REVIEW,90503721400020
12347,AUTO_RISK,50755112500044,0.9479167,0.9479167,0.0,1.0,1.0000001192092896,1.0,1.0,,,,True,0.9961977005004883,0.8350000000000003,50755112500044,0.9479167,0.0,AUTO_RISK,50755112500044
12351,REVIEW,80756444800023,0.96533334,0.63245034,0.332883,1.5263386,0.9999999403953552,1.0,1.0,,,,,0.6111111044883728,0.8350000000000003,,,,REVIEW,80756444800023
1238,AUTO_RISK,62645001900023,0.92098767,0.92098767,0.0,1.0,0.9999999403953552,1.0,1.0,,,,True,0.9961977005004883,0.8350000000000003,62645001900023,0.92098767,0.0,AUTO_RISK,62645001900023
12383,REVIEW,77562467900640,0.9048583,0.26684636,0.63801193,3.3909335,0.7035157680511475,0.5833333333333334,0.0,,,,,0.913385808467865,0.8350000000000003,,,,REVIEW,77562467900640
12384,AUTO_RISK,77562467900632,0.9048583,0.16865079,0.7362075,5.3652773,0.716819167137146,0.5674603174603174,0.0,,,,,0.9961977005004883,0.8350000000000003,,,,AUTO_RISK,77562467900632
12391,REVIEW,31860926000035,0.775,0.33582088,0.4391791,2.307778,0.7024763822555542,0.5881895881895881,0.5,,,,,0.4736842215061188,0.8350000000000003,,,,REVIEW,31860926000035
12392,AUTO_RISK,30220794900025,0.42696628,0.42696628,0.0,1.0,0.627208948135376,0.6176470588235294,0.4,,,,True,1.0,0.8350000000000003,30220794900025,0.42696628,0.0,AUTO_RISK,30220794900025
12393,AUTO_RISK,38885214700023,0.96533334,0.96533334,0.0,1.0,1.0,1.0,1.0,,,,True,1.0,0.8350000000000003,38885214700023,0.96533334,0.0,AUTO_RISK,38885214700023
12394,AUTO_RISK,45850515300023,0.9871795,0.9871795,0.0,1.0,0.9999998807907104,1.0,1.0,,,,True,1.0,0.8350000000000003,45850515300023,0.9871795,0.0,AUTO_RISK,45850515300023
124,AUTO_RISK,19442277000017,0.8419811,0.8419811,0.0,1.0,0.7199457883834839,0.9052631578947368,0.5,,,,True,1.0,0.8350000000000003,19442277000017,0.8419811,0.0,AUTO_RISK,19442277000017
12409,REVIEW,53800879800026,0.96533334,0.16865079,0.79668254,5.723859,1.0,1.0,1.0,,,,,0.942307710647583,0.8350000000000003,,,,REVIEW,53800879800026
12420,REVIEW,77562467900020,0.9048583,0.05142857,0.85342973,17.594467,0.6995588541030884,0.6203703703703703,0.0,,,,,0.942307710647583,0.8350000000000003,,,,REVIEW,77562467900020
12425,REVIEW,21590656100018,0.016393442,0.008073818,0.008319624,2.0304449,0.0,0.4769119769119769,0.0,,,,,0.8307692408561707,0.8350000000000003,,,,REVIEW,21590656100018
12426,REVIEW,87950602000020,0.63245034,0.63245034,0.0,1.0,0.8206806182861328,0.85,0.3333333333333333,,,,,0.8333333134651184,0.8350000000000003,,,,REVIEW,87950602000020
12444,AUTO_RISK,34513066000128,0.8419811,0.8419811,0.0,1.0,0.8544702529907227,0.8857142857142858,0.3333333333333333,,,,True,1.0,0.8350000000000003,34513066000128,0.8419811,0.0,AUTO_RISK,34513066000128
12446,AUTO_RISK,34042761601675,0.69402987,0.69402987,0.0,1.0,0.7510342001914978,0.8650757575757576,0.25,,,,True,1.0,0.8350000000000003,34042761601675,0.69402987,0.0,AUTO_RISK,34042761601675
12447,REVIEW,34042761601931,0.775,0.16865079,0.6063492,4.595294,0.7998294234275818,0.8243506493506494,0.1428571428571428,,,,,0.699999988079071,0.8350000000000003,,,,REVIEW,34042761601931
12451,AUTO_RISK,33194137700045,0.8419811,0.016393442,0.8255877,51.36085,0.6680877804756165,0.8574074074074074,0.0,,,,,0.9961977005004883,0.8350000000000003,,,,AUTO_RISK,33194137700045
12452,REVIEW,33194137700037,0.63245034,0.016393442,0.6160569,38.57947,0.6680877804756165,0.8574074074074074,0.0,,,,,0.942307710647583,0.8350000000000003,,,,REVIEW,33194137700037
12456,AUTO_RISK,13000548126585,0.08629441,0.08629441,0.0,1.0,0.0,0.3728110599078341,0.0,,,,True,1.0,0.8350000000000003,13000548126585,0.08629441,0.0,AUTO_RISK,13000548126585
12461,REVIEW,32936967200046,0.6739812,0.33582088,0.3381603,2.0069664,0.6608589887619019,0.5436507936507936,0.0,,,,,0.817460298538208,0.8350000000000003,,,,REVIEW,32936967200046
12463,AUTO_RISK,81275108900044,0.8419811,0.8419811,0.0,1.0,0.7925714254379272,0.606855500821018,0.0,,,,True,1.0,0.8350000000000003,81275108900044,0.8419811,0.0,AUTO_RISK,81275108900044
12466,AUTO_RISK,34738457000664,0.9848485,0.9848485,0.0,1.0,0.9999998807907104,1.0,1.0,,,,True,0.9961977005004883,0.8350000000000003,34738457000664,0.9848485,0.0,AUTO_RISK,34738457000664
12467,AUTO_RISK,13000548118608,0.63245034,0.0021415188,0.6303088,295.32794,0.7857743501663208,0.5960497835497836,0.0,,,,,1.0,0.8350000000000003,,,,AUTO_RISK,13000548118608
12468,REVIEW,13000548123632,0.11363637,0.05142857,0.062207796,2.209596,0.0,0.4664502164502164,0.0,,,,,0.817460298538208,0.8350000000000003,,,,REVIEW,13000548123632
12472,AUTO_RISK,38398762501173,0.9048583,0.9048583,0.0,1.0,0.8154995441436768,0.8390243902439025,0.2,,,,True,1.0,0.8350000000000003,38398762501173,0.9048583,0.0,AUTO_RISK,38398762501173
12473,REVIEW,41397165600058,0.63245034,0.26684636,0.36560398,2.3700917,0.8846626281738281,0.9411764705882352,0.6666666666666666,,,,,0.49180328845977783,0.8350000000000003,,,,REVIEW,41397165600058
12498,REVIEW,80097767000010,0.42696628,0.42696628,0.0,1.0,0.5681870579719543,0.9393772893772894,0.3333333333333333,,,,,0.49180328845977783,0.8350000000000003,,,,REVIEW,80097767000010
12506,AUTO_RISK,82193634100014,0.9848485,0.9848485,0.0,1.0,0.9999999403953552,1.0,1.0,,,,True,1.0,0.8350000000000003,82193634100014,0.9848485,0.0,AUTO_RISK,82193634100014
12516,AUTO_RISK,47759310700048,0.96533334,0.96533334,0.0,1.0,0.8060052394866943,0.8530892448512586,0.75,,,,True,1.0,0.8350000000000003,47759310700048,0.96533334,0.0,AUTO_RISK,47759310700048
12519,REVIEW,35144104300020,0.8083832,0.5191083,0.28927493,1.5572535,0.7969416975975037,0.8888888888888888,0.5,,,,,0.4736842215061188,0.8350000000000003,,,,REVIEW,35144104300020
12520,AUTO_RISK,40918480100036,0.9628571,0.9628571,0.0,1.0,1.0,1.0,1.0,,,,True,1.0,0.8350000000000003,40918480100036,0.9628571,0.0,AUTO_RISK,40918480100036
12531,REVIEW,47803765800042,1.0,0.9628571,0.037142873,1.0385756,1.0,1.0,1.0,,,,,0.6111111044883728,0.8350000000000003,,,,REVIEW,47803765800042
12538,AUTO_RISK,90352246400010,0.92098767,0.92098767,0.0,1.0,0.9418490529060364,0.9257142857142856,0.6666666666666666,,,,True,1.0,0.8350000000000003,90352246400010,0.92098767,0.0,AUTO_RISK,90352246400010
12547,AUTO_RISK,45093704000019,0.96533334,0.96533334,0.0,1.0,0.9999999403953552,1.0,1.0,,,,True,1.0,0.8350000000000003,45093704000019,0.96533334,0.0,AUTO_RISK,45093704000019
12548,AUTO_RISK,44316878600046,0.9628571,0.9628571,0.0,1.0,0.8705732822418213,1.0,1.0,,,,True,1.0,0.8350000000000003,44316878600046,0.9628571,0.0,AUTO_RISK,44316878600046
12555,AUTO_RISK,45650389500199,0.9848485,0.9848485,0.0,1.0,0.9999999403953552,1.0,1.0,,,,True,1.0,0.8350000000000003,45650389500199,0.9848485,0.0,AUTO_RISK,45650389500199
12557,REVIEW,30952868500048,0.8083832,0.69402987,0.11435336,1.1647671,0.7839064598083496,0.8444444444444443,0.5,,,,,0.0833333358168602,0.8350000000000003,,,,REVIEW,30952868500048
12560,AUTO_RISK,87994341300010,0.9628571,0.9628571,0.0,1.0,0.9999999403953552,1.0,1.0,,,,True,1.0,0.8350000000000003,87994341300010,0.9628571,0.0,AUTO_RISK,87994341300010
1257,AUTO_RISK,82419412000021,0.9848485,0.9848485,0.0,1.0,1.0,1.0,1.0,,,,True,1.0,0.8350000000000003,82419412000021,0.9848485,0.0,AUTO_RISK,82419412000021
12575,AUTO_RISK,52907384300037,0.9628571,0.9628571,0.0,1.0,0.9999999403953552,1.0,1.0,,,,True,1.0,0.8350000000000003,52907384300037,0.9628571,0.0,AUTO_RISK,52907384300037
12584,REVIEW,91516604500046,0.16865079,0.11363637,0.055014424,1.4841269,0.5569250583648682,0.6028533836062998,0.1428571428571428,,,,,0.08163265138864517,0.8350000000000003,,,,REVIEW,91516604500046
12587,AUTO_RISK,81780388500018,0.8419811,0.8419811,0.0,1.0,0.8791272044181824,0.8777777777777778,0.5,,,,True,1.0,0.8350000000000003,81780388500018,0.8419811,0.0,AUTO_RISK,81780388500018
12602,REVIEW,40270605500041,0.42696628,0.26684636,0.16011992,1.6000453,0.6871468424797058,0.5606237816764134,0.0,,,,,0.2857142984867096,0.8350000000000003,,,,REVIEW,40270605500041
12609,AUTO_RISK,35327231300027,0.96533334,0.96533334,0.0,1.0,0.8104261159896851,1.0,1.0,,,,True,1.0,0.8350000000000003,35327231300027,0.96533334,0.0,AUTO_RISK,35327231300027
12611,AUTO_RISK,79911955700012,0.23076923,0.23076923,0.0,1.0,0.5787208080291748,0.5665849673202614,0.1666666666666666,,,,True,1.0,0.8350000000000003,79911955700012,0.23076923,0.0,AUTO_RISK,79911955700012
12613,AUTO_RISK,32841016200031,0.9479167,0.9479167,0.0,1.0,0.8323475122451782,1.0,1.0,,,,True,1.0,0.8350000000000003,32841016200031,0.9479167,0.0,AUTO_RISK,32841016200031
12615,AUTO_RISK,47903662600022,0.92098767,0.92098767,0.0,1.0,0.6553825736045837,1.0,1.0,,,,True,1.0,0.8350000000000003,47903662600022,0.92098767,0.0,AUTO_RISK,47903662600022
12621,AUTO_RISK,43819254400023,0.9848485,0.9848485,0.0,1.0,1.0,1.0,1.0,,,,True,1.0,0.8350000000000003,43819254400023,0.9848485,0.0,AUTO_RISK,43819254400023
12623,AUTO_RISK,37960551200027,0.9048583,0.9048583,0.0,1.0,0.7255629301071167,1.0,1.0,,,,True,1.0,0.8350000000000003,37960551200027,0.9048583,0.0,AUTO_RISK,37960551200027
12626,AUTO_RISK,32565471300453,0.96533334,0.96533334,0.0,1.0,1.0,1.0,1.0,,,,True,1.0,0.8350000000000003,32565471300453,0.96533334,0.0,AUTO_RISK,32565471300453
12642,AUTO_RISK,33510805600151,0.96533334,0.96533334,0.0,1.0,0.67231285572052,1.0,1.0,,,,True,1.0,0.8350000000000003,33510805600151,0.96533334,0.0,AUTO_RISK,33510805600151
12645,AUTO_RISK,31778006201846,0.895661,0.895661,0.0,1.0,0.8838369250297546,0.9125,0.5,,,,True,1.0,0.8350000000000003,31778006201846,0.895661,0.0,AUTO_RISK,31778006201846
12648,AUTO_RISK,48230809500025,0.69402987,0.0021415188,0.69188833,324.083,0.7004824876785278,0.6833333333333332,0.0,,,,,1.0,0.8350000000000003,,,,AUTO_RISK,48230809500025
12650,AUTO_RISK,82068772100028,0.8419811,0.8419811,0.0,1.0,0.573185920715332,1.0,1.0,,,,True,1.0,0.8350000000000003,82068772100028,0.8419811,0.0,AUTO_RISK,82068772100028
12662,AUTO_RISK,48325835600011,0.96533334,0.96533334,0.0,1.0,1.0000001192092896,1.0,1.0,,,,True,1.0,0.8350000000000003,48325835600011,0.96533334,0.0,AUTO_RISK,48325835600011
12663,AUTO_RISK,77562438000090,0.9479167,0.9479167,0.0,1.0,1.0,1.0,1.0,,,,True,1.0,0.8350000000000003,77562438000090,0.9479167,0.0,AUTO_RISK,77562438000090
1267,AUTO_RISK,70205283800167,1.0,0.016393442,0.9836066,61.000004,0.9999998807907104,1.0,1.0,,,,,1.0,0.8350000000000003,,,,AUTO_RISK,70205283800167
12670,AUTO_RISK,35061879900059,0.42696628,0.016393442,0.41057283,26.044945,0.0,0.0,0.0,,,,,1.0,0.8350000000000003,,,,AUTO_RISK,35061879900059
12672,AUTO_RISK,84106592300010,0.9559322,0.9559322,0.0,1.0,0.9270015954971312,1.0,1.0,,,,True,1.0,0.8350000000000003,84106592300010,0.9559322,0.0,AUTO_RISK,84106592300010
12674,AUTO_RISK,49289747500025,0.96533334,0.96533334,0.0,1.0,0.9999999403953552,1.0,1.0,,,,True,1.0,0.8350000000000003,49289747500025,0.96533334,0.0,AUTO_RISK,49289747500025
12675,AUTO_RISK,84381045800029,0.8419811,0.8419811,0.0,1.0,0.8657586574554443,1.0,1.0,,,,True,1.0,0.8350000000000003,84381045800029,0.8419811,0.0,AUTO_RISK,84381045800029
12677,REVIEW,81020598900025,0.9479167,0.9048583,0.043058395,1.0475858,0.9999998807907104,1.0,1.0,,,,,0.08163265138864517,0.8350000000000003,,,,REVIEW,81020598900025
1269,REVIEW,51909178900031,0.16865079,0.05142857,0.11722222,3.279321,0.535772979259491,0.5216374269005848,0.0,,,,,0.817460298538208,0.8350000000000003,,,,REVIEW,51909178900031
12694,REVIEW,77569394800090,0.92098767,0.39823008,0.5227576,2.3127024,0.9999999403953552,1.0,1.0,,,,,0.699999988079071,0.8350000000000003,,,,REVIEW,77569394800090
12698,AUTO_RISK,50123306800011,0.9433962,0.16865079,0.7747454,5.593785,0.9999999403953552,1.0,1.0,,,,,0.9961977005004883,0.8350000000000003,,,,AUTO_RISK,50123306800011
12699,REVIEW,38098660400037,0.6739812,0.05142857,0.62255263,13.10519,0.750474750995636,0.9866666666666668,0.0,,,,,0.913385808467865,0.8350000000000003,,,,REVIEW,38098660400037
12700,AUTO_RISK,31682559500036,1.0,0.008073818,0.9919262,123.85714,1.0,1.0,1.0,,,,,1.0,0.8350000000000003,,,,AUTO_RISK,31682559500036
12701,AUTO_RISK,42871487700019,0.9628571,0.016393442,0.9464637,58.734287,0.9999999403953552,1.0,1.0,,,,,1.0,0.8350000000000003,,,,AUTO_RISK,42871487700019
12706,REVIEW,64205319300099,0.9628571,0.05142857,0.9114286,18.722221,0.9999998807907104,1.0,1.0,,,,,0.9692307710647583,0.8350000000000003,,,,REVIEW,64205319300099
12726,AUTO_RISK,42298664600020,0.9628571,0.008073818,0.9547833,119.25673,1.0000001192092896,1.0,1.0,,,,,1.0,0.8350000000000003,,,,AUTO_RISK,42298664600020
1273,REVIEW,37575048600041,0.721519,0.05142857,0.67009044,14.029536,0.0,0.4583333333333333,0.0,,,,,0.913385808467865,0.8350000000000003,,,,REVIEW,37575048600041
12736,REVIEW,44951047800059,0.92098767,0.69402987,0.2269578,1.3270144,1.0,1.0,1.0,,,,,0.08163265138864517,0.8350000000000003,,,,REVIEW,44951047800059
12737,REVIEW,31115920600045,0.39823008,0.006139992,0.39209008,64.858406,0.8946231603622437,0.7346557971014492,0.1666666666666666,,,,,0.9692307710647583,0.8350000000000003,,,,REVIEW,31115920600045
12741,AUTO_RISK,06850062800067,0.96533334,0.05142857,0.9139048,18.77037,0.8392348289489746,0.8328938694792353,0.75,,,,,1.0,0.8350000000000003,,,,AUTO_RISK,06850062800067
12747,AUTO_RISK,44832514200017,1.0,0.016393442,0.9836066,61.000004,1.0,1.0,1.0,,,,,1.0,0.8350000000000003,,,,AUTO_RISK,44832514200017
12754,REVIEW,78984891800015,0.9559322,0.16865079,0.7872814,5.6681156,1.0000001192092896,1.0,1.0,,,,,0.942307710647583,0.8350000000000003,,,,REVIEW,78984891800015
12764,REVIEW,48395229700016,0.8419811,0.26684636,0.57513475,3.155303,0.8883669972419739,0.8444444444444444,0.3333333333333333,,,,,0.817460298538208,0.8350000000000003,,,,REVIEW,48395229700016
12768,REVIEW,55213904000018,0.9048583,0.26684636,0.63801193,3.3909335,1.0000001192092896,1.0,1.0,,,,,0.817460298538208,0.8350000000000003,,,,REVIEW,55213904000018
12769,REVIEW,42862169200014,0.9048583,0.6739812,0.2308771,1.3425572,0.9193962812423706,0.9222222222222222,0.5,,,,,0.49180328845977783,0.8350000000000003,,,,REVIEW,42862169200014
12772,REVIEW,50536204600011,0.92098767,0.8419811,0.07900655,1.0938342,0.9310789108276368,0.948148148148148,0.75,,,,,0.2857142984867096,0.8350000000000003,,,,REVIEW,50536204600011
12774,AUTO_RISK,30118845400013,0.96533334,0.0021415188,0.9631918,450.77045,1.0,1.0,1.0,,,,,1.0,0.8350000000000003,,,,AUTO_RISK,30118845400013
12796,REVIEW,06580124300257,0.42696628,0.0875,0.33946627,4.879615,0.0,0.4941520467836257,0.0,,,,,0.817460298538208,0.8350000000000003,,,,REVIEW,06580124300257
12804,REVIEW,52525469400017,0.92098767,0.05142857,0.8695591,17.908094,1.0,1.0,1.0,,,,,0.913385808467865,0.8350000000000003,,,,REVIEW,52525469400017
12817,REVIEW,41278894500035,0.9048583,0.42696628,0.477892,2.1192734,0.969752073287964,0.98,0.3333333333333333,,,,,0.817460298538208,0.8350000000000003,,,,REVIEW,41278894500035
12818,AUTO_RISK,50763130700026,0.9848485,0.9848485,0.0,1.0,1.0,1.0,1.0,,,,,1.0,0.8350000000000003,,,,AUTO_RISK,50763130700026
12821,REVIEW,39909847400030,0.9559322,0.26684636,0.68908584,3.582332,1.0,1.0,1.0,,,,,0.913385808467865,0.8350000000000003,,,,REVIEW,39909847400030
12829,REVIEW,97889177800018,0.8766756,0.69402987,0.18264574,1.263167,0.8905501365661621,0.9571428571428572,0.5,,,,,0.08163265138864517,0.8350000000000003,,,,REVIEW,97889177800018
12830,AUTO_RISK,53842546300048,0.9559322,0.016393442,0.9395388,58.311867,1.0000001192092896,1.0,1.0,,,,,1.0,0.8350000000000003,,,,AUTO_RISK,53842546300048
12840,AUTO_RISK,49337281700012,0.9848485,0.6739812,0.3108673,1.4612403,1.0,1.0,1.0,,,,,0.9961977005004883,0.8350000000000003,,,,AUTO_RISK,49337281700012
12849,REVIEW,44791543000022,0.9628571,0.5191083,0.44374883,1.854829,0.9999998807907104,1.0,1.0,,,,,0.65625,0.8350000000000003,,,,REVIEW,44791543000022
12851,AUTO_RISK,42319079200030,0.92098767,0.05142857,0.8695591,17.908094,0.8510405421257019,0.8280000000000001,0.0,,,,,0.9961977005004883,0.8350000000000003,,,,AUTO_RISK,42319079200030
1286,AUTO_RISK,44006470700027,0.9559322,0.9559322,0.0,1.0,1.0000001192092896,1.0,1.0,,,,True,1.0,0.8350000000000003,44006470700027,0.9559322,0.0,AUTO_RISK,44006470700027
12861,REVIEW,72207037200049,0.5191083,0.007380074,0.5117282,70.33917,0.8940457105636597,0.9272727272727272,1.0,,,,,0.9692307710647583,0.8350000000000003,,,,REVIEW,72207037200049
12862,AUTO_RISK,03632025700037,0.63973886,0.0021415188,0.6375973,298.73138,1.0000001192092896,1.0,1.0,,,,,0.9961977005004883,0.8350000000000003,,,,AUTO_RISK,03632025700037
12867,AUTO_RISK,39745657500026,0.9848485,0.016393442,0.9684551,60.075764,1.0000001192092896,1.0,1.0,,,,,1.0,0.8350000000000003,,,,AUTO_RISK,39745657500026
12869,REVIEW,65202995000027,0.92098767,0.26684636,0.6541413,3.451378,1.0,1.0,1.0,,,,,0.942307710647583,0.8350000000000003,,,,REVIEW,65202995000027
12876,AUTO_RISK,57218200400018,0.9634074,0.20704846,0.7563589,4.653053,0.9999998807907104,1.0,1.0,,,,,1.0,0.8350000000000003,,,,AUTO_RISK,57218200400018
12881,REVIEW,55213904000026,0.96533334,0.26684636,0.698487,3.6175623,1.0000001192092896,1.0,1.0,,,,,0.817460298538208,0.8350000000000003,,,,REVIEW,55213904000026
12887,AUTO_RISK,45217884100022,0.9871795,0.23076923,0.7564103,4.2777777,1.0000001192092896,1.0,1.0,,,,,1.0,0.8350000000000003,,,,AUTO_RISK,45217884100022
12888,REVIEW,45141145800040,0.96533334,0.1,0.8653333,9.653334,1.0,1.0,1.0,,,,,0.8307692408561707,0.8350000000000003,,,,REVIEW,45141145800040
12889,AUTO_RISK,48917201500013,0.9559322,0.16865079,0.7872814,5.6681156,1.0000001192092896,1.0,1.0,,,,,0.9961977005004883,0.8350000000000003,,,,AUTO_RISK,48917201500013
12893,REVIEW,82451314700036,0.8419811,0.8083832,0.033597887,1.0415618,0.8834705352783203,0.9428571428571428,0.75,,,,,0.2857142984867096,0.8350000000000003,,,,REVIEW,82451314700036
12902,AUTO_RISK,31657992900019,0.9871795,0.021181718,0.9659978,46.605263,1.0000001192092896,1.0,1.0,,,,,1.0,0.8350000000000003,,,,AUTO_RISK,31657992900019
12905,REVIEW,34505114800061,0.92098767,0.42696628,0.4940214,2.1570501,1.0,1.0,1.0,,,,,0.699999988079071,0.8350000000000003,,,,REVIEW,34505114800061
12906,AUTO_RISK,86620054600095,0.96533334,0.0021415188,0.9631918,450.77045,1.0,1.0,1.0,,,,,1.0,0.8350000000000003,,,,AUTO_RISK,86620054600095
1291,AUTO_RISK,31949395300016,0.9048583,0.9048583,0.0,1.0,0.719401478767395,0.95,0.6666666666666666,,,,True,1.0,0.8350000000000003,31949395300016,0.9048583,0.0,AUTO_RISK,31949395300016
12913,REVIEW,38326298700050,0.9048583,0.42696628,0.477892,2.1192734,0.6915537118911743,0.6084848484848485,0.3333333333333333,,,,,0.65625,0.8350000000000003,,,,REVIEW,38326298700050
12920,AUTO_RISK,38449107200045,0.9628571,0.05142857,0.9114286,18.722221,1.0,1.0,1.0,,,,,0.9961977005004883,0.8350000000000003,,,,AUTO_RISK,38449107200045
12925,AUTO_RISK,74200165400018,0.92098767,0.20704846,0.7139392,4.4481745,0.9098494648933412,0.95,0.3333333333333333,,,,,0.9961977005004883,0.8350000000000003,,,,AUTO_RISK,74200165400018
12927,AUTO_RISK,91099158700015,0.9628571,0.008073818,0.9547833,119.25673,0.8078746199607849,1.0,1.0,,,,,0.9961977005004883,0.8350000000000003,,,,AUTO_RISK,91099158700015
12929,AUTO_RISK,39361028200021,1.0,0.008073818,0.9919262,123.85714,0.9999999403953552,1.0,1.0,,,,,1.0,0.8350000000000003,,,,AUTO_RISK,39361028200021
12933,REVIEW,81998809800029,0.8083832,0.016393442,0.7919898,49.31138,0.6721915006637573,0.7561807331628304,0.6666666666666666,,,,,0.8316819667816162,0.8350000000000003,,,,REVIEW,81998809800029
12940,AUTO_RISK,31346819100033,0.69402987,0.007380074,0.6866498,94.041046,0.7937574982643127,0.8444444444444444,0.5,,,,,0.9961977005004883,0.8350000000000003,,,,AUTO_RISK,31346819100033
12941,AUTO_RISK,79274210800022,0.96533334,0.021181718,0.94415164,45.573895,1.0,1.0,1.0,,,,,1.0,0.8350000000000003,,,,AUTO_RISK,79274210800022
12944,AUTO_RISK,73203287500013,0.9628571,0.008073818,0.9547833,119.25673,1.0000001192092896,1.0,1.0,,,,,1.0,0.8350000000000003,,,,AUTO_RISK,73203287500013
1295,AUTO_RISK,47800177900022,0.20704846,0.20704846,0.0,1.0,0.7277871966362,0.6806763285024156,0.25,,,,True,0.9961977005004883,0.8350000000000003,47800177900022,0.20704846,0.0,AUTO_RISK,47800177900022
12951,REVIEW,97022473900023,0.9431351,0.16865079,0.7744843,5.5922365,0.9830102920532228,0.963970588235294,0.6666666666666666,,,,,0.9692307710647583,0.8350000000000003,,,,REVIEW,97022473900023
12958,AUTO_RISK,59204192500054,0.9048583,0.016393442,0.88846487,55.196358,1.0,1.0,1.0,,,,,1.0,0.8350000000000003,,,,AUTO_RISK,59204192500054
12962,AUTO_RISK,51832925500021,0.96533334,0.96533334,0.0,1.0,1.0,1.0,1.0,,,,True,1.0,0.8350000000000003,51832925500021,0.96533334,0.0,AUTO_RISK,51832925500021
12970,AUTO_RISK,78835354800035,0.16865079,0.16865079,0.0,1.0,0.4193732738494873,0.5511904761904762,0.25,,,,True,0.9961977005004883,0.8350000000000003,78835354800035,0.16865079,0.0,AUTO_RISK,78835354800035
12976,AUTO_RISK,80226680900010,0.96533334,0.008073818,0.95725954,119.56343,0.8916143178939819,1.0,1.0,,,,,1.0,0.8350000000000003,,,,AUTO_RISK,80226680900010
12977,REVIEW,43954860300026,0.05142857,0.021181718,0.030246854,2.42797,0.4863379001617431,0.5122269705603039,0.0,,,,,0.375,0.8350000000000003,,,,REVIEW,43954860300026
12981,AUTO_RISK,86980003700036,0.96533334,0.96533334,0.0,1.0,1.0,1.0,1.0,,,,True,1.0,0.8350000000000003,86980003700036,0.96533334,0.0,AUTO_RISK,86980003700036
12983,AUTO_RISK,33842506900022,0.721519,0.721519,0.0,1.0,0.9056127071380616,0.9222222222222222,0.6666666666666666,,,,True,1.0,0.8350000000000003,33842506900022,0.721519,0.0,AUTO_RISK,33842506900022
12988,AUTO_RISK,81426458600078,0.9848485,0.9848485,0.0,1.0,0.9999998807907104,1.0,1.0,,,,True,1.0,0.8350000000000003,81426458600078,0.9848485,0.0,AUTO_RISK,81426458600078
12989,AUTO_RISK,81426458600086,0.96533334,0.96533334,0.0,1.0,0.9999998807907104,1.0,1.0,,,,True,1.0,0.8350000000000003,81426458600086,0.96533334,0.0,AUTO_RISK,81426458600086
12998,AUTO_RISK,44132040500117,0.9628571,0.9628571,0.0,1.0,0.9717323780059814,1.0,1.0,,,,True,1.0,0.8350000000000003,44132040500117,0.9628571,0.0,AUTO_RISK,44132040500117
130,AUTO_RISK,19440285500010,0.9848485,0.9848485,0.0,1.0,1.0,1.0,1.0,,,,True,1.0,0.8350000000000003,19440285500010,0.9848485,0.0,AUTO_RISK,19440285500010
13006,REVIEW,52916684500014,0.92098767,0.92098767,0.0,1.0,1.0,1.0,1.0,,,,,0.65625,0.8350000000000003,,,,REVIEW,52916684500014
13009,AUTO_RISK,41922342500044,0.8419811,0.8419811,0.0,1.0,0.8327308893203735,1.0,1.0,,,,True,1.0,0.8350000000000003,41922342500044,0.8419811,0.0,AUTO_RISK,41922342500044
1301,AUTO_RISK,21140243300018,0.8419811,0.8419811,0.0,1.0,1.0,1.0,1.0,,,,True,1.0,0.8350000000000003,21140243300018,0.8419811,0.0,AUTO_RISK,21140243300018
13011,AUTO_RISK,44288801200212,0.69402987,0.016393442,0.67763644,42.335823,0.6776381731033325,0.9833333333333332,0.0,,,,,0.9961977005004883,0.8350000000000003,,,,AUTO_RISK,44288801200212
13013,AUTO_RISK,75310674900017,0.53061444,0.53061444,0.0,1.0,0.931528627872467,0.9,0.5,,,,True,1.0,0.8350000000000003,75310674900017,0.53061444,0.0,AUTO_RISK,75310674900017
1302,AUTO_RISK,39390413100025,0.96533334,0.96533334,0.0,1.0,1.0,1.0,1.0,,,,True,1.0,0.8350000000000003,39390413100025,0.96533334,0.0,AUTO_RISK,39390413100025
13039,AUTO_RISK,32810499700064,0.9559322,0.9559322,0.0,1.0,0.9999998807907104,1.0,1.0,,,,True,0.9961977005004883,0.8350000000000003,32810499700064,0.9559322,0.0,AUTO_RISK,32810499700064
13041,REVIEW,84106541000018,0.008073818,0.0021415188,0.0059322994,3.7701364,0.5475873947143555,0.5479302832244008,0.0,,,,,0.699999988079071,0.8350000000000003,,,,REVIEW,84106541000018
13042,AUTO_RISK,31210937400172,0.96533334,0.96533334,0.0,1.0,0.8274484276771545,0.9945945945945944,0.6666666666666666,,,,True,0.9961977005004883,0.8350000000000003,31210937400172,0.96533334,0.0,AUTO_RISK,31210937400172
13046,REVIEW,66204244941737,0.96533334,0.96533334,0.0,1.0,0.9348142147064208,1.0,1.0,,,,True,0.0833333358168602,0.8350000000000003,66204244941737,0.96533334,0.0,REVIEW,66204244941737
1305,REVIEW,92235633200036,0.6739812,0.63245034,0.041530848,1.0656666,0.8609607219696045,0.940952380952381,1.0,,,,,0.0,0.8350000000000003,,,,REVIEW,92235633200036
13054,AUTO_RISK,81743658700015,0.96533334,0.96533334,0.0,1.0,1.0000001192092896,1.0,1.0,,,,True,1.0,0.8350000000000003,81743658700015,0.96533334,0.0,AUTO_RISK,81743658700015
13061,AUTO_RISK,33083945700216,0.92098767,0.92098767,0.0,1.0,0.7955365180969238,1.0,1.0,,,,True,1.0,0.8350000000000003,33083945700216,0.92098767,0.0,AUTO_RISK,33083945700216
13064,REVIEW,40291262000109,0.9048583,0.33582088,0.56903744,2.694467,0.9848779439926147,0.9260949410949412,0.4285714285714285,,,,,0.817460298538208,0.8350000000000003,,,,REVIEW,40291262000109
13066,AUTO_RISK,39268578000026,0.9871795,0.9871795,0.0,1.0,0.9999998807907104,1.0,1.0,,,,True,1.0,0.8350000000000003,39268578000026,0.9871795,0.0,AUTO_RISK,39268578000026
1307,AUTO_RISK,35172166700035,0.8766756,0.8766756,0.0,1.0,0.9061807990074158,0.845360824742268,0.25,,,,True,1.0,0.8350000000000003,35172166700035,0.8766756,0.0,AUTO_RISK,35172166700035
13077,AUTO_RISK,38462657800197,0.96533334,0.96533334,0.0,1.0,0.9999999403953552,1.0,1.0,,,,True,1.0,0.8350000000000003,38462657800197,0.96533334,0.0,AUTO_RISK,38462657800197
13079,REVIEW,77587839000027,0.96533334,0.26684636,0.698487,3.6175623,0.9999998807907104,1.0,1.0,,,,,0.913385808467865,0.8350000000000003,,,,REVIEW,77587839000027
13088,AUTO_RISK,48017335000145,1.0,0.26684636,0.73315364,3.7474747,1.0,1.0,1.0,,,,,1.0,0.8350000000000003,,,,AUTO_RISK,48017335000145
13095,AUTO_RISK,43434394300032,0.9848485,0.1,0.8848485,9.848485,1.0000001192092896,1.0,1.0,,,,,1.0,0.8350000000000003,,,,AUTO_RISK,43434394300032
13098,AUTO_RISK,42271545800044,0.8419811,0.8419811,0.0,1.0,0.7899859547615051,0.5669427191166322,0.5,,,,True,1.0,0.8350000000000003,42271545800044,0.8419811,0.0,AUTO_RISK,42271545800044
1310,AUTO_RISK,35172166700027,0.16865079,0.16865079,0.0,1.0,0.7228876352310181,0.5626575028636883,0.0769230769230769,,,,True,1.0,0.8350000000000003,35172166700027,0.16865079,0.0,AUTO_RISK,35172166700027
13100,AUTO_RISK,44508805700069,0.96533334,0.96533334,0.0,1.0,0.7048541307449341,1.0,1.0,,,,True,1.0,0.8350000000000003,44508805700069,0.96533334,0.0,AUTO_RISK,44508805700069
13102,REVIEW,42141580300053,0.63245034,0.016393442,0.6160569,38.57947,0.4315652847290039,0.6047619047619047,0.0,,,,,0.9692307710647583,0.8350000000000003,,,,REVIEW,42141580300053
13105,AUTO_RISK,44835452200071,0.721519,0.721519,0.0,1.0,0.9999999403953552,1.0,1.0,,,,True,1.0,0.8350000000000003,44835452200071,0.721519,0.0,AUTO_RISK,44835452200071
13112,REVIEW,47904859700583,0.8419811,0.05142857,0.79055256,16.371855,0.8484570980072021,0.9076923076923076,0.3333333333333333,,,,,0.817460298538208,0.8350000000000003,,,,REVIEW,47904859700583
13113,REVIEW,39925689001645,0.8766756,0.05142857,0.82524705,17.04647,0.7412121295928955,0.7698412698412698,0.5,,,,,0.913385808467865,0.8350000000000003,,,,REVIEW,39925689001645
13117,AUTO_RISK,42513305500144,0.42696628,0.42696628,0.0,1.0,0.792654275894165,0.936,0.6666666666666666,,,,True,1.0,0.8350000000000003,42513305500144,0.42696628,0.0,AUTO_RISK,42513305500144
13119,AUTO_RISK,66204244943162,0.5191083,0.0021415188,0.51696676,242.40193,0.8102854490280151,0.8303030303030302,0.5,,,,,0.9961977005004883,0.8350000000000003,,,,AUTO_RISK,66204244943162
13122,AUTO_RISK,66204244939624,0.8083832,0.8083832,0.0,1.0,0.919195592403412,0.91,0.6666666666666666,,,,True,1.0,0.8350000000000003,66204244939624,0.8083832,0.0,AUTO_RISK,66204244939624
13124,AUTO_RISK,66204244934542,0.92098767,0.92098767,0.0,1.0,0.958923637866974,0.9157894736842104,0.6666666666666666,,,,True,1.0,0.8350000000000003,66204244934542,0.92098767,0.0,AUTO_RISK,66204244934542
13130,AUTO_RISK,87280339000089,0.92098767,0.92098767,0.0,1.0,0.8220577239990234,0.8140740740740741,0.6666666666666666,,,,True,1.0,0.8350000000000003,87280339000089,0.92098767,0.0,AUTO_RISK,87280339000089
13131,AUTO_RISK,87280339000030,0.8766756,0.8766756,0.0,1.0,0.8080357313156128,0.7261904761904763,0.5,,,,True,1.0,0.8350000000000003,87280339000030,0.8766756,0.0,AUTO_RISK,87280339000030
13133,AUTO_RISK,42505055605230,0.96533334,0.96533334,0.0,1.0,1.0,1.0,1.0,,,,True,1.0,0.8350000000000003,42505055605230,0.96533334,0.0,AUTO_RISK,42505055605230
13134,AUTO_RISK,48193065900075,0.8419811,0.8419811,0.0,1.0,0.906158447265625,0.9428571428571428,0.5,,,,True,1.0,0.8350000000000003,48193065900075,0.8419811,0.0,AUTO_RISK,48193065900075
13140,AUTO_RISK,66204244933981,0.6739812,0.0052724076,0.6687088,127.83177,0.8102854490280151,0.8303030303030302,0.5,,,,,0.9961977005004883,0.8350000000000003,,,,AUTO_RISK,66204244933981
13147,AUTO_RISK,22440002802595,0.8419811,0.8419811,0.0,1.0,0.8201594948768616,0.6111111111111112,0.1666666666666666,,,,True,0.9961977005004883,0.8350000000000003,22440002802595,0.8419811,0.0,AUTO_RISK,22440002802595
13150,AUTO_RISK,53066844100013,0.9479167,0.9479167,0.0,1.0,0.8758135437965393,0.9586206896551724,0.75,,,,True,1.0,0.8350000000000003,53066844100013,0.9479167,0.0,AUTO_RISK,53066844100013
13161,REVIEW,40194669400023,0.9048583,0.775,0.12985831,1.1675591,1.0,1.0,1.0,,,,True,0.0,0.8350000000000003,40194669400023,0.9048583,0.0,REVIEW,40194669400023
13164,AUTO_RISK,81503782500057,0.96533334,0.96533334,0.0,1.0,0.8624775409698486,1.0,1.0,,,,True,1.0,0.8350000000000003,81503782500057,0.96533334,0.0,AUTO_RISK,81503782500057
13173,AUTO_RISK,43814827200026,0.8766756,0.8766756,0.0,1.0,0.9999999403953552,1.0,1.0,,,,True,1.0,0.8350000000000003,43814827200026,0.8766756,0.0,AUTO_RISK,43814827200026
13182,AUTO_RISK,86880120000023,0.96533334,0.96533334,0.0,1.0,1.0,1.0,1.0,,,,True,0.9961977005004883,0.8350000000000003,86880120000023,0.96533334,0.0,AUTO_RISK,86880120000023
13194,AUTO_RISK,43287143200048,0.95896184,0.95896184,0.0,1.0,1.0,1.0,1.0,,,,True,1.0,0.8350000000000003,43287143200048,0.95896184,0.0,AUTO_RISK,43287143200048
13200,AUTO_RISK,40181149200057,0.92098767,0.92098767,0.0,1.0,1.0,1.0,1.0,,,,True,1.0,0.8350000000000003,40181149200057,0.92098767,0.0,AUTO_RISK,40181149200057
13202,AUTO_RISK,42861673400219,0.9628571,0.9628571,0.0,1.0,0.8858946561813354,1.0,1.0,,,,True,1.0,0.8350000000000003,42861673400219,0.9628571,0.0,AUTO_RISK,42861673400219
13203,AUTO_RISK,79746832900033,0.9048583,0.9048583,0.0,1.0,0.8636071085929871,0.9058823529411764,0.5,,,,True,1.0,0.8350000000000003,79746832900033,0.9048583,0.0,AUTO_RISK,79746832900033
13210,AUTO_RISK,44182328300045,0.9559322,0.9559322,0.0,1.0,0.9806020259857178,0.9875,0.3333333333333333,,,,True,1.0,0.8350000000000003,44182328300045,0.9559322,0.0,AUTO_RISK,44182328300045
13212,AUTO_RISK,34925706300041,0.96533334,0.96533334,0.0,1.0,1.0,1.0,1.0,,,,True,1.0,0.8350000000000003,34925706300041,0.96533334,0.0,AUTO_RISK,34925706300041
13217,REVIEW,17440151300018,0.5191083,0.26684636,0.25226194,1.9453453,0.6659181118011475,0.5606837606837607,0.0,,,,,0.913385808467865,0.8350000000000003,,,,REVIEW,17440151300018
13225,REVIEW,32258405300027,0.8766756,0.721519,0.15515661,1.2150416,0.6846373081207275,0.8998039215686274,0.5,,,,,0.4736842215061188,0.8350000000000003,,,,REVIEW,32258405300027
1323,AUTO_RISK,78074611100027,0.7966102,0.7966102,0.0,1.0,0.714946985244751,0.6501915708812261,0.4,,,,True,1.0,0.8350000000000003,78074611100027,0.7966102,0.0,AUTO_RISK,78074611100027
13236,AUTO_RISK,40390608400039,0.92098767,0.92098767,0.0,1.0,0.9921937584877014,0.9733333333333334,0.3333333333333333,,,,True,1.0,0.8350000000000003,40390608400039,0.92098767,0.0,AUTO_RISK,40390608400039
13243,AUTO_RISK,39938169800022,0.6739812,0.6739812,0.0,1.0,0.6390677690505981,0.9027027027027028,0.6,,,,True,0.9961977005004883,0.8350000000000003,39938169800022,0.6739812,0.0,AUTO_RISK,39938169800022
13251,AUTO_RISK,41063462000083,0.9048583,0.9048583,0.0,1.0,0.8283427953720093,0.7807692307692307,0.6666666666666666,,,,True,1.0,0.8350000000000003,41063462000083,0.9048583,0.0,AUTO_RISK,41063462000083
13254,AUTO_RISK,90139895800016,0.9848485,0.9848485,0.0,1.0,0.9999998807907104,1.0,1.0,,,,True,1.0,0.8350000000000003,90139895800016,0.9848485,0.0,AUTO_RISK,90139895800016
13258,AUTO_RISK,44306308600039,0.9048583,0.9048583,0.0,1.0,0.9999998807907104,1.0,1.0,,,,True,1.0,0.8350000000000003,44306308600039,0.9048583,0.0,AUTO_RISK,44306308600039
13261,AUTO_RISK,86680034500047,0.9848485,0.9848485,0.0,1.0,0.9999998807907104,1.0,1.0,,,,True,1.0,0.8350000000000003,86680034500047,0.9848485,0.0,AUTO_RISK,86680034500047
13276,AUTO_RISK,34500228100045,0.8419811,0.8419811,0.0,1.0,0.6085599660873413,0.7265831370029271,0.5,,,,True,1.0,0.8350000000000003,34500228100045,0.8419811,0.0,AUTO_RISK,34500228100045
13279,REVIEW,42867712400284,0.33582088,0.016393442,0.31942743,20.485075,0.0,0.4846153846153846,0.0,,,,,0.913385808467865,0.8350000000000003,,,,REVIEW,42867712400284
13281,REVIEW,43821323300119,0.016393442,0.008073818,0.008319624,2.0304449,0.5031964778900146,0.5955215419501134,0.0,,,,,0.65625,0.8350000000000003,,,,REVIEW,43821323300119
13290,AUTO_RISK,51356588700017,0.9848485,0.9848485,0.0,1.0,1.0,1.0,1.0,,,,True,1.0,0.8350000000000003,51356588700017,0.9848485,0.0,AUTO_RISK,51356588700017
13294,AUTO_RISK,30340961900291,0.8766756,0.8766756,0.0,1.0,0.8454242944717407,0.8387096774193548,0.25,,,,True,1.0,0.8350000000000003,30340961900291,0.8766756,0.0,AUTO_RISK,30340961900291
13302,AUTO_RISK,95420083800108,0.42696628,0.006139992,0.4208263,69.538574,0.0,0.4880952380952381,0.0,,,,,0.9961977005004883,0.8350000000000003,,,,AUTO_RISK,95420083800108
1331,AUTO_RISK,44953334800016,0.5191083,0.5191083,0.0,1.0,0.786068320274353,0.7535714285714287,0.0,,,,True,1.0,0.8350000000000003,44953334800016,0.5191083,0.0,AUTO_RISK,44953334800016
13315,AUTO_RISK,80395231600039,0.9479167,0.9479167,0.0,1.0,0.8151057958602905,1.0,1.0,,,,True,1.0,0.8350000000000003,80395231600039,0.9479167,0.0,AUTO_RISK,80395231600039
13319,AUTO_RISK,44880229800035,0.9848485,0.9848485,0.0,1.0,1.0,1.0,1.0,,,,True,1.0,0.8350000000000003,44880229800035,0.9848485,0.0,AUTO_RISK,44880229800035
13325,AUTO_RISK,35014392100053,0.5191083,0.5191083,0.0,1.0,0.9319669604301452,0.8952380952380953,0.5,,,,True,1.0,0.8350000000000003,35014392100053,0.5191083,0.0,AUTO_RISK,35014392100053
13330,REVIEW,38435528500188,0.8419811,0.6739812,0.16799992,1.249265,0.8858423233032227,0.888888888888889,0.5,,,,,0.08163265138864517,0.8350000000000003,,,,REVIEW,38435528500188
13336,AUTO_RISK,44227845300166,0.8419811,0.8419811,0.0,1.0,0.9054720401763916,0.9125,0.6666666666666666,,,,True,1.0,0.8350000000000003,44227845300166,0.8419811,0.0,AUTO_RISK,44227845300166
13343,AUTO_RISK,41170860500075,0.8083832,0.007380074,0.80100316,109.53593,0.665259599685669,0.8555555555555556,0.0,,,,,1.0,0.8350000000000003,,,,AUTO_RISK,41170860500075
13344,AUTO_RISK,52180266000014,0.96533334,0.96533334,0.0,1.0,1.0,1.0,1.0,,,,True,1.0,0.8350000000000003,52180266000014,0.96533334,0.0,AUTO_RISK,52180266000014
13348,AUTO_RISK,32992326200029,0.9848485,0.9848485,0.0,1.0,1.0,1.0,1.0,,,,True,1.0,0.8350000000000003,32992326200029,0.9848485,0.0,AUTO_RISK,32992326200029
13367,AUTO_RISK,78604315800025,0.92098767,0.92098767,0.0,1.0,0.9075421690940856,0.9004658385093168,0.6,,,,True,1.0,0.8350000000000003,78604315800025,0.92098767,0.0,AUTO_RISK,78604315800025
13374,AUTO_RISK,91792975400013,0.8766756,0.8766756,0.0,1.0,0.9038284420967102,0.875,0.5,,,,True,1.0,0.8350000000000003,91792975400013,0.8766756,0.0,AUTO_RISK,91792975400013
13386,AUTO_RISK,42212829800029,0.8766756,0.8766756,0.0,1.0,0.9319721460342408,0.9384615384615383,0.0,,,,True,1.0,0.8350000000000003,42212829800029,0.8766756,0.0,AUTO_RISK,42212829800029
13391,REVIEW,32065165600169,0.92098767,0.8419811,0.07900655,1.0938342,1.0,1.0,1.0,,,,,0.0833333358168602,0.8350000000000003,,,,REVIEW,32065165600169
13394,REVIEW,84390844300024,0.05142857,0.0052724076,0.046156164,9.754286,0.0,0.3392156862745097,0.0,,,,,0.942307710647583,0.8350000000000003,,,,REVIEW,84390844300024
13404,AUTO_RISK,38434702700060,0.9848485,0.9848485,0.0,1.0,0.96046781539917,1.0,1.0,,,,True,1.0,0.8350000000000003,38434702700060,0.9848485,0.0,AUTO_RISK,38434702700060
13409,AUTO_RISK,44298270800038,0.8419811,0.8419811,0.0,1.0,0.7843629121780396,0.92,0.5,,,,True,1.0,0.8350000000000003,44298270800038,0.8419811,0.0,AUTO_RISK,44298270800038
13416,AUTO_RISK,85680214500065,0.63245034,0.0052724076,0.62717795,119.95475,0.5800156593322754,0.546957671957672,0.0,,,,,1.0,0.8350000000000003,,,,AUTO_RISK,85680214500065
13418,AUTO_RISK,48291927100023,0.63245034,0.63245034,0.0,1.0,0.7194273471832275,0.8687168610816542,0.3333333333333333,,,,True,0.9961977005004883,0.8350000000000003,48291927100023,0.63245034,0.0,AUTO_RISK,48291927100023
13424,AUTO_RISK,13000548116925,0.9048583,0.9048583,0.0,1.0,0.8819514513015747,0.8781818181818182,0.375,,,,True,1.0,0.8350000000000003,13000548116925,0.9048583,0.0,AUTO_RISK,13000548116925
13425,REVIEW,78601955400116,0.9166667,0.5191083,0.3975584,1.7658486,0.8219519853591919,0.7714285714285715,0.0,,,,,0.913385808467865,0.8350000000000003,,,,REVIEW,78601955400116
13427,REVIEW,34042761601725,0.6739812,0.021181718,0.6527995,31.819006,0.6814996600151062,0.6902777777777778,0.1428571428571428,,,,,0.913385808467865,0.8350000000000003,,,,REVIEW,34042761601725
13431,AUTO_RISK,13000548113153,0.6739812,0.6739812,0.0,1.0,0.673603892326355,0.5292644183773216,0.125,,,,True,1.0,0.8350000000000003,13000548113153,0.6739812,0.0,AUTO_RISK,13000548113153
13434,AUTO_RISK,13000548120497,0.6739812,0.6739812,0.0,1.0,0.7521532773971558,0.539484126984127,0.2,,,,True,1.0,0.8350000000000003,13000548120497,0.6739812,0.0,AUTO_RISK,13000548120497
13436,REVIEW,64201319700370,0.26684636,0.05142857,0.21541779,5.188679,0.8619152307510376,0.8269392598985867,0.5,,,,,0.49180328845977783,0.8350000000000003,,,,REVIEW,64201319700370
13447,AUTO_RISK,16002301600365,0.92098767,0.016393442,0.90459424,56.180252,0.786555290222168,0.6,0.0,,,,,1.0,0.8350000000000003,,,,AUTO_RISK,16002301600365
13454,AUTO_RISK,52167615500026,0.8419811,0.016393442,0.8255877,51.36085,0.8013660907745361,0.6060606060606061,0.0,,,,,0.9961977005004883,0.8350000000000003,,,,AUTO_RISK,52167615500026
13456,AUTO_RISK,39054866700083,0.6739812,0.6739812,0.0,1.0,0.7800275087356567,0.6866078239075951,0.1428571428571428,,,,True,0.9961977005004883,0.8350000000000003,39054866700083,0.6739812,0.0,AUTO_RISK,39054866700083
13467,AUTO_RISK,53286916100028,0.8766756,0.8766756,0.0,1.0,0.9999999403953552,1.0,1.0,,,,True,1.0,0.8350000000000003,53286916100028,0.8766756,0.0,AUTO_RISK,53286916100028
13473,AUTO_RISK,49908137000011,0.1,0.1,0.0,1.0,0.9134448766708374,0.85,1.0,,,,True,0.9961977005004883,0.8350000000000003,49908137000011,0.1,0.0,AUTO_RISK,49908137000011
13476,REVIEW,39259328100018,0.021181718,0.016393442,0.004788276,1.2920848,0.9294000864028932,0.9787878787878788,0.0,,,,,0.699999988079071,0.8350000000000003,,,,REVIEW,39259328100018
1348,REVIEW,44492238900036,0.36363637,0.016393442,0.34724292,22.18182,0.5355026125907898,0.576984126984127,0.0,,,,,0.913385808467865,0.8350000000000003,,,,REVIEW,44492238900036
13484,AUTO_RISK,40969556600029,0.8083832,0.8083832,0.0,1.0,0.8901844024658203,0.6187196812196812,0.5,,,,True,1.0,0.8350000000000003,40969556600029,0.8083832,0.0,AUTO_RISK,40969556600029
13496,AUTO_RISK,51239840500013,0.92098767,0.92098767,0.0,1.0,0.8878562450408936,0.9517241379310344,0.6666666666666666,,,,True,1.0,0.8350000000000003,51239840500013,0.92098767,0.0,AUTO_RISK,51239840500013
13508,AUTO_RISK,43249563800053,0.96533334,0.5191083,0.44622505,1.8595991,0.0,0.0,0.0,,,,,0.9961977005004883,0.8350000000000003,,,,AUTO_RISK,43249563800053
13512,AUTO_RISK,78601209600065,0.33582088,0.33582088,0.0,1.0,0.6888951063156128,0.910061814970651,0.1666666666666666,,,,True,1.0,0.8350000000000003,78601209600065,0.33582088,0.0,AUTO_RISK,78601209600065
13518,REVIEW,34508145900330,0.92098767,0.26684636,0.6541413,3.451378,0.9999998807907104,1.0,1.0,,,,,0.699999988079071,0.8350000000000003,,,,REVIEW,34508145900330
13523,AUTO_RISK,42082444300048,0.92098767,0.92098767,0.0,1.0,1.0,1.0,1.0,,,,True,1.0,0.8350000000000003,42082444300048,0.92098767,0.0,AUTO_RISK,42082444300048
13525,REVIEW,30510890400072,0.7966102,0.63245034,0.16415983,1.2595617,0.5606660842895508,0.6032838506522717,0.0,,,,,0.817460298538208,0.8350000000000003,,,,REVIEW,30510890400072
13526,REVIEW,87380055100129,0.26684636,0.006139992,0.26070637,43.460377,0.5195342898368835,0.6351776878092666,0.0,,,,,0.942307710647583,0.8350000000000003,,,,REVIEW,87380055100129
1353,AUTO_RISK,33237404000019,0.9848485,0.9848485,0.0,1.0,1.0,1.0,1.0,,,,True,1.0,0.8350000000000003,33237404000019,0.9848485,0.0,AUTO_RISK,33237404000019
13530,REVIEW,38906874300100,0.721519,0.05142857,0.67009044,14.029536,0.7326978445053101,0.5740740740740741,0.5,,,,,0.817460298538208,0.8350000000000003,,,,REVIEW,38906874300100
13531,AUTO_RISK,45406806500266,0.9559322,0.9559322,0.0,1.0,0.9617019891738892,0.948148148148148,0.75,,,,True,1.0,0.8350000000000003,45406806500266,0.9559322,0.0,AUTO_RISK,45406806500266
13538,REVIEW,78985104500011,0.9559322,0.9048583,0.05107391,1.056444,0.948449730873108,0.96,1.0,,,,,0.1428571492433548,0.8350000000000003,,,,REVIEW,78985104500011
1354,AUTO_RISK,78074474400019,0.80873686,0.80873686,0.0,1.0,0.9177171587944032,0.9393939393939394,0.6666666666666666,,,,True,1.0,0.8350000000000003,78074474400019,0.80873686,0.0,AUTO_RISK,78074474400019
1355,AUTO_RISK,78074474400027,0.69402987,0.69402987,0.0,1.0,0.8451546430587769,0.9314285714285714,0.5,,,,True,1.0,0.8350000000000003,78074474400027,0.69402987,0.0,AUTO_RISK,78074474400027
13552,AUTO_RISK,41971600600020,0.9559322,0.9559322,0.0,1.0,0.9999999403953552,1.0,1.0,,,,True,1.0,0.8350000000000003,41971600600020,0.9559322,0.0,AUTO_RISK,41971600600020
13555,AUTO_RISK,55208329701901,0.9048583,0.9048583,0.0,1.0,0.9504560232162476,0.9066666666666666,0.5,,,,True,1.0,0.8350000000000003,55208329701901,0.9048583,0.0,AUTO_RISK,55208329701901
13567,AUTO_RISK,62985730100432,0.8083832,0.8083832,0.0,1.0,0.8610177636146545,0.924342105263158,0.3333333333333333,,,,True,1.0,0.8350000000000003,62985730100432,0.8083832,0.0,AUTO_RISK,62985730100432
13571,AUTO_RISK,44347398800022,0.9559322,0.9559322,0.0,1.0,0.9999999403953552,1.0,1.0,,,,True,1.0,0.8350000000000003,44347398800022,0.9559322,0.0,AUTO_RISK,44347398800022
13573,REVIEW,83402184200028,0.26684636,0.007380074,0.2594663,36.15768,0.4287086129188537,0.5934640522875817,0.0,,,,,0.913385808467865,0.8350000000000003,,,,REVIEW,83402184200028
13583,AUTO_RISK,43186705000038,0.9479167,0.9479167,0.0,1.0,1.0000001192092896,1.0,1.0,,,,True,1.0,0.8350000000000003,43186705000038,0.9479167,0.0,AUTO_RISK,43186705000038
13587,AUTO_RISK,48204583800026,0.96533334,0.96533334,0.0,1.0,0.9617586731910706,1.0,1.0,,,,True,1.0,0.8350000000000003,48204583800026,0.96533334,0.0,AUTO_RISK,48204583800026
13589,AUTO_RISK,35406351300015,0.9048583,0.9048583,0.0,1.0,0.7301279902458191,0.9476190476190476,0.6,,,,True,1.0,0.8350000000000003,35406351300015,0.9048583,0.0,AUTO_RISK,35406351300015
13592,AUTO_RISK,84227247800012,0.9628571,0.006139992,0.95671713,156.81734,0.9999999403953552,1.0,1.0,,,,,1.0,0.8350000000000003,,,,AUTO_RISK,84227247800012
13593,AUTO_RISK,43905527800063,0.8083832,0.8083832,0.0,1.0,0.91146719455719,0.9333333333333332,1.0,,,,True,1.0,0.8350000000000003,43905527800063,0.8083832,0.0,AUTO_RISK,43905527800063
13613,REVIEW,33358346602165,0.721519,0.26684636,0.45467263,2.7038743,0.8667623996734619,0.96,0.5,,,,,0.375,0.8350000000000003,,,,REVIEW,33358346602165
13626,AUTO_RISK,37804049700026,0.9470126,0.9470126,0.0,1.0,0.8674104809761047,0.95,1.0,,,,True,1.0,0.8350000000000003,37804049700026,0.9470126,0.0,AUTO_RISK,37804049700026
13632,REVIEW,42031695200027,0.6739812,0.016393442,0.65758777,41.112854,0.868109941482544,0.9142857142857144,0.5,,,,,0.9692307710647583,0.8350000000000003,,,,REVIEW,42031695200027
1364,AUTO_RISK,53416964400059,0.9433962,0.9433962,0.0,1.0,1.0000001192092896,1.0,1.0,,,,True,1.0,0.8350000000000003,53416964400059,0.9433962,0.0,AUTO_RISK,53416964400059
13640,AUTO_RISK,33157796500105,0.96533334,0.96533334,0.0,1.0,0.7400093674659729,1.0,1.0,,,,True,1.0,0.8350000000000003,33157796500105,0.96533334,0.0,AUTO_RISK,33157796500105
13642,AUTO_RISK,85780293800020,1.0,1.0,0.0,1.0,1.0,1.0,1.0,,,,True,1.0,0.8350000000000003,85780293800020,1.0,0.0,AUTO_RISK,85780293800020
13643,REVIEW,43148766900027,0.1,0.05142857,0.04857143,1.9444444,0.721555233001709,0.5492063492063491,0.3333333333333333,,,,True,0.1301899254322052,0.8350000000000003,43148766900027,0.1,0.0,REVIEW,43148766900027
13653,REVIEW,30812835400039,0.26684636,0.16865079,0.09819557,1.582242,0.6327266693115234,0.6507936507936508,0.2,,,,True,0.08163265138864517,0.8350000000000003,30812835400039,0.26684636,0.0,REVIEW,30812835400039
13654,REVIEW,39825193400038,1.0,0.5191083,0.4808917,1.9263803,1.0,1.0,1.0,,,,,0.817460298538208,0.8350000000000003,,,,REVIEW,39825193400038
13657,AUTO_RISK,90153178000012,0.16865079,0.16865079,0.0,1.0,0.7705483436584473,0.7799165432763494,0.25,,,,True,1.0,0.8350000000000003,90153178000012,0.16865079,0.0,AUTO_RISK,90153178000012
13658,REVIEW,34977369700082,0.1,0.016393442,0.083606556,6.1000004,0.5072503089904785,0.8796296296296297,1.0,,,,,0.2571428716182709,0.8350000000000003,,,,REVIEW,34977369700082
13670,REVIEW,44122260100037,0.6739812,0.63245034,0.041530848,1.0656666,0.7573106288909912,0.6822390572390572,0.25,,,,,0.0833333358168602,0.8350000000000003,,,,REVIEW,44122260100037
13672,AUTO_RISK,32565471300180,0.9048583,0.9048583,0.0,1.0,0.8312131762504578,0.9125,0.5,,,,True,1.0,0.8350000000000003,32565471300180,0.9048583,0.0,AUTO_RISK,32565471300180
13673,REVIEW,34960271400033,0.5191083,0.0875,0.4316083,5.9326663,0.7582094669342041,0.7721467391304349,0.1666666666666666,,,,,0.699999988079071,0.8350000000000003,,,,REVIEW,34960271400033
13676,AUTO_RISK,45308084800063,0.63245034,0.63245034,0.0,1.0,0.8525561094284058,0.8941176470588236,0.6666666666666666,,,,True,1.0,0.8350000000000003,45308084800063,0.63245034,0.0,AUTO_RISK,45308084800063
1368,AUTO_RISK,80143533000015,0.9628571,0.9628571,0.0,1.0,0.9999998807907104,1.0,1.0,,,,True,1.0,0.8350000000000003,80143533000015,0.9628571,0.0,AUTO_RISK,80143533000015
13689,AUTO_RISK,87280331700074,0.69402987,0.69402987,0.0,1.0,0.5853493213653564,0.8420512820512821,0.2,,,,True,1.0,0.8350000000000003,87280331700074,0.69402987,0.0,AUTO_RISK,87280331700074
13694,AUTO_RISK,31202280900023,0.16865079,0.16865079,0.0,1.0,0.7730168104171753,0.633728173576371,0.2307692307692307,,,,True,0.9961977005004883,0.8350000000000003,31202280900023,0.16865079,0.0,AUTO_RISK,31202280900023
13698,REVIEW,81789297900037,0.96533334,0.42696628,0.53836703,2.2609124,1.0,1.0,1.0,,,,,0.913385808467865,0.8350000000000003,,,,REVIEW,81789297900037
13720,REVIEW,87915022500024,0.92098767,0.6739812,0.24700648,1.3664887,0.8546930551528931,0.7496732026143791,0.6666666666666666,,,,,0.3310627341270447,0.8350000000000003,,,,REVIEW,87915022500024
13722,AUTO_RISK,53973697500035,0.8766756,0.8766756,0.0,1.0,0.8053864240646362,0.8933333333333334,0.5,,,,True,1.0,0.8350000000000003,53973697500035,0.8766756,0.0,AUTO_RISK,53973697500035
13723,AUTO_RISK,77568271900155,0.721519,0.721519,0.0,1.0,0.7271640300750732,0.5398692810457516,0.5,,,,True,1.0,0.8350000000000003,77568271900155,0.721519,0.0,AUTO_RISK,77568271900155
13724,AUTO_RISK,44316376100036,0.26684636,0.26684636,0.0,1.0,0.8708299398422241,0.8933333333333334,0.5,,,,True,0.9961977005004883,0.8350000000000003,44316376100036,0.26684636,0.0,AUTO_RISK,44316376100036
13732,AUTO_RISK,32025933600040,0.9048583,0.9048583,0.0,1.0,0.854019045829773,0.8360507246376812,0.6666666666666666,,,,True,1.0,0.8350000000000003,32025933600040,0.9048583,0.0,AUTO_RISK,32025933600040
13733,AUTO_RISK,79290406200033,0.8419811,0.8419811,0.0,1.0,0.9129120111465454,0.9043478260869564,0.6666666666666666,,,,True,1.0,0.8350000000000003,79290406200033,0.8419811,0.0,AUTO_RISK,79290406200033
13748,REVIEW,20007907700026,0.9479167,0.8766756,0.07124108,1.0812627,1.0,1.0,1.0,,,,True,0.2571428716182709,0.8350000000000003,20007907700026,0.9479167,0.0,REVIEW,20007907700026
13750,AUTO_RISK,48890741100034,0.8083832,0.8083832,0.0,1.0,0.9999999403953552,1.0,1.0,,,,True,1.0,0.8350000000000003,48890741100034,0.8083832,0.0,AUTO_RISK,48890741100034
13752,AUTO_RISK,41251994400026,0.96533334,0.96533334,0.0,1.0,1.0000001192092896,1.0,1.0,,,,True,1.0,0.8350000000000003,41251994400026,0.96533334,0.0,AUTO_RISK,41251994400026
13754,AUTO_RISK,32565471300420,0.721519,0.721519,0.0,1.0,0.7385907173156738,0.9285714285714286,0.5,,,,True,1.0,0.8350000000000003,32565471300420,0.721519,0.0,AUTO_RISK,32565471300420
13762,AUTO_RISK,34488412700020,0.92098767,0.92098767,0.0,1.0,1.0,0.9857142857142858,0.25,,,,True,1.0,0.8350000000000003,34488412700020,0.92098767,0.0,AUTO_RISK,34488412700020
13764,AUTO_RISK,75176569400011,0.42696628,0.42696628,0.0,1.0,0.7588732838630676,0.6994708994708995,0.4,,,,True,1.0,0.8350000000000003,75176569400011,0.42696628,0.0,AUTO_RISK,75176569400011
13768,AUTO_RISK,40145814600057,0.96533334,0.96533334,0.0,1.0,1.0000001192092896,1.0,1.0,,,,True,1.0,0.8350000000000003,40145814600057,0.96533334,0.0,AUTO_RISK,40145814600057
13778,AUTO_RISK,33510805600169,0.16865079,0.16865079,0.0,1.0,0.6145615577697754,0.8049242424242425,0.6666666666666666,,,,True,1.0,0.8350000000000003,33510805600169,0.16865079,0.0,AUTO_RISK,33510805600169
13781,AUTO_RISK,42206627400040,0.26684636,0.26684636,0.0,1.0,0.8782179355621338,0.9333333333333332,0.0,,,,True,1.0,0.8350000000000003,42206627400040,0.26684636,0.0,AUTO_RISK,42206627400040
13796,AUTO_RISK,53784424300023,0.9479167,0.9479167,0.0,1.0,1.0000001192092896,1.0,1.0,,,,True,1.0,0.8350000000000003,53784424300023,0.9479167,0.0,AUTO_RISK,53784424300023
13799,AUTO_RISK,82519032500027,0.42696628,0.42696628,0.0,1.0,0.9999999403953552,1.0,1.0,,,,True,1.0,0.8350000000000003,82519032500027,0.42696628,0.0,AUTO_RISK,82519032500027
13800,AUTO_RISK,31778006201002,0.96533334,0.96533334,0.0,1.0,1.0,1.0,1.0,,,,True,1.0,0.8350000000000003,31778006201002,0.96533334,0.0,AUTO_RISK,31778006201002
13808,REVIEW,74984309000046,0.63245034,0.5191083,0.11334205,1.2183399,0.9124773144721984,0.8857142857142858,0.5,,,,,0.08163265138864517,0.8350000000000003,,,,REVIEW,74984309000046
13823,AUTO_RISK,53261671100026,0.9479167,0.9479167,0.0,1.0,0.6109248399734497,1.0,1.0,,,,True,1.0,0.8350000000000003,53261671100026,0.9479167,0.0,AUTO_RISK,53261671100026
13832,REVIEW,80833267002753,0.26684636,0.0875,0.17934635,3.0496728,0.4310474991798401,0.5288220551378445,0.0,,,,,0.817460298538208,0.8350000000000003,,,,REVIEW,80833267002753
13838,AUTO_RISK,54208795200074,0.9048583,0.9048583,0.0,1.0,0.9087555408477784,0.9454545454545455,0.6666666666666666,,,,True,1.0,0.8350000000000003,54208795200074,0.9048583,0.0,AUTO_RISK,54208795200074
13844,REVIEW,40133616900024,0.9628571,0.721519,0.24133813,1.3344861,1.0,1.0,1.0,,,,,0.0833333358168602,0.8350000000000003,,,,REVIEW,40133616900024
13849,REVIEW,83121946400011,0.9479167,0.42696628,0.52095044,2.2201207,0.9748648405075072,0.9636363636363636,0.0,,,,,0.8333333134651184,0.8350000000000003,,,,REVIEW,83121946400011
13853,REVIEW,39133454700018,0.69402987,0.63245034,0.061579525,1.0973666,0.5326296091079712,1.0,1.0,,,,,0.08163265138864517,0.8350000000000003,,,,REVIEW,39133454700018
13859,REVIEW,82463457000017,0.16865079,0.016393442,0.15225735,10.287699,0.0,0.486984126984127,0.0,,,,,0.913385808467865,0.8350000000000003,,,,REVIEW,82463457000017
1387,AUTO_RISK,41376698100745,0.8766756,0.8766756,0.0,1.0,0.8292247653007507,0.8551724137931035,0.5,,,,True,1.0,0.8350000000000003,41376698100745,0.8766756,0.0,AUTO_RISK,41376698100745
13871,AUTO_RISK,79923841500019,0.9048583,0.9048583,0.0,1.0,0.8456482291221619,1.0,1.0,,,,True,1.0,0.8350000000000003,79923841500019,0.9048583,0.0,AUTO_RISK,79923841500019
13872,AUTO_RISK,79139943900029,0.775,0.775,0.0,1.0,0.8025610446929932,0.7795803590741942,0.6666666666666666,,,,True,1.0,0.8350000000000003,79139943900029,0.775,0.0,AUTO_RISK,79139943900029
13886,AUTO_RISK,48013412100023,0.96533334,0.96533334,0.0,1.0,1.0,1.0,1.0,,,,True,1.0,0.8350000000000003,48013412100023,0.96533334,0.0,AUTO_RISK,48013412100023
13891,AUTO_RISK,48318913000030,0.9479167,0.9479167,0.0,1.0,1.0,1.0,1.0,,,,True,1.0,0.8350000000000003,48318913000030,0.9479167,0.0,AUTO_RISK,48318913000030
13924,AUTO_RISK,52180808900044,0.9559322,0.9559322,0.0,1.0,1.000000238418579,1.0,1.0,,,,True,1.0,0.8350000000000003,52180808900044,0.9559322,0.0,AUTO_RISK,52180808900044
13929,AUTO_RISK,40946809700020,0.96533334,0.96533334,0.0,1.0,0.9999998807907104,1.0,1.0,,,,True,1.0,0.8350000000000003,40946809700020,0.96533334,0.0,AUTO_RISK,40946809700020
1393,AUTO_RISK,61920067800123,0.9848485,0.9848485,0.0,1.0,1.0,1.0,1.0,,,,True,1.0,0.8350000000000003,61920067800123,0.9848485,0.0,AUTO_RISK,61920067800123
13933,REVIEW,43490282100082,0.36363637,0.20704846,0.15658791,1.7562863,0.7679556608200073,0.6138888888888889,0.3333333333333333,,,,,0.49180328845977783,0.8350000000000003,,,,REVIEW,43490282100082
13942,REVIEW,83135716500024,0.96533334,0.1,0.8653333,9.653334,0.992611289024353,1.0,1.0,,,,,0.9692307710647583,0.8350000000000003,,,,REVIEW,83135716500024
13954,AUTO_RISK,39909133900248,0.8083832,0.8083832,0.0,1.0,0.9999999403953552,1.0,1.0,,,,True,1.0,0.8350000000000003,39909133900248,0.8083832,0.0,AUTO_RISK,39909133900248
1396,AUTO_RISK,42431197500033,0.8766756,0.8766756,0.0,1.0,0.9405314326286316,0.9857142857142858,0.3333333333333333,,,,True,1.0,0.8350000000000003,42431197500033,0.8766756,0.0,AUTO_RISK,42431197500033
13967,AUTO_RISK,40041667300012,0.96533334,0.96533334,0.0,1.0,1.0,1.0,1.0,,,,True,1.0,0.8350000000000003,40041667300012,0.96533334,0.0,AUTO_RISK,40041667300012
13980,AUTO_RISK,78601196500021,0.8766756,0.8766756,0.0,1.0,0.7759591937065125,0.8500877192982456,0.4,,,,True,1.0,0.8350000000000003,78601196500021,0.8766756,0.0,AUTO_RISK,78601196500021
13999,AUTO_RISK,82888986500022,0.96533334,0.96533334,0.0,1.0,1.0000001192092896,1.0,1.0,,,,True,1.0,0.8350000000000003,82888986500022,0.96533334,0.0,AUTO_RISK,82888986500022
14002,AUTO_RISK,49853306600029,0.9048583,0.9048583,0.0,1.0,0.939009726047516,0.9666666666666666,0.0,,,,True,1.0,0.8350000000000003,49853306600029,0.9048583,0.0,AUTO_RISK,49853306600029
14008,AUTO_RISK,78605526900025,0.9559322,0.9559322,0.0,1.0,0.9741170406341552,0.955,0.8,,,,True,1.0,0.8350000000000003,78605526900025,0.9559322,0.0,AUTO_RISK,78605526900025
14010,AUTO_RISK,53397002600043,0.3796676,0.3796676,0.0,1.0,1.0,1.0,1.0,,,,True,0.9961977005004883,0.8350000000000003,53397002600043,0.3796676,0.0,AUTO_RISK,53397002600043
1402,REVIEW,26140092300338,0.9559322,0.9559322,0.0,1.0,0.9355219006538392,0.939454094292804,0.4,,,,True,0.817460298538208,0.8350000000000003,26140092300338,0.9559322,0.0,REVIEW,26140092300338
14030,AUTO_RISK,34758223100226,0.9628571,0.9628571,0.0,1.0,1.0,1.0,1.0,,,,True,1.0,0.8350000000000003,34758223100226,0.9628571,0.0,AUTO_RISK,34758223100226
14037,AUTO_RISK,44413257500028,0.92098767,0.92098767,0.0,1.0,1.0,1.0,1.0,,,,True,0.9961977005004883,0.8350000000000003,44413257500028,0.92098767,0.0,AUTO_RISK,44413257500028
14049,AUTO_RISK,57223241100544,0.96533334,0.96533334,0.0,1.0,1.0000001192092896,1.0,1.0,,,,True,0.9961977005004883,0.8350000000000003,57223241100544,0.96533334,0.0,AUTO_RISK,57223241100544
14053,REVIEW,13002282500033,0.9048583,0.8419811,0.06287718,1.0746777,0.9271231889724731,0.93,0.3333333333333333,,,,,0.0833333358168602,0.8350000000000003,,,,REVIEW,13002282500033
14061,AUTO_RISK,30401205700085,0.9048583,0.9048583,0.0,1.0,0.8326550722122192,0.904,0.5,,,,True,1.0,0.8350000000000003,30401205700085,0.9048583,0.0,AUTO_RISK,30401205700085
14071,AUTO_RISK,50251139700031,0.16865079,0.16865079,0.0,1.0,0.7831929326057434,0.4841269841269841,0.25,,,,True,1.0,0.8350000000000003,50251139700031,0.16865079,0.0,AUTO_RISK,50251139700031
14074,AUTO_RISK,83019450200019,0.11363637,0.11363637,0.0,1.0,0.6906909942626953,0.8366442019683354,0.0833333333333333,,,,True,1.0,0.8350000000000003,83019450200019,0.11363637,0.0,AUTO_RISK,83019450200019
14079,AUTO_RISK,37814077600113,0.9848485,0.9848485,0.0,1.0,1.0,1.0,1.0,,,,True,1.0,0.8350000000000003,37814077600113,0.9848485,0.0,AUTO_RISK,37814077600113
14080,AUTO_RISK,30563503900194,0.9559322,0.9559322,0.0,1.0,0.7410629391670227,1.0,1.0,,,,True,1.0,0.8350000000000003,30563503900194,0.9559322,0.0,AUTO_RISK,30563503900194
14085,REVIEW,30718119800028,0.69402987,0.16865079,0.52537906,4.115189,0.8941971063613892,0.8769230769230769,0.5,,,,,0.65625,0.8350000000000003,,,,REVIEW,30718119800028
14097,AUTO_RISK,41436886000022,0.9628571,0.9628571,0.0,1.0,1.0,1.0,1.0,,,,True,0.9961977005004883,0.8350000000000003,41436886000022,0.9628571,0.0,AUTO_RISK,41436886000022
14099,AUTO_RISK,44519859100015,0.9479167,0.9479167,0.0,1.0,1.0,1.0,1.0,,,,True,1.0,0.8350000000000003,44519859100015,0.9479167,0.0,AUTO_RISK,44519859100015
141,AUTO_RISK,78601491000032,0.6739812,0.6739812,0.0,1.0,0.9130979776382446,0.6562288073123986,0.6666666666666666,,,,True,1.0,0.8350000000000003,78601491000032,0.6739812,0.0,AUTO_RISK,78601491000032
14101,REVIEW,29300144200020,0.39823008,0.26684636,0.13138372,1.4923571,0.698833703994751,0.543040293040293,0.5,,,,,0.0833333358168602,0.8350000000000003,,,,REVIEW,29300144200020
14103,AUTO_RISK,80358565200024,0.96533334,0.96533334,0.0,1.0,0.9999999403953552,1.0,1.0,,,,True,1.0,0.8350000000000003,80358565200024,0.96533334,0.0,AUTO_RISK,80358565200024
14108,AUTO_RISK,84454296900010,0.96533334,0.96533334,0.0,1.0,0.8817589282989502,1.0,1.0,,,,True,1.0,0.8350000000000003,84454296900010,0.96533334,0.0,AUTO_RISK,84454296900010
14113,AUTO_RISK,38527960900023,0.9559322,0.9559322,0.0,1.0,0.8979578018188477,0.8576190476190476,0.75,,,,True,1.0,0.8350000000000003,38527960900023,0.9559322,0.0,AUTO_RISK,38527960900023
14125,AUTO_RISK,91470584300029,0.5191083,0.0052724076,0.5138359,98.45754,0.7601202130317688,0.9875,0.0,,,,,1.0,0.8350000000000003,,,,AUTO_RISK,91470584300029
14131,REVIEW,39836349900011,0.9479167,0.92098767,0.02692902,1.0292393,0.8120858669281006,0.888888888888889,0.5,,,,,0.2857142984867096,0.8350000000000003,,,,REVIEW,39836349900011
14132,AUTO_RISK,55208329701349,0.9048583,0.9048583,0.0,1.0,0.9489525556564332,0.9066666666666666,0.5,,,,True,1.0,0.8350000000000003,55208329701349,0.9048583,0.0,AUTO_RISK,55208329701349
14152,AUTO_RISK,77591370000057,0.8419811,0.0021415188,0.8398396,393.17007,0.7691165804862976,0.9542857142857144,0.8,,,,,1.0,0.8350000000000003,,,,AUTO_RISK,77591370000057
14158,REVIEW,77591167000013,0.5191083,0.0875,0.4316083,5.9326663,0.8939757943153381,0.7718643012760661,0.5,,,,,0.49180328845977783,0.8350000000000003,,,,REVIEW,77591167000013
14160,REVIEW,77591142300082,0.775,0.42696628,0.3480337,1.8151315,0.5391396284103394,0.6031746031746033,0.0,,,,,0.8307692408561707,0.8350000000000003,,,,REVIEW,77591142300082
14161,AUTO_RISK,77591142300066,0.63245034,0.05142857,0.5810218,12.297646,0.5163931846618652,0.5833333333333334,0.0,,,,,0.9961977005004883,0.8350000000000003,,,,AUTO_RISK,77591142300066
14168,AUTO_RISK,19300025400014,1.0,0.021181718,0.9788183,47.210526,1.0,1.0,1.0,,,,,1.0,0.8350000000000003,,,,AUTO_RISK,19300025400014
14169,REVIEW,19300037900019,0.9048583,0.0875,0.8173583,10.341238,0.6498981714248657,1.0,1.0,,,,,0.817460298538208,0.8350000000000003,,,,REVIEW,19300037900019
1417,AUTO_RISK,44432973401097,0.63245034,0.63245034,0.0,1.0,0.8780094385147095,0.8727272727272728,0.5,,,,True,0.9961977005004883,0.8350000000000003,44432973401097,0.63245034,0.0,AUTO_RISK,44432973401097
14175,AUTO_RISK,19341604700010,0.16865079,0.16865079,0.0,1.0,0.6331997513771057,0.8636363636363636,0.3333333333333333,,,,True,1.0,0.8350000000000003,19341604700010,0.16865079,0.0,AUTO_RISK,19341604700010
14189,AUTO_RISK,41063462000281,0.92098767,0.92098767,0.0,1.0,0.6920168399810791,0.93,0.6666666666666666,,,,True,1.0,0.8350000000000003,41063462000281,0.92098767,0.0,AUTO_RISK,41063462000281
14203,REVIEW,21910659800036,0.721519,0.1,0.62151897,7.21519,0.8239221572875977,0.703096307596689,0.2857142857142857,,,,,0.699999988079071,0.8350000000000003,,,,REVIEW,21910659800036
14204,AUTO_RISK,21910659800051,0.8083832,0.0021415188,0.8062417,377.48126,0.8175615668296814,0.6313131313131314,0.2,,,,,1.0,0.8350000000000003,,,,AUTO_RISK,21910659800051
14213,AUTO_RISK,77573706700063,0.9871795,0.0016708438,0.9855087,590.8269,1.0000001192092896,1.0,1.0,,,,,1.0,0.8350000000000003,,,,AUTO_RISK,77573706700063
14226,AUTO_RISK,82077657300033,0.9848485,0.016393442,0.9684551,60.075764,1.0,1.0,1.0,,,,,1.0,0.8350000000000003,,,,AUTO_RISK,82077657300033
14228,REVIEW,48082036400028,0.9559322,0.6739812,0.281951,1.4183366,1.0000001192092896,1.0,1.0,,,,,0.65625,0.8350000000000003,,,,REVIEW,48082036400028
14242,AUTO_RISK,30490056600049,1.0,0.1,0.9,10.0,0.86018306016922,0.964102564102564,0.8,,,,,0.9961977005004883,0.8350000000000003,,,,AUTO_RISK,30490056600049
14245,REVIEW,34743701400033,0.6739812,0.63245034,0.041530848,1.0656666,0.8927807807922363,0.83,0.25,,,,,0.49180328845977783,0.8350000000000003,,,,REVIEW,34743701400033
14248,REVIEW,33824171400017,0.7966102,0.36363637,0.4329738,2.190678,0.9728299379348756,0.8928571428571429,0.5,,,,,0.49180328845977783,0.8350000000000003,,,,REVIEW,33824171400017
1425,AUTO_RISK,53888084000011,0.6739812,0.0021415188,0.67183965,314.72113,0.0,0.4226190476190476,0.0,,,,,0.9961977005004883,0.8350000000000003,,,,AUTO_RISK,53888084000011
14258,REVIEW,52519065800027,0.42696628,0.39823008,0.028736204,1.0721598,0.8474100232124329,0.7958333333333334,0.3333333333333333,,,,,0.0,0.8350000000000003,,,,REVIEW,52519065800027
14259,REVIEW,40276700800020,0.9628571,0.63245034,0.33040679,1.5224233,0.9587154388427734,1.0,1.0,,,,,0.8307692408561707,0.8350000000000003,,,,REVIEW,40276700800020
14265,REVIEW,13000548121727,0.26684636,0.006139992,0.26070637,43.460377,0.0,0.4664502164502164,0.0,,,,,0.942307710647583,0.8350000000000003,,,,REVIEW,13000548121727
14267,REVIEW,21910659800010,0.69402987,0.05142857,0.6426013,13.495026,0.8642460107803345,0.8413793103448276,0.3333333333333333,,,,,0.817460298538208,0.8350000000000003,,,,REVIEW,21910659800010
14269,REVIEW,89456543100109,0.92098767,0.26684636,0.6541413,3.451378,0.933674454689026,0.9411764705882352,0.6666666666666666,,,,,0.8307692408561707,0.8350000000000003,,,,REVIEW,89456543100109
14274,AUTO_RISK,35403882000362,1.0,0.021181718,0.9788183,47.210526,1.0,1.0,1.0,,,,,0.9961977005004883,0.8350000000000003,,,,AUTO_RISK,35403882000362
14276,REVIEW,75202908200050,0.92098767,0.11363637,0.8073513,8.1046915,0.9999998807907104,1.0,1.0,,,,,0.817460298538208,0.8350000000000003,,,,REVIEW,75202908200050
14281,REVIEW,30480114500059,0.96533334,0.26684636,0.698487,3.6175623,0.9999999403953552,1.0,1.0,,,,,0.8307692408561707,0.8350000000000003,,,,REVIEW,30480114500059
14292,REVIEW,77567216500294,0.33582088,0.05142857,0.2843923,6.5298505,0.4020988345146179,0.5605820105820105,0.0,,,,,0.913385808467865,0.8350000000000003,,,,REVIEW,77567216500294
14293,AUTO_RISK,31778006200905,0.92098767,0.016393442,0.90459424,56.180252,0.9393683671951294,0.8947368421052632,0.5,,,,,1.0,0.8350000000000003,,,,AUTO_RISK,31778006200905
14303,REVIEW,42426428100405,0.8766756,0.8083832,0.06829238,1.0844802,0.7747385501861572,0.95,0.0,,,,,0.65625,0.8350000000000003,,,,REVIEW,42426428100405
14311,AUTO_RISK,35282361100046,0.92098767,0.92098767,0.0,1.0,0.897436261177063,0.925,1.0,,,,True,1.0,0.8350000000000003,35282361100046,0.92098767,0.0,AUTO_RISK,35282361100046
14318,REVIEW,52787573600011,0.1,0.007380074,0.092619926,13.55,0.0,0.4657004830917874,0.0,,,,,0.8307692408561707,0.8350000000000003,,,,REVIEW,52787573600011
14327,REVIEW,54206936400041,0.69402987,0.5191083,0.17492157,1.3369654,0.8252143859863281,0.5744810744810745,0.3333333333333333,,,,,0.0833333358168602,0.8350000000000003,,,,REVIEW,54206936400041
1434,AUTO_RISK,82426989800022,0.991453,0.991453,0.0,1.0,0.9999998807907104,1.0,1.0,,,,True,1.0,0.8350000000000003,82426989800022,0.991453,0.0,AUTO_RISK,82426989800022
14352,AUTO_RISK,49832550500028,0.8766756,0.8766756,0.0,1.0,0.7696053981781006,0.8500000000000001,0.0,,,,True,1.0,0.8350000000000003,49832550500028,0.8766756,0.0,AUTO_RISK,49832550500028
14365,AUTO_RISK,55200093700052,0.96533334,0.016393442,0.9489399,58.885338,1.0,1.0,1.0,,,,,1.0,0.8350000000000003,,,,AUTO_RISK,55200093700052
14367,REVIEW,41318905100043,0.33582088,0.26684636,0.068974525,1.2584803,0.5104238390922546,0.6207692307692307,0.1666666666666666,,,,,0.2571428716182709,0.8350000000000003,,,,REVIEW,41318905100043
14375,AUTO_RISK,39004956700048,0.9048583,0.016393442,0.88846487,55.196358,0.9322468638420104,0.9222222222222222,0.6666666666666666,,,,,1.0,0.8350000000000003,,,,AUTO_RISK,39004956700048
14386,AUTO_RISK,44131356600032,0.721519,0.721519,0.0,1.0,0.8824466466903687,0.9,0.5,,,,True,1.0,0.8350000000000003,44131356600032,0.721519,0.0,AUTO_RISK,44131356600032
14389,AUTO_RISK,48050101400017,0.9457318,0.9457318,0.0,1.0,1.0,1.0,1.0,,,,True,1.0,0.8350000000000003,48050101400017,0.9457318,0.0,AUTO_RISK,48050101400017
1439,AUTO_RISK,45032786100016,0.63245034,0.63245034,0.0,1.0,0.8218332529067993,0.7008928571428571,0.3333333333333333,,,,True,1.0,0.8350000000000003,45032786100016,0.63245034,0.0,AUTO_RISK,45032786100016
14398,AUTO_RISK,20007303900014,0.9479167,0.9479167,0.0,1.0,0.9480947852134703,0.9333333333333332,1.0,,,,True,1.0,0.8350000000000003,20007303900014,0.9479167,0.0,AUTO_RISK,20007303900014
14399,AUTO_RISK,49071162900017,0.9048583,0.9048583,0.0,1.0,1.0,1.0,1.0,,,,True,0.9961977005004883,0.8350000000000003,49071162900017,0.9048583,0.0,AUTO_RISK,49071162900017
14409,AUTO_RISK,39808379000012,0.36363637,0.36363637,0.0,1.0,0.7271071672439575,0.6777777777777777,0.2,,,,True,1.0,0.8350000000000003,39808379000012,0.36363637,0.0,AUTO_RISK,39808379000012
1442,AUTO_RISK,37752603300016,0.9048583,0.9048583,0.0,1.0,1.0,1.0,1.0,,,,True,0.9961977005004883,0.8350000000000003,37752603300016,0.9048583,0.0,AUTO_RISK,37752603300016
1443,AUTO_RISK,47675019500010,0.96533334,0.96533334,0.0,1.0,0.7504017353057861,1.0,1.0,,,,True,1.0,0.8350000000000003,47675019500010,0.96533334,0.0,AUTO_RISK,47675019500010
14435,REVIEW,37818678700024,0.9848485,0.05142857,0.93341994,19.149832,0.9999998807907104,1.0,1.0,,,,,0.913385808467865,0.8350000000000003,,,,REVIEW,37818678700024
14438,AUTO_RISK,31983466900040,0.9048583,0.9048583,0.0,1.0,0.7804557681083679,0.8216216216216216,0.25,,,,True,1.0,0.8350000000000003,31983466900040,0.9048583,0.0,AUTO_RISK,31983466900040
14440,REVIEW,32502073300052,0.5191083,0.39823008,0.12087822,1.3035387,0.4549974799156189,0.5800414078674948,0.0,,,,,0.699999988079071,0.8350000000000003,,,,REVIEW,32502073300052
1445,AUTO_RISK,59382004600054,0.9479167,0.9479167,0.0,1.0,1.0,1.0,1.0,,,,True,1.0,0.8350000000000003,59382004600054,0.9479167,0.0,AUTO_RISK,59382004600054
14462,AUTO_RISK,33996190600049,0.92098767,0.92098767,0.0,1.0,1.0,1.0,1.0,,,,True,0.9961977005004883,0.8350000000000003,33996190600049,0.92098767,0.0,AUTO_RISK,33996190600049
14473,AUTO_RISK,21770237200012,0.9479167,0.9479167,0.0,1.0,0.8552285432815552,1.0,1.0,,,,True,1.0,0.8350000000000003,21770237200012,0.9479167,0.0,AUTO_RISK,21770237200012
14479,REVIEW,21770333900135,0.775,0.05142857,0.7235714,15.069444,0.7153900861740112,0.5174603174603175,0.0,,,,,0.9692307710647583,0.8350000000000003,,,,REVIEW,21770333900135
1448,REVIEW,48529411000021,0.9628571,0.9559322,0.0069249272,1.0072441,0.9999999403953552,1.0,1.0,,,,,0.9692307710647583,0.8350000000000003,,,,REVIEW,48529411000021
14484,AUTO_RISK,32799938900049,0.9848485,0.9848485,0.0,1.0,1.0,1.0,1.0,,,,True,1.0,0.8350000000000003,32799938900049,0.9848485,0.0,AUTO_RISK,32799938900049
14489,AUTO_RISK,31573420200320,0.8083832,0.8083832,0.0,1.0,0.5938342809677124,0.5674603174603174,0.5,,,,True,1.0,0.8350000000000003,31573420200320,0.8083832,0.0,AUTO_RISK,31573420200320
14496,AUTO_RISK,39506109600040,0.7966102,0.7966102,0.0,1.0,0.7632708549499512,0.6558091031775243,0.3333333333333333,,,,True,1.0,0.8350000000000003,39506109600040,0.7966102,0.0,AUTO_RISK,39506109600040
14497,AUTO_RISK,21770333900093,0.9048583,0.9048583,0.0,1.0,0.7437780499458313,0.8336610343061956,0.3333333333333333,,,,True,1.0,0.8350000000000003,21770333900093,0.9048583,0.0,AUTO_RISK,21770333900093
1450,AUTO_RISK,20007714700011,0.69402987,0.006139992,0.6878899,113.03433,0.7192791700363159,0.6574074074074074,0.0,,,,,0.9961977005004883,0.8350000000000003,,,,AUTO_RISK,20007714700011
14503,REVIEW,38263978900017,0.9048583,0.5191083,0.38575,1.7431012,0.8562314510345459,0.928,0.6666666666666666,,,,,0.817460298538208,0.8350000000000003,,,,REVIEW,38263978900017
14506,AUTO_RISK,91900239400014,0.96533334,0.016393442,0.9489399,58.885338,1.0,1.0,1.0,,,,,0.9961977005004883,0.8350000000000003,,,,AUTO_RISK,91900239400014
14510,AUTO_RISK,95055787600048,0.8766756,0.8766756,0.0,1.0,1.0,1.0,1.0,,,,True,1.0,0.8350000000000003,95055787600048,0.8766756,0.0,AUTO_RISK,95055787600048
14512,REVIEW,30921464100032,0.8419811,0.42696628,0.41501483,1.9720085,0.6803022623062134,0.7863636363636364,0.0,,,,,0.817460298538208,0.8350000000000003,,,,REVIEW,30921464100032
14528,REVIEW,79827368600021,0.8419811,0.16865079,0.6733303,4.9924526,0.8786752223968506,0.8666666666666666,0.5,,,,,0.817460298538208,0.8350000000000003,,,,REVIEW,79827368600021
14532,REVIEW,22770001000308,0.008073818,0.006139992,0.0019338261,1.3149558,0.458321213722229,0.5229885057471265,0.0,,,,,0.2857142984867096,0.8350000000000003,,,,REVIEW,22770001000308
14539,AUTO_RISK,66204244943402,0.69402987,0.69402987,0.0,1.0,0.6259691715240479,0.6783216783216783,0.1666666666666666,,,,True,1.0,0.8350000000000003,66204244943402,0.69402987,0.0,AUTO_RISK,66204244943402
1454,AUTO_RISK,72382005600015,0.9166667,0.9166667,0.0,1.0,1.0,1.0,1.0,,,,True,1.0,0.8350000000000003,72382005600015,0.9166667,0.0,AUTO_RISK,72382005600015
14545,AUTO_RISK,50157698700033,0.96533334,0.96533334,0.0,1.0,0.9999999403953552,1.0,1.0,,,,True,1.0,0.8350000000000003,50157698700033,0.96533334,0.0,AUTO_RISK,50157698700033
14561,AUTO_RISK,81824733000017,0.92098767,0.92098767,0.0,1.0,1.0000001192092896,1.0,1.0,,,,True,1.0,0.8350000000000003,81824733000017,0.92098767,0.0,AUTO_RISK,81824733000017
14562,AUTO_RISK,34323414200390,0.92098767,0.92098767,0.0,1.0,0.9999998807907104,1.0,1.0,,,,True,1.0,0.8350000000000003,34323414200390,0.92098767,0.0,AUTO_RISK,34323414200390
14563,REVIEW,31442845900049,0.9048583,0.8766756,0.028182685,1.0321472,0.8459022045135498,0.5376984126984127,0.5,,,,,0.49180328845977783,0.8350000000000003,,,,REVIEW,31442845900049
14564,AUTO_RISK,38148229800035,0.9628571,0.9628571,0.0,1.0,1.0,1.0,1.0,,,,True,1.0,0.8350000000000003,38148229800035,0.9628571,0.0,AUTO_RISK,38148229800035
14568,AUTO_RISK,50966321700040,0.9871795,0.9871795,0.0,1.0,1.0,1.0,1.0,,,,True,1.0,0.8350000000000003,50966321700040,0.9871795,0.0,AUTO_RISK,50966321700040
14572,AUTO_RISK,75050467200023,0.9048583,0.9048583,0.0,1.0,0.8342055082321167,0.5736182154021029,0.2,,,,True,1.0,0.8350000000000003,75050467200023,0.9048583,0.0,AUTO_RISK,75050467200023
1458,AUTO_RISK,21140173200014,0.9628571,0.9628571,0.0,1.0,0.9480947852134703,0.9333333333333332,1.0,,,,True,1.0,0.8350000000000003,21140173200014,0.9628571,0.0,AUTO_RISK,21140173200014
14583,AUTO_RISK,82807831100010,0.96533334,0.96533334,0.0,1.0,1.0,1.0,1.0,,,,True,1.0,0.8350000000000003,82807831100010,0.96533334,0.0,AUTO_RISK,82807831100010
14586,AUTO_RISK,75134833500033,0.96533334,0.96533334,0.0,1.0,1.0000001192092896,1.0,1.0,,,,True,1.0,0.8350000000000003,75134833500033,0.96533334,0.0,AUTO_RISK,75134833500033
14588,REVIEW,38150541100029,0.33582088,0.05142857,0.2843923,6.5298505,0.735356330871582,0.7105263157894738,0.6666666666666666,,,,,0.699999988079071,0.8350000000000003,,,,REVIEW,38150541100029
14591,AUTO_RISK,31081776200019,0.9048583,0.9048583,0.0,1.0,0.7742312550544739,0.9363636363636364,0.5,,,,True,1.0,0.8350000000000003,31081776200019,0.9048583,0.0,AUTO_RISK,31081776200019
14599,REVIEW,57210489103355,1.0,0.42696628,0.5730337,2.3421054,0.9999998211860656,1.0,1.0,,,,,0.942307710647583,0.8350000000000003,,,,REVIEW,57210489103355
1460,AUTO_RISK,48228412200025,0.9048583,0.008073818,0.8967845,112.07316,1.0,1.0,1.0,,,,,1.0,0.8350000000000003,,,,AUTO_RISK,48228412200025
14603,AUTO_RISK,32752971500044,0.9559322,0.9559322,0.0,1.0,1.0,1.0,1.0,,,,True,1.0,0.8350000000000003,32752971500044,0.9559322,0.0,AUTO_RISK,32752971500044
1461,REVIEW,20006487100011,0.9048583,0.36363637,0.5412219,2.4883602,0.9075624346733092,0.874074074074074,0.25,,,,,0.817460298538208,0.8350000000000003,,,,REVIEW,20006487100011
14611,AUTO_RISK,61592018800104,0.5191083,0.5191083,0.0,1.0,0.823453426361084,0.7908496732026143,0.6666666666666666,,,,True,1.0,0.8350000000000003,61592018800104,0.5191083,0.0,AUTO_RISK,61592018800104
14615,AUTO_RISK,38536211600027,0.16865079,0.16865079,0.0,1.0,0.7868481874465942,0.6764132553606238,0.5,,,,True,1.0,0.8350000000000003,38536211600027,0.16865079,0.0,AUTO_RISK,38536211600027
14622,AUTO_RISK,42372062200053,0.6739812,0.6739812,0.0,1.0,0.7848786115646362,0.8507619047619047,0.25,,,,True,1.0,0.8350000000000003,42372062200053,0.6739812,0.0,AUTO_RISK,42372062200053
14623,REVIEW,42498282500319,0.8083832,0.69402987,0.11435336,1.1647671,0.8878638744354248,0.825,0.5,,,,,0.4736842215061188,0.8350000000000003,,,,REVIEW,42498282500319
14630,REVIEW,53089096100036,0.26684636,0.008073818,0.25877255,33.050827,0.9309934377670288,0.98,0.0,,,,,0.817460298538208,0.8350000000000003,,,,REVIEW,53089096100036
14634,AUTO_RISK,78500313800019,0.96533334,0.96533334,0.0,1.0,1.0,1.0,1.0,,,,True,1.0,0.8350000000000003,78500313800019,0.96533334,0.0,AUTO_RISK,78500313800019
14647,AUTO_RISK,85302551800012,0.9559322,0.05142857,0.90450364,18.58757,0.7414600253105164,0.9517241379310344,0.8333333333333334,,,,,0.9961977005004883,0.8350000000000003,,,,AUTO_RISK,85302551800012
14649,AUTO_RISK,73820526901445,0.8766756,0.8766756,0.0,1.0,0.765481173992157,0.8516666666666667,0.25,,,,True,1.0,0.8350000000000003,73820526901445,0.8766756,0.0,AUTO_RISK,73820526901445
14650,AUTO_RISK,50519066000025,0.9559322,0.9559322,0.0,1.0,0.961902678012848,0.9517241379310344,0.75,,,,True,1.0,0.8350000000000003,50519066000025,0.9559322,0.0,AUTO_RISK,50519066000025
14651,REVIEW,37855979300039,0.9048583,0.6739812,0.2308771,1.3425572,0.977861762046814,0.990909090909091,0.5,,,,,0.08163265138864517,0.8350000000000003,,,,REVIEW,37855979300039
14659,AUTO_RISK,49103852700033,0.96533334,0.96533334,0.0,1.0,1.0,1.0,1.0,,,,True,1.0,0.8350000000000003,49103852700033,0.96533334,0.0,AUTO_RISK,49103852700033
1467,AUTO_RISK,32782057700036,0.96533334,0.96533334,0.0,1.0,0.9999998807907104,1.0,1.0,,,,True,1.0,0.8350000000000003,32782057700036,0.96533334,0.0,AUTO_RISK,32782057700036
14674,AUTO_RISK,97632030900454,0.9479167,0.9479167,0.0,1.0,1.0,1.0,1.0,,,,True,1.0,0.8350000000000003,97632030900454,0.9479167,0.0,AUTO_RISK,97632030900454
14677,REVIEW,87999119800026,0.05142857,0.016393442,0.03503513,3.1371431,0.6115511655807495,0.5314009661835749,0.0,,,,,0.817460298538208,0.8350000000000003,,,,REVIEW,87999119800026
14678,AUTO_RISK,53860325900028,0.9559322,0.9559322,0.0,1.0,1.0,1.0,1.0,,,,True,1.0,0.8350000000000003,53860325900028,0.9559322,0.0,AUTO_RISK,53860325900028
14691,AUTO_RISK,54292008700054,0.96533334,0.96533334,0.0,1.0,1.0,1.0,1.0,,,,True,1.0,0.8350000000000003,54292008700054,0.96533334,0.0,AUTO_RISK,54292008700054
14692,REVIEW,54292008700153,0.96533334,0.8766756,0.08865774,1.1011294,1.0,1.0,1.0,,,,,0.2857142984867096,0.8350000000000003,,,,REVIEW,54292008700153
14693,AUTO_RISK,40901431300038,0.9479167,0.9479167,0.0,1.0,1.0,1.0,1.0,,,,True,1.0,0.8350000000000003,40901431300038,0.9479167,0.0,AUTO_RISK,40901431300038
14696,AUTO_RISK,48420557000019,0.016393442,0.016393442,0.0,1.0,0.697502613067627,0.7294117647058824,0.4,,,,True,1.0,0.8350000000000003,48420557000019,0.016393442,0.0,AUTO_RISK,48420557000019
1470,AUTO_RISK,49523312400033,0.96533334,0.96533334,0.0,1.0,0.9999999403953552,1.0,1.0,,,,True,1.0,0.8350000000000003,49523312400033,0.96533334,0.0,AUTO_RISK,49523312400033
14708,REVIEW,33784962400016,0.96533334,0.26684636,0.698487,3.6175623,1.0000001192092896,1.0,1.0,,,,,0.8307692408561707,0.8350000000000003,,,,REVIEW,33784962400016
14710,REVIEW,54207679927570,0.9479167,0.26684636,0.6810703,3.5522938,1.0,1.0,1.0,,,,,0.817460298538208,0.8350000000000003,,,,REVIEW,54207679927570
14712,AUTO_RISK,40318469000028,0.6739812,0.6739812,0.0,1.0,0.8195321559906006,0.9222222222222222,0.5,,,,True,1.0,0.8350000000000003,40318469000028,0.6739812,0.0,AUTO_RISK,40318469000028
14725,AUTO_RISK,44363455500025,0.9576634,0.9576634,0.0,1.0,1.0,1.0,1.0,,,,True,1.0,0.8350000000000003,44363455500025,0.9576634,0.0,AUTO_RISK,44363455500025
14736,REVIEW,32683546900049,0.96533334,0.1,0.8653333,9.653334,0.9999998807907104,1.0,1.0,,,,,0.913385808467865,0.8350000000000003,,,,REVIEW,32683546900049
14738,AUTO_RISK,58204585200024,0.9048583,0.9048583,0.0,1.0,0.8544455766677856,0.9428571428571428,0.75,,,,True,1.0,0.8350000000000003,58204585200024,0.9048583,0.0,AUTO_RISK,58204585200024
14748,AUTO_RISK,40128172000037,0.9166667,0.9166667,0.0,1.0,0.9869781732559204,0.9398245614035088,0.25,,,,True,1.0,0.8350000000000003,40128172000037,0.9166667,0.0,AUTO_RISK,40128172000037
14749,AUTO_RISK,47974954100013,0.9559322,0.9559322,0.0,1.0,1.0,1.0,1.0,,,,True,1.0,0.8350000000000003,47974954100013,0.9559322,0.0,AUTO_RISK,47974954100013
14752,REVIEW,50997999300029,0.9559322,0.42696628,0.52896595,2.238894,1.0,1.0,1.0,,,,,0.817460298538208,0.8350000000000003,,,,REVIEW,50997999300029
14761,AUTO_RISK,41058248000019,0.42696628,0.42696628,0.0,1.0,0.8800168037414551,0.9037037037037038,0.5,,,,True,1.0,0.8350000000000003,41058248000019,0.42696628,0.0,AUTO_RISK,41058248000019
14766,AUTO_RISK,80137119600024,0.92098767,0.92098767,0.0,1.0,0.8662571907043457,0.9085714285714286,0.6,,,,True,1.0,0.8350000000000003,80137119600024,0.92098767,0.0,AUTO_RISK,80137119600024
14771,AUTO_RISK,30968762200022,0.9848485,0.9848485,0.0,1.0,1.0,1.0,1.0,,,,True,1.0,0.8350000000000003,30968762200022,0.9848485,0.0,AUTO_RISK,30968762200022
14774,AUTO_RISK,39181176700022,0.96533334,0.96533334,0.0,1.0,1.0,1.0,1.0,,,,True,1.0,0.8350000000000003,39181176700022,0.96533334,0.0,AUTO_RISK,39181176700022
14782,AUTO_RISK,49756698400025,0.9479167,0.9479167,0.0,1.0,0.9999998807907104,1.0,1.0,,,,True,1.0,0.8350000000000003,49756698400025,0.9479167,0.0,AUTO_RISK,49756698400025
14785,AUTO_RISK,80770250100022,0.9479167,0.9479167,0.0,1.0,1.0,1.0,1.0,,,,True,1.0,0.8350000000000003,80770250100022,0.9479167,0.0,AUTO_RISK,80770250100022
14815,AUTO_RISK,33533999000038,0.9848485,0.05142857,0.93341994,19.149832,1.0,1.0,1.0,,,,,1.0,0.8350000000000003,,,,AUTO_RISK,33533999000038
14826,REVIEW,85298969800026,0.92098767,0.33582088,0.5851668,2.7424967,0.9974331855773926,0.9666666666666668,0.0,,,,,0.913385808467865,0.8350000000000003,,,,REVIEW,85298969800026
14839,REVIEW,38245035100038,0.9848485,0.1,0.8848485,9.848485,0.9372504949569702,0.9882352941176472,1.0,,,,,0.942307710647583,0.8350000000000003,,,,REVIEW,38245035100038
1484,AUTO_RISK,42154458600033,0.8766756,0.8766756,0.0,1.0,1.0,1.0,1.0,,,,True,1.0,0.8350000000000003,42154458600033,0.8766756,0.0,AUTO_RISK,42154458600033
14840,AUTO_RISK,38245035100012,1.0,0.1,0.9,10.0,1.0,1.0,1.0,,,,,0.9961977005004883,0.8350000000000003,,,,AUTO_RISK,38245035100012
14849,AUTO_RISK,53980820400033,0.9628571,0.9628571,0.0,1.0,0.9812663197517396,1.0,1.0,,,,True,1.0,0.8350000000000003,53980820400033,0.9628571,0.0,AUTO_RISK,53980820400033
14853,AUTO_RISK,49324850400026,0.8083832,0.8083832,0.0,1.0,0.8344767689704895,0.8952380952380953,0.6666666666666666,,,,True,1.0,0.8350000000000003,49324850400026,0.8083832,0.0,AUTO_RISK,49324850400026
14855,AUTO_RISK,63204187700077,0.96533334,0.96533334,0.0,1.0,1.0,1.0,1.0,,,,True,1.0,0.8350000000000003,63204187700077,0.96533334,0.0,AUTO_RISK,63204187700077
14858,AUTO_RISK,82382954400035,0.9559322,0.9559322,0.0,1.0,1.0,1.0,1.0,,,,True,1.0,0.8350000000000003,82382954400035,0.9559322,0.0,AUTO_RISK,82382954400035
14859,AUTO_RISK,33144388700087,0.96533334,0.96533334,0.0,1.0,0.9999999403953552,1.0,1.0,,,,True,1.0,0.8350000000000003,33144388700087,0.96533334,0.0,AUTO_RISK,33144388700087
14861,AUTO_RISK,43152278800014,0.8766756,0.8766756,0.0,1.0,1.0,1.0,1.0,,,,True,1.0,0.8350000000000003,43152278800014,0.8766756,0.0,AUTO_RISK,43152278800014
14869,AUTO_RISK,39914593700021,1.0,0.1,0.9,10.0,0.9999998807907104,1.0,1.0,,,,,0.9961977005004883,0.8350000000000003,,,,AUTO_RISK,39914593700021
1487,AUTO_RISK,79217532500010,0.92098767,0.006139992,0.9148477,149.99818,1.000000238418579,1.0,1.0,,,,,1.0,0.8350000000000003,,,,AUTO_RISK,79217532500010
14877,AUTO_RISK,53099474800024,0.92098767,0.92098767,0.0,1.0,1.0,1.0,1.0,,,,True,1.0,0.8350000000000003,53099474800024,0.92098767,0.0,AUTO_RISK,53099474800024
14881,AUTO_RISK,49078985600021,0.9628571,0.9628571,0.0,1.0,0.9999999403953552,1.0,1.0,,,,True,1.0,0.8350000000000003,49078985600021,0.9628571,0.0,AUTO_RISK,49078985600021
14885,REVIEW,49840960600031,0.9848485,0.14285715,0.84199136,6.893939,0.963847279548645,1.0,1.0,,,,,0.913385808467865,0.8350000000000003,,,,REVIEW,49840960600031
14894,AUTO_RISK,48143229200045,0.9048583,0.9048583,0.0,1.0,0.4663028717041015,1.0,1.0,,,,True,1.0,0.8350000000000003,48143229200045,0.9048583,0.0,AUTO_RISK,48143229200045
14896,AUTO_RISK,38799687900012,0.92098767,0.0021415188,0.91884613,430.06287,0.7278634905815125,1.0,1.0,,,,,1.0,0.8350000000000003,,,,AUTO_RISK,38799687900012
149,AUTO_RISK,19440010700018,0.9871795,0.9871795,0.0,1.0,1.0,1.0,1.0,,,,True,1.0,0.8350000000000003,19440010700018,0.9871795,0.0,AUTO_RISK,19440010700018
1490,AUTO_RISK,35006338400266,0.8789613,0.0021415188,0.8768198,410.4383,0.6078027486801147,0.8457142857142858,0.2,,,,,1.0,0.8350000000000003,,,,AUTO_RISK,35006338400266
14900,AUTO_RISK,51995580100013,0.05142857,0.05142857,0.0,1.0,0.6331429481506348,0.865901934322987,0.3333333333333333,,,,True,1.0,0.8350000000000003,51995580100013,0.05142857,0.0,AUTO_RISK,51995580100013
14908,AUTO_RISK,97120259300044,1.0,1.0,0.0,1.0,1.0,1.0,1.0,,,,True,1.0,0.8350000000000003,97120259300044,1.0,0.0,AUTO_RISK,97120259300044
14921,REVIEW,43433748100015,0.016393442,0.008073818,0.008319624,2.0304449,0.5969207286834717,0.5737451737451736,0.1666666666666666,,,,,0.08163265138864517,0.8350000000000003,,,,REVIEW,43433748100015
1493,REVIEW,69382036700029,0.7966102,0.16865079,0.6279594,4.7234297,1.0,1.0,1.0,,,,,0.817460298538208,0.8350000000000003,,,,REVIEW,69382036700029
14935,AUTO_RISK,34069717600139,0.92098767,0.92098767,0.0,1.0,1.0000001192092896,1.0,1.0,,,,True,1.0,0.8350000000000003,34069717600139,0.92098767,0.0,AUTO_RISK,34069717600139
14940,AUTO_RISK,33129259900072,0.69402987,0.69402987,0.0,1.0,0.9999998807907104,1.0,1.0,,,,True,1.0,0.8350000000000003,33129259900072,0.69402987,0.0,AUTO_RISK,33129259900072
14948,AUTO_RISK,75338269600023,0.5191083,0.5191083,0.0,1.0,1.0,1.0,1.0,,,,True,1.0,0.8350000000000003,75338269600023,0.5191083,0.0,AUTO_RISK,75338269600023
14957,AUTO_RISK,25770297700022,0.5191083,0.006139992,0.5129683,84.54544,0.7290099859237671,0.6888888888888888,0.0909090909090909,,,,,1.0,0.8350000000000003,,,,AUTO_RISK,25770297700022
14982,REVIEW,48259556800023,0.92098767,0.5191083,0.40187937,1.7741725,0.8884496688842773,0.896969696969697,0.25,,,,,0.6111111044883728,0.8350000000000003,,,,REVIEW,48259556800023
150,AUTO_RISK,19440065100015,0.99786323,0.99786323,0.0,1.0,1.0,1.0,1.0,,,,True,1.0,0.8350000000000003,19440065100015,0.99786323,0.0,AUTO_RISK,19440065100015
15003,AUTO_RISK,39987814900034,0.9479167,0.9479167,0.0,1.0,0.998158633708954,0.9777777777777776,0.0,,,,True,1.0,0.8350000000000003,39987814900034,0.9479167,0.0,AUTO_RISK,39987814900034
15018,REVIEW,50795959100029,0.96533334,0.05142857,0.9139048,18.77037,1.0,1.0,1.0,,,,,0.942307710647583,0.8350000000000003,,,,REVIEW,50795959100029
15020,REVIEW,94291246000014,0.63245034,0.20704846,0.42540187,3.0546005,0.7817768454551697,0.5444444444444444,0.3333333333333333,,,,,0.49180328845977783,0.8350000000000003,,,,REVIEW,94291246000014
15022,AUTO_RISK,50738485700011,0.9048583,0.9048583,0.0,1.0,0.9525918960571288,0.7191697191697192,0.6666666666666666,,,,True,1.0,0.8350000000000003,50738485700011,0.9048583,0.0,AUTO_RISK,50738485700011
15042,REVIEW,35006338400316,0.42696628,0.16865079,0.2583155,2.531659,0.5189192295074463,0.8233333333333334,0.1666666666666666,,,,,0.4736842215061188,0.8350000000000003,,,,REVIEW,35006338400316
15049,AUTO_RISK,39811044505217,0.9559322,0.9559322,0.0,1.0,1.0,1.0,1.0,,,,True,1.0,0.8350000000000003,39811044505217,0.9559322,0.0,AUTO_RISK,39811044505217
15053,AUTO_RISK,84934910500015,0.96533334,0.96533334,0.0,1.0,0.866115927696228,1.0,1.0,,,,True,1.0,0.8350000000000003,84934910500015,0.96533334,0.0,AUTO_RISK,84934910500015
15058,REVIEW,79924966900018,0.05142857,0.016393442,0.03503513,3.1371431,0.5678269863128662,0.6085858585858586,0.0,,,,,0.65625,0.8350000000000003,,,,REVIEW,79924966900018
15069,AUTO_RISK,72080134900492,0.92098767,0.92098767,0.0,1.0,0.7676538228988647,0.7897435897435897,0.75,,,,True,1.0,0.8350000000000003,72080134900492,0.92098767,0.0,AUTO_RISK,72080134900492
15075,AUTO_RISK,80845190000019,0.9628571,0.9628571,0.0,1.0,0.9648158550262452,1.0,1.0,,,,True,1.0,0.8350000000000003,80845190000019,0.9628571,0.0,AUTO_RISK,80845190000019
15101,AUTO_RISK,67980493000098,0.9628571,0.9628571,0.0,1.0,0.890738844871521,0.9586206896551724,0.75,,,,True,1.0,0.8350000000000003,67980493000098,0.9628571,0.0,AUTO_RISK,67980493000098
15104,AUTO_RISK,38312813900045,0.8083832,0.8083832,0.0,1.0,1.0,1.0,1.0,,,,True,1.0,0.8350000000000003,38312813900045,0.8083832,0.0,AUTO_RISK,38312813900045
15109,AUTO_RISK,70708002400185,0.42696628,0.42696628,0.0,1.0,0.737610936164856,0.4469696969696969,0.5,,,,True,1.0,0.8350000000000003,70708002400185,0.42696628,0.0,AUTO_RISK,70708002400185
15110,AUTO_RISK,70708002400037,0.8766756,0.8766756,0.0,1.0,0.7656747102737427,0.5055555555555555,0.5,,,,True,1.0,0.8350000000000003,70708002400037,0.8766756,0.0,AUTO_RISK,70708002400037
15111,AUTO_RISK,70708002400144,0.42696628,0.42696628,0.0,1.0,0.5815938115119934,0.6266711229946523,0.3333333333333333,,,,True,1.0,0.8350000000000003,70708002400144,0.42696628,0.0,AUTO_RISK,70708002400144
15118,REVIEW,21770079800010,0.9479167,0.36363637,0.5842803,2.6067708,0.9075624346733092,0.8666666666666666,0.25,,,,,0.8307692408561707,0.8350000000000003,,,,REVIEW,21770079800010
15119,AUTO_RISK,13000548100762,0.26684636,0.26684636,0.0,1.0,0.0,0.4664502164502164,0.0,,,,True,0.9961977005004883,0.8350000000000003,13000548100762,0.26684636,0.0,AUTO_RISK,13000548100762
1512,AUTO_RISK,32958169800027,0.96533334,0.96533334,0.0,1.0,0.954962193965912,1.0,1.0,,,,True,1.0,0.8350000000000003,32958169800027,0.96533334,0.0,AUTO_RISK,32958169800027
15120,REVIEW,18003802824395,0.33582088,0.20704846,0.12877242,1.6219434,0.6062670350074768,0.5606060606060607,0.0,,,,,0.49180328845977783,0.8350000000000003,,,,REVIEW,18003802824395
15121,AUTO_RISK,13000548116859,0.69402987,0.69402987,0.0,1.0,0.7466976046562195,0.5137085137085137,0.0,,,,True,1.0,0.8350000000000003,13000548116859,0.69402987,0.0,AUTO_RISK,13000548116859
15122,AUTO_RISK,13000548118590,0.20704846,0.20704846,0.0,1.0,0.0,0.4664502164502164,0.0,,,,True,0.9961977005004883,0.8350000000000003,13000548118590,0.20704846,0.0,AUTO_RISK,13000548118590
15123,AUTO_RISK,13000548125801,0.8083832,0.8083832,0.0,1.0,0.717009961605072,0.5148046398046398,0.0,,,,True,1.0,0.8350000000000003,13000548125801,0.8083832,0.0,AUTO_RISK,13000548125801
15131,REVIEW,30515426204351,0.16865079,0.16865079,0.0,1.0,0.6563104391098022,0.8714285714285714,0.3333333333333333,,,,,0.2857142984867096,0.8350000000000003,,,,REVIEW,30515426204351
15141,AUTO_RISK,57210489103652,0.8419811,0.8419811,0.0,1.0,0.6702960133552551,0.5188279857397504,0.1666666666666666,,,,True,1.0,0.8350000000000003,57210489103652,0.8419811,0.0,AUTO_RISK,57210489103652
15143,REVIEW,30340961900226,0.721519,0.05142857,0.67009044,14.029536,0.5718241333961487,0.6027568922305765,0.0,,,,,0.913385808467865,0.8350000000000003,,,,REVIEW,30340961900226
15148,REVIEW,30921464100024,0.8913044,0.42696628,0.4643381,2.0875287,0.556998610496521,0.5532608695652174,0.0,,,,,0.8307692408561707,0.8350000000000003,,,,REVIEW,30921464100024
15150,AUTO_RISK,32543762200013,0.92098767,0.92098767,0.0,1.0,0.8457754850387573,0.9085714285714286,0.5,,,,True,1.0,0.8350000000000003,32543762200013,0.92098767,0.0,AUTO_RISK,32543762200013
15162,REVIEW,88010407000045,0.8913044,0.05142857,0.8398758,17.33092,0.8526608943939209,0.8428571428571429,0.2,,,,,0.8307692408561707,0.8350000000000003,,,,REVIEW,88010407000045
1517,AUTO_RISK,32312577300024,0.96533334,0.96533334,0.0,1.0,1.0000001192092896,1.0,1.0,,,,True,1.0,0.8350000000000003,32312577300024,0.96533334,0.0,AUTO_RISK,32312577300024
15177,AUTO_RISK,50009712600022,0.96533334,0.008073818,0.95725954,119.56343,0.9999998807907104,1.0,1.0,,,,,1.0,0.8350000000000003,,,,AUTO_RISK,50009712600022
15179,AUTO_RISK,80315687600036,0.96533334,0.96533334,0.0,1.0,0.778497576713562,0.9283116883116884,0.6,,,,True,1.0,0.8350000000000003,80315687600036,0.96533334,0.0,AUTO_RISK,80315687600036
15180,AUTO_RISK,44226591400030,0.8766756,0.8766756,0.0,1.0,0.7229719161987305,0.6888888888888888,0.0,,,,True,1.0,0.8350000000000003,44226591400030,0.8766756,0.0,AUTO_RISK,44226591400030
15181,AUTO_RISK,83191193800015,0.92098767,0.0011969598,0.9197907,769.43915,0.9999999403953552,1.0,1.0,,,,,1.0,0.8350000000000003,,,,AUTO_RISK,83191193800015
15184,AUTO_RISK,30223664100049,0.9479167,0.9479167,0.0,1.0,1.0000001192092896,1.0,1.0,,,,True,1.0,0.8350000000000003,30223664100049,0.9479167,0.0,AUTO_RISK,30223664100049
152,AUTO_RISK,19440064400010,0.9871795,0.9871795,0.0,1.0,1.0,1.0,1.0,,,,True,1.0,0.8350000000000003,19440064400010,0.9871795,0.0,AUTO_RISK,19440064400010
15203,AUTO_RISK,38326679800024,0.26684636,0.26684636,0.0,1.0,0.8037562370300293,0.8991228070175439,0.0,,,,True,0.9961977005004883,0.8350000000000003,38326679800024,0.26684636,0.0,AUTO_RISK,38326679800024
15209,AUTO_RISK,45387794600054,0.9559322,0.9559322,0.0,1.0,1.0,1.0,1.0,,,,True,1.0,0.8350000000000003,45387794600054,0.9559322,0.0,AUTO_RISK,45387794600054
15210,REVIEW,77570272300021,0.42696628,0.16865079,0.2583155,2.531659,0.6683545112609863,0.6388888888888888,0.0,,,,,0.817460298538208,0.8350000000000003,,,,REVIEW,77570272300021
15214,REVIEW,40236677700017,0.1,0.007380074,0.092619926,13.55,0.7249112725257874,0.8541666666666666,0.5,,,,,0.49180328845977783,0.8350000000000003,,,,REVIEW,40236677700017
15216,AUTO_RISK,82451238800037,0.9479167,0.9479167,0.0,1.0,1.0,1.0,1.0,,,,True,1.0,0.8350000000000003,82451238800037,0.9479167,0.0,AUTO_RISK,82451238800037
15224,AUTO_RISK,24770039600010,0.96533334,0.96533334,0.0,1.0,0.9999998807907104,1.0,1.0,,,,True,1.0,0.8350000000000003,24770039600010,0.96533334,0.0,AUTO_RISK,24770039600010
15228,AUTO_RISK,30558703200023,0.96533334,0.96533334,0.0,1.0,0.9361079335212708,0.8911111111111111,0.75,,,,True,1.0,0.8350000000000003,30558703200023,0.96533334,0.0,AUTO_RISK,30558703200023
15240,AUTO_RISK,57208825000020,0.36363637,0.36363637,0.0,1.0,0.8332202434539795,0.6038961038961039,0.3333333333333333,,,,True,1.0,0.8350000000000003,57208825000020,0.36363637,0.0,AUTO_RISK,57208825000020
15255,REVIEW,77570560102279,0.9048583,0.6739812,0.2308771,1.3425572,1.0,1.0,1.0,,,,,0.2571428716182709,0.8350000000000003,,,,REVIEW,77570560102279
1526,AUTO_RISK,56206041800026,0.8766756,0.8766756,0.0,1.0,1.0000001192092896,1.0,1.0,,,,True,1.0,0.8350000000000003,56206041800026,0.8766756,0.0,AUTO_RISK,56206041800026
15264,REVIEW,48879126000018,0.92098767,0.16865079,0.75233686,5.460915,1.0,1.0,1.0,,,,,0.913385808467865,0.8350000000000003,,,,REVIEW,48879126000018
15266,AUTO_RISK,57200960300034,0.92098767,0.92098767,0.0,1.0,0.9259858131408693,0.9925925925925926,0.5,,,,True,1.0,0.8350000000000003,57200960300034,0.92098767,0.0,AUTO_RISK,57200960300034
15284,AUTO_RISK,52513708900013,0.9048583,0.9048583,0.0,1.0,0.7873433232307434,0.8444444444444443,0.5,,,,True,1.0,0.8350000000000003,52513708900013,0.9048583,0.0,AUTO_RISK,52513708900013
15287,AUTO_RISK,48853075900312,0.9048583,0.9048583,0.0,1.0,1.0,1.0,1.0,,,,True,1.0,0.8350000000000003,48853075900312,0.9048583,0.0,AUTO_RISK,48853075900312
15289,AUTO_RISK,91900299800012,0.8419811,0.8419811,0.0,1.0,1.0,1.0,1.0,,,,True,1.0,0.8350000000000003,91900299800012,0.8419811,0.0,AUTO_RISK,91900299800012
1530,AUTO_RISK,34121262900032,0.96533334,0.0021415188,0.9631918,450.77045,1.0,1.0,1.0,,,,,1.0,0.8350000000000003,,,,AUTO_RISK,34121262900032
15301,AUTO_RISK,83241602800013,0.8766756,0.8766756,0.0,1.0,0.8138045072555542,0.9333333333333332,0.6666666666666666,,,,True,1.0,0.8350000000000003,83241602800013,0.8766756,0.0,AUTO_RISK,83241602800013
15303,AUTO_RISK,42971472800020,0.9048583,0.007380074,0.8974782,122.6083,0.9163399934768676,0.9,0.5,,,,,1.0,0.8350000000000003,,,,AUTO_RISK,42971472800020
15307,AUTO_RISK,66204244929757,0.1,0.1,0.0,1.0,0.7000576257705688,0.834965034965035,0.25,,,,True,1.0,0.8350000000000003,66204244929757,0.1,0.0,AUTO_RISK,66204244929757
15310,AUTO_RISK,32330009500045,0.69402987,0.69402987,0.0,1.0,0.8043093681335449,0.6328320802005013,0.25,,,,True,1.0,0.8350000000000003,32330009500045,0.69402987,0.0,AUTO_RISK,32330009500045
15313,AUTO_RISK,90030808100026,0.8766756,0.8766756,0.0,1.0,0.8830035328865051,0.9,0.6666666666666666,,,,True,1.0,0.8350000000000003,90030808100026,0.8766756,0.0,AUTO_RISK,90030808100026
15315,REVIEW,50367642100038,0.63245034,0.63245034,0.0,1.0,0.7089226245880127,0.94,0.3333333333333333,,,,,0.49180328845977783,0.8350000000000003,,,,REVIEW,50367642100038
15325,REVIEW,33358346601472,0.9476153,0.9048583,0.042757034,1.0472528,0.9999998807907104,1.0,1.0,,,,True,0.0833333358168602,0.8350000000000003,33358346601472,0.9476153,0.0,REVIEW,33358346601472
15328,REVIEW,45359821100044,0.92098767,0.5191083,0.40187937,1.7741725,0.8959517478942871,1.0,1.0,,,,,0.65625,0.8350000000000003,,,,REVIEW,45359821100044
15331,AUTO_RISK,50453565900024,0.9559322,0.9559322,0.0,1.0,0.9744591116905212,1.0,1.0,,,,True,1.0,0.8350000000000003,50453565900024,0.9559322,0.0,AUTO_RISK,50453565900024
15341,AUTO_RISK,34774011000056,0.96533334,0.021181718,0.94415164,45.573895,0.0,0.0,0.0,,,,,1.0,0.8350000000000003,,,,AUTO_RISK,34774011000056
15343,AUTO_RISK,35170529800070,0.69402987,0.69402987,0.0,1.0,0.939318060874939,0.6234105763517528,0.5,,,,True,1.0,0.8350000000000003,35170529800070,0.69402987,0.0,AUTO_RISK,35170529800070
15352,REVIEW,85017927600017,0.8083832,0.1,0.7083832,8.083832,0.80180823802948,0.9125,0.5,,,,,0.8307692408561707,0.8350000000000003,,,,REVIEW,85017927600017
15360,REVIEW,90655031400015,0.26684636,0.16865079,0.09819557,1.582242,0.7209664583206177,0.7737777777777777,0.2857142857142857,,,,,0.08163265138864517,0.8350000000000003,,,,REVIEW,90655031400015
1537,REVIEW,21140409000022,0.8766756,0.05142857,0.82524705,17.04647,0.9263908863067628,0.8580269710704495,0.4,,,,,0.913385808467865,0.8350000000000003,,,,REVIEW,21140409000022
15371,AUTO_RISK,83218894000023,0.26684636,0.26684636,0.0,1.0,0.7154155969619751,0.8400000000000001,0.2,,,,True,1.0,0.8350000000000003,83218894000023,0.26684636,0.0,AUTO_RISK,83218894000023
15381,AUTO_RISK,50926602900016,0.9166667,0.9166667,0.0,1.0,1.0,1.0,1.0,,,,True,1.0,0.8350000000000003,50926602900016,0.9166667,0.0,AUTO_RISK,50926602900016
15383,REVIEW,41372138200039,0.9559322,0.42696628,0.52896595,2.238894,1.0,1.0,1.0,,,,,0.49180328845977783,0.8350000000000003,,,,REVIEW,41372138200039
15387,AUTO_RISK,32565471300321,0.9848485,0.9848485,0.0,1.0,1.0,1.0,1.0,,,,True,1.0,0.8350000000000003,32565471300321,0.9848485,0.0,AUTO_RISK,32565471300321
1540,REVIEW,21140724200018,0.16865079,0.14285715,0.025793642,1.1805555,0.4969873428344726,0.5772486772486772,0.0,,,,,0.817460298538208,0.8350000000000003,,,,REVIEW,21140724200018
15401,AUTO_RISK,44801420900028,0.9848485,0.9848485,0.0,1.0,0.9999999403953552,1.0,1.0,,,,True,1.0,0.8350000000000003,44801420900028,0.9848485,0.0,AUTO_RISK,44801420900028
15406,AUTO_RISK,82415273000019,0.9048583,0.9048583,0.0,1.0,0.8659670948982239,0.9273657289002556,0.3333333333333333,,,,True,1.0,0.8350000000000003,82415273000019,0.9048583,0.0,AUTO_RISK,82415273000019
15408,REVIEW,69205111300300,0.5191083,0.16865079,0.3504575,3.078007,0.7298769950866699,0.8734326625386997,0.25,,,,,0.6111111044883728,0.8350000000000003,,,,REVIEW,69205111300300
15409,AUTO_RISK,49806632300052,0.92098767,0.92098767,0.0,1.0,0.943504273891449,0.9777777777777776,0.2,,,,True,1.0,0.8350000000000003,49806632300052,0.92098767,0.0,AUTO_RISK,49806632300052
1542,REVIEW,21140305000019,0.9559322,0.20704846,0.7488837,4.616949,0.9075624346733092,0.8689655172413794,0.25,,,,,0.9692307710647583,0.8350000000000003,,,,REVIEW,21140305000019
15431,REVIEW,39877820900013,0.26684636,0.16865079,0.09819557,1.582242,0.7632702589035034,0.6797385620915034,0.0,,,,,0.4736842215061188,0.8350000000000003,,,,REVIEW,39877820900013
15456,REVIEW,89357306300011,0.63245034,0.016393442,0.6160569,38.57947,0.91549551486969,0.8444444444444443,0.5,,,,,0.8307692408561707,0.8350000000000003,,,,REVIEW,89357306300011
15463,AUTO_RISK,77567216500419,0.5191083,0.5191083,0.0,1.0,0.7413123846054077,0.5635237028742068,0.1111111111111111,,,,True,1.0,0.8350000000000003,77567216500419,0.5191083,0.0,AUTO_RISK,77567216500419
15471,AUTO_RISK,53469696800013,0.9048583,0.9048583,0.0,1.0,0.9211063385009766,0.912,0.6666666666666666,,,,True,1.0,0.8350000000000003,53469696800013,0.9048583,0.0,AUTO_RISK,53469696800013
15473,AUTO_RISK,31778006201515,0.8419811,0.8419811,0.0,1.0,1.0,1.0,1.0,,,,True,1.0,0.8350000000000003,31778006201515,0.8419811,0.0,AUTO_RISK,31778006201515
15482,AUTO_RISK,49149878800042,0.9479167,0.9479167,0.0,1.0,0.799878716468811,1.0,1.0,,,,True,1.0,0.8350000000000003,49149878800042,0.9479167,0.0,AUTO_RISK,49149878800042
15485,AUTO_RISK,37783918800036,0.9871795,0.9871795,0.0,1.0,0.972350776195526,1.0,1.0,,,,True,1.0,0.8350000000000003,37783918800036,0.9871795,0.0,AUTO_RISK,37783918800036
15497,AUTO_RISK,35097946400020,0.9048583,0.9048583,0.0,1.0,0.8784276247024536,0.89,0.5,,,,True,1.0,0.8350000000000003,35097946400020,0.9048583,0.0,AUTO_RISK,35097946400020
15505,REVIEW,37811411002584,0.39823008,0.20704846,0.19118161,1.9233665,0.8154220581054688,0.85,0.0,,,,,0.6111111044883728,0.8350000000000003,,,,REVIEW,37811411002584
15509,AUTO_RISK,78500313800241,0.9048583,0.9048583,0.0,1.0,0.809596061706543,1.0,1.0,,,,True,1.0,0.8350000000000003,78500313800241,0.9048583,0.0,AUTO_RISK,78500313800241
15510,AUTO_RISK,75188876900062,0.9479167,0.9479167,0.0,1.0,1.0000001192092896,1.0,1.0,,,,True,1.0,0.8350000000000003,75188876900062,0.9479167,0.0,AUTO_RISK,75188876900062
15512,AUTO_RISK,32788077900035,0.8419811,0.8419811,0.0,1.0,0.9440672397613524,0.9777777777777776,0.3333333333333333,,,,True,1.0,0.8350000000000003,32788077900035,0.8419811,0.0,AUTO_RISK,32788077900035
15515,REVIEW,85115661200018,0.9479167,0.021181718,0.926735,44.751644,1.0,1.0,1.0,,,,,0.942307710647583,0.8350000000000003,,,,REVIEW,85115661200018
1552,REVIEW,20005464100010,0.36363637,0.05142857,0.31220782,7.0707073,0.7825876474380493,0.8617852735499795,0.25,,,,,0.7988462448120117,0.8350000000000003,,,,REVIEW,20005464100010
15525,AUTO_RISK,39227884200076,0.8419811,0.8419811,0.0,1.0,0.9439339637756348,0.8782608695652174,0.6666666666666666,,,,True,1.0,0.8350000000000003,39227884200076,0.8419811,0.0,AUTO_RISK,39227884200076
15528,REVIEW,67820397700049,0.6739812,0.1,0.57398117,6.739812,0.7577628493309021,0.6626262626262626,0.0,,,,,0.8888888955116272,0.8350000000000003,,,,REVIEW,67820397700049
15531,REVIEW,75246664900015,0.1,0.0021415188,0.09785848,46.69583,0.3108303546905517,0.607925407925408,0.0,,,,,0.913385808467865,0.8350000000000003,,,,REVIEW,75246664900015
15535,AUTO_RISK,30822106800023,0.69402987,0.69402987,0.0,1.0,0.7375666499137878,0.92,0.5,,,,True,1.0,0.8350000000000003,30822106800023,0.69402987,0.0,AUTO_RISK,30822106800023
15538,AUTO_RISK,38386377600035,0.775,0.775,0.0,1.0,0.8391808271408081,0.83,0.4,,,,True,1.0,0.8350000000000003,38386377600035,0.775,0.0,AUTO_RISK,38386377600035
15554,AUTO_RISK,38371583600037,0.8419811,0.8419811,0.0,1.0,0.9098731279373168,0.9706349206349206,0.4,,,,True,1.0,0.8350000000000003,38371583600037,0.8419811,0.0,AUTO_RISK,38371583600037
15565,AUTO_RISK,40941898500027,0.9848485,0.9848485,0.0,1.0,1.0000001192092896,1.0,1.0,,,,True,1.0,0.8350000000000003,40941898500027,0.9848485,0.0,AUTO_RISK,40941898500027
15566,AUTO_RISK,49217159000028,0.9411765,0.9411765,0.0,1.0,1.0,1.0,1.0,,,,True,0.9961977005004883,0.8350000000000003,49217159000028,0.9411765,0.0,AUTO_RISK,49217159000028
15567,AUTO_RISK,52440926500013,0.96533334,0.96533334,0.0,1.0,0.9999998807907104,1.0,1.0,,,,True,1.0,0.8350000000000003,52440926500013,0.96533334,0.0,AUTO_RISK,52440926500013
15569,AUTO_RISK,77568109100044,0.0875,0.0875,0.0,1.0,0.7797675132751465,0.5714285714285715,0.3333333333333333,,,,True,1.0,0.8350000000000003,77568109100044,0.0875,0.0,AUTO_RISK,77568109100044
1557,REVIEW,35080366400019,0.11363637,0.016393442,0.09724292,6.931819,0.6768246293067932,0.6761648745519713,0.2,,,,,0.6111111044883728,0.8350000000000003,,,,REVIEW,35080366400019
15570,REVIEW,90823344800012,0.26684636,0.26684636,0.0,1.0,0.9999998807907104,1.0,1.0,,,,,0.08163265138864517,0.8350000000000003,,,,REVIEW,90823344800012
15582,REVIEW,43493040000040,0.9479167,0.721519,0.2263977,1.3137792,1.0,1.0,1.0,,,,,0.65625,0.8350000000000003,,,,REVIEW,43493040000040
15598,REVIEW,82198087700020,0.9479167,0.6739812,0.2739355,1.4064438,0.9999998807907104,1.0,1.0,,,,,0.65625,0.8350000000000003,,,,REVIEW,82198087700020
156,AUTO_RISK,78605526900017,0.9048583,0.9048583,0.0,1.0,0.9439716339111328,0.97,0.6666666666666666,,,,True,1.0,0.8350000000000003,78605526900017,0.9048583,0.0,AUTO_RISK,78605526900017
15608,REVIEW,51840030400011,0.96533334,0.115384616,0.8499487,8.366222,1.0,1.0,1.0,,,,,0.942307710647583,0.8350000000000003,,,,REVIEW,51840030400011
1561,AUTO_RISK,20006558900109,0.775,0.775,0.0,1.0,0.8498660922050476,0.6444444444444444,0.5,,,,True,1.0,0.8350000000000003,20006558900109,0.775,0.0,AUTO_RISK,20006558900109
15629,AUTO_RISK,79455600100012,0.9848485,0.006139992,0.9787085,160.39899,0.9142937660217284,1.0,1.0,,,,,1.0,0.8350000000000003,,,,AUTO_RISK,79455600100012
1563,AUTO_RISK,44003618400016,0.9048583,0.9048583,0.0,1.0,0.9047996997833252,0.9407407407407408,0.6666666666666666,,,,True,1.0,0.8350000000000003,44003618400016,0.9048583,0.0,AUTO_RISK,44003618400016
1564,AUTO_RISK,78074498300039,0.8419811,0.8419811,0.0,1.0,0.850422739982605,0.9384615384615383,0.6666666666666666,,,,True,1.0,0.8350000000000003,78074498300039,0.8419811,0.0,AUTO_RISK,78074498300039
15643,AUTO_RISK,11000044500020,0.9871795,0.016393442,0.9707861,60.217953,1.0,1.0,1.0,,,,,1.0,0.8350000000000003,,,,AUTO_RISK,11000044500020
15654,REVIEW,51107038500022,0.8419811,0.26684636,0.57513475,3.155303,0.8365238308906555,0.8500000000000001,0.0,,,,,0.913385808467865,0.8350000000000003,,,,REVIEW,51107038500022
1566,AUTO_RISK,13000548119168,0.8766756,0.8766756,0.0,1.0,0.780243992805481,0.5317460317460317,0.0,,,,True,1.0,0.8350000000000003,13000548119168,0.8766756,0.0,AUTO_RISK,13000548119168
15662,REVIEW,41303386100027,0.5191083,0.0021415188,0.51696676,242.40193,0.8423252105712891,0.6844081844081845,0.25,,,,,0.9692307710647583,0.8350000000000003,,,,REVIEW,41303386100027
15676,AUTO_RISK,72205204000051,1.0,0.021181718,0.9788183,47.210526,1.0000001192092896,1.0,1.0,,,,,1.0,0.8350000000000003,,,,AUTO_RISK,72205204000051
15689,REVIEW,83260621400035,0.9479167,0.16865079,0.7792659,5.6205883,1.0000001192092896,1.0,1.0,,,,,0.8307692408561707,0.8350000000000003,,,,REVIEW,83260621400035
15691,REVIEW,55208172100011,0.96533334,0.721519,0.24381435,1.3379182,0.9999999403953552,1.0,1.0,,,,,0.817460298538208,0.8350000000000003,,,,REVIEW,55208172100011
1571,REVIEW,21140409000014,0.8083832,0.42696628,0.38141695,1.8933187,0.7862860560417175,0.8550750750750751,0.1666666666666666,,,,,0.65625,0.8350000000000003,,,,REVIEW,21140409000014
15714,REVIEW,41279019800037,0.8913044,0.8766756,0.014628768,1.0166867,0.8616556525230408,0.85,0.3333333333333333,,,,,0.65625,0.8350000000000003,,,,REVIEW,41279019800037
15734,REVIEW,48840184500026,0.9871795,0.16865079,0.8185287,5.853394,0.9999998807907104,1.0,1.0,,,,,0.913385808467865,0.8350000000000003,,,,REVIEW,48840184500026
15735,AUTO_RISK,24780058400036,0.9848485,0.05142857,0.93341994,19.149832,0.9725812673568726,0.9293167701863352,0.8,,,,,1.0,0.8350000000000003,,,,AUTO_RISK,24780058400036
15748,REVIEW,49971814600032,0.9848485,0.33582088,0.6490276,2.93266,1.0,1.0,1.0,,,,,0.913385808467865,0.8350000000000003,,,,REVIEW,49971814600032
15749,REVIEW,34949617401995,0.96533334,0.05142857,0.9139048,18.77037,1.0,1.0,1.0,,,,,0.9692307710647583,0.8350000000000003,,,,REVIEW,34949617401995
15750,REVIEW,34949617402316,0.9559322,0.05142857,0.90450364,18.58757,1.0,1.0,1.0,,,,,0.9692307710647583,0.8350000000000003,,,,REVIEW,34949617402316
15751,REVIEW,34949617401607,0.9559322,0.021181718,0.9347505,45.130062,1.0,1.0,1.0,,,,,0.9692307710647583,0.8350000000000003,,,,REVIEW,34949617401607
15752,REVIEW,34949617401672,0.9559322,0.775,0.18093222,1.2334609,1.0,1.0,1.0,,,,,0.4736842215061188,0.8350000000000003,,,,REVIEW,34949617401672
15754,AUTO_RISK,53422297100101,0.8766756,0.0021415188,0.8745341,409.37097,0.7819194793701172,0.8363636363636363,0.25,,,,,1.0,0.8350000000000003,,,,AUTO_RISK,53422297100101
15765,AUTO_RISK,82787443900017,0.96533334,0.006139992,0.95919335,157.22063,1.0,1.0,1.0,,,,,1.0,0.8350000000000003,,,,AUTO_RISK,82787443900017
15771,AUTO_RISK,54207928000039,0.9479167,0.016393442,0.93152326,57.82292,0.8863805532455444,0.9125,0.6666666666666666,,,,,1.0,0.8350000000000003,,,,AUTO_RISK,54207928000039
15776,REVIEW,18009232200031,0.6739812,0.16865079,0.5053304,3.9963121,1.0,1.0,1.0,,,,,0.49180328845977783,0.8350000000000003,,,,REVIEW,18009232200031
1578,AUTO_RISK,20005464100028,0.9048583,0.9048583,0.0,1.0,0.9772425889968872,0.9068888888888887,1.0,,,,True,1.0,0.8350000000000003,20005464100028,0.9048583,0.0,AUTO_RISK,20005464100028
15785,REVIEW,57201419900408,0.6739812,0.016393442,0.65758777,41.112854,0.7807319164276123,0.8583333333333334,0.3333333333333333,,,,,0.913385808467865,0.8350000000000003,,,,REVIEW,57201419900408
15786,REVIEW,43503922700036,0.9479167,0.42696628,0.52095044,2.2201207,0.9999998807907104,1.0,1.0,,,,,0.817460298538208,0.8350000000000003,,,,REVIEW,43503922700036
15791,REVIEW,50962899600019,0.9048583,0.33582088,0.56903744,2.694467,0.880260705947876,0.9272727272727272,0.5,,,,,0.65625,0.8350000000000003,,,,REVIEW,50962899600019
15792,AUTO_RISK,84455775100014,0.9848485,0.0021415188,0.98270696,459.8832,1.0,1.0,1.0,,,,,1.0,0.8350000000000003,,,,AUTO_RISK,84455775100014
15795,REVIEW,31946812000120,0.26684636,0.0021415188,0.26470485,124.606125,0.8752049803733826,0.8550893550893551,0.3333333333333333,,,,,0.942307710647583,0.8350000000000003,,,,REVIEW,31946812000120
15796,AUTO_RISK,39899032500027,0.8766756,0.8766756,0.0,1.0,0.7347203493118286,0.6625769690285819,0.1428571428571428,,,,True,1.0,0.8350000000000003,39899032500027,0.8766756,0.0,AUTO_RISK,39899032500027
1580,REVIEW,32086318600013,0.721519,0.021181718,0.7003373,34.06329,0.6573605537414551,0.7777777777777778,0.0,,,,,0.913385808467865,0.8350000000000003,,,,REVIEW,32086318600013
15803,REVIEW,79213618600022,0.8766756,0.721519,0.15515661,1.2150416,0.8935866951942444,0.9,0.5,,,,,0.2857142984867096,0.8350000000000003,,,,REVIEW,79213618600022
15812,REVIEW,58202622500075,0.96533334,0.1,0.8653333,9.653334,1.0,1.0,1.0,,,,,0.9692307710647583,0.8350000000000003,,,,REVIEW,58202622500075
15815,REVIEW,58213743600074,0.6739812,0.36363637,0.31034482,1.8534483,0.7564190030097961,0.8922077922077922,0.3333333333333333,,,,,0.4806695580482483,0.8350000000000003,,,,REVIEW,58213743600074
15816,REVIEW,39236244800236,0.92098767,0.26684636,0.6541413,3.451378,0.8312448263168335,0.961790780141844,0.5714285714285714,,,,,0.8307692408561707,0.8350000000000003,,,,REVIEW,39236244800236
15817,REVIEW,43255908600066,0.8419811,0.26684636,0.57513475,3.155303,0.9508717060089112,0.9090909090909092,0.5,,,,,0.49180328845977783,0.8350000000000003,,,,REVIEW,43255908600066
15821,AUTO_RISK,50149814100040,0.96533334,0.0021415188,0.9631918,450.77045,1.0,1.0,1.0,,,,,1.0,0.8350000000000003,,,,AUTO_RISK,50149814100040
15831,REVIEW,32262473500039,0.8419811,0.5191083,0.32287282,1.6219758,0.7499397993087769,0.9,0.5,,,,,0.49180328845977783,0.8350000000000003,,,,REVIEW,32262473500039
15843,REVIEW,78948022500034,0.9559322,0.26684636,0.68908584,3.582332,1.0,1.0,1.0,,,,,0.817460298538208,0.8350000000000003,,,,REVIEW,78948022500034
15850,REVIEW,78577264100011,0.69402987,0.63245034,0.061579525,1.0973666,0.8842760324478149,0.7924242424242424,0.75,,,,,0.08163265138864517,0.8350000000000003,,,,REVIEW,78577264100011
15856,REVIEW,33886477000080,0.8419811,0.021181718,0.8207994,39.75037,0.8885831832885742,0.86,0.3333333333333333,,,,,0.913385808467865,0.8350000000000003,,,,REVIEW,33886477000080
15860,REVIEW,78013017500620,0.63245034,0.26684636,0.36560398,2.3700917,0.8879764676094055,0.8833333333333334,0.5,,,,,0.4736842215061188,0.8350000000000003,,,,REVIEW,78013017500620
1587,REVIEW,79029660200010,0.8419811,0.5191083,0.32287282,1.6219758,0.0,0.0,0.0,,,,,0.913385808467865,0.8350000000000003,,,,REVIEW,79029660200010
15871,REVIEW,43420979700027,0.9411765,0.9048583,0.036318183,1.0401368,1.0,1.0,1.0,,,,,0.08163265138864517,0.8350000000000003,,,,REVIEW,43420979700027
15880,REVIEW,33914326500041,0.8766756,0.016393442,0.8602822,53.477215,0.8342698812484741,0.7546296296296297,0.0,,,,,0.9692307710647583,0.8350000000000003,,,,REVIEW,33914326500041
15882,REVIEW,39112837800059,0.8766756,0.05142857,0.82524705,17.04647,0.9544569849967957,0.9066666666666666,0.6666666666666666,,,,,0.8307692408561707,0.8350000000000003,,,,REVIEW,39112837800059
15899,REVIEW,44411991100022,0.96533334,0.16865079,0.79668254,5.723859,1.0,1.0,1.0,,,,,0.8933483958244324,0.8350000000000003,,,,REVIEW,44411991100022
15901,REVIEW,56204705000322,0.92098767,0.721519,0.19946867,1.2764566,1.0,1.0,1.0,,,,,0.4736842215061188,0.8350000000000003,,,,REVIEW,56204705000322
15906,REVIEW,19931565600017,0.5191083,0.016393442,0.5027149,31.665607,0.6768538355827332,0.6391812865497076,0.4,,,,,0.8307692408561707,0.8350000000000003,,,,REVIEW,19931565600017
15907,REVIEW,18000001000033,1.0,0.8766756,0.123324394,1.1406728,0.9999998807907104,1.0,1.0,,,,,0.8307692408561707,0.8350000000000003,,,,REVIEW,18000001000033
15909,REVIEW,56208947400034,0.9848485,0.92098767,0.06386083,1.0693395,1.0000001192092896,1.0,1.0,,,,,0.65625,0.8350000000000003,,,,REVIEW,56208947400034
15914,AUTO_RISK,43782738900051,0.9871795,0.007380074,0.97979945,133.76282,1.0,1.0,1.0,,,,,1.0,0.8350000000000003,,,,AUTO_RISK,43782738900051
15924,REVIEW,75175619800014,0.9479167,0.16865079,0.7792659,5.6205883,1.0,1.0,1.0,,,,,0.913385808467865,0.8350000000000003,,,,REVIEW,75175619800014
1593,AUTO_RISK,43401337100027,0.9479167,0.9479167,0.0,1.0,0.9999998807907104,1.0,1.0,,,,True,1.0,0.8350000000000003,43401337100027,0.9479167,0.0,AUTO_RISK,43401337100027
15945,REVIEW,83357585500014,0.42696628,0.2,0.22696628,2.1348314,0.517516016960144,0.5804597701149425,0.0,,,,,0.699999988079071,0.8350000000000003,,,,REVIEW,83357585500014
15948,REVIEW,33397711400045,0.9848485,0.14285715,0.84199136,6.893939,0.9421825408935548,0.8904838709677418,0.8,,,,,0.9692307710647583,0.8350000000000003,,,,REVIEW,33397711400045
15958,REVIEW,83352277400029,0.9479167,0.08629441,0.8616223,10.984682,1.0,1.0,1.0,,,,,0.8307692408561707,0.8350000000000003,,,,REVIEW,83352277400029
15963,AUTO_RISK,81414010900020,0.9628571,0.05142857,0.9114286,18.722221,0.9999999403953552,1.0,1.0,,,,,1.0,0.8350000000000003,,,,AUTO_RISK,81414010900020
15967,REVIEW,52908018600032,0.92098767,0.20704846,0.7139392,4.4481745,1.0,1.0,1.0,,,,,0.8307692408561707,0.8350000000000003,,,,REVIEW,52908018600032
15968,REVIEW,49320563700025,0.9048583,0.26684636,0.63801193,3.3909335,0.8124251961708069,0.9107142857142856,0.3333333333333333,,,,,0.913385808467865,0.8350000000000003,,,,REVIEW,49320563700025
15977,AUTO_RISK,48320564700033,0.9628571,0.0021415188,0.9607156,449.61414,0.9999999403953552,1.0,1.0,,,,,1.0,0.8350000000000003,,,,AUTO_RISK,48320564700033
15978,AUTO_RISK,48320564700058,0.9848485,0.0021415188,0.98270696,459.8832,0.9999999403953552,1.0,1.0,,,,,1.0,0.8350000000000003,,,,AUTO_RISK,48320564700058
15986,REVIEW,44949116600061,0.96533334,0.26684636,0.698487,3.6175623,1.0,1.0,1.0,,,,,0.8888888955116272,0.8350000000000003,,,,REVIEW,44949116600061
15987,AUTO_RISK,81992011700036,0.96533334,0.0021415188,0.9631918,450.77045,0.9817343950271606,1.0,1.0,,,,,1.0,0.8350000000000003,,,,AUTO_RISK,81992011700036
1600,AUTO_RISK,50142315600014,0.26684636,0.26684636,0.0,1.0,0.7274263501167297,0.7462121212121212,0.3333333333333333,,,,True,1.0,0.8350000000000003,50142315600014,0.26684636,0.0,AUTO_RISK,50142315600014
16003,REVIEW,71206271000041,0.9628571,0.20704846,0.75580865,4.650395,0.9999998807907104,1.0,1.0,,,,,0.8307692408561707,0.8350000000000003,,,,REVIEW,71206271000041
16011,REVIEW,19910869700012,0.69402987,0.16865079,0.52537906,4.115189,0.9439458847045898,0.87433465085639,0.6,,,,,0.699999988079071,0.8350000000000003,,,,REVIEW,19910869700012
16043,REVIEW,53791575300033,0.8419811,0.05142857,0.79055256,16.371855,0.7461996078491211,0.8486842105263157,0.25,,,,,0.8333333134651184,0.8350000000000003,,,,REVIEW,53791575300033
1605,AUTO_RISK,33955706800048,0.9048583,0.9048583,0.0,1.0,1.0,1.0,1.0,,,,True,1.0,0.8350000000000003,33955706800048,0.9048583,0.0,AUTO_RISK,33955706800048
16055,REVIEW,26780173600021,0.8419811,0.08629441,0.7556867,9.757075,0.9956572651863098,0.975189393939394,0.5,,,,,0.942307710647583,0.8350000000000003,,,,REVIEW,26780173600021
16061,REVIEW,48307245000032,0.9848485,0.6739812,0.3108673,1.4612403,1.0000001192092896,1.0,1.0,,,,,0.8307692408561707,0.8350000000000003,,,,REVIEW,48307245000032
16069,REVIEW,41813154600024,0.9048583,0.26684636,0.63801193,3.3909335,0.8494559526443481,0.9157894736842104,0.5,,,,,0.817460298538208,0.8350000000000003,,,,REVIEW,41813154600024
16081,REVIEW,48435206700025,0.9048583,0.63245034,0.27240795,1.4307183,0.7132925987243652,0.8388888888888889,0.2,,,,,0.2857142984867096,0.8350000000000003,,,,REVIEW,48435206700025
16091,AUTO_RISK,80389525900023,0.96533334,0.05142857,0.9139048,18.77037,0.9999998807907104,1.0,1.0,,,,,0.9961977005004883,0.8350000000000003,,,,AUTO_RISK,80389525900023
1611,AUTO_RISK,79846514200031,0.92098767,0.92098767,0.0,1.0,1.0000001192092896,1.0,1.0,,,,True,1.0,0.8350000000000003,79846514200031,0.92098767,0.0,AUTO_RISK,79846514200031
16110,REVIEW,32130424800024,0.92098767,0.6739812,0.24700648,1.3664887,1.0000001192092896,1.0,1.0,,,,,0.65625,0.8350000000000003,,,,REVIEW,32130424800024
16117,REVIEW,43812487700046,0.9628571,0.1,0.8628571,9.6285715,1.0000001192092896,1.0,1.0,,,,,0.942307710647583,0.8350000000000003,,,,REVIEW,43812487700046
16118,REVIEW,18780913200058,0.39823008,0.021181718,0.37704837,18.800652,0.8333659172058105,0.6825396825396824,0.3333333333333333,,,,,0.699999988079071,0.8350000000000003,,,,REVIEW,18780913200058
16138,REVIEW,19930134200010,0.92098767,0.05142857,0.8695591,17.908094,0.9462378025054932,0.8685823754789271,0.75,,,,,0.942307710647583,0.8350000000000003,,,,REVIEW,19930134200010
16153,AUTO_RISK,44380197200052,0.92098767,0.0021415188,0.91884613,430.06287,0.7842650413513184,1.0,1.0,,,,,1.0,0.8350000000000003,,,,AUTO_RISK,44380197200052
16154,REVIEW,48067597400038,0.6739812,0.26684636,0.40713483,2.5257275,0.6095864772796631,0.8442857142857143,0.75,,,,,0.65625,0.8350000000000003,,,,REVIEW,48067597400038
16164,AUTO_RISK,51022743200059,0.96533334,0.0021415188,0.9631918,450.77045,1.0,1.0,1.0,,,,,1.0,0.8350000000000003,,,,AUTO_RISK,51022743200059
16187,REVIEW,21930059700016,0.42696628,0.26684636,0.16011992,1.6000453,0.7604249715805054,0.7111111111111111,0.1428571428571428,,,,,0.2857142984867096,0.8350000000000003,,,,REVIEW,21930059700016
16188,AUTO_RISK,21930027400103,0.947766,0.016393442,0.9313726,57.81373,0.8573700785636902,0.7175602175602176,0.4285714285714285,,,,,1.0,0.8350000000000003,,,,AUTO_RISK,21930027400103
16189,AUTO_RISK,21930027400426,0.9048583,0.008073818,0.8967845,112.07316,0.6812426447868347,0.6703232644409115,0.1111111111111111,,,,,1.0,0.8350000000000003,,,,AUTO_RISK,21930027400426
16190,REVIEW,19931188700012,0.9048583,0.8083832,0.096475065,1.1193433,0.9009394645690918,0.78584229390681,0.75,,,,,0.4937993586063385,0.8350000000000003,,,,REVIEW,19931188700012
16191,REVIEW,21930027400301,0.8766756,0.021181718,0.8554939,41.388317,0.775100827217102,0.7029126762154986,0.6,,,,,0.913385808467865,0.8350000000000003,,,,REVIEW,21930027400301
16237,REVIEW,21930057100243,0.26684636,0.016393442,0.2504529,16.277628,0.7543500661849976,0.6881620868180008,0.25,,,,,0.817460298538208,0.8350000000000003,,,,REVIEW,21930057100243
16238,REVIEW,21930057100029,0.42696628,0.016393442,0.41057283,26.044945,0.8321075439453125,0.5495726495726495,0.25,,,,,0.942307710647583,0.8350000000000003,,,,REVIEW,21930057100029
16239,REVIEW,21930057100128,0.016393442,0.006139992,0.01025345,2.6699452,0.7264300584793091,0.539031339031339,0.0,,,,,0.817460298538208,0.8350000000000003,,,,REVIEW,21930057100128
16240,AUTO_RISK,21930057100144,0.9048583,0.008073818,0.8967845,112.07316,0.7565457820892334,0.6696804647785041,0.1666666666666666,,,,,1.0,0.8350000000000003,,,,AUTO_RISK,21930057100144
16241,REVIEW,21930057100011,0.92098767,0.42696628,0.4940214,2.1570501,0.6437208652496338,0.611111111111111,0.0,,,,,0.817460298538208,0.8350000000000003,,,,REVIEW,21930057100011
16247,AUTO_RISK,40030727800012,0.92098767,0.0875,0.8334877,10.525574,0.8454695343971252,0.85,0.6666666666666666,,,,,0.9961977005004883,0.8350000000000003,,,,AUTO_RISK,40030727800012
1625,AUTO_RISK,44453258400026,0.8766756,0.8766756,0.0,1.0,0.7682455778121948,0.9046345811051694,0.25,,,,True,1.0,0.8350000000000003,44453258400026,0.8766756,0.0,AUTO_RISK,44453258400026
16255,REVIEW,31486631000084,0.016393442,0.008073818,0.008319624,2.0304449,0.4788594841957092,0.5247747747747747,0.0,,,,,0.7403428554534912,0.8350000000000003,,,,REVIEW,31486631000084
1627,AUTO_RISK,49073912500030,0.021181718,0.021181718,0.0,1.0,0.7530407905578613,0.6722222222222222,0.25,,,,True,1.0,0.8350000000000003,49073912500030,0.021181718,0.0,AUTO_RISK,49073912500030
16274,REVIEW,69980015700025,0.9479167,0.26684636,0.6810703,3.5522938,1.0,1.0,1.0,,,,,0.8307692408561707,0.8350000000000003,,,,REVIEW,69980015700025
1628,AUTO_RISK,37869582900028,0.63245034,0.63245034,0.0,1.0,0.8858361840248108,0.8666666666666666,0.25,,,,True,1.0,0.8350000000000003,37869582900028,0.63245034,0.0,AUTO_RISK,37869582900028
16285,REVIEW,34513066000243,0.9048583,0.05142857,0.85342973,17.594467,0.8334881067276001,0.8857142857142858,0.3333333333333333,,,,,0.817460298538208,0.8350000000000003,,,,REVIEW,34513066000243
16286,REVIEW,57215431800081,0.69402987,0.20704846,0.4869814,3.3520164,0.5406302213668823,0.6325863678804855,0.0,,,,,0.913385808467865,0.8350000000000003,,,,REVIEW,57215431800081
16288,REVIEW,38120228200012,0.9048583,0.69402987,0.21082842,1.3037742,0.869390606880188,0.7818181818181817,0.2,,,,,0.65625,0.8350000000000003,,,,REVIEW,38120228200012
16296,AUTO_RISK,38120228200129,0.9048583,0.0016708438,0.90318745,541.5577,0.7892143726348877,0.775,0.0,,,,,1.0,0.8350000000000003,,,,AUTO_RISK,38120228200129
1630,AUTO_RISK,89364945900011,0.9559322,0.9559322,0.0,1.0,1.0,1.0,1.0,,,,True,1.0,0.8350000000000003,89364945900011,0.9559322,0.0,AUTO_RISK,89364945900011
16306,REVIEW,13000548105266,0.63245034,0.20704846,0.42540187,3.0546005,0.7688513994216919,0.5777714932126696,0.0,,,,,0.913385808467865,0.8350000000000003,,,,REVIEW,13000548105266
16308,REVIEW,13000548108211,0.0875,0.007380074,0.08011992,11.85625,0.746124267578125,0.5413105413105413,0.0,,,,,0.9692307710647583,0.8350000000000003,,,,REVIEW,13000548108211
16309,REVIEW,43484613500029,0.26684636,0.20704846,0.059797898,1.2888111,0.602213442325592,0.735930735930736,0.5,,,,,0.0,0.8350000000000003,,,,REVIEW,43484613500029
16310,REVIEW,41180303400031,0.16865079,0.05142857,0.11722222,3.279321,0.6653904914855957,0.518037518037518,0.25,,,,,0.08163265138864517,0.8350000000000003,,,,REVIEW,41180303400031
16311,REVIEW,13000548125751,0.39823008,0.021181718,0.37704837,18.800652,0.0,0.4664502164502164,0.0,,,,,0.9692307710647583,0.8350000000000003,,,,REVIEW,13000548125751
16312,REVIEW,31438904000143,0.16865079,0.05142857,0.11722222,3.279321,0.7842041850090027,0.6809738309738309,0.3333333333333333,,,,,0.2571428716182709,0.8350000000000003,,,,REVIEW,31438904000143
16313,REVIEW,18003802826747,0.115384616,0.05142857,0.063956045,2.2435896,0.5584012269973755,0.6737967914438503,0.2,,,,,0.08163265138864517,0.8350000000000003,,,,REVIEW,18003802826747
16314,AUTO_RISK,13000548122253,0.42696628,0.0021415188,0.42482477,199.37546,0.0,0.4664502164502164,0.0,,,,,1.0,0.8350000000000003,,,,AUTO_RISK,13000548122253
16315,REVIEW,13000548107676,0.16865079,0.021181718,0.14746907,7.9620924,0.0,0.4432539682539682,0.1666666666666666,,,,,0.817460298538208,0.8350000000000003,,,,REVIEW,13000548107676
16316,REVIEW,13000548121057,0.26684636,0.05142857,0.21541779,5.188679,0.0,0.4193121693121693,0.0,,,,,0.8307692408561707,0.8350000000000003,,,,REVIEW,13000548121057
16317,REVIEW,13000548126304,0.8419811,0.016393442,0.8255877,51.36085,0.7550610899925232,0.5736179529282978,0.1666666666666666,,,,,0.942307710647583,0.8350000000000003,,,,REVIEW,13000548126304
16318,AUTO_RISK,13000548123384,0.39823008,0.007380074,0.39085,53.960175,0.0,0.4193121693121693,0.0,,,,,0.9961977005004883,0.8350000000000003,,,,AUTO_RISK,13000548123384
16324,REVIEW,92203603300020,0.6739812,0.0875,0.5864812,7.7026424,0.7456380128860474,0.6398830409356725,0.5,,,,,0.65625,0.8350000000000003,,,,REVIEW,92203603300020
16326,REVIEW,47941828700021,0.05142857,0.021181718,0.030246854,2.42797,0.7504494190216064,0.8727272727272728,0.5,,,,,0.0833333358168602,0.8350000000000003,,,,REVIEW,47941828700021
16327,REVIEW,18003802803977,0.33582088,0.1,0.23582089,3.358209,0.6406298875808716,0.5756132756132756,0.1666666666666666,,,,,0.49180328845977783,0.8350000000000003,,,,REVIEW,18003802803977
16357,REVIEW,79365008600044,0.5191083,0.016393442,0.5027149,31.665607,0.7251698970794678,0.5961584633853542,0.3333333333333333,,,,,0.817460298538208,0.8350000000000003,,,,REVIEW,79365008600044
16361,REVIEW,37899289501456,0.96533334,0.9048583,0.06047505,1.0668337,1.0000001192092896,1.0,1.0,,,,,0.375,0.8350000000000003,,,,REVIEW,37899289501456
16368,REVIEW,80022337200064,0.42696628,0.33582088,0.091145396,1.2714107,0.6136178374290466,0.5869708994708994,0.1428571428571428,,,,,0.0833333358168602,0.8350000000000003,,,,REVIEW,80022337200064
16376,REVIEW,88836041900392,0.92098767,0.5191083,0.40187937,1.7741725,0.8244017958641052,0.8482758620689655,0.4,,,,,0.65625,0.8350000000000003,,,,REVIEW,88836041900392
16405,AUTO_RISK,42361533500027,0.96533334,0.0016708438,0.9636625,577.752,1.0000001192092896,1.0,1.0,,,,,1.0,0.8350000000000003,,,,AUTO_RISK,42361533500027
16408,REVIEW,31114643500061,0.96533334,0.9048583,0.06047505,1.0668337,1.000000238418579,1.0,1.0,,,,,0.4736842215061188,0.8350000000000003,,,,REVIEW,31114643500061
16414,REVIEW,89215119200010,0.92098767,0.16865079,0.75233686,5.460915,0.8475630879402161,0.925,0.6,,,,,0.913385808467865,0.8350000000000003,,,,REVIEW,89215119200010
16415,REVIEW,34925706300033,0.96533334,0.63245034,0.332883,1.5263386,1.0,1.0,1.0,,,,,0.817460298538208,0.8350000000000003,,,,REVIEW,34925706300033
16423,REVIEW,41433413600036,0.8766756,0.8419811,0.034694493,1.0412058,0.9999999403953552,1.0,1.0,,,,,0.49180328845977783,0.8350000000000003,,,,REVIEW,41433413600036
16424,REVIEW,43224883900024,0.96533334,0.42696628,0.53836703,2.2609124,1.0,1.0,1.0,,,,,0.8312917947769165,0.8350000000000003,,,,REVIEW,43224883900024
16425,AUTO_RISK,77567648900666,0.9166667,0.0021415188,0.91452515,428.04514,1.0,1.0,1.0,,,,,1.0,0.8350000000000003,,,,AUTO_RISK,77567648900666
1644,AUTO_RISK,50133528500026,0.9479167,0.9479167,0.0,1.0,1.0,1.0,1.0,,,,True,1.0,0.8350000000000003,50133528500026,0.9479167,0.0,AUTO_RISK,50133528500026
16443,AUTO_RISK,50915976000032,0.96533334,0.016393442,0.9489399,58.885338,1.0000001192092896,1.0,1.0,,,,,1.0,0.8350000000000003,,,,AUTO_RISK,50915976000032
16444,REVIEW,52977758300046,0.8419811,0.63245034,0.20953077,1.3312999,0.9999999403953552,1.0,1.0,,,,,0.49180328845977783,0.8350000000000003,,,,REVIEW,52977758300046
16446,AUTO_RISK,57213616600012,0.92098767,0.1,0.82098764,9.209876,0.876675546169281,0.923809523809524,0.6666666666666666,,,,,1.0,0.8350000000000003,,,,AUTO_RISK,57213616600012
16450,REVIEW,87904725600026,0.9479167,0.42696628,0.52095044,2.2201207,1.0,1.0,1.0,,,,,0.65625,0.8350000000000003,,,,REVIEW,87904725600026
16454,AUTO_RISK,43824155600010,0.96533334,0.0021415188,0.9631918,450.77045,1.0,1.0,1.0,,,,,1.0,0.8350000000000003,,,,AUTO_RISK,43824155600010
16460,AUTO_RISK,90203688800011,0.9848485,0.08629441,0.8985541,11.412657,1.0,1.0,1.0,,,,,1.0,0.8350000000000003,,,,AUTO_RISK,90203688800011
16489,AUTO_RISK,60206341400067,0.96533334,0.0021415188,0.9631918,450.77045,0.8516592979431152,1.0,1.0,,,,,1.0,0.8350000000000003,,,,AUTO_RISK,60206341400067
1649,AUTO_RISK,78073401800010,0.69402987,0.69402987,0.0,1.0,0.8952780961990356,0.8773657289002557,0.4,,,,True,1.0,0.8350000000000003,78073401800010,0.69402987,0.0,AUTO_RISK,78073401800010
16490,REVIEW,38162728000039,0.8083832,0.05142857,0.75695467,15.718563,1.0,1.0,1.0,,,,,0.8307692408561707,0.8350000000000003,,,,REVIEW,38162728000039
16500,REVIEW,34952716800018,0.8766756,0.20704846,0.66962713,4.2341566,0.7481812238693237,0.7243401759530793,0.25,,,,,0.817460298538208,0.8350000000000003,,,,REVIEW,34952716800018
16501,REVIEW,55208329700978,0.69402987,0.63245034,0.061579525,1.0973666,0.9110417366027832,0.9142857142857144,0.5,,,,,0.2571428716182709,0.8350000000000003,,,,REVIEW,55208329700978
16503,REVIEW,55208178800028,0.92098767,0.6739812,0.24700648,1.3664887,1.0,1.0,1.0,,,,,0.375,0.8350000000000003,,,,REVIEW,55208178800028
16504,REVIEW,55208329700366,0.42696628,0.33582088,0.091145396,1.2714107,0.9372524619102478,0.8571428571428571,0.5,,,,,0.08163265138864517,0.8350000000000003,,,,REVIEW,55208329700366
16506,REVIEW,77570560100190,0.9048583,0.63245034,0.27240795,1.4307183,1.0,1.0,1.0,,,,,0.2857142984867096,0.8350000000000003,,,,REVIEW,77570560100190
16507,REVIEW,55208329702016,0.9479167,0.9479167,0.0,1.0,1.0,1.0,1.0,,,,,0.913385808467865,0.8350000000000003,,,,REVIEW,55208329702016
16515,REVIEW,81832692800012,0.8766756,0.26684636,0.60982925,3.2853198,0.84532630443573,0.9178021978021978,0.4,,,,,0.817460298538208,0.8350000000000003,,,,REVIEW,81832692800012
16517,REVIEW,55201802001824,0.9048583,0.8083832,0.096475065,1.1193433,0.952945113182068,0.9066666666666666,0.5,,,,,0.08163265138864517,0.8350000000000003,,,,REVIEW,55201802001824
16518,REVIEW,77570560102329,0.8419811,0.8083832,0.033597887,1.0415618,0.941044270992279,0.9066666666666666,0.5,,,,,0.08163265138864517,0.8350000000000003,,,,REVIEW,77570560102329
1652,AUTO_RISK,44956750200025,0.63245034,0.63245034,0.0,1.0,0.8005114793777466,0.7467948717948718,0.5,,,,True,1.0,0.8350000000000003,44956750200025,0.63245034,0.0,AUTO_RISK,44956750200025
16522,REVIEW,77570560101248,0.9048583,0.8766756,0.028182685,1.0321472,0.946323812007904,0.8571428571428571,0.3333333333333333,,,,,0.08163265138864517,0.8350000000000003,,,,REVIEW,77570560101248
16533,REVIEW,81454189200075,0.92098767,0.26684636,0.6541413,3.451378,0.9931784868240356,0.992,0.6,,,,,0.8333333134651184,0.8350000000000003,,,,REVIEW,81454189200075
16535,AUTO_RISK,32633316800051,0.96533334,0.006139992,0.95919335,157.22063,0.8026916980743408,1.0,1.0,,,,,1.0,0.8350000000000003,,,,AUTO_RISK,32633316800051
16539,REVIEW,55201802001303,0.96533334,0.92098767,0.044345677,1.0481502,1.0,1.0,1.0,,,,,0.0833333358168602,0.8350000000000003,,,,REVIEW,55201802001303
1654,AUTO_RISK,44096765100025,0.26684636,0.26684636,0.0,1.0,0.9399960041046144,0.7248140635564572,0.75,,,,True,1.0,0.8350000000000003,44096765100025,0.26684636,0.0,AUTO_RISK,44096765100025
16540,REVIEW,55201802001295,0.96533334,0.9411765,0.024156868,1.0256667,1.0,1.0,1.0,,,,,0.0833333358168602,0.8350000000000003,,,,REVIEW,55201802001295
16541,REVIEW,55208329701091,0.92098767,0.9048583,0.016129375,1.0178252,0.95891934633255,0.9066666666666666,0.5,,,,,0.0833333358168602,0.8350000000000003,,,,REVIEW,55208329701091
16542,REVIEW,55208329701109,0.92098767,0.92098767,0.0,1.0,0.9304918050765992,0.8640000000000001,0.3333333333333333,,,,,0.817460298538208,0.8350000000000003,,,,REVIEW,55208329701109
16550,REVIEW,55208329700291,0.9433962,0.92098767,0.022408545,1.024331,1.0,1.0,1.0,,,,,0.2857142984867096,0.8350000000000003,,,,REVIEW,55208329700291
16561,AUTO_RISK,55208329702487,0.92098767,0.006139992,0.9148477,149.99818,1.0,1.0,1.0,,,,,1.0,0.8350000000000003,,,,AUTO_RISK,55208329702487
16562,REVIEW,43974961500027,0.96533334,0.6739812,0.29135215,1.4322853,1.0,1.0,1.0,,,,,0.8888888955116272,0.8350000000000003,,,,REVIEW,43974961500027
1657,REVIEW,41451762300032,0.96533334,0.05142857,0.9139048,18.77037,1.0,1.0,1.0,,,,,0.817460298538208,0.8350000000000003,,,,REVIEW,41451762300032
16583,REVIEW,44175040300020,0.8419811,0.5191083,0.32287282,1.6219758,0.8950214385986328,0.8311688311688311,0.5,,,,,0.49180328845977783,0.8350000000000003,,,,REVIEW,44175040300020
16585,REVIEW,31903230600015,0.69402987,0.016393442,0.67763644,42.335823,0.6855906248092651,0.5337439800481597,0.0,,,,,0.9692307710647583,0.8350000000000003,,,,REVIEW,31903230600015
16589,REVIEW,33358346600771,0.92098767,0.63245034,0.28853732,1.4562213,0.9556220769882202,0.9666666666666666,0.0,,,,,0.817460298538208,0.8350000000000003,,,,REVIEW,33358346600771
1660,REVIEW,84197908100020,0.6739812,0.33582088,0.3381603,2.0069664,0.0,0.4937154348919055,0.0,,,,,0.699999988079071,0.8350000000000003,,,,REVIEW,84197908100020
16607,REVIEW,40419652900295,0.9479167,0.9048583,0.043058395,1.0475858,0.9176076650619508,1.0,1.0,,,,,0.1428571492433548,0.8350000000000003,,,,REVIEW,40419652900295
16617,AUTO_RISK,32932386900027,0.96533334,0.0021415188,0.9631918,450.77045,1.0,1.0,1.0,,,,,1.0,0.8350000000000003,,,,AUTO_RISK,32932386900027
16623,REVIEW,50995147100010,0.9559322,0.5191083,0.4368239,1.841489,1.0000001192092896,1.0,1.0,,,,,0.817460298538208,0.8350000000000003,,,,REVIEW,50995147100010
16631,REVIEW,68200129200031,0.8766756,0.775,0.10167563,1.1311944,0.9573407769203186,0.8300000000000001,0.6,,,,,0.375,0.8350000000000003,,,,REVIEW,68200129200031
16654,REVIEW,55211033000024,0.69402987,0.05142857,0.6426013,13.495026,0.6263319849967957,0.9333333333333332,0.5,,,,,0.817460298538208,0.8350000000000003,,,,REVIEW,55211033000024
16657,REVIEW,77573641600022,0.007380074,0.006139992,0.0012400821,1.2019681,0.6260704398155212,0.5398692810457516,0.0,,,,,0.817460298538208,0.8350000000000003,,,,REVIEW,77573641600022
16663,REVIEW,35001154000027,0.9048583,0.0875,0.8173583,10.341238,0.8261681795120239,0.754062362758015,0.75,,,,,0.942307710647583,0.8350000000000003,,,,REVIEW,35001154000027
16664,REVIEW,48949081300040,0.8913044,0.8419811,0.04932326,1.05858,1.0,1.0,1.0,,,,,0.2857142984867096,0.8350000000000003,,,,REVIEW,48949081300040
16667,REVIEW,32385891000025,0.9048583,0.26684636,0.63801193,3.3909335,0.8566791415214539,0.8291855203619911,0.8,,,,,0.817460298538208,0.8350000000000003,,,,REVIEW,32385891000025
1667,AUTO_RISK,55208329701810,0.9048583,0.9048583,0.0,1.0,1.0,1.0,1.0,,,,True,1.0,0.8350000000000003,55208329701810,0.9048583,0.0,AUTO_RISK,55208329701810
16674,REVIEW,61203477700021,0.004255319,0.0021415188,0.0021138003,1.9870566,0.5170846581459045,0.5801169590643275,0.0,,,,,0.699999988079071,0.8350000000000003,,,,REVIEW,61203477700021
16697,REVIEW,57219767100058,0.9628571,0.6739812,0.28887594,1.4286113,0.8889104723930359,1.0,1.0,,,,,0.8333333134651184,0.8350000000000003,,,,REVIEW,57219767100058
16707,REVIEW,31805400400011,0.63245034,0.63245034,0.0,1.0,0.9103304147720336,0.7230812324929973,0.25,,,,,0.817460298538208,0.8350000000000003,,,,REVIEW,31805400400011
16716,REVIEW,43267383800020,0.8766756,0.42696628,0.44970933,2.0532665,0.9172775149345398,0.8933333333333334,0.5,,,,,0.65625,0.8350000000000003,,,,REVIEW,43267383800020
1672,REVIEW,48877636000023,0.26684636,0.26684636,0.0,1.0,0.3429718911647796,0.5174603174603174,0.0,,,,,0.817460298538208,0.8350000000000003,,,,REVIEW,48877636000023
16730,REVIEW,31778006201473,0.96533334,0.16865079,0.79668254,5.723859,1.0,1.0,1.0,,,,,0.8307692408561707,0.8350000000000003,,,,REVIEW,31778006201473
1674,REVIEW,21140500600019,0.8083832,0.08629441,0.7220888,9.367736,0.9304431080818176,0.9466666666666668,0.5,,,,,0.9692307710647583,0.8350000000000003,,,,REVIEW,21140500600019
16756,AUTO_RISK,78532701600016,0.5191083,0.0021415188,0.51696676,242.40193,0.7549049854278564,0.893167701863354,0.6666666666666666,,,,,0.9961977005004883,0.8350000000000003,,,,AUTO_RISK,78532701600016
16766,REVIEW,74712042600032,0.9048583,0.69402987,0.21082842,1.3037742,0.849076509475708,0.6051587301587302,0.0,,,,,0.8307692408561707,0.8350000000000003,,,,REVIEW,74712042600032
16767,REVIEW,40210390700034,0.92098767,0.69402987,0.2269578,1.3270144,1.0000001192092896,1.0,1.0,,,,,0.2857142984867096,0.8350000000000003,,,,REVIEW,40210390700034
16769,AUTO_RISK,35058939600141,0.9848485,0.006139992,0.9787085,160.39899,1.0,1.0,1.0,,,,,1.0,0.8350000000000003,,,,AUTO_RISK,35058939600141
16775,REVIEW,18940004700438,0.96533334,0.42696628,0.53836703,2.2609124,1.0000001192092896,1.0,1.0,,,,,0.8307692408561707,0.8350000000000003,,,,REVIEW,18940004700438
16778,REVIEW,37811411001719,0.63245034,0.42696628,0.20548406,1.4812653,0.7776585817337036,0.875,0.0,,,,,0.49180328845977783,0.8350000000000003,,,,REVIEW,37811411001719
16786,REVIEW,44061795900018,0.92098767,0.9048583,0.016129375,1.0178252,0.0,0.0,0.0,,,,,0.942307710647583,0.8350000000000003,,,,REVIEW,44061795900018
1679,AUTO_RISK,62555012400014,0.9871795,0.9871795,0.0,1.0,1.0,1.0,1.0,,,,True,1.0,0.8350000000000003,62555012400014,0.9871795,0.0,AUTO_RISK,62555012400014
16793,AUTO_RISK,78558352700045,0.96533334,0.016393442,0.9489399,58.885338,1.0000001192092896,1.0,1.0,,,,,1.0,0.8350000000000003,,,,AUTO_RISK,78558352700045
16799,AUTO_RISK,40111545600022,0.9848485,0.0021415188,0.98270696,459.8832,1.0000001192092896,1.0,1.0,,,,,1.0,0.8350000000000003,,,,AUTO_RISK,40111545600022
16806,REVIEW,81121168900021,0.26684636,0.05142857,0.21541779,5.188679,0.0,0.406045751633987,0.0,,,,,0.8307692408561707,0.8350000000000003,,,,REVIEW,81121168900021
16808,AUTO_RISK,42867279400172,0.96533334,0.0021415188,0.9631918,450.77045,0.8610430359840393,1.0,1.0,,,,,1.0,0.8350000000000003,,,,AUTO_RISK,42867279400172
1681,REVIEW,80951245200016,0.96533334,0.26684636,0.698487,3.6175623,0.9999997615814208,1.0,1.0,,,,,0.823951244354248,0.8350000000000003,,,,REVIEW,80951245200016
16824,REVIEW,34081848300018,0.9048583,0.021181718,0.8836766,42.718834,0.9067730903625488,0.9515151515151516,0.6666666666666666,,,,,0.9692307710647583,0.8350000000000003,,,,REVIEW,34081848300018
16827,REVIEW,88013808600017,0.9479167,0.1,0.84791666,9.479167,1.0,1.0,1.0,,,,,0.942307710647583,0.8350000000000003,,,,REVIEW,88013808600017
16832,AUTO_RISK,38444193700032,0.96533334,0.1,0.8653333,9.653334,0.850942850112915,0.880185758513932,0.4,,,,,0.9932059049606323,0.8350000000000003,,,,AUTO_RISK,38444193700032
16836,REVIEW,72203012900034,0.8766756,0.69402987,0.18264574,1.263167,0.9152007102966307,0.918803910293272,0.5714285714285714,,,,,0.49180328845977783,0.8350000000000003,,,,REVIEW,72203012900034
16838,REVIEW,81984392100019,0.9048583,0.26684636,0.63801193,3.3909335,0.9999998807907104,1.0,1.0,,,,,0.65625,0.8350000000000003,,,,REVIEW,81984392100019
16839,REVIEW,34246617400071,0.9848485,0.69402987,0.29081863,1.419029,1.0000001192092896,1.0,1.0,,,,,0.65625,0.8350000000000003,,,,REVIEW,34246617400071
16840,AUTO_RISK,39950747400027,0.96533334,0.0021415188,0.9631918,450.77045,1.0,1.0,1.0,,,,,1.0,0.8350000000000003,,,,AUTO_RISK,39950747400027
16847,AUTO_RISK,34864290100022,0.92098767,0.006139992,0.9148477,149.99818,0.9999998807907104,1.0,1.0,,,,,1.0,0.8350000000000003,,,,AUTO_RISK,34864290100022
16858,AUTO_RISK,64201180300029,0.9628571,0.0021415188,0.9607156,449.61414,0.9999999403953552,1.0,1.0,,,,,1.0,0.8350000000000003,,,,AUTO_RISK,64201180300029
16859,REVIEW,77568109100028,0.8083832,0.69402987,0.11435336,1.1647671,0.4865619540214538,0.6111111111111112,0.0,,,,,0.817460298538208,0.8350000000000003,,,,REVIEW,77568109100028
16868,REVIEW,43260949300023,0.92098767,0.16865079,0.75233686,5.460915,0.7257797718048096,1.0,1.0,,,,,0.8307692408561707,0.8350000000000003,,,,REVIEW,43260949300023
16872,REVIEW,84104790500028,0.96533334,0.20704846,0.75828487,4.6623545,0.9999998807907104,1.0,1.0,,,,,0.913385808467865,0.8350000000000003,,,,REVIEW,84104790500028
16876,AUTO_RISK,51114594800028,0.9848485,0.9848485,0.0,1.0,0.9999999403953552,1.0,1.0,,,,True,1.0,0.8350000000000003,51114594800028,0.9848485,0.0,AUTO_RISK,51114594800028
16889,REVIEW,79041457700011,0.9048583,0.8766756,0.028182685,1.0321472,0.9999999403953552,1.0,1.0,,,,,0.08163265138864517,0.8350000000000003,,,,REVIEW,79041457700011
16890,AUTO_RISK,48079305800029,0.8419811,0.8419811,0.0,1.0,1.0,1.0,1.0,,,,True,0.9961977005004883,0.8350000000000003,48079305800029,0.8419811,0.0,AUTO_RISK,48079305800029
16903,AUTO_RISK,19311384200010,0.8766756,0.8766756,0.0,1.0,0.8922019600868225,0.888063063063063,0.6,,,,True,1.0,0.8350000000000003,19311384200010,0.8766756,0.0,AUTO_RISK,19311384200010
16904,AUTO_RISK,77566591200033,0.9559322,0.9559322,0.0,1.0,1.0,1.0,1.0,,,,True,0.9961977005004883,0.8350000000000003,77566591200033,0.9559322,0.0,AUTO_RISK,77566591200033
16944,AUTO_RISK,77558124200366,0.9048583,0.016393442,0.88846487,55.196358,0.8396719098091125,0.5392156862745098,0.0,,,,,1.0,0.8350000000000003,,,,AUTO_RISK,77558124200366
16952,AUTO_RISK,51524920900047,0.9433962,0.9433962,0.0,1.0,0.7386974096298218,1.0,1.0,,,,True,0.9961977005004883,0.8350000000000003,51524920900047,0.9433962,0.0,AUTO_RISK,51524920900047
16956,REVIEW,53950190800013,0.5191083,0.008073818,0.5110345,64.295265,0.80605548620224,0.8148148148148149,0.25,,,,,0.9692307710647583,0.8350000000000003,,,,REVIEW,53950190800013
16964,REVIEW,55205902400885,0.5191083,0.42696628,0.092142016,1.2158064,0.6086122989654541,0.8705882352941177,0.5,,,,,0.08163265138864517,0.8350000000000003,,,,REVIEW,55205902400885
16972,AUTO_RISK,30925610500557,0.9479167,0.9479167,0.0,1.0,1.0,1.0,1.0,,,,True,1.0,0.8350000000000003,30925610500557,0.9479167,0.0,AUTO_RISK,30925610500557
16996,AUTO_RISK,50862792400022,0.8083832,0.8083832,0.0,1.0,1.0,1.0,1.0,,,,True,1.0,0.8350000000000003,50862792400022,0.8083832,0.0,AUTO_RISK,50862792400022
16998,REVIEW,37899289500029,0.42696628,0.16865079,0.2583155,2.531659,0.7263877391815186,0.7111111111111112,0.25,,,,,0.65625,0.8350000000000003,,,,REVIEW,37899289500029
17004,AUTO_RISK,31954393000030,0.9628571,0.9628571,0.0,1.0,0.6734727621078491,1.0,1.0,,,,True,1.0,0.8350000000000003,31954393000030,0.9628571,0.0,AUTO_RISK,31954393000030
17016,REVIEW,38389624800010,0.31590074,0.26684636,0.049054384,1.18383,0.9109426736831664,0.925,0.5,,,,,0.0,0.8350000000000003,,,,REVIEW,38389624800010
17019,AUTO_RISK,71880047700165,0.9628571,0.9628571,0.0,1.0,1.0,1.0,1.0,,,,True,1.0,0.8350000000000003,71880047700165,0.9628571,0.0,AUTO_RISK,71880047700165
17020,AUTO_RISK,40958772200011,0.92098767,0.92098767,0.0,1.0,0.9999999403953552,1.0,1.0,,,,True,1.0,0.8350000000000003,40958772200011,0.92098767,0.0,AUTO_RISK,40958772200011
17023,AUTO_RISK,85056628200024,0.9848485,0.9848485,0.0,1.0,1.0,1.0,1.0,,,,True,1.0,0.8350000000000003,85056628200024,0.9848485,0.0,AUTO_RISK,85056628200024
17035,REVIEW,81330917600010,0.16865079,0.1,0.06865079,1.6865079,0.8055765628814697,0.6586921850079746,0.5,,,,,0.2571428716182709,0.8350000000000003,,,,REVIEW,81330917600010
17046,AUTO_RISK,78971122300030,0.9048583,0.9048583,0.0,1.0,0.8967841267585754,0.91843537414966,0.8333333333333334,,,,True,1.0,0.8350000000000003,78971122300030,0.9048583,0.0,AUTO_RISK,78971122300030
17050,REVIEW,77562467900699,0.42696628,0.05142857,0.3755377,8.302122,0.703914999961853,0.6055555555555555,0.0,,,,,0.8888888955116272,0.8350000000000003,,,,REVIEW,77562467900699
17054,AUTO_RISK,19590270500019,0.721519,0.721519,0.0,1.0,0.855884850025177,0.6875,0.4,,,,True,1.0,0.8350000000000003,19590270500019,0.721519,0.0,AUTO_RISK,19590270500019
17057,REVIEW,55204695503609,0.5191083,0.42696628,0.092142016,1.2158064,0.5988964438438416,0.6356060606060606,0.0,,,,,0.49180328845977783,0.8350000000000003,,,,REVIEW,55204695503609
17071,AUTO_RISK,51011293100017,0.9048583,0.9048583,0.0,1.0,0.9718027710914612,0.9243243243243244,0.75,,,,True,1.0,0.8350000000000003,51011293100017,0.9048583,0.0,AUTO_RISK,51011293100017
17075,AUTO_RISK,45650389500124,0.96533334,0.96533334,0.0,1.0,0.9999999403953552,1.0,1.0,,,,True,1.0,0.8350000000000003,45650389500124,0.96533334,0.0,AUTO_RISK,45650389500124
17085,AUTO_RISK,31778006200665,0.9628571,0.9628571,0.0,1.0,1.0,1.0,1.0,,,,True,1.0,0.8350000000000003,31778006200665,0.9628571,0.0,AUTO_RISK,31778006200665
17088,AUTO_RISK,44419312200710,0.8766756,0.8766756,0.0,1.0,0.897370457649231,0.896551724137931,0.5,,,,True,1.0,0.8350000000000003,44419312200710,0.8766756,0.0,AUTO_RISK,44419312200710
1716,AUTO_RISK,34835204800048,0.92098767,0.92098767,0.0,1.0,1.0,1.0,1.0,,,,True,1.0,0.8350000000000003,34835204800048,0.92098767,0.0,AUTO_RISK,34835204800048
1722,REVIEW,41884755400023,0.42696628,0.16865079,0.2583155,2.531659,1.0,1.0,1.0,,,,,0.49180328845977783,0.8350000000000003,,,,REVIEW,41884755400023
1729,AUTO_RISK,32586619200033,0.96533334,0.96533334,0.0,1.0,0.810969352722168,1.0,1.0,,,,True,1.0,0.8350000000000003,32586619200033,0.96533334,0.0,AUTO_RISK,32586619200033
1730,AUTO_RISK,20006048100013,0.8419811,0.8419811,0.0,1.0,0.9480947852134703,0.9333333333333332,1.0,,,,True,1.0,0.8350000000000003,20006048100013,0.8419811,0.0,AUTO_RISK,20006048100013
1732,REVIEW,87958375500019,0.26684636,0.16865079,0.09819557,1.582242,0.8800890445709229,0.982213438735178,0.3333333333333333,,,,,0.0833333358168602,0.8350000000000003,,,,REVIEW,87958375500019
1736,AUTO_RISK,31252079400065,0.96533334,0.96533334,0.0,1.0,1.0,1.0,1.0,,,,True,1.0,0.8350000000000003,31252079400065,0.96533334,0.0,AUTO_RISK,31252079400065
1740,AUTO_RISK,49011913800025,0.96533334,0.96533334,0.0,1.0,1.0,1.0,1.0,,,,True,1.0,0.8350000000000003,49011913800025,0.96533334,0.0,AUTO_RISK,49011913800025
1744,AUTO_RISK,38403015100045,0.92098767,0.92098767,0.0,1.0,0.9908156394958496,0.9357142857142856,1.0,,,,True,1.0,0.8350000000000003,38403015100045,0.92098767,0.0,AUTO_RISK,38403015100045
1745,AUTO_RISK,30497421500077,0.96533334,0.96533334,0.0,1.0,0.9999998807907104,1.0,1.0,,,,True,1.0,0.8350000000000003,30497421500077,0.96533334,0.0,AUTO_RISK,30497421500077
176,REVIEW,92229905200014,0.05142857,0.016393442,0.03503513,3.1371431,0.6625994443893433,0.7936967000370783,0.25,,,,,0.4736842215061188,0.8350000000000003,,,,REVIEW,92229905200014
1762,AUTO_RISK,25140437200020,0.8419811,0.8419811,0.0,1.0,0.9278748631477356,0.8780888030888031,0.5,,,,True,1.0,0.8350000000000003,25140437200020,0.8419811,0.0,AUTO_RISK,25140437200020
1767,AUTO_RISK,51188503000011,0.8419811,0.8419811,0.0,1.0,0.7691388726234436,0.4876984126984127,0.25,,,,True,1.0,0.8350000000000003,51188503000011,0.8419811,0.0,AUTO_RISK,51188503000011
177,AUTO_RISK,21710059300011,0.9479167,0.9479167,0.0,1.0,0.7745274305343628,0.9333333333333332,1.0,,,,True,1.0,0.8350000000000003,21710059300011,0.9479167,0.0,AUTO_RISK,21710059300011
1786,AUTO_RISK,38006587000012,0.721519,0.721519,0.0,1.0,0.8159089684486389,0.8853146853146854,0.4,,,,True,1.0,0.8350000000000003,38006587000012,0.721519,0.0,AUTO_RISK,38006587000012
1787,AUTO_RISK,42288458500015,0.9559322,0.9559322,0.0,1.0,1.0,1.0,1.0,,,,True,1.0,0.8350000000000003,42288458500015,0.9559322,0.0,AUTO_RISK,42288458500015
182,REVIEW,21630113501554,0.006139992,0.0021415188,0.0039984733,2.8671203,0.5513321161270142,0.8420361247947454,0.1666666666666666,,,,,0.08163265138864517,0.8350000000000003,,,,REVIEW,21630113501554
1820,AUTO_RISK,39977682200021,0.8766756,0.8766756,0.0,1.0,0.953628659248352,0.9882352941176472,0.3333333333333333,,,,True,1.0,0.8350000000000003,39977682200021,0.8766756,0.0,AUTO_RISK,39977682200021
1825,AUTO_RISK,38836283200023,0.8766756,0.8766756,0.0,1.0,0.8775042295455933,0.8736842105263157,0.5,,,,True,1.0,0.8350000000000003,38836283200023,0.8766756,0.0,AUTO_RISK,38836283200023
1834,REVIEW,21140488400069,0.42696628,0.05142857,0.3755377,8.302122,0.780910074710846,0.8725075987841945,0.5,,,,,0.65625,0.8350000000000003,,,,REVIEW,21140488400069
1839,AUTO_RISK,53879857000056,0.9048583,0.9048583,0.0,1.0,0.9287271499633788,0.9655172413793104,0.5,,,,True,1.0,0.8350000000000003,53879857000056,0.9048583,0.0,AUTO_RISK,53879857000056
1841,AUTO_RISK,53125243500023,0.9559322,0.9559322,0.0,1.0,0.9999998807907104,1.0,1.0,,,,True,1.0,0.8350000000000003,53125243500023,0.9559322,0.0,AUTO_RISK,53125243500023
1846,REVIEW,21140675600018,0.9048583,0.26684636,0.63801193,3.3909335,0.8781207799911499,0.8733333333333333,0.25,,,,,0.8307692408561707,0.8350000000000003,,,,REVIEW,21140675600018
1848,AUTO_RISK,71202124500071,0.8419811,0.8419811,0.0,1.0,1.0,1.0,1.0,,,,True,1.0,0.8350000000000003,71202124500071,0.8419811,0.0,AUTO_RISK,71202124500071
1857,REVIEW,99186629400010,0.08629441,0.021181718,0.065112695,4.0740047,0.0,0.4958333333333333,0.0,,,,,0.699999988079071,0.8350000000000003,,,,REVIEW,99186629400010
1864,AUTO_RISK,40422433900014,0.9048583,0.9048583,0.0,1.0,0.7742674946784973,0.9357142857142856,0.6666666666666666,,,,True,1.0,0.8350000000000003,40422433900014,0.9048583,0.0,AUTO_RISK,40422433900014
1865,AUTO_RISK,40422433900022,0.92098767,0.92098767,0.0,1.0,0.7742674946784973,0.9357142857142856,0.6666666666666666,,,,True,1.0,0.8350000000000003,40422433900022,0.92098767,0.0,AUTO_RISK,40422433900022
1870,AUTO_RISK,34516330700027,0.016393442,0.016393442,0.0,1.0,0.0,0.4618319417081027,0.1,,,,True,1.0,0.8350000000000003,34516330700027,0.016393442,0.0,AUTO_RISK,34516330700027
1873,REVIEW,48490721700026,0.42696628,0.26684636,0.16011992,1.6000453,0.486194372177124,0.5505050505050505,0.0,,,,,0.65625,0.8350000000000003,,,,REVIEW,48490721700026
1874,AUTO_RISK,83533530800010,0.96533334,0.96533334,0.0,1.0,0.9999999403953552,1.0,1.0,,,,True,1.0,0.8350000000000003,83533530800010,0.96533334,0.0,AUTO_RISK,83533530800010
1876,AUTO_RISK,80879937300028,1.0,1.0,0.0,1.0,1.0,1.0,1.0,,,,True,1.0,0.8350000000000003,80879937300028,1.0,0.0,AUTO_RISK,80879937300028
1877,AUTO_RISK,78076583000010,0.5191083,0.5191083,0.0,1.0,0.6409729719161987,0.7182539682539684,0.6666666666666666,,,,True,1.0,0.8350000000000003,78076583000010,0.5191083,0.0,AUTO_RISK,78076583000010
1881,AUTO_RISK,48471892900017,0.6739812,0.6739812,0.0,1.0,0.896865725517273,0.8769230769230769,0.5,,,,True,1.0,0.8350000000000003,48471892900017,0.6739812,0.0,AUTO_RISK,48471892900017
1891,AUTO_RISK,34516077400039,0.9048583,0.016393442,0.88846487,55.196358,0.9064658880233764,0.8659619450317125,0.0,,,,,1.0,0.8350000000000003,,,,AUTO_RISK,34516077400039
1894,AUTO_RISK,45075763800017,0.9479167,0.9479167,0.0,1.0,1.0000001192092896,1.0,1.0,,,,True,1.0,0.8350000000000003,45075763800017,0.9479167,0.0,AUTO_RISK,45075763800017
1903,AUTO_RISK,33751414500032,0.92098767,0.92098767,0.0,1.0,1.0,1.0,1.0,,,,True,1.0,0.8350000000000003,33751414500032,0.92098767,0.0,AUTO_RISK,33751414500032
191,REVIEW,21590273500012,0.26684636,0.26684636,0.0,1.0,0.6180351972579956,0.565079365079365,0.0,,,,,0.8307692408561707,0.8350000000000003,,,,REVIEW,21590273500012
1930,AUTO_RISK,52870750800024,0.8419811,0.8419811,0.0,1.0,0.8221375942230225,0.5027777777777778,0.3333333333333333,,,,True,1.0,0.8350000000000003,52870750800024,0.8419811,0.0,AUTO_RISK,52870750800024
1932,AUTO_RISK,26140042800031,0.63245034,0.63245034,0.0,1.0,1.0,1.0,1.0,,,,True,1.0,0.8350000000000003,26140042800031,0.63245034,0.0,AUTO_RISK,26140042800031
1937,REVIEW,42884844400017,0.42696628,0.26684636,0.16011992,1.6000453,0.6663675308227539,0.655982905982906,0.0,,,,,0.49180328845977783,0.8350000000000003,,,,REVIEW,42884844400017
1941,AUTO_RISK,39433815600257,0.9048583,0.021181718,0.8836766,42.718834,1.0,1.0,1.0,,,,,1.0,0.8350000000000003,,,,AUTO_RISK,39433815600257
1942,AUTO_RISK,43824178800027,0.96533334,0.96533334,0.0,1.0,0.9999998807907104,1.0,1.0,,,,True,1.0,0.8350000000000003,43824178800027,0.96533334,0.0,AUTO_RISK,43824178800027
1955,AUTO_RISK,43401842000050,0.9479167,0.9479167,0.0,1.0,0.9275914430618286,0.9857142857142858,0.5,,,,True,1.0,0.8350000000000003,43401842000050,0.9479167,0.0,AUTO_RISK,43401842000050
1963,AUTO_RISK,42972676300072,0.5191083,0.5191083,0.0,1.0,0.7759451270103455,0.5996865203761755,0.2,,,,True,1.0,0.8350000000000003,42972676300072,0.5191083,0.0,AUTO_RISK,42972676300072
1974,AUTO_RISK,89069678400010,0.42696628,0.42696628,0.0,1.0,0.803284764289856,0.5505698005698006,0.2,,,,True,1.0,0.8350000000000003,89069678400010,0.42696628,0.0,AUTO_RISK,89069678400010
1976,AUTO_RISK,44232977700019,0.96533334,0.96533334,0.0,1.0,0.9999998807907104,1.0,1.0,,,,True,1.0,0.8350000000000003,44232977700019,0.96533334,0.0,AUTO_RISK,44232977700019
1977,REVIEW,33168854900012,0.92098767,0.05142857,0.8695591,17.908094,0.9147965908050536,0.9304347826086956,0.6666666666666666,,,,,0.9692307710647583,0.8350000000000003,,,,REVIEW,33168854900012
1979,AUTO_RISK,41050536600014,0.9871795,0.9871795,0.0,1.0,1.0,1.0,1.0,,,,True,1.0,0.8350000000000003,41050536600014,0.9871795,0.0,AUTO_RISK,41050536600014
1985,AUTO_RISK,50266174700019,0.96533334,0.0021415188,0.9631918,450.77045,1.0,1.0,1.0,,,,,1.0,0.8350000000000003,,,,AUTO_RISK,50266174700019
1990,AUTO_RISK,84140733100021,0.9479167,0.9479167,0.0,1.0,1.0000001192092896,1.0,1.0,,,,True,1.0,0.8350000000000003,84140733100021,0.9479167,0.0,AUTO_RISK,84140733100021
1996,AUTO_RISK,81886576800027,0.9048583,0.9048583,0.0,1.0,0.949060320854187,0.9130434782608696,0.6666666666666666,,,,True,1.0,0.8350000000000003,81886576800027,0.9048583,0.0,AUTO_RISK,81886576800027
1998,AUTO_RISK,78072679000014,0.26684636,0.26684636,0.0,1.0,0.6189373731613159,0.6164692281713559,0.3333333333333333,,,,True,1.0,0.8350000000000003,78072679000014,0.26684636,0.0,AUTO_RISK,78072679000014
1999,AUTO_RISK,38534017900014,0.96533334,0.007380074,0.9579533,130.80267,1.0,1.0,1.0,,,,,1.0,0.8350000000000003,,,,AUTO_RISK,38534017900014
2007,AUTO_RISK,80356435000020,0.9628571,0.9628571,0.0,1.0,1.0,1.0,1.0,,,,True,1.0,0.8350000000000003,80356435000020,0.9628571,0.0,AUTO_RISK,80356435000020
2009,AUTO_RISK,71202124500063,0.8766756,0.8766756,0.0,1.0,0.9410337805747986,0.8205128205128206,0.5,,,,True,1.0,0.8350000000000003,71202124500063,0.8766756,0.0,AUTO_RISK,71202124500063
2011,AUTO_RISK,43528507700739,0.26684636,0.26684636,0.0,1.0,0.6285885572433472,0.6437728937728937,0.3333333333333333,,,,True,1.0,0.8350000000000003,43528507700739,0.26684636,0.0,AUTO_RISK,43528507700739
2023,AUTO_RISK,45175289300029,0.9479167,0.9479167,0.0,1.0,0.9999998807907104,1.0,1.0,,,,True,1.0,0.8350000000000003,45175289300029,0.9479167,0.0,AUTO_RISK,45175289300029
2028,REVIEW,32193380600010,0.69402987,0.021181718,0.67284817,32.765514,0.9999999403953552,1.0,1.0,,,,,0.817460298538208,0.8350000000000003,,,,REVIEW,32193380600010
2038,REVIEW,51048086600019,0.05142857,0.05142857,0.0,1.0,0.6078876256942749,0.888888888888889,0.25,,,,,0.1428571492433548,0.8350000000000003,,,,REVIEW,51048086600019
2039,REVIEW,13001341000100,0.016393442,0.0021415188,0.014251923,7.655054,0.595826268196106,0.76,0.0,,,,,0.65625,0.8350000000000003,,,,REVIEW,13001341000100
2043,AUTO_RISK,77562228500416,0.63245034,0.63245034,0.0,1.0,0.6793482303619385,0.6854256854256855,0.3333333333333333,,,,True,1.0,0.8350000000000003,77562228500416,0.63245034,0.0,AUTO_RISK,77562228500416
2054,AUTO_RISK,38049703200025,0.9559322,0.9559322,0.0,1.0,0.9999998211860656,1.0,1.0,,,,True,1.0,0.8350000000000003,38049703200025,0.9559322,0.0,AUTO_RISK,38049703200025
2056,AUTO_RISK,48200853900025,0.96533334,0.96533334,0.0,1.0,0.9999998807907104,1.0,1.0,,,,True,1.0,0.8350000000000003,48200853900025,0.96533334,0.0,AUTO_RISK,48200853900025
2073,AUTO_RISK,52398673500034,0.96533334,0.96533334,0.0,1.0,1.0000001192092896,1.0,1.0,,,,True,1.0,0.8350000000000003,52398673500034,0.96533334,0.0,AUTO_RISK,52398673500034
2090,AUTO_RISK,07695002100014,0.96533334,0.96533334,0.0,1.0,1.0,1.0,1.0,,,,True,1.0,0.8350000000000003,07695002100014,0.96533334,0.0,AUTO_RISK,07695002100014
2095,AUTO_RISK,07705025000024,0.9742039,0.9742039,0.0,1.0,0.9363523721694946,0.9333333333333332,0.6666666666666666,,,,True,1.0,0.8350000000000003,07705025000024,0.9742039,0.0,AUTO_RISK,07705025000024
2105,AUTO_RISK,07545056900126,0.8766756,0.8766756,0.0,1.0,0.951493203639984,0.9272727272727272,0.5,,,,True,1.0,0.8350000000000003,07545056900126,0.8766756,0.0,AUTO_RISK,07545056900126
2108,AUTO_RISK,33968377300107,0.9628571,0.9628571,0.0,1.0,0.9999998807907104,1.0,1.0,,,,True,1.0,0.8350000000000003,33968377300107,0.9628571,0.0,AUTO_RISK,33968377300107
2109,REVIEW,75227196500010,0.9048583,0.42696628,0.477892,2.1192734,1.0,1.0,1.0,,,,,0.2571428716182709,0.8350000000000003,,,,REVIEW,75227196500010
2116,AUTO_RISK,51795709800059,0.96533334,0.96533334,0.0,1.0,1.0,1.0,1.0,,,,True,1.0,0.8350000000000003,51795709800059,0.96533334,0.0,AUTO_RISK,51795709800059
2128,AUTO_RISK,77562228500093,0.26684636,0.26684636,0.0,1.0,0.7471885681152344,0.6689450899977216,0.5,,,,True,1.0,0.8350000000000003,77562228500093,0.26684636,0.0,AUTO_RISK,77562228500093
2132,REVIEW,52922174900060,0.8913044,0.26684636,0.624458,3.3401406,0.8636959791183472,0.9066666666666666,0.3333333333333333,,,,,0.913385808467865,0.8350000000000003,,,,REVIEW,52922174900060
2135,AUTO_RISK,44419312200504,0.9848485,0.9848485,0.0,1.0,1.0,1.0,1.0,,,,True,1.0,0.8350000000000003,44419312200504,0.9848485,0.0,AUTO_RISK,44419312200504
2137,REVIEW,49407425500014,0.16865079,0.1,0.06865079,1.6865079,0.7918042540550232,0.8104166666666667,0.3333333333333333,,,,,0.0,0.8350000000000003,,,,REVIEW,49407425500014
2139,AUTO_RISK,42922043700025,0.8083832,0.8083832,0.0,1.0,0.7782772779464722,0.7321428571428571,0.5,,,,True,1.0,0.8350000000000003,42922043700025,0.8083832,0.0,AUTO_RISK,42922043700025
2140,AUTO_RISK,48996779400046,0.7966102,0.7966102,0.0,1.0,0.8725814819335938,0.936842105263158,0.6666666666666666,,,,True,1.0,0.8350000000000003,48996779400046,0.7966102,0.0,AUTO_RISK,48996779400046
2154,AUTO_RISK,38240186700124,0.9628571,0.9628571,0.0,1.0,1.0,1.0,1.0,,,,True,1.0,0.8350000000000003,38240186700124,0.9628571,0.0,AUTO_RISK,38240186700124
2159,AUTO_RISK,44227845300273,0.9433962,0.9433962,0.0,1.0,0.9478379487991332,1.0,1.0,,,,True,1.0,0.8350000000000003,44227845300273,0.9433962,0.0,AUTO_RISK,44227845300273
2165,AUTO_RISK,78360262600013,0.94580716,0.94580716,0.0,1.0,1.0,1.0,1.0,,,,True,1.0,0.8350000000000003,78360262600013,0.94580716,0.0,AUTO_RISK,78360262600013
2171,AUTO_RISK,43491711800029,0.26684636,0.26684636,0.0,1.0,0.7715352773666382,0.8362393162393161,0.3333333333333333,,,,True,1.0,0.8350000000000003,43491711800029,0.26684636,0.0,AUTO_RISK,43491711800029
2186,AUTO_RISK,26590779000017,0.9848485,0.9848485,0.0,1.0,0.9999999403953552,1.0,1.0,,,,True,1.0,0.8350000000000003,26590779000017,0.9848485,0.0,AUTO_RISK,26590779000017
2194,AUTO_RISK,34513066000110,0.8766756,0.8766756,0.0,1.0,0.8472844362258911,0.8857142857142858,0.3333333333333333,,,,True,1.0,0.8350000000000003,34513066000110,0.8766756,0.0,AUTO_RISK,34513066000110
2196,AUTO_RISK,78360262600047,0.26684636,0.26684636,0.0,1.0,0.4822977781295776,0.9366666666666666,0.25,,,,True,1.0,0.8350000000000003,78360262600047,0.26684636,0.0,AUTO_RISK,78360262600047
2198,REVIEW,07565021800318,0.9628571,0.39823008,0.56462705,2.4178412,1.0,1.0,1.0,,,,,0.817460298538208,0.8350000000000003,,,,REVIEW,07565021800318
2199,AUTO_RISK,13000548103006,0.63245034,0.63245034,0.0,1.0,0.7743020057678223,0.5239651416122004,0.0,,,,True,1.0,0.8350000000000003,13000548103006,0.63245034,0.0,AUTO_RISK,13000548103006
2205,AUTO_RISK,89456543100299,0.96533334,0.96533334,0.0,1.0,0.9999999403953552,1.0,1.0,,,,True,1.0,0.8350000000000003,89456543100299,0.96533334,0.0,AUTO_RISK,89456543100299
2231,REVIEW,30070514200036,0.6,0.007380074,0.59261996,81.3,0.5827651619911194,0.4382716049382716,0.3333333333333333,,,,,0.913385808467865,0.8350000000000003,,,,REVIEW,30070514200036
2239,AUTO_RISK,39746973500021,0.9048583,0.9048583,0.0,1.0,0.913388967514038,0.8947368421052632,0.6666666666666666,,,,True,0.9961977005004883,0.8350000000000003,39746973500021,0.9048583,0.0,AUTO_RISK,39746973500021
224,REVIEW,30944527800034,0.016393442,0.008073818,0.008319624,2.0304449,0.607024073600769,0.5946156240273887,0.0,,,,,0.44454848766326904,0.8350000000000003,,,,REVIEW,30944527800034
2241,REVIEW,77562228500366,0.016393442,0.008073818,0.008319624,2.0304449,0.3620900213718414,0.5292929292929293,0.0,,,,,0.49180328845977783,0.8350000000000003,,,,REVIEW,77562228500366
2242,AUTO_RISK,45650389500082,0.9871795,0.9871795,0.0,1.0,0.9999999403953552,1.0,1.0,,,,True,1.0,0.8350000000000003,45650389500082,0.9871795,0.0,AUTO_RISK,45650389500082
2243,AUTO_RISK,45650389500249,0.96533334,0.96533334,0.0,1.0,0.9999999403953552,1.0,1.0,,,,True,1.0,0.8350000000000003,45650389500249,0.96533334,0.0,AUTO_RISK,45650389500249
2247,REVIEW,52455643800017,0.6739812,0.26684636,0.40713483,2.5257275,0.0,0.0,0.0,,,,,0.9692307710647583,0.8350000000000003,,,,REVIEW,52455643800017
2248,AUTO_RISK,51816234200050,1.0,1.0,0.0,1.0,0.9999999403953552,1.0,1.0,,,,True,1.0,0.8350000000000003,51816234200050,1.0,0.0,AUTO_RISK,51816234200050
2253,AUTO_RISK,38325260800187,0.9628571,0.9628571,0.0,1.0,1.0,1.0,1.0,,,,True,1.0,0.8350000000000003,38325260800187,0.9628571,0.0,AUTO_RISK,38325260800187
2255,REVIEW,44823550700085,0.8419811,0.16865079,0.6733303,4.9924526,0.8435910940170288,0.8785714285714286,0.5,,,,,0.49180328845977783,0.8350000000000003,,,,REVIEW,44823550700085
2259,AUTO_RISK,47991852600068,0.8419811,0.8419811,0.0,1.0,0.9888474941253662,0.9595105672969968,1.0,,,,True,1.0,0.8350000000000003,47991852600068,0.8419811,0.0,AUTO_RISK,47991852600068
2260,AUTO_RISK,47991852600035,0.9048583,0.9048583,0.0,1.0,0.9888474941253662,0.9595105672969968,1.0,,,,True,1.0,0.8350000000000003,47991852600035,0.9048583,0.0,AUTO_RISK,47991852600035
2262,AUTO_RISK,42810739500025,0.96533334,0.96533334,0.0,1.0,0.9999998807907104,1.0,1.0,,,,True,1.0,0.8350000000000003,42810739500025,0.96533334,0.0,AUTO_RISK,42810739500025
2266,REVIEW,82311498800012,0.5191083,0.05142857,0.46767974,10.093773,0.8819782733917236,0.8541666666666666,0.5,,,,,0.817460298538208,0.8350000000000003,,,,REVIEW,82311498800012
2267,REVIEW,07725053800020,0.92098767,0.021181718,0.89980596,43.480312,0.9999998807907104,1.0,1.0,,,,,0.8307692408561707,0.8350000000000003,,,,REVIEW,07725053800020
2269,AUTO_RISK,83888568900029,0.8419811,0.8419811,0.0,1.0,0.8101959228515625,0.9335722819593788,0.3333333333333333,,,,True,1.0,0.8350000000000003,83888568900029,0.8419811,0.0,AUTO_RISK,83888568900029
2271,AUTO_RISK,44462384700019,0.9848485,0.9848485,0.0,1.0,0.9999999403953552,1.0,1.0,,,,True,1.0,0.8350000000000003,44462384700019,0.9848485,0.0,AUTO_RISK,44462384700019
2274,AUTO_RISK,38246082200028,0.96533334,0.96533334,0.0,1.0,1.0,1.0,1.0,,,,True,1.0,0.8350000000000003,38246082200028,0.96533334,0.0,AUTO_RISK,38246082200028
2279,REVIEW,37811411001099,0.721519,0.69402987,0.027489126,1.039608,0.7937705516815186,0.8583333333333334,0.0,,,,,0.6111111044883728,0.8350000000000003,,,,REVIEW,37811411001099
2283,AUTO_RISK,34201114500022,0.9559322,0.9559322,0.0,1.0,1.0000001192092896,1.0,1.0,,,,True,1.0,0.8350000000000003,34201114500022,0.9559322,0.0,AUTO_RISK,34201114500022
2286,AUTO_RISK,48996779400020,0.6739812,0.6739812,0.0,1.0,0.8057936429977417,0.5845410628019324,0.5,,,,True,1.0,0.8350000000000003,48996779400020,0.6739812,0.0,AUTO_RISK,48996779400020
2293,REVIEW,32044110801719,0.26684636,0.16865079,0.09819557,1.582242,0.3987240791320801,0.5526315789473685,0.0,,,,,0.49180328845977783,0.8350000000000003,,,,REVIEW,32044110801719
2307,AUTO_RISK,31532139800028,0.94871825,0.94871825,0.0,1.0,1.0,1.0,1.0,,,,True,1.0,0.8350000000000003,31532139800028,0.94871825,0.0,AUTO_RISK,31532139800028
2323,AUTO_RISK,48066182600176,0.9871795,0.05142857,0.93575096,19.195158,0.9999998807907104,1.0,1.0,,,,,1.0,0.8350000000000003,,,,AUTO_RISK,48066182600176
2342,AUTO_RISK,52750450000010,0.92098767,0.92098767,0.0,1.0,0.9999998807907104,1.0,1.0,,,,True,0.9961977005004883,0.8350000000000003,52750450000010,0.92098767,0.0,AUTO_RISK,52750450000010
2349,AUTO_RISK,21540482300019,0.8766756,0.8766756,0.0,1.0,0.7631884813308716,0.8461538461538461,0.25,,,,True,1.0,0.8350000000000003,21540482300019,0.8766756,0.0,AUTO_RISK,21540482300019
2350,AUTO_RISK,21540547300012,0.8766756,0.08629441,0.7903812,10.159123,0.7153900861740112,0.6073562041303977,0.0,,,,,1.0,0.8350000000000003,,,,AUTO_RISK,21540547300012
2361,AUTO_RISK,35326331200038,0.8419811,0.8419811,0.0,1.0,0.940400779247284,0.9454545454545455,0.5,,,,True,1.0,0.8350000000000003,35326331200038,0.8419811,0.0,AUTO_RISK,35326331200038
2367,AUTO_RISK,50836850300027,0.26684636,0.26684636,0.0,1.0,0.8539657592773438,0.85,0.3333333333333333,,,,True,0.9961977005004883,0.8350000000000003,50836850300027,0.26684636,0.0,AUTO_RISK,50836850300027
2368,REVIEW,75067119000031,0.775,0.0875,0.6875,8.857142,0.5681326389312744,0.5865485979337972,0.1428571428571428,,,,,0.913385808467865,0.8350000000000003,,,,REVIEW,75067119000031
2378,AUTO_RISK,92441450100016,0.9848485,0.9848485,0.0,1.0,0.9264906644821168,0.9746031746031746,0.8,,,,True,1.0,0.8350000000000003,92441450100016,0.9848485,0.0,AUTO_RISK,92441450100016
2379,REVIEW,21540257900019,0.39823008,0.11363637,0.2845937,3.5044246,0.6180388927459717,0.6084471084471085,0.0,,,,,0.913385808467865,0.8350000000000003,,,,REVIEW,21540257900019
2392,AUTO_RISK,74993624100027,0.96533334,0.96533334,0.0,1.0,1.0,1.0,1.0,,,,True,1.0,0.8350000000000003,74993624100027,0.96533334,0.0,AUTO_RISK,74993624100027
2393,AUTO_RISK,53894524700012,0.7580256,0.7580256,0.0,1.0,0.8831623792648315,0.9464285714285714,0.5,,,,True,1.0,0.8350000000000003,53894524700012,0.7580256,0.0,AUTO_RISK,53894524700012
2417,AUTO_RISK,66204244922034,0.96533334,0.96533334,0.0,1.0,0.9999999403953552,1.0,1.0,,,,True,1.0,0.8350000000000003,66204244922034,0.96533334,0.0,AUTO_RISK,66204244922034
2430,REVIEW,91166540400024,0.26684636,0.008073818,0.25877255,33.050827,0.0,0.4428800366300366,0.0,,,,,0.913385808467865,0.8350000000000003,,,,REVIEW,91166540400024
2434,AUTO_RISK,43388478000050,0.92098767,0.92098767,0.0,1.0,0.8577655553817749,0.8400000000000001,0.75,,,,True,1.0,0.8350000000000003,43388478000050,0.92098767,0.0,AUTO_RISK,43388478000050
2438,REVIEW,30102995500053,0.721519,0.16865079,0.5528682,4.2781835,0.812340497970581,0.6833333333333332,0.0,,,,,0.9692307710647583,0.8350000000000003,,,,REVIEW,30102995500053
2453,AUTO_RISK,71206375900294,1.0,1.0,0.0,1.0,0.9999999403953552,1.0,1.0,,,,True,1.0,0.8350000000000003,71206375900294,1.0,0.0,AUTO_RISK,71206375900294
2456,REVIEW,42183148800034,0.8419811,0.63245034,0.20953077,1.3312999,0.7935847043991089,0.5430687830687831,0.5,,,,,0.2571428716182709,0.8350000000000003,,,,REVIEW,42183148800034
2461,REVIEW,45245444000226,0.92098767,0.16865079,0.75233686,5.460915,0.9231328964233398,0.9875,0.0,,,,,0.913385808467865,0.8350000000000003,,,,REVIEW,45245444000226
2462,REVIEW,35175449400109,0.63245034,0.26684636,0.36560398,2.3700917,0.4325718879699707,0.6195286195286195,0.0,,,,,0.65625,0.8350000000000003,,,,REVIEW,35175449400109
2467,AUTO_RISK,47904474500038,0.5191083,0.5191083,0.0,1.0,0.7581486105918884,0.4365079365079365,0.2,,,,True,1.0,0.8350000000000003,47904474500038,0.5191083,0.0,AUTO_RISK,47904474500038
247,AUTO_RISK,21440120000016,0.8766756,0.8766756,0.0,1.0,0.8905084133148193,0.9,1.0,,,,True,1.0,0.8350000000000003,21440120000016,0.8766756,0.0,AUTO_RISK,21440120000016
2471,REVIEW,37990675300833,0.20704846,0.016393442,0.19065502,12.629957,0.7637744545936584,0.8363636363636363,0.2,,,,,0.6111111044883728,0.8350000000000003,,,,REVIEW,37990675300833
2473,AUTO_RISK,13000548104434,0.69402987,0.69402987,0.0,1.0,0.7212783098220825,0.597041847041847,0.2,,,,True,1.0,0.8350000000000003,13000548104434,0.69402987,0.0,AUTO_RISK,13000548104434
2475,REVIEW,77567187800731,0.16865079,0.006139992,0.1625108,27.467592,0.4890546798706054,0.5837606837606838,0.1666666666666666,,,,,0.49180328845977783,0.8350000000000003,,,,REVIEW,77567187800731
2476,AUTO_RISK,13000548125447,0.7966102,0.7966102,0.0,1.0,0.7703602313995361,0.4861111111111111,0.2,,,,True,1.0,0.8350000000000003,13000548125447,0.7966102,0.0,AUTO_RISK,13000548125447
2477,AUTO_RISK,13000548123186,0.63245034,0.63245034,0.0,1.0,0.7440112233161926,0.5419753086419753,0.1666666666666666,,,,True,0.9961977005004883,0.8350000000000003,13000548123186,0.63245034,0.0,AUTO_RISK,13000548123186
2486,AUTO_RISK,48472766400035,0.9628571,0.0021415188,0.9607156,449.61414,0.8035593032836914,1.0,1.0,,,,,1.0,0.8350000000000003,,,,AUTO_RISK,48472766400035
2489,AUTO_RISK,19541327300010,1.0,1.0,0.0,1.0,0.8226078748703003,1.0,1.0,,,,True,1.0,0.8350000000000003,19541327300010,1.0,0.0,AUTO_RISK,19541327300010
2492,REVIEW,40852594700011,0.96533334,0.2,0.76533335,4.826667,0.9999999403953552,1.0,1.0,,,,,0.942307710647583,0.8350000000000003,,,,REVIEW,40852594700011
2494,AUTO_RISK,44027225000026,0.9628571,0.9628571,0.0,1.0,0.9999999403953552,1.0,1.0,,,,True,1.0,0.8350000000000003,44027225000026,0.9628571,0.0,AUTO_RISK,44027225000026
2504,AUTO_RISK,41798124800038,0.9848485,0.9848485,0.0,1.0,1.0,1.0,1.0,,,,True,1.0,0.8350000000000003,41798124800038,0.9848485,0.0,AUTO_RISK,41798124800038
2514,REVIEW,77561537000399,0.5191083,0.42696628,0.092142016,1.2158064,0.8049894571304321,0.5709064327485379,0.3333333333333333,,,,,0.2571428716182709,0.8350000000000003,,,,REVIEW,77561537000399
2518,AUTO_RISK,44256529700011,0.96533334,0.96533334,0.0,1.0,1.0,1.0,1.0,,,,True,1.0,0.8350000000000003,44256529700011,0.96533334,0.0,AUTO_RISK,44256529700011
2531,AUTO_RISK,34214913500044,0.69402987,0.69402987,0.0,1.0,1.0,1.0,1.0,,,,True,1.0,0.8350000000000003,34214913500044,0.69402987,0.0,AUTO_RISK,34214913500044
2533,AUTO_RISK,38540417300028,0.9048583,0.9048583,0.0,1.0,0.9076266288757324,0.976470588235294,0.3333333333333333,,,,True,1.0,0.8350000000000003,38540417300028,0.9048583,0.0,AUTO_RISK,38540417300028
254,AUTO_RISK,21440018600018,0.9628571,0.9628571,0.0,1.0,0.94972026348114,0.9333333333333332,1.0,,,,True,1.0,0.8350000000000003,21440018600018,0.9628571,0.0,AUTO_RISK,21440018600018
2547,AUTO_RISK,42176742700014,0.9848485,0.9848485,0.0,1.0,1.0,1.0,1.0,,,,True,1.0,0.8350000000000003,42176742700014,0.9848485,0.0,AUTO_RISK,42176742700014
2548,AUTO_RISK,52862386100036,0.9559322,0.9559322,0.0,1.0,0.9099879860877992,0.976470588235294,0.75,,,,True,1.0,0.8350000000000003,52862386100036,0.9559322,0.0,AUTO_RISK,52862386100036
2550,AUTO_RISK,81198755100033,0.1,0.1,0.0,1.0,0.0,0.4647058823529411,0.0,,,,,0.9961977005004883,0.8350000000000003,,,,AUTO_RISK,81198755100033
2551,AUTO_RISK,92139164500014,0.8766756,0.8766756,0.0,1.0,0.9177990555763244,0.8083333333333332,0.6666666666666666,,,,True,1.0,0.8350000000000003,92139164500014,0.8766756,0.0,AUTO_RISK,92139164500014
2557,AUTO_RISK,42064023700020,0.63245034,0.63245034,0.0,1.0,0.7742966413497925,0.6866928848352997,0.3333333333333333,,,,True,1.0,0.8350000000000003,42064023700020,0.63245034,0.0,AUTO_RISK,42064023700020
2563,AUTO_RISK,45166966700011,0.9848485,0.9848485,0.0,1.0,0.9999998211860656,1.0,1.0,,,,True,1.0,0.8350000000000003,45166966700011,0.9848485,0.0,AUTO_RISK,45166966700011
2569,AUTO_RISK,34539137900012,0.8083832,0.8083832,0.0,1.0,0.9328187704086304,0.8833333333333334,0.5,,,,True,1.0,0.8350000000000003,34539137900012,0.8083832,0.0,AUTO_RISK,34539137900012
2571,AUTO_RISK,79455052500024,0.16865079,0.16865079,0.0,1.0,0.6030349731445312,0.7264119322942854,0.3333333333333333,,,,True,0.9961977005004883,0.8350000000000003,79455052500024,0.16865079,0.0,AUTO_RISK,79455052500024
2574,AUTO_RISK,79928125800019,0.96533334,0.96533334,0.0,1.0,0.7854119539260864,1.0,1.0,,,,True,1.0,0.8350000000000003,79928125800019,0.96533334,0.0,AUTO_RISK,79928125800019
2588,AUTO_RISK,42427340700306,0.8419811,0.8419811,0.0,1.0,0.9032310247421264,0.92,0.25,,,,True,1.0,0.8350000000000003,42427340700306,0.8419811,0.0,AUTO_RISK,42427340700306
2599,REVIEW,77570560101859,0.9048583,0.63245034,0.27240795,1.4307183,0.9110383987426758,0.85,0.3333333333333333,,,,,0.2571428716182709,0.8350000000000003,,,,REVIEW,77570560101859
26,REVIEW,54209533615094,0.26684636,0.16865079,0.09819557,1.582242,0.8202028870582581,0.5025062656641603,0.5,,,,True,0.0833333358168602,0.8350000000000003,54209533615094,0.26684636,0.0,REVIEW,54209533615094
2605,AUTO_RISK,89874764700011,0.92098767,0.92098767,0.0,1.0,1.0,1.0,1.0,,,,True,1.0,0.8350000000000003,89874764700011,0.92098767,0.0,AUTO_RISK,89874764700011
2629,AUTO_RISK,78334097900039,0.9479167,0.9479167,0.0,1.0,0.961275577545166,0.923846153846154,0.75,,,,True,1.0,0.8350000000000003,78334097900039,0.9479167,0.0,AUTO_RISK,78334097900039
2630,AUTO_RISK,45195331900030,0.9628571,0.9628571,0.0,1.0,1.0,1.0,1.0,,,,True,1.0,0.8350000000000003,45195331900030,0.9628571,0.0,AUTO_RISK,45195331900030
2643,AUTO_RISK,30517704000030,0.92098767,0.92098767,0.0,1.0,0.9999999403953552,1.0,1.0,,,,True,1.0,0.8350000000000003,30517704000030,0.92098767,0.0,AUTO_RISK,30517704000030
2648,AUTO_RISK,35157288800417,0.9628571,0.9628571,0.0,1.0,0.9012524485588074,1.0,1.0,,,,True,1.0,0.8350000000000003,35157288800417,0.9628571,0.0,AUTO_RISK,35157288800417
2662,AUTO_RISK,40905295800025,0.9479167,0.9479167,0.0,1.0,1.0000001192092896,1.0,1.0,,,,True,1.0,0.8350000000000003,40905295800025,0.9479167,0.0,AUTO_RISK,40905295800025
2675,AUTO_RISK,48469195100020,0.42696628,0.42696628,0.0,1.0,0.9175337553024292,0.9117068117068116,0.4,,,,True,1.0,0.8350000000000003,48469195100020,0.42696628,0.0,AUTO_RISK,48469195100020
2676,AUTO_RISK,44413985100059,0.63245034,0.05142857,0.5810218,12.297646,0.6113983392715454,0.5641711229946523,0.0,,,,,0.9961977005004883,0.8350000000000003,,,,AUTO_RISK,44413985100059
2695,AUTO_RISK,35322917200047,0.8913044,0.8913044,0.0,1.0,1.0000001192092896,1.0,1.0,,,,True,1.0,0.8350000000000003,35322917200047,0.8913044,0.0,AUTO_RISK,35322917200047
2696,REVIEW,45059705900044,0.5191083,0.16865079,0.3504575,3.078007,0.5642236471176147,0.5040466779597215,0.0,,,,,0.817460298538208,0.8350000000000003,,,,REVIEW,45059705900044
2700,REVIEW,41420861100015,0.5191083,0.42696628,0.092142016,1.2158064,0.6974159479141235,0.5973695844385499,0.1666666666666666,,,,,0.2571428716182709,0.8350000000000003,,,,REVIEW,41420861100015
2706,AUTO_RISK,44427567100238,0.92098767,0.92098767,0.0,1.0,1.0000001192092896,1.0,1.0,,,,True,1.0,0.8350000000000003,44427567100238,0.92098767,0.0,AUTO_RISK,44427567100238
271,REVIEW,49434633100023,0.1,0.05142857,0.04857143,1.9444444,0.0,0.4936507936507937,0.0,,,,,0.49180328845977783,0.8350000000000003,,,,REVIEW,49434633100023
2716,AUTO_RISK,50992573100036,0.96533334,0.96533334,0.0,1.0,1.0,1.0,1.0,,,,True,1.0,0.8350000000000003,50992573100036,0.96533334,0.0,AUTO_RISK,50992573100036
2727,AUTO_RISK,43307085100038,0.9559322,0.9559322,0.0,1.0,0.9999999403953552,1.0,1.0,,,,True,1.0,0.8350000000000003,43307085100038,0.9559322,0.0,AUTO_RISK,43307085100038
2736,AUTO_RISK,08598035700090,0.9048583,0.9048583,0.0,1.0,0.8690950274467468,0.9153846153846154,0.6666666666666666,,,,True,1.0,0.8350000000000003,08598035700090,0.9048583,0.0,AUTO_RISK,08598035700090
2742,REVIEW,85142280800028,0.96533334,0.26684636,0.698487,3.6175623,0.9623461365699768,0.9714285714285714,1.0,,,,,0.8307692408561707,0.8350000000000003,,,,REVIEW,85142280800028
275,REVIEW,19771997400010,0.8766756,0.016393442,0.8602822,53.477215,0.8274567127227783,0.8533333333333333,0.75,,,,,0.8307692408561707,0.8350000000000003,,,,REVIEW,19771997400010
2753,REVIEW,46950054000197,0.8419811,0.23076923,0.6112119,3.6485848,0.752824068069458,0.6888888888888888,0.0,,,,,0.699999988079071,0.8350000000000003,,,,REVIEW,46950054000197
2758,AUTO_RISK,32616028000094,0.96533334,0.96533334,0.0,1.0,1.0000001192092896,1.0,1.0,,,,True,0.9961977005004883,0.8350000000000003,32616028000094,0.96533334,0.0,AUTO_RISK,32616028000094
2763,AUTO_RISK,42440238600033,0.9479167,0.9479167,0.0,1.0,1.0,1.0,1.0,,,,True,1.0,0.8350000000000003,42440238600033,0.9479167,0.0,AUTO_RISK,42440238600033
2777,AUTO_RISK,44315397800020,1.0,1.0,0.0,1.0,0.9999999403953552,1.0,1.0,,,,True,1.0,0.8350000000000003,44315397800020,1.0,0.0,AUTO_RISK,44315397800020
278,REVIEW,19770940500017,0.8083832,0.69402987,0.11435336,1.1647671,0.8218408823013306,0.8590322580645161,0.75,,,,,0.2571428716182709,0.8350000000000003,,,,REVIEW,19770940500017
2786,AUTO_RISK,50437203800019,0.775,0.775,0.0,1.0,0.7869725227355957,0.7185185185185184,0.5,,,,True,1.0,0.8350000000000003,50437203800019,0.775,0.0,AUTO_RISK,50437203800019
2787,REVIEW,38999284300034,0.6739812,0.26684636,0.40713483,2.5257275,0.8035562038421631,0.8200000000000001,0.2,,,,,0.4736842215061188,0.8350000000000003,,,,REVIEW,38999284300034
2807,REVIEW,42132026800129,0.92098767,0.20704846,0.7139392,4.4481745,0.757949709892273,0.9076923076923076,0.5,,,,,0.817460298538208,0.8350000000000003,,,,REVIEW,42132026800129
2825,REVIEW,43228583100025,0.8766756,0.26684636,0.60982925,3.2853198,1.0,1.0,1.0,,,,,0.49180328845977783,0.8350000000000003,,,,REVIEW,43228583100025
2840,AUTO_RISK,82189598400010,0.9048583,0.9048583,0.0,1.0,0.7571837902069092,0.85,0.5,,,,True,1.0,0.8350000000000003,82189598400010,0.9048583,0.0,AUTO_RISK,82189598400010
2843,REVIEW,92136604300013,0.16865079,0.05142857,0.11722222,3.279321,0.6146456003189087,0.5945767195767195,0.25,,,,,0.0833333358168602,0.8350000000000003,,,,REVIEW,92136604300013
2845,AUTO_RISK,39341438800040,0.92098767,0.92098767,0.0,1.0,0.7096396088600159,1.0,1.0,,,,True,1.0,0.8350000000000003,39341438800040,0.92098767,0.0,AUTO_RISK,39341438800040
2852,AUTO_RISK,33458172500010,0.8766756,0.8766756,0.0,1.0,0.8027811050415039,0.7630718954248367,0.6666666666666666,,,,True,1.0,0.8350000000000003,33458172500010,0.8766756,0.0,AUTO_RISK,33458172500010
2857,AUTO_RISK,67980493000130,0.92098767,0.92098767,0.0,1.0,0.961909294128418,0.9391304347826088,0.6666666666666666,,,,True,1.0,0.8350000000000003,67980493000130,0.92098767,0.0,AUTO_RISK,67980493000130
2862,REVIEW,70378024700127,0.016393442,0.0021415188,0.014251923,7.655054,0.0,0.4444444444444444,0.0,,,,,0.913385808467865,0.8350000000000003,,,,REVIEW,70378024700127
2869,AUTO_RISK,26740009100091,0.9048583,0.9048583,0.0,1.0,0.7685871720314026,0.9111111111111112,0.5,,,,True,1.0,0.8350000000000003,26740009100091,0.9048583,0.0,AUTO_RISK,26740009100091
2870,AUTO_RISK,33190139700504,0.5191083,0.5191083,0.0,1.0,0.7385911345481873,0.7185185185185187,0.5,,,,True,1.0,0.8350000000000003,33190139700504,0.5191083,0.0,AUTO_RISK,33190139700504
2872,AUTO_RISK,40258297700029,0.96533334,0.96533334,0.0,1.0,1.0,1.0,1.0,,,,True,1.0,0.8350000000000003,40258297700029,0.96533334,0.0,AUTO_RISK,40258297700029
288,REVIEW,19772276200014,0.9479167,0.5191083,0.4288084,1.826048,0.745648980140686,0.841991341991342,0.5,,,,,0.832636833190918,0.8350000000000003,,,,REVIEW,19772276200014
2893,AUTO_RISK,38257702100159,0.92098767,0.92098767,0.0,1.0,1.0,1.0,1.0,,,,True,1.0,0.8350000000000003,38257702100159,0.92098767,0.0,AUTO_RISK,38257702100159
290,REVIEW,19772228300011,0.9166667,0.26684636,0.6498203,3.4351852,0.7321913838386536,0.8657289002557544,0.75,,,,,0.913385808467865,0.8350000000000003,,,,REVIEW,19772228300011
2901,AUTO_RISK,95001119700023,0.991453,0.991453,0.0,1.0,1.0,1.0,1.0,,,,True,1.0,0.8350000000000003,95001119700023,0.991453,0.0,AUTO_RISK,95001119700023
2903,AUTO_RISK,80801677800033,0.63245034,0.63245034,0.0,1.0,0.8724072575569153,0.8714285714285714,0.5,,,,True,0.9961977005004883,0.8350000000000003,80801677800033,0.63245034,0.0,AUTO_RISK,80801677800033
2916,AUTO_RISK,38284132800042,1.0,1.0,0.0,1.0,0.9737517833709716,1.0,1.0,,,,True,1.0,0.8350000000000003,38284132800042,1.0,0.0,AUTO_RISK,38284132800042
2923,AUTO_RISK,35022894600041,0.8083832,0.8083832,0.0,1.0,0.8292943835258484,0.7710309930423782,0.5,,,,True,1.0,0.8350000000000003,35022894600041,0.8083832,0.0,AUTO_RISK,35022894600041
2927,AUTO_RISK,95001087600015,0.9848485,0.9848485,0.0,1.0,0.9999998807907104,1.0,1.0,,,,True,1.0,0.8350000000000003,95001087600015,0.9848485,0.0,AUTO_RISK,95001087600015
2933,AUTO_RISK,21740105800011,0.96533334,0.96533334,0.0,1.0,0.8037042617797852,0.9333333333333332,1.0,,,,True,1.0,0.8350000000000003,21740105800011,0.96533334,0.0,AUTO_RISK,21740105800011
2936,REVIEW,34154076300024,0.42696628,0.33582088,0.091145396,1.2714107,0.7353354096412659,0.5750000000000001,0.3333333333333333,,,,,0.08163265138864517,0.8350000000000003,,,,REVIEW,34154076300024
2937,REVIEW,20006258600157,0.9048583,0.26684636,0.63801193,3.3909335,0.7134346961975098,0.9704260651629072,0.3333333333333333,,,,,0.817460298538208,0.8350000000000003,,,,REVIEW,20006258600157
2939,AUTO_RISK,32562037500023,0.92098767,0.92098767,0.0,1.0,0.7355154752731323,0.8952380952380953,0.5,,,,True,1.0,0.8350000000000003,32562037500023,0.92098767,0.0,AUTO_RISK,32562037500023
2955,AUTO_RISK,31438855400011,0.26684636,0.26684636,0.0,1.0,0.8917742967605591,0.801058201058201,0.5,,,,True,1.0,0.8350000000000003,31438855400011,0.26684636,0.0,AUTO_RISK,31438855400011
2961,AUTO_RISK,84057365300010,0.8766756,0.8766756,0.0,1.0,0.8245768547058105,0.917471264367816,0.6,,,,True,1.0,0.8350000000000003,84057365300010,0.8766756,0.0,AUTO_RISK,84057365300010
2963,AUTO_RISK,84014766400014,0.69402987,0.69402987,0.0,1.0,0.8788186311721802,0.8823529411764706,0.5,,,,True,0.9961977005004883,0.8350000000000003,84014766400014,0.69402987,0.0,AUTO_RISK,84014766400014
2965,AUTO_RISK,32803724700017,0.9048583,0.05142857,0.85342973,17.594467,0.7552610635757446,0.7673915294604949,0.4,,,,,0.9961977005004883,0.8350000000000003,,,,AUTO_RISK,32803724700017
2966,AUTO_RISK,43352391700022,0.9848485,0.9848485,0.0,1.0,1.0,1.0,1.0,,,,True,1.0,0.8350000000000003,43352391700022,0.9848485,0.0,AUTO_RISK,43352391700022
2970,AUTO_RISK,52376750700016,0.9433962,0.9433962,0.0,1.0,1.0,1.0,1.0,,,,True,1.0,0.8350000000000003,52376750700016,0.9433962,0.0,AUTO_RISK,52376750700016
2971,AUTO_RISK,79453892600013,0.9848485,0.9848485,0.0,1.0,1.0000001192092896,1.0,1.0,,,,True,1.0,0.8350000000000003,79453892600013,0.9848485,0.0,AUTO_RISK,79453892600013
2973,AUTO_RISK,44410089500036,0.9559322,0.9559322,0.0,1.0,1.0,1.0,1.0,,,,True,1.0,0.8350000000000003,44410089500036,0.9559322,0.0,AUTO_RISK,44410089500036
298,REVIEW,19771027000012,0.8766756,0.26684636,0.60982925,3.2853198,0.8276625871658325,0.6866471734892787,0.6,,,,,0.817460298538208,0.8350000000000003,,,,REVIEW,19771027000012
2981,AUTO_RISK,79588051700029,0.96533334,0.96533334,0.0,1.0,1.0,1.0,1.0,,,,True,1.0,0.8350000000000003,79588051700029,0.96533334,0.0,AUTO_RISK,79588051700029
2982,AUTO_RISK,84407799000019,0.9628571,0.9628571,0.0,1.0,0.9999999403953552,1.0,1.0,,,,True,1.0,0.8350000000000003,84407799000019,0.9628571,0.0,AUTO_RISK,84407799000019
2984,AUTO_RISK,52447996100012,0.775,0.775,0.0,1.0,1.0,1.0,1.0,,,,True,1.0,0.8350000000000003,52447996100012,0.775,0.0,AUTO_RISK,52447996100012
3000,AUTO_RISK,30852964300014,0.9871795,0.9871795,0.0,1.0,1.0,1.0,1.0,,,,True,1.0,0.8350000000000003,30852964300014,0.9871795,0.0,AUTO_RISK,30852964300014
3006,AUTO_RISK,21740105800086,0.8083832,0.8083832,0.0,1.0,1.0,1.0,1.0,,,,True,1.0,0.8350000000000003,21740105800086,0.8083832,0.0,AUTO_RISK,21740105800086
3011,AUTO_RISK,79822110700021,0.92098767,0.92098767,0.0,1.0,0.835290789604187,1.0,1.0,,,,True,1.0,0.8350000000000003,79822110700021,0.92098767,0.0,AUTO_RISK,79822110700021
3016,AUTO_RISK,34743701400066,0.8419811,0.8419811,0.0,1.0,0.8927807807922363,0.83,0.25,,,,True,1.0,0.8350000000000003,34743701400066,0.8419811,0.0,AUTO_RISK,34743701400066
3017,REVIEW,33750927700022,0.42696628,0.39823008,0.028736204,1.0721598,0.7918633818626404,0.7104761904761906,0.6666666666666666,,,,,0.4736842215061188,0.8350000000000003,,,,REVIEW,33750927700022
3024,AUTO_RISK,42095050300029,0.96533334,0.96533334,0.0,1.0,1.0,1.0,1.0,,,,True,1.0,0.8350000000000003,42095050300029,0.96533334,0.0,AUTO_RISK,42095050300029
3028,AUTO_RISK,21740103300014,0.9628571,0.9628571,0.0,1.0,0.9480947852134703,0.9333333333333332,1.0,,,,True,1.0,0.8350000000000003,21740103300014,0.9628571,0.0,AUTO_RISK,21740103300014
3034,AUTO_RISK,91808934300019,0.9628571,0.9628571,0.0,1.0,1.000000238418579,1.0,1.0,,,,True,1.0,0.8350000000000003,91808934300019,0.9628571,0.0,AUTO_RISK,91808934300019
3040,AUTO_RISK,21740263500015,0.42696628,0.42696628,0.0,1.0,0.81337571144104,0.8428571428571429,0.3333333333333333,,,,True,1.0,0.8350000000000003,21740263500015,0.42696628,0.0,AUTO_RISK,21740263500015
3047,AUTO_RISK,31472073100053,0.9848485,0.9848485,0.0,1.0,1.0,1.0,1.0,,,,True,1.0,0.8350000000000003,31472073100053,0.9848485,0.0,AUTO_RISK,31472073100053
3048,AUTO_RISK,90125118100011,0.9166667,0.9166667,0.0,1.0,0.9999999403953552,1.0,1.0,,,,True,1.0,0.8350000000000003,90125118100011,0.9166667,0.0,AUTO_RISK,90125118100011
305,AUTO_RISK,19770945400015,0.5191083,0.5191083,0.0,1.0,0.6610808968544006,0.6759562841530053,0.5,,,,True,1.0,0.8350000000000003,19770945400015,0.5191083,0.0,AUTO_RISK,19770945400015
3055,AUTO_RISK,83382784300024,0.8419811,0.8419811,0.0,1.0,0.8638138771057129,0.8916666666666666,0.5,,,,True,0.9961977005004883,0.8350000000000003,83382784300024,0.8419811,0.0,AUTO_RISK,83382784300024
3061,REVIEW,19740263900011,0.9411765,0.16865079,0.77252567,5.580623,0.8495455980300903,0.936,0.6666666666666666,,,,,0.942307710647583,0.8350000000000003,,,,REVIEW,19740263900011
3076,AUTO_RISK,19740025200015,0.9871795,0.9871795,0.0,1.0,0.9462710618972778,1.0,1.0,,,,True,1.0,0.8350000000000003,19740025200015,0.9871795,0.0,AUTO_RISK,19740025200015
3092,AUTO_RISK,19741488100015,0.96533334,0.96533334,0.0,1.0,1.0,1.0,1.0,,,,True,1.0,0.8350000000000003,19741488100015,0.96533334,0.0,AUTO_RISK,19741488100015
3093,AUTO_RISK,19741341200010,1.0,0.05142857,0.94857144,19.444445,1.0,1.0,1.0,,,,,1.0,0.8350000000000003,,,,AUTO_RISK,19741341200010
3104,AUTO_RISK,19740021100029,0.9628571,0.021181718,0.9416754,45.45699,0.9664494395256042,0.9237762237762238,1.0,,,,,1.0,0.8350000000000003,,,,AUTO_RISK,19740021100029
3108,AUTO_RISK,19740036900017,0.9048583,0.0021415188,0.90271676,422.5311,0.6240202188491821,1.0,1.0,,,,,1.0,0.8350000000000003,,,,AUTO_RISK,19740036900017
3110,AUTO_RISK,53005257000039,0.9048583,0.9048583,0.0,1.0,0.8189334869384766,0.9066666666666666,0.5,,,,True,0.9961977005004883,0.8350000000000003,53005257000039,0.9048583,0.0,AUTO_RISK,53005257000039
3123,AUTO_RISK,52336487500022,0.9048583,0.05142857,0.85342973,17.594467,0.0,0.0,0.0,,,,,1.0,0.8350000000000003,,,,AUTO_RISK,52336487500022
3130,AUTO_RISK,48782612500030,0.9479167,0.9479167,0.0,1.0,0.6838623285293579,1.0,1.0,,,,True,1.0,0.8350000000000003,48782612500030,0.9479167,0.0,AUTO_RISK,48782612500030
3142,REVIEW,91748853800013,0.26684636,0.006139992,0.26070637,43.460377,0.6156171560287476,0.5792592592592593,0.2,,,,,0.65625,0.8350000000000003,,,,REVIEW,91748853800013
3144,REVIEW,77661275600036,0.26684636,0.0021415188,0.26470485,124.606125,0.0,0.4888888888888889,0.0,,,,,0.942307710647583,0.8350000000000003,,,,REVIEW,77661275600036
3151,REVIEW,30295849101985,0.8419811,0.8083832,0.033597887,1.0415618,0.9658366441726683,0.944665012406948,0.75,,,,True,0.2571428716182709,0.8350000000000003,30295849101985,0.8419811,0.0,REVIEW,30295849101985
3152,AUTO_RISK,82895870200023,0.9479167,0.9479167,0.0,1.0,0.860793948173523,0.9555555555555556,0.6666666666666666,,,,True,1.0,0.8350000000000003,82895870200023,0.9479167,0.0,AUTO_RISK,82895870200023
3159,AUTO_RISK,60562021000043,0.8083832,0.008073818,0.8003094,100.12403,0.5496571063995361,0.6816239316239318,0.0,,,,,1.0,0.8350000000000003,,,,AUTO_RISK,60562021000043
3170,AUTO_RISK,26740017400012,0.92098767,0.92098767,0.0,1.0,0.8567869663238525,0.9842105263157896,0.6,,,,True,1.0,0.8350000000000003,26740017400012,0.92098767,0.0,AUTO_RISK,26740017400012
3175,REVIEW,89947738400015,0.42696628,0.26684636,0.16011992,1.6000453,0.483616292476654,0.5303030303030303,0.0,,,,,0.65625,0.8350000000000003,,,,REVIEW,89947738400015
3176,AUTO_RISK,13000548119754,0.1,0.1,0.0,1.0,0.0,0.4193121693121693,0.0,,,,True,1.0,0.8350000000000003,13000548119754,0.1,0.0,AUTO_RISK,13000548119754
3178,AUTO_RISK,79862675000037,0.9848485,0.9848485,0.0,1.0,1.0000001192092896,1.0,1.0,,,,True,1.0,0.8350000000000003,79862675000037,0.9848485,0.0,AUTO_RISK,79862675000037
3179,AUTO_RISK,13000548124853,0.25986263,0.25986263,0.0,1.0,0.0,0.4367724867724867,0.0,,,,True,0.9961977005004883,0.8350000000000003,13000548124853,0.25986263,0.0,AUTO_RISK,13000548124853
3180,AUTO_RISK,85221946800018,0.9479167,0.0021415188,0.94577515,442.63757,0.0,0.0,0.0,,,,,1.0,0.8350000000000003,,,,AUTO_RISK,85221946800018
3206,AUTO_RISK,26740006700018,0.9848485,0.9848485,0.0,1.0,0.9999998807907104,1.0,1.0,,,,True,1.0,0.8350000000000003,26740006700018,0.9848485,0.0,AUTO_RISK,26740006700018
3211,AUTO_RISK,40173358900022,0.96533334,0.96533334,0.0,1.0,1.0,1.0,1.0,,,,True,1.0,0.8350000000000003,40173358900022,0.96533334,0.0,AUTO_RISK,40173358900022
3249,REVIEW,45045880700341,0.26684636,0.008073818,0.25877255,33.050827,0.5554394125938416,0.6075396825396826,0.0,,,,,0.913385808467865,0.8350000000000003,,,,REVIEW,45045880700341
3250,AUTO_RISK,45045880700200,0.05142857,0.05142857,0.0,1.0,0.6204679012298584,0.6523809523809524,0.4,,,,True,1.0,0.8350000000000003,45045880700200,0.05142857,0.0,AUTO_RISK,45045880700200
3251,AUTO_RISK,45045880700192,0.26684636,0.26684636,0.0,1.0,0.5898455381393433,0.7053872053872053,0.4,,,,True,1.0,0.8350000000000003,45045880700192,0.26684636,0.0,AUTO_RISK,45045880700192
3252,REVIEW,91908604100010,0.26684636,0.021181718,0.24566464,12.597957,0.7459163665771484,0.8291666666666666,0.6666666666666666,,,,,0.28093260526657104,0.8350000000000003,,,,REVIEW,91908604100010
3253,REVIEW,93025008900016,0.63245034,0.26684636,0.36560398,2.3700917,0.7876875400543213,0.8444444444444444,0.6666666666666666,,,,,0.2571428716182709,0.8350000000000003,,,,REVIEW,93025008900016
3255,AUTO_RISK,45045880700358,0.26684636,0.26684636,0.0,1.0,0.8323419690132141,0.6669973544973544,0.3333333333333333,,,,True,1.0,0.8350000000000003,45045880700358,0.26684636,0.0,AUTO_RISK,45045880700358
3275,AUTO_RISK,77565469200067,0.92098767,0.92098767,0.0,1.0,1.0,1.0,1.0,,,,True,1.0,0.8350000000000003,77565469200067,0.92098767,0.0,AUTO_RISK,77565469200067
3288,AUTO_RISK,75281178600017,0.8419811,0.8419811,0.0,1.0,0.8711754083633423,0.9888888888888888,0.3333333333333333,,,,True,1.0,0.8350000000000003,75281178600017,0.8419811,0.0,AUTO_RISK,75281178600017
329,REVIEW,42984085300056,0.05142857,0.021181718,0.030246854,2.42797,0.5898807048797607,0.5391604010025063,0.0,,,,,0.699999988079071,0.8350000000000003,,,,REVIEW,42984085300056
3300,AUTO_RISK,43471628800049,0.721519,0.721519,0.0,1.0,0.9682931900024414,0.7104761904761906,0.6666666666666666,,,,True,1.0,0.8350000000000003,43471628800049,0.721519,0.0,AUTO_RISK,43471628800049
3320,AUTO_RISK,44208074300010,0.96533334,0.96533334,0.0,1.0,0.9999998807907104,1.0,1.0,,,,True,1.0,0.8350000000000003,44208074300010,0.96533334,0.0,AUTO_RISK,44208074300010
3325,AUTO_RISK,83119428700015,0.9048583,0.9048583,0.0,1.0,0.8993456363677979,0.89,0.6666666666666666,,,,True,1.0,0.8350000000000003,83119428700015,0.9048583,0.0,AUTO_RISK,83119428700015
3328,AUTO_RISK,49068243200011,0.8419811,0.8419811,0.0,1.0,0.8343567848205566,0.8769230769230769,0.5,,,,True,1.0,0.8350000000000003,49068243200011,0.8419811,0.0,AUTO_RISK,49068243200011
3329,AUTO_RISK,83119428700023,0.9048583,0.9048583,0.0,1.0,0.9325884580612184,0.9058823529411764,0.6666666666666666,,,,True,1.0,0.8350000000000003,83119428700023,0.9048583,0.0,AUTO_RISK,83119428700023
3333,AUTO_RISK,82095096200010,0.63245034,0.63245034,0.0,1.0,0.9999999403953552,1.0,1.0,,,,True,1.0,0.8350000000000003,82095096200010,0.63245034,0.0,AUTO_RISK,82095096200010
3343,REVIEW,37996215200029,0.16865079,0.05142857,0.11722222,3.279321,0.4521683156490326,0.5272727272727272,0.0,,,,,0.65625,0.8350000000000003,,,,REVIEW,37996215200029
3345,AUTO_RISK,88460678100018,0.016393442,0.016393442,0.0,1.0,0.8402307629585266,0.6515681003584229,0.0,,,,True,1.0,0.8350000000000003,88460678100018,0.016393442,0.0,AUTO_RISK,88460678100018
3352,AUTO_RISK,48042966100030,0.92098767,0.92098767,0.0,1.0,0.9999999403953552,1.0,1.0,,,,True,1.0,0.8350000000000003,48042966100030,0.92098767,0.0,AUTO_RISK,48042966100030
3353,AUTO_RISK,38525564100016,0.6739812,0.6739812,0.0,1.0,0.91681170463562,0.8240740740740741,0.6666666666666666,,,,True,0.9961977005004883,0.8350000000000003,38525564100016,0.6739812,0.0,AUTO_RISK,38525564100016
3356,AUTO_RISK,34531036100018,0.9559322,0.9559322,0.0,1.0,0.885273277759552,0.8685823754789271,0.6666666666666666,,,,True,1.0,0.8350000000000003,34531036100018,0.9559322,0.0,AUTO_RISK,34531036100018
3360,AUTO_RISK,38285959300016,0.5191083,0.5191083,0.0,1.0,0.8695145845413208,0.7738095238095237,0.5,,,,True,1.0,0.8350000000000003,38285959300016,0.5191083,0.0,AUTO_RISK,38285959300016
3376,AUTO_RISK,32702008700042,0.5191083,0.5191083,0.0,1.0,0.8394635319709778,0.9162698412698412,0.3333333333333333,,,,True,1.0,0.8350000000000003,32702008700042,0.5191083,0.0,AUTO_RISK,32702008700042
3377,AUTO_RISK,32702008700026,0.9048583,0.9048583,0.0,1.0,1.0,1.0,1.0,,,,True,1.0,0.8350000000000003,32702008700026,0.9048583,0.0,AUTO_RISK,32702008700026
3379,REVIEW,37986854000038,0.9628571,0.1,0.8628571,9.6285715,1.0,1.0,1.0,,,,,0.913385808467865,0.8350000000000003,,,,REVIEW,37986854000038
3401,AUTO_RISK,55208329701968,0.9048583,0.9048583,0.0,1.0,0.9250595569610596,0.8666666666666666,0.3333333333333333,,,,True,1.0,0.8350000000000003,55208329701968,0.9048583,0.0,AUTO_RISK,55208329701968
3403,AUTO_RISK,49368196900025,0.92098767,0.92098767,0.0,1.0,1.0000001192092896,0.9857142857142858,0.25,,,,True,1.0,0.8350000000000003,49368196900025,0.92098767,0.0,AUTO_RISK,49368196900025
3405,REVIEW,79945187700051,0.9048583,0.16865079,0.7362075,5.3652773,0.7348867654800415,0.9271221532091096,0.25,,,,,0.913385808467865,0.8350000000000003,,,,REVIEW,79945187700051
3416,AUTO_RISK,35313500700048,0.9479167,0.9479167,0.0,1.0,1.000000238418579,1.0,1.0,,,,True,1.0,0.8350000000000003,35313500700048,0.9479167,0.0,AUTO_RISK,35313500700048
3417,AUTO_RISK,37926432800012,1.0,0.006139992,0.99386,162.86667,0.9999998807907104,1.0,1.0,,,,,1.0,0.8350000000000003,,,,AUTO_RISK,37926432800012
3426,REVIEW,40167355300053,0.8419811,0.8083832,0.033597887,1.0415618,0.9455201625823976,0.9066666666666666,0.5,,,,,0.08163265138864517,0.8350000000000003,,,,REVIEW,40167355300053
3427,AUTO_RISK,32702008700059,0.9048583,0.9048583,0.0,1.0,0.8691163063049316,0.8947368421052632,0.5,,,,True,1.0,0.8350000000000003,32702008700059,0.9048583,0.0,AUTO_RISK,32702008700059
3430,REVIEW,32871228600058,0.96533334,0.8419811,0.12335223,1.1465024,1.0,1.0,1.0,,,,,0.65625,0.8350000000000003,,,,REVIEW,32871228600058
3433,AUTO_RISK,80056629100012,0.9559322,0.9559322,0.0,1.0,1.0,1.0,1.0,,,,True,1.0,0.8350000000000003,80056629100012,0.9559322,0.0,AUTO_RISK,80056629100012
3435,AUTO_RISK,30594545300044,0.96533334,0.96533334,0.0,1.0,1.0,1.0,1.0,,,,True,1.0,0.8350000000000003,30594545300044,0.96533334,0.0,AUTO_RISK,30594545300044
3442,AUTO_RISK,52354567100035,0.6,0.6,0.0,1.0,0.8984620571136475,0.9126050420168068,0.3333333333333333,,,,True,1.0,0.8350000000000003,52354567100035,0.6,0.0,AUTO_RISK,52354567100035
345,AUTO_RISK,20000962900011,0.9848485,0.9848485,0.0,1.0,1.0,1.0,1.0,,,,True,1.0,0.8350000000000003,20000962900011,0.9848485,0.0,AUTO_RISK,20000962900011
3452,AUTO_RISK,51058635700020,0.9048583,0.00031855144,0.90453976,2840.5405,1.0,0.975,0.0,,,,,1.0,0.8350000000000003,,,,AUTO_RISK,51058635700020
3453,AUTO_RISK,38199693300010,0.8766756,0.8766756,0.0,1.0,0.8362122178077698,0.9222222222222222,0.5,,,,True,1.0,0.8350000000000003,38199693300010,0.8766756,0.0,AUTO_RISK,38199693300010
3457,AUTO_RISK,75274008400021,0.96533334,0.96533334,0.0,1.0,1.0,1.0,1.0,,,,True,1.0,0.8350000000000003,75274008400021,0.96533334,0.0,AUTO_RISK,75274008400021
3459,AUTO_RISK,44092494200038,0.9848485,0.9848485,0.0,1.0,1.0,1.0,1.0,,,,True,1.0,0.8350000000000003,44092494200038,0.9848485,0.0,AUTO_RISK,44092494200038
3482,AUTO_RISK,77661275600028,0.16865079,0.16865079,0.0,1.0,0.8965222835540771,0.8768922305764412,0.3333333333333333,,,,True,1.0,0.8350000000000003,77661275600028,0.16865079,0.0,AUTO_RISK,77661275600028
3490,AUTO_RISK,30296003400015,0.69402987,0.69402987,0.0,1.0,0.7243266105651855,0.8727272727272728,0.5,,,,True,1.0,0.8350000000000003,30296003400015,0.69402987,0.0,AUTO_RISK,30296003400015
3505,REVIEW,88139509900024,0.96533334,0.8766756,0.08865774,1.1011294,1.0,1.0,1.0,,,,,0.2571428716182709,0.8350000000000003,,,,REVIEW,88139509900024
3519,AUTO_RISK,89762481300027,0.92098767,0.92098767,0.0,1.0,0.6876029372215271,1.0,1.0,,,,True,1.0,0.8350000000000003,89762481300027,0.92098767,0.0,AUTO_RISK,89762481300027
3530,AUTO_RISK,47972541800020,0.69402987,0.69402987,0.0,1.0,0.8308024406433105,0.911900440757065,0.4,,,,True,1.0,0.8350000000000003,47972541800020,0.69402987,0.0,AUTO_RISK,47972541800020
354,AUTO_RISK,19772226700014,0.6739812,0.6739812,0.0,1.0,0.7941176891326904,0.8539986329460013,0.3333333333333333,,,,True,1.0,0.8350000000000003,19772226700014,0.6739812,0.0,AUTO_RISK,19772226700014
3562,AUTO_RISK,40108646700024,0.39823008,0.39823008,0.0,1.0,0.802433967590332,0.8333333333333334,0.3333333333333333,,,,True,1.0,0.8350000000000003,40108646700024,0.39823008,0.0,AUTO_RISK,40108646700024
3573,AUTO_RISK,21740138900010,0.8083832,0.8083832,0.0,1.0,0.9480947852134703,0.9333333333333332,1.0,,,,True,1.0,0.8350000000000003,21740138900010,0.8083832,0.0,AUTO_RISK,21740138900010
3580,AUTO_RISK,34221636300040,0.8766756,0.8766756,0.0,1.0,0.9535530805587769,0.9595038015206082,0.7142857142857143,,,,True,1.0,0.8350000000000003,34221636300040,0.8766756,0.0,AUTO_RISK,34221636300040
3599,AUTO_RISK,33485037700014,0.9048583,0.9048583,0.0,1.0,1.0,1.0,1.0,,,,True,1.0,0.8350000000000003,33485037700014,0.9048583,0.0,AUTO_RISK,33485037700014
3601,AUTO_RISK,50923300300037,0.775,0.006139992,0.76886,126.221664,0.6398426294326782,1.0,1.0,,,,,1.0,0.8350000000000003,,,,AUTO_RISK,50923300300037
3604,AUTO_RISK,48932074700020,0.8419811,0.8419811,0.0,1.0,0.9024583101272584,0.9263157894736842,0.6666666666666666,,,,True,1.0,0.8350000000000003,48932074700020,0.8419811,0.0,AUTO_RISK,48932074700020
3605,REVIEW,43025642000018,0.33582088,0.021181718,0.31463915,15.85428,0.5754462480545044,0.6756349206349207,0.1666666666666666,,,,,0.6111111044883728,0.8350000000000003,,,,REVIEW,43025642000018
3606,AUTO_RISK,83101589600010,0.9628571,0.9628571,0.0,1.0,0.8594704270362854,1.0,1.0,,,,True,1.0,0.8350000000000003,83101589600010,0.9628571,0.0,AUTO_RISK,83101589600010
3607,AUTO_RISK,31752638200153,0.96533334,0.96533334,0.0,1.0,1.0,1.0,1.0,,,,True,1.0,0.8350000000000003,31752638200153,0.96533334,0.0,AUTO_RISK,31752638200153
3611,AUTO_RISK,31778006201127,0.9048583,0.9048583,0.0,1.0,0.895416259765625,0.8692307692307693,0.3333333333333333,,,,True,1.0,0.8350000000000003,31778006201127,0.9048583,0.0,AUTO_RISK,31778006201127
3614,REVIEW,34314039800037,0.9628571,0.1,0.8628571,9.6285715,0.8628917336463928,1.0,1.0,,,,,0.913385808467865,0.8350000000000003,,,,REVIEW,34314039800037
3623,AUTO_RISK,41269193300011,0.9628571,0.9628571,0.0,1.0,1.0,1.0,1.0,,,,True,1.0,0.8350000000000003,41269193300011,0.9628571,0.0,AUTO_RISK,41269193300011
3631,AUTO_RISK,81199442500015,0.9628571,0.9628571,0.0,1.0,1.0000001192092896,1.0,1.0,,,,True,1.0,0.8350000000000003,81199442500015,0.9628571,0.0,AUTO_RISK,81199442500015
3632,REVIEW,90850613200012,0.8083832,0.1,0.7083832,8.083832,0.7177862524986267,0.8333333333333334,0.25,,,,,0.699999988079071,0.8350000000000003,,,,REVIEW,90850613200012
3635,REVIEW,37811411000174,0.69402987,0.26684636,0.4271835,2.6008594,0.7466301918029785,0.85,0.0,,,,,0.817460298538208,0.8350000000000003,,,,REVIEW,37811411000174
3638,AUTO_RISK,77554402601680,0.8419811,0.8419811,0.0,1.0,0.78244948387146,0.8451612903225806,0.4,,,,True,1.0,0.8350000000000003,77554402601680,0.8419811,0.0,AUTO_RISK,77554402601680
364,AUTO_RISK,19771620200019,0.9479167,0.9479167,0.0,1.0,0.9999999403953552,1.0,1.0,,,,True,1.0,0.8350000000000003,19771620200019,0.9479167,0.0,AUTO_RISK,19771620200019
3640,AUTO_RISK,79548016900015,0.20704846,0.20704846,0.0,1.0,0.8506040573120117,0.7958333333333334,0.6666666666666666,,,,True,1.0,0.8350000000000003,79548016900015,0.20704846,0.0,AUTO_RISK,79548016900015
3645,AUTO_RISK,84905726000010,0.92098767,0.92098767,0.0,1.0,0.9958146810531616,1.0,1.0,,,,True,1.0,0.8350000000000003,84905726000010,0.92098767,0.0,AUTO_RISK,84905726000010
3650,REVIEW,35360581900039,0.36363637,0.007380074,0.3562563,49.272728,0.8713855743408203,0.8849062702003878,0.3333333333333333,,,,,0.8333333134651184,0.8350000000000003,,,,REVIEW,35360581900039
3659,REVIEW,90164838600018,0.26684636,0.016393442,0.2504529,16.277628,0.0,0.329059829059829,0.0,,,,,0.9692307710647583,0.8350000000000003,,,,REVIEW,90164838600018
366,AUTO_RISK,19770030500018,0.8766756,0.8766756,0.0,1.0,0.93833589553833,0.872150411280846,0.75,,,,True,1.0,0.8350000000000003,19770030500018,0.8766756,0.0,AUTO_RISK,19770030500018
367,AUTO_RISK,19771365400014,0.8083832,0.8083832,0.0,1.0,0.892998456954956,0.8661184210526316,0.4,,,,True,1.0,0.8350000000000003,19771365400014,0.8083832,0.0,AUTO_RISK,19771365400014
3671,AUTO_RISK,33977609800016,0.63245034,0.63245034,0.0,1.0,0.8411065340042114,0.751674532509447,0.4285714285714285,,,,True,1.0,0.8350000000000003,33977609800016,0.63245034,0.0,AUTO_RISK,33977609800016
3675,AUTO_RISK,30332448700113,0.9628571,0.9628571,0.0,1.0,0.9999998807907104,1.0,1.0,,,,True,1.0,0.8350000000000003,30332448700113,0.9628571,0.0,AUTO_RISK,30332448700113
3681,AUTO_RISK,80833926100022,0.8419811,0.8419811,0.0,1.0,0.856513500213623,0.8916666666666666,0.5,,,,True,1.0,0.8350000000000003,80833926100022,0.8419811,0.0,AUTO_RISK,80833926100022
3726,REVIEW,50329140300023,0.16865079,0.006139992,0.1625108,27.467592,0.6413748264312744,0.5343137254901961,0.0,,,,,0.8307692408561707,0.8350000000000003,,,,REVIEW,50329140300023
3730,AUTO_RISK,41904254400173,0.9048583,0.9048583,0.0,1.0,1.0,1.0,1.0,,,,True,1.0,0.8350000000000003,41904254400173,0.9048583,0.0,AUTO_RISK,41904254400173
3742,AUTO_RISK,44132040500091,0.96533334,0.96533334,0.0,1.0,0.9717323780059814,1.0,1.0,,,,True,1.0,0.8350000000000003,44132040500091,0.96533334,0.0,AUTO_RISK,44132040500091
3753,AUTO_RISK,42874890900077,0.8766756,0.8766756,0.0,1.0,0.7299388647079468,0.8444444444444444,0.3333333333333333,,,,True,1.0,0.8350000000000003,42874890900077,0.8766756,0.0,AUTO_RISK,42874890900077
3762,AUTO_RISK,30529100700014,0.96533334,0.20704846,0.75828487,4.6623545,1.0,1.0,1.0,,,,,1.0,0.8350000000000003,,,,AUTO_RISK,30529100700014
3763,AUTO_RISK,31159383400055,0.9166667,0.9166667,0.0,1.0,1.0,1.0,1.0,,,,True,1.0,0.8350000000000003,31159383400055,0.9166667,0.0,AUTO_RISK,31159383400055
3768,AUTO_RISK,77568849200237,0.9479167,0.9479167,0.0,1.0,0.8765202760696411,0.93,0.6666666666666666,,,,True,1.0,0.8350000000000003,77568849200237,0.9479167,0.0,AUTO_RISK,77568849200237
3769,AUTO_RISK,74555011100249,0.16865079,0.16865079,0.0,1.0,1.0,1.0,1.0,,,,True,1.0,0.8350000000000003,74555011100249,0.16865079,0.0,AUTO_RISK,74555011100249
3772,AUTO_RISK,80806766400025,0.96533334,0.96533334,0.0,1.0,0.9999999403953552,1.0,1.0,,,,True,1.0,0.8350000000000003,80806766400025,0.96533334,0.0,AUTO_RISK,80806766400025
3775,AUTO_RISK,34323414200077,0.9559322,0.9559322,0.0,1.0,0.9999998807907104,1.0,1.0,,,,True,1.0,0.8350000000000003,34323414200077,0.9559322,0.0,AUTO_RISK,34323414200077
380,AUTO_RISK,19770928000014,0.96533334,0.96533334,0.0,1.0,1.0,1.0,1.0,,,,True,1.0,0.8350000000000003,19770928000014,0.96533334,0.0,AUTO_RISK,19770928000014
3808,AUTO_RISK,41826749800024,0.9559322,0.9559322,0.0,1.0,0.9999998807907104,1.0,1.0,,,,True,1.0,0.8350000000000003,41826749800024,0.9559322,0.0,AUTO_RISK,41826749800024
3816,REVIEW,20004030100091,0.7966102,0.42696628,0.3696439,1.865745,0.7962546348571777,0.7430769230769231,0.3333333333333333,,,,,0.65625,0.8350000000000003,,,,REVIEW,20004030100091
3859,REVIEW,78062659400011,0.8419811,0.05142857,0.79055256,16.371855,0.4879965484142303,0.5611111111111111,0.0,,,,,0.9692307710647583,0.8350000000000003,,,,REVIEW,78062659400011
386,AUTO_RISK,19771419900019,0.9871795,0.9871795,0.0,1.0,0.9999999403953552,1.0,1.0,,,,True,1.0,0.8350000000000003,19771419900019,0.9871795,0.0,AUTO_RISK,19771419900019
3870,REVIEW,30300677900142,0.63245034,0.63245034,0.0,1.0,1.0,1.0,1.0,,,,,0.08163265138864517,0.8350000000000003,,,,REVIEW,30300677900142
3873,REVIEW,38869820100869,0.9871795,0.9048583,0.08232123,1.090977,1.0,1.0,1.0,,,,,0.65625,0.8350000000000003,,,,REVIEW,38869820100869
388,AUTO_RISK,19770010700018,0.9871795,0.9871795,0.0,1.0,0.9999998807907104,1.0,1.0,,,,True,1.0,0.8350000000000003,19770010700018,0.9871795,0.0,AUTO_RISK,19770010700018
3888,REVIEW,61568020400018,0.63245034,0.42696628,0.20548406,1.4812653,0.9068026542663574,0.96,0.3333333333333333,,,,,0.2857142984867096,0.8350000000000003,,,,REVIEW,61568020400018
391,AUTO_RISK,19771361300010,0.9048583,0.9048583,0.0,1.0,0.9278138279914856,0.8628571428571429,0.75,,,,True,1.0,0.8350000000000003,19771361300010,0.9048583,0.0,AUTO_RISK,19771361300010
3917,AUTO_RISK,52186165800016,0.96533334,0.96533334,0.0,1.0,1.0,1.0,1.0,,,,True,1.0,0.8350000000000003,52186165800016,0.96533334,0.0,AUTO_RISK,52186165800016
3923,REVIEW,37910366600010,0.63245034,0.42696628,0.20548406,1.4812653,1.0,1.0,1.0,,,,,0.08163265138864517,0.8350000000000003,,,,REVIEW,37910366600010
3933,AUTO_RISK,44078775200029,0.9479167,0.9479167,0.0,1.0,0.9999999403953552,1.0,1.0,,,,True,1.0,0.8350000000000003,44078775200029,0.9479167,0.0,AUTO_RISK,44078775200029
396,AUTO_RISK,19771993300016,0.9848485,0.9848485,0.0,1.0,1.0,1.0,1.0,,,,True,1.0,0.8350000000000003,19771993300016,0.9848485,0.0,AUTO_RISK,19771993300016
3963,REVIEW,81008837700017,0.26684636,0.008073818,0.25877255,33.050827,0.7331344485282898,0.7991087344028521,0.0,,,,,0.913385808467865,0.8350000000000003,,,,REVIEW,81008837700017
3972,AUTO_RISK,56205369400138,0.9871795,0.9871795,0.0,1.0,0.9999998807907104,1.0,1.0,,,,True,1.0,0.8350000000000003,56205369400138,0.9871795,0.0,AUTO_RISK,56205369400138
3973,AUTO_RISK,56205369400088,0.96533334,0.96533334,0.0,1.0,0.9999998807907104,1.0,1.0,,,,True,1.0,0.8350000000000003,56205369400088,0.96533334,0.0,AUTO_RISK,56205369400088
3974,AUTO_RISK,56205369400104,0.9628571,0.9628571,0.0,1.0,0.9999998807907104,1.0,1.0,,,,True,1.0,0.8350000000000003,56205369400104,0.9628571,0.0,AUTO_RISK,56205369400104
3976,AUTO_RISK,21800774800013,0.9048583,0.9048583,0.0,1.0,0.9480947852134703,0.9333333333333332,1.0,,,,True,1.0,0.8350000000000003,21800774800013,0.9048583,0.0,AUTO_RISK,21800774800013
3983,AUTO_RISK,30812792700058,0.8083832,0.8083832,0.0,1.0,1.0,1.0,1.0,,,,True,1.0,0.8350000000000003,30812792700058,0.8083832,0.0,AUTO_RISK,30812792700058
3989,REVIEW,90505875600016,0.69402987,0.6739812,0.020048678,1.0297467,0.6948902606964111,0.872,0.3333333333333333,,,,,0.49180328845977783,0.8350000000000003,,,,REVIEW,90505875600016
3990,REVIEW,20002548400151,0.33582088,0.26684636,0.068974525,1.2584803,0.6314065456390381,0.5555555555555555,0.0,,,,,0.49180328845977783,0.8350000000000003,,,,REVIEW,20002548400151
3994,AUTO_RISK,39980202400139,0.96533334,0.96533334,0.0,1.0,0.9999998807907104,1.0,1.0,,,,True,1.0,0.8350000000000003,39980202400139,0.96533334,0.0,AUTO_RISK,39980202400139
4001,REVIEW,80193475300014,0.69402987,0.39823008,0.2957998,1.7427862,0.8071886301040649,0.7424603174603175,0.4,,,,,0.65625,0.8350000000000003,,,,REVIEW,80193475300014
4004,AUTO_RISK,50791155000014,0.96533334,0.008073818,0.95725954,119.56343,0.0,0.0,0.0,,,,,1.0,0.8350000000000003,,,,AUTO_RISK,50791155000014
4009,AUTO_RISK,32910753600016,0.96533334,0.96533334,0.0,1.0,1.0,1.0,1.0,,,,True,1.0,0.8350000000000003,32910753600016,0.96533334,0.0,AUTO_RISK,32910753600016
4017,AUTO_RISK,57204950000125,0.96533334,0.96533334,0.0,1.0,0.8533318042755127,1.0,1.0,,,,True,1.0,0.8350000000000003,57204950000125,0.96533334,0.0,AUTO_RISK,57204950000125
4019,REVIEW,38805030400020,0.26684636,0.021181718,0.24566464,12.597957,0.4650326073169708,0.5476190476190476,0.0,,,,,0.942307710647583,0.8350000000000003,,,,REVIEW,38805030400020
4026,AUTO_RISK,89755110700013,0.42696628,0.42696628,0.0,1.0,0.7422480583190918,0.6647435897435897,0.3333333333333333,,,,True,1.0,0.8350000000000003,89755110700013,0.42696628,0.0,AUTO_RISK,89755110700013
4037,AUTO_RISK,48311521800024,0.42696628,0.42696628,0.0,1.0,0.6070727705955505,0.6021080368906456,0.25,,,,True,1.0,0.8350000000000003,48311521800024,0.42696628,0.0,AUTO_RISK,48311521800024
4038,AUTO_RISK,80099050900013,0.9559322,0.9559322,0.0,1.0,1.0,1.0,1.0,,,,True,1.0,0.8350000000000003,80099050900013,0.9559322,0.0,AUTO_RISK,80099050900013
4041,AUTO_RISK,26800012200013,0.8419811,0.8419811,0.0,1.0,0.9057549834251404,0.8305968541262659,0.25,,,,True,1.0,0.8350000000000003,26800012200013,0.8419811,0.0,AUTO_RISK,26800012200013
4045,AUTO_RISK,31291264500024,0.9848485,0.9848485,0.0,1.0,1.0,1.0,1.0,,,,True,1.0,0.8350000000000003,31291264500024,0.9848485,0.0,AUTO_RISK,31291264500024
4046,AUTO_RISK,37922923000014,0.69402987,0.69402987,0.0,1.0,0.8239990472793579,0.6678550207961972,0.6,,,,True,1.0,0.8350000000000003,37922923000014,0.69402987,0.0,AUTO_RISK,37922923000014
406,AUTO_RISK,19771759800019,0.8766756,0.8766756,0.0,1.0,0.8624761700630188,0.8274891774891775,0.6666666666666666,,,,True,1.0,0.8350000000000003,19771759800019,0.8766756,0.0,AUTO_RISK,19771759800019
4062,AUTO_RISK,66558007200221,0.8766756,0.0052724076,0.8714032,166.27614,0.8414713144302368,0.85625,0.3333333333333333,,,,,1.0,0.8350000000000003,,,,AUTO_RISK,66558007200221
4065,REVIEW,90418793700258,0.008073818,0.006139992,0.0019338261,1.3149558,0.6616007089614868,0.691015221878225,0.1666666666666666,,,,,0.0833333358168602,0.8350000000000003,,,,REVIEW,90418793700258
4068,REVIEW,90418793700258,0.92098767,0.8766756,0.04431206,1.0505456,0.9999998807907104,1.0,1.0,,,,,0.4736842215061188,0.8350000000000003,,,,REVIEW,90418793700258
4072,AUTO_RISK,19801700600018,0.9848485,0.9848485,0.0,1.0,1.0,1.0,1.0,,,,True,1.0,0.8350000000000003,19801700600018,0.9848485,0.0,AUTO_RISK,19801700600018
4079,AUTO_RISK,19800007700018,0.9479167,0.008073818,0.9398429,117.40625,0.9352518320083618,0.9142857142857144,0.75,,,,,1.0,0.8350000000000003,,,,AUTO_RISK,19800007700018
4086,AUTO_RISK,78066005600018,0.8766756,0.8766756,0.0,1.0,0.9308176636695862,0.883710407239819,0.75,,,,True,1.0,0.8350000000000003,78066005600018,0.8766756,0.0,AUTO_RISK,78066005600018
4100,AUTO_RISK,31514374300401,0.26684636,0.26684636,0.0,1.0,0.7832709550857544,0.5055555555555555,0.25,,,,True,1.0,0.8350000000000003,31514374300401,0.26684636,0.0,AUTO_RISK,31514374300401
4101,AUTO_RISK,31514374300385,0.16865079,0.16865079,0.0,1.0,0.7597019076347351,0.6112903225806452,0.25,,,,True,1.0,0.8350000000000003,31514374300385,0.16865079,0.0,AUTO_RISK,31514374300385
4107,AUTO_RISK,31514374300310,0.92098767,0.92098767,0.0,1.0,0.7585185766220093,0.5606237816764134,0.25,,,,True,1.0,0.8350000000000003,31514374300310,0.92098767,0.0,AUTO_RISK,31514374300310
4112,AUTO_RISK,42155612700056,0.8766756,0.8766756,0.0,1.0,0.7695765495300293,0.8846153846153847,0.5,,,,True,1.0,0.8350000000000003,42155612700056,0.8766756,0.0,AUTO_RISK,42155612700056
4124,AUTO_RISK,08568004900997,0.9848485,0.9848485,0.0,1.0,0.9999999403953552,1.0,1.0,,,,True,1.0,0.8350000000000003,08568004900997,0.9848485,0.0,AUTO_RISK,08568004900997
4128,AUTO_RISK,13000548107452,0.0021415188,0.0021415188,0.0,1.0,0.0,0.3857142857142857,0.1666666666666666,,,,True,0.9961977005004883,0.8350000000000003,13000548107452,0.0021415188,0.0,AUTO_RISK,13000548107452
4139,REVIEW,75361467600058,0.8766756,0.5191083,0.3575673,1.6888106,0.5958887338638306,0.611904761904762,0.0,,,,,0.699999988079071,0.8350000000000003,,,,REVIEW,75361467600058
4142,REVIEW,45093728900020,0.05142857,0.021181718,0.030246854,2.42797,0.6239134073257446,0.6680426556587546,0.1666666666666666,,,,,0.08163265138864517,0.8350000000000003,,,,REVIEW,45093728900020
4145,AUTO_RISK,37843606700011,0.8766756,0.8766756,0.0,1.0,0.7685334086418152,0.8544973544973544,0.6666666666666666,,,,True,1.0,0.8350000000000003,37843606700011,0.8766756,0.0,AUTO_RISK,37843606700011
4150,AUTO_RISK,44313297200037,0.63245034,0.63245034,0.0,1.0,0.864922285079956,0.8875,0.5,,,,True,1.0,0.8350000000000003,44313297200037,0.63245034,0.0,AUTO_RISK,44313297200037
4151,AUTO_RISK,44313297200045,0.92098767,0.92098767,0.0,1.0,0.9999999403953552,1.0,1.0,,,,True,1.0,0.8350000000000003,44313297200045,0.92098767,0.0,AUTO_RISK,44313297200045
4153,AUTO_RISK,81305911000029,0.8083832,0.8083832,0.0,1.0,0.9999998807907104,1.0,1.0,,,,True,1.0,0.8350000000000003,81305911000029,0.8083832,0.0,AUTO_RISK,81305911000029
4157,AUTO_RISK,38769930900010,0.14285715,0.14285715,0.0,1.0,0.7971227169036865,0.9428571428571428,0.6666666666666666,,,,True,1.0,0.8350000000000003,38769930900010,0.14285715,0.0,AUTO_RISK,38769930900010
4167,AUTO_RISK,43845878800025,0.9411765,0.9411765,0.0,1.0,1.0000001192092896,1.0,1.0,,,,True,1.0,0.8350000000000003,43845878800025,0.9411765,0.0,AUTO_RISK,43845878800025
4170,AUTO_RISK,44288801200196,0.92098767,0.92098767,0.0,1.0,0.9999998807907104,1.0,1.0,,,,True,1.0,0.8350000000000003,44288801200196,0.92098767,0.0,AUTO_RISK,44288801200196
4171,AUTO_RISK,90507570100029,0.721519,0.721519,0.0,1.0,0.9099184274673462,0.8529411764705882,0.5,,,,True,1.0,0.8350000000000003,90507570100029,0.721519,0.0,AUTO_RISK,90507570100029
4172,AUTO_RISK,48242658200037,0.92098767,0.92098767,0.0,1.0,0.9657820463180542,1.0,1.0,,,,True,1.0,0.8350000000000003,48242658200037,0.92098767,0.0,AUTO_RISK,48242658200037
4188,REVIEW,35029098700022,0.16865079,0.08629441,0.08235638,1.9543651,0.6350817680358887,0.6849673202614378,0.2,,,,,0.2857142984867096,0.8350000000000003,,,,REVIEW,35029098700022
4191,AUTO_RISK,53362467200028,0.6739812,0.6739812,0.0,1.0,0.8452757596969604,0.6854256854256855,0.4,,,,True,1.0,0.8350000000000003,53362467200028,0.6739812,0.0,AUTO_RISK,53362467200028
4192,REVIEW,53130330300022,0.63245034,0.39823008,0.23422027,1.5881531,0.725265622138977,0.6302910052910052,0.0,,,,,0.49180328845977783,0.8350000000000003,,,,REVIEW,53130330300022
4207,AUTO_RISK,34946122800026,0.9871795,0.9871795,0.0,1.0,0.9999998807907104,1.0,1.0,,,,True,1.0,0.8350000000000003,34946122800026,0.9871795,0.0,AUTO_RISK,34946122800026
4215,AUTO_RISK,49319140701019,0.8083832,0.8083832,0.0,1.0,0.953415036201477,0.9714285714285714,1.0,,,,True,1.0,0.8350000000000003,49319140701019,0.8083832,0.0,AUTO_RISK,49319140701019
4220,AUTO_RISK,40482406200040,0.9848485,0.9848485,0.0,1.0,0.9999999403953552,1.0,1.0,,,,True,1.0,0.8350000000000003,40482406200040,0.9848485,0.0,AUTO_RISK,40482406200040
4236,AUTO_RISK,20002548400037,0.8419811,0.8419811,0.0,1.0,0.8524221181869507,0.8454545454545456,0.3333333333333333,,,,True,1.0,0.8350000000000003,20002548400037,0.8419811,0.0,AUTO_RISK,20002548400037
4237,REVIEW,80151139500031,0.1,0.008073818,0.09192619,12.385715,0.0,0.4985294117647059,0.0,,,,,0.913385808467865,0.8350000000000003,,,,REVIEW,80151139500031
4238,AUTO_RISK,77571147600041,0.9628571,0.9628571,0.0,1.0,0.9999998807907104,1.0,1.0,,,,True,1.0,0.8350000000000003,77571147600041,0.9628571,0.0,AUTO_RISK,77571147600041
4244,AUTO_RISK,75222134100023,0.96533334,0.0021415188,0.9631918,450.77045,0.9999999403953552,1.0,1.0,,,,,1.0,0.8350000000000003,,,,AUTO_RISK,75222134100023
4245,REVIEW,21800011500012,0.775,0.16865079,0.6063492,4.595294,0.8886497020721436,0.9,0.5,,,,,0.817460298538208,0.8350000000000003,,,,REVIEW,21800011500012
4247,AUTO_RISK,54172025600018,0.96533334,0.96533334,0.0,1.0,1.0,1.0,1.0,,,,True,1.0,0.8350000000000003,54172025600018,0.96533334,0.0,AUTO_RISK,54172025600018
4249,AUTO_RISK,26800012200070,0.92098767,0.92098767,0.0,1.0,0.900025486946106,0.8666666666666666,0.5,,,,True,1.0,0.8350000000000003,26800012200070,0.92098767,0.0,AUTO_RISK,26800012200070
4252,REVIEW,26800905700038,0.42696628,0.26684636,0.16011992,1.6000453,0.8392008543014526,0.8838095238095237,0.6666666666666666,,,,,0.08163265138864517,0.8350000000000003,,,,REVIEW,26800905700038
4253,AUTO_RISK,20002548400169,0.6739812,0.6739812,0.0,1.0,0.6143929958343506,0.8746560846560847,0.1428571428571428,,,,True,1.0,0.8350000000000003,20002548400169,0.6739812,0.0,AUTO_RISK,20002548400169
4254,REVIEW,90987488500017,0.1,0.1,0.0,1.0,0.4023016691207886,0.5456723569931117,0.0,,,,,0.6111111044883728,0.8350000000000003,,,,REVIEW,90987488500017
4256,REVIEW,26800906500064,0.9166667,0.9048583,0.011808395,1.01305,0.9577525854110718,0.9277777777777778,1.0,,,,True,0.4736842215061188,0.8350000000000003,26800906500064,0.9166667,0.0,REVIEW,26800906500064
4267,AUTO_RISK,48372917400019,0.9559322,0.9559322,0.0,1.0,1.0000001192092896,1.0,1.0,,,,True,1.0,0.8350000000000003,48372917400019,0.9559322,0.0,AUTO_RISK,48372917400019
4268,REVIEW,39116596600014,0.6739812,0.63245034,0.041530848,1.0656666,0.4742275476455688,0.5277777777777778,0.0,,,,,0.699999988079071,0.8350000000000003,,,,REVIEW,39116596600014
4276,AUTO_RISK,44065624700101,0.9559322,0.9559322,0.0,1.0,1.0000001192092896,1.0,1.0,,,,True,1.0,0.8350000000000003,44065624700101,0.9559322,0.0,AUTO_RISK,44065624700101
4284,AUTO_RISK,79973831500123,0.9048583,0.9048583,0.0,1.0,0.9230412244796752,0.8666666666666666,0.5,,,,True,1.0,0.8350000000000003,79973831500123,0.9048583,0.0,AUTO_RISK,79973831500123
4305,REVIEW,31127549900060,0.96533334,0.26684636,0.698487,3.6175623,0.9999999403953552,1.0,1.0,,,,,0.913385808467865,0.8350000000000003,,,,REVIEW,31127549900060
4306,AUTO_RISK,39802169100033,0.9479167,0.9479167,0.0,1.0,1.000000238418579,1.0,1.0,,,,True,1.0,0.8350000000000003,39802169100033,0.9479167,0.0,AUTO_RISK,39802169100033
4311,AUTO_RISK,53791542300033,0.96533334,0.96533334,0.0,1.0,0.9999998807907104,1.0,1.0,,,,True,1.0,0.8350000000000003,53791542300033,0.96533334,0.0,AUTO_RISK,53791542300033
4327,REVIEW,66558007200288,0.9848485,0.14285715,0.84199136,6.893939,0.8916997313499451,0.9575757575757576,0.8,,,,,0.9692307710647583,0.8350000000000003,,,,REVIEW,66558007200288
4330,AUTO_RISK,53017250100039,0.6739812,0.6739812,0.0,1.0,0.9006912708282471,0.96,0.3333333333333333,,,,True,1.0,0.8350000000000003,53017250100039,0.6739812,0.0,AUTO_RISK,53017250100039
434,AUTO_RISK,19771476900019,0.8083832,0.8083832,0.0,1.0,0.889298141002655,0.8586309523809523,0.5,,,,True,1.0,0.8350000000000003,19771476900019,0.8083832,0.0,AUTO_RISK,19771476900019
4356,AUTO_RISK,34361740300021,0.9848485,0.9848485,0.0,1.0,1.0,1.0,1.0,,,,True,1.0,0.8350000000000003,34361740300021,0.9848485,0.0,AUTO_RISK,34361740300021
4364,REVIEW,78117263000027,0.16865079,0.0021415188,0.16650927,78.75289,0.6707438230514526,0.5095238095238095,0.0,,,,,0.942307710647583,0.8350000000000003,,,,REVIEW,78117263000027
4380,REVIEW,30096135600122,0.775,0.69402987,0.08097011,1.1166666,0.741395890712738,0.8250000000000001,0.25,,,,,0.2857142984867096,0.8350000000000003,,,,REVIEW,30096135600122
4384,REVIEW,21160113300187,0.007380074,0.006139992,0.0012400821,1.2019681,0.563841700553894,0.8607142857142857,0.2,,,,,0.0,0.8350000000000003,,,,REVIEW,21160113300187
4397,AUTO_RISK,44370777300067,0.96533334,0.96533334,0.0,1.0,1.0,1.0,1.0,,,,True,1.0,0.8350000000000003,44370777300067,0.96533334,0.0,AUTO_RISK,44370777300067
4404,REVIEW,43238332100127,0.92098767,0.775,0.14598769,1.1883712,0.9999999403953552,1.0,1.0,,,,,0.0833333358168602,0.8350000000000003,,,,REVIEW,43238332100127
4407,AUTO_RISK,42399908500123,0.9048583,0.9048583,0.0,1.0,0.9999998807907104,1.0,1.0,,,,True,1.0,0.8350000000000003,42399908500123,0.9048583,0.0,AUTO_RISK,42399908500123
4410,AUTO_RISK,38804226900026,0.8766756,0.8766756,0.0,1.0,0.8293083310127258,0.9363636363636364,0.6666666666666666,,,,True,1.0,0.8350000000000003,38804226900026,0.8766756,0.0,AUTO_RISK,38804226900026
4418,AUTO_RISK,53124491100024,0.9479167,0.9479167,0.0,1.0,1.0,1.0,1.0,,,,True,0.9961977005004883,0.8350000000000003,53124491100024,0.9479167,0.0,AUTO_RISK,53124491100024
4421,REVIEW,78125602900021,0.08629441,0.05142857,0.03486584,1.6779469,0.6792280673980713,0.6044117647058824,0.0,,,,,0.49180328845977783,0.8350000000000003,,,,REVIEW,78125602900021
4425,REVIEW,35283183800094,0.8766756,0.69402987,0.18264574,1.263167,0.807745099067688,0.8051948051948052,0.5,,,,,0.08163265138864517,0.8350000000000003,,,,REVIEW,35283183800094
4436,AUTO_RISK,35316372800036,0.9628571,0.9628571,0.0,1.0,0.9329759478569032,1.0,1.0,,,,True,1.0,0.8350000000000003,35316372800036,0.9628571,0.0,AUTO_RISK,35316372800036
4441,REVIEW,90748114700011,0.05142857,0.05142857,0.0,1.0,0.7680796384811401,0.8314156431803491,0.2,,,,,0.2857142984867096,0.8350000000000003,,,,REVIEW,90748114700011
4443,REVIEW,31365967400193,0.8766756,0.20007423,0.6766014,4.381752,0.902725338935852,0.8366666666666667,0.5,,,,,0.65625,0.8350000000000003,,,,REVIEW,31365967400193
4448,AUTO_RISK,44361337700011,0.42696628,0.42696628,0.0,1.0,0.696421205997467,0.7364705882352941,0.25,,,,True,1.0,0.8350000000000003,44361337700011,0.42696628,0.0,AUTO_RISK,44361337700011
4463,AUTO_RISK,31194510900016,0.96533334,0.96533334,0.0,1.0,1.0,1.0,1.0,,,,True,1.0,0.8350000000000003,31194510900016,0.96533334,0.0,AUTO_RISK,31194510900016
4466,AUTO_RISK,89490215400018,0.20704846,0.20704846,0.0,1.0,0.8441221714019775,0.8689655172413794,0.4285714285714285,,,,True,1.0,0.8350000000000003,89490215400018,0.20704846,0.0,AUTO_RISK,89490215400018
4467,AUTO_RISK,82385299100012,0.20704846,0.20704846,0.0,1.0,0.96597421169281,0.9714285714285714,0.0,,,,True,1.0,0.8350000000000003,82385299100012,0.20704846,0.0,AUTO_RISK,82385299100012
447,REVIEW,33049526800022,0.16865079,0.016393442,0.15225735,10.287699,0.6550623178482056,0.6844211344211345,0.2857142857142857,,,,,0.49180328845977783,0.8350000000000003,,,,REVIEW,33049526800022
4478,AUTO_RISK,33079315900030,0.9048583,0.9048583,0.0,1.0,0.8883275985717773,0.94,0.3333333333333333,,,,True,1.0,0.8350000000000003,33079315900030,0.9048583,0.0,AUTO_RISK,33079315900030
4484,AUTO_RISK,31778006200806,0.92098767,0.92098767,0.0,1.0,1.0,1.0,1.0,,,,True,1.0,0.8350000000000003,31778006200806,0.92098767,0.0,AUTO_RISK,31778006200806
4487,AUTO_RISK,34461002700015,0.6739812,0.6739812,0.0,1.0,0.6323562860488892,0.5317460317460317,0.5,,,,True,1.0,0.8350000000000003,34461002700015,0.6739812,0.0,AUTO_RISK,34461002700015
45,REVIEW,18440132100056,0.36363637,0.20704846,0.15658791,1.7562863,0.6312906742095947,0.8454959514170041,0.2,,,,,0.0,0.8350000000000003,,,,REVIEW,18440132100056
4501,AUTO_RISK,50802454400027,0.92098767,0.92098767,0.0,1.0,0.9215792417526244,0.9128427128427128,0.6,,,,True,1.0,0.8350000000000003,50802454400027,0.92098767,0.0,AUTO_RISK,50802454400027
4502,AUTO_RISK,39519547200018,0.9628571,0.006139992,0.95671713,156.81734,0.9999999403953552,1.0,1.0,,,,,0.9961977005004883,0.8350000000000003,,,,AUTO_RISK,39519547200018
4513,AUTO_RISK,32902163800054,0.9433962,0.9433962,0.0,1.0,1.0,1.0,1.0,,,,True,1.0,0.8350000000000003,32902163800054,0.9433962,0.0,AUTO_RISK,32902163800054
4515,REVIEW,56192019000023,0.42696628,0.1,0.3269663,4.269663,0.6159818768501282,0.8411764705882353,0.0,,,,,0.817460298538208,0.8350000000000003,,,,REVIEW,56192019000023
4517,AUTO_RISK,48999576100033,0.9628571,0.9628571,0.0,1.0,1.0,1.0,1.0,,,,True,1.0,0.8350000000000003,48999576100033,0.9628571,0.0,AUTO_RISK,48999576100033
4524,AUTO_RISK,79021072800024,0.9433962,0.9433962,0.0,1.0,1.0,1.0,1.0,,,,True,1.0,0.8350000000000003,79021072800024,0.9433962,0.0,AUTO_RISK,79021072800024
4525,AUTO_RISK,21620817300015,0.96533334,0.96533334,0.0,1.0,1.0,1.0,1.0,,,,True,1.0,0.8350000000000003,21620817300015,0.96533334,0.0,AUTO_RISK,21620817300015
453,REVIEW,22440002800011,0.26684636,0.26684636,0.0,1.0,0.5194989442825317,0.5291889483065954,0.0,,,,,0.817460298538208,0.8350000000000003,,,,REVIEW,22440002800011
4538,AUTO_RISK,21620753000017,0.42696628,0.05142857,0.3755377,8.302122,0.6360222101211548,0.5198412698412699,0.0,,,,,0.9961977005004883,0.8350000000000003,,,,AUTO_RISK,21620753000017
4539,AUTO_RISK,21620753000058,0.92098767,0.92098767,0.0,1.0,0.8947534561157227,0.7313690476190476,0.6,,,,True,1.0,0.8350000000000003,21620753000058,0.92098767,0.0,AUTO_RISK,21620753000058
454,AUTO_RISK,22440002802405,0.92098767,0.92098767,0.0,1.0,1.0,1.0,1.0,,,,True,1.0,0.8350000000000003,22440002802405,0.92098767,0.0,AUTO_RISK,22440002802405
4540,AUTO_RISK,21620753000108,0.9559322,0.9559322,0.0,1.0,0.6953450441360474,0.8321500231517209,0.4,,,,True,1.0,0.8350000000000003,21620753000108,0.9559322,0.0,AUTO_RISK,21620753000108
4547,AUTO_RISK,78437953900041,0.9628571,0.9628571,0.0,1.0,0.9999999403953552,1.0,1.0,,,,True,1.0,0.8350000000000003,78437953900041,0.9628571,0.0,AUTO_RISK,78437953900041
4554,AUTO_RISK,42874890900465,0.9628571,0.9628571,0.0,1.0,1.0,1.0,1.0,,,,True,0.9961977005004883,0.8350000000000003,42874890900465,0.9628571,0.0,AUTO_RISK,42874890900465
4559,REVIEW,89888555300013,0.05142857,0.05142857,0.0,1.0,0.6941940784454346,0.6686507936507936,0.3333333333333333,,,,True,0.8333333134651184,0.8350000000000003,89888555300013,0.05142857,0.0,REVIEW,89888555300013
4568,REVIEW,58192101200042,0.8083832,0.26684636,0.54153687,3.0293958,0.948329508304596,0.9,0.5,,,,,0.6111111044883728,0.8350000000000003,,,,REVIEW,58192101200042
4576,AUTO_RISK,48760328400059,0.96533334,0.96533334,0.0,1.0,0.9999999403953552,1.0,1.0,,,,True,1.0,0.8350000000000003,48760328400059,0.96533334,0.0,AUTO_RISK,48760328400059
459,AUTO_RISK,33493414800035,0.16865079,0.16865079,0.0,1.0,0.7370011806488037,0.6299145299145299,0.5,,,,True,1.0,0.8350000000000003,33493414800035,0.16865079,0.0,AUTO_RISK,33493414800035
460,AUTO_RISK,22140118500410,0.63245034,0.63245034,0.0,1.0,0.9282392263412476,0.8889411764705882,0.75,,,,True,1.0,0.8350000000000003,22140118500410,0.63245034,0.0,AUTO_RISK,22140118500410
4602,AUTO_RISK,77815690100051,0.9628571,0.9628571,0.0,1.0,1.0,1.0,1.0,,,,True,1.0,0.8350000000000003,77815690100051,0.9628571,0.0,AUTO_RISK,77815690100051
4605,REVIEW,81215492000035,0.8419811,0.63245034,0.20953077,1.3312999,0.6686174273490906,0.565079365079365,0.0,,,,,0.699999988079071,0.8350000000000003,,,,REVIEW,81215492000035
4615,AUTO_RISK,19620257600027,0.7966102,0.7966102,0.0,1.0,0.8656530380249023,0.6819444444444445,0.5,,,,True,1.0,0.8350000000000003,19620257600027,0.7966102,0.0,AUTO_RISK,19620257600027
4618,AUTO_RISK,49248622000022,0.69402987,0.69402987,0.0,1.0,0.7664821147918701,0.6744729344729344,0.3333333333333333,,,,True,1.0,0.8350000000000003,49248622000022,0.69402987,0.0,AUTO_RISK,49248622000022
4621,AUTO_RISK,82778760700023,0.8083832,0.8083832,0.0,1.0,0.9999999403953552,1.0,1.0,,,,True,1.0,0.8350000000000003,82778760700023,0.8083832,0.0,AUTO_RISK,82778760700023
4623,AUTO_RISK,44892800200014,0.42696628,0.42696628,0.0,1.0,0.7913005948066711,0.8558823529411764,0.2,,,,True,1.0,0.8350000000000003,44892800200014,0.42696628,0.0,AUTO_RISK,44892800200014
4627,REVIEW,52113109400018,0.26684636,0.16865079,0.09819557,1.582242,0.0,0.4603174603174603,0.0,,,,,0.65625,0.8350000000000003,,,,REVIEW,52113109400018
4629,AUTO_RISK,78393689100093,0.9048583,0.9048583,0.0,1.0,0.7692239880561829,0.6863095238095238,0.25,,,,True,1.0,0.8350000000000003,78393689100093,0.9048583,0.0,AUTO_RISK,78393689100093
4630,AUTO_RISK,78393689100119,0.8419811,0.8419811,0.0,1.0,0.820992112159729,0.5968611847922193,0.25,,,,True,1.0,0.8350000000000003,78393689100119,0.8419811,0.0,AUTO_RISK,78393689100119
4631,AUTO_RISK,78393689100218,0.9048583,0.9048583,0.0,1.0,0.7980526685714722,0.6388888888888888,0.2,,,,True,1.0,0.8350000000000003,78393689100218,0.9048583,0.0,AUTO_RISK,78393689100218
4640,REVIEW,21620764700050,0.26684636,0.1,0.16684636,2.6684635,0.7262477278709412,0.8639473684210527,0.2,,,,,0.49180328845977783,0.8350000000000003,,,,REVIEW,21620764700050
4641,REVIEW,34371085100019,0.05142857,0.016393442,0.03503513,3.1371431,0.4618233442306518,0.7453102453102454,0.0,,,,,0.6111111044883728,0.8350000000000003,,,,REVIEW,34371085100019
4642,AUTO_RISK,38398762500795,0.8766756,0.8766756,0.0,1.0,0.822175145149231,0.8390243902439025,0.2,,,,True,1.0,0.8350000000000003,38398762500795,0.8766756,0.0,AUTO_RISK,38398762500795
4653,AUTO_RISK,35212040600025,0.8419811,0.8419811,0.0,1.0,0.9999999403953552,1.0,1.0,,,,True,1.0,0.8350000000000003,35212040600025,0.8419811,0.0,AUTO_RISK,35212040600025
4654,REVIEW,55201802000594,0.92098767,0.9048583,0.016129375,1.0178252,1.0,1.0,1.0,,,,,0.082903191447258,0.8350000000000003,,,,REVIEW,55201802000594
4666,AUTO_RISK,50977996300016,0.9871795,0.9871795,0.0,1.0,1.0,1.0,1.0,,,,True,1.0,0.8350000000000003,50977996300016,0.9871795,0.0,AUTO_RISK,50977996300016
4673,REVIEW,83467776700024,0.9048583,0.33582088,0.56903744,2.694467,0.7088748216629028,0.6912930474333984,0.1666666666666666,,,,,0.699999988079071,0.8350000000000003,,,,REVIEW,83467776700024
4681,AUTO_RISK,44419312200827,1.0,1.0,0.0,1.0,1.0,1.0,1.0,,,,True,1.0,0.8350000000000003,44419312200827,1.0,0.0,AUTO_RISK,44419312200827
4686,AUTO_RISK,21620744900010,0.9048583,0.9048583,0.0,1.0,0.9480947852134703,0.9333333333333332,1.0,,,,True,1.0,0.8350000000000003,21620744900010,0.9048583,0.0,AUTO_RISK,21620744900010
4687,AUTO_RISK,35104146200026,0.8419811,0.8419811,0.0,1.0,0.809972882270813,0.8205128205128206,0.3333333333333333,,,,True,1.0,0.8350000000000003,35104146200026,0.8419811,0.0,AUTO_RISK,35104146200026
4695,REVIEW,42064114400019,0.26684636,0.20704846,0.059797898,1.2888111,0.8872203826904297,0.5823135198135199,0.6666666666666666,,,,True,0.08163265138864517,0.8350000000000003,42064114400019,0.26684636,0.0,REVIEW,42064114400019
4698,REVIEW,13002442500535,0.42696628,0.26684636,0.16011992,1.6000453,0.8242737054824829,0.6047619047619047,0.25,,,,,0.49180328845977783,0.8350000000000003,,,,REVIEW,13002442500535
470,AUTO_RISK,19141268300036,0.9871795,0.9871795,0.0,1.0,0.9817392826080322,1.0,1.0,,,,True,1.0,0.8350000000000003,19141268300036,0.9871795,0.0,AUTO_RISK,19141268300036
4703,AUTO_RISK,17140661400015,0.8766756,0.8766756,0.0,1.0,0.9106528759002686,0.8500000000000001,0.0,,,,True,1.0,0.8350000000000003,17140661400015,0.8766756,0.0,AUTO_RISK,17140661400015
4704,AUTO_RISK,32598592700038,0.9628571,0.9628571,0.0,1.0,1.0000001192092896,1.0,1.0,,,,True,1.0,0.8350000000000003,32598592700038,0.9628571,0.0,AUTO_RISK,32598592700038
4713,REVIEW,52142996900012,0.9628571,0.16865079,0.7942063,5.7091765,1.0,1.0,1.0,,,,,0.817460298538208,0.8350000000000003,,,,REVIEW,52142996900012
472,AUTO_RISK,19141313700016,0.96533334,0.96533334,0.0,1.0,0.9850928783416748,1.0,1.0,,,,True,1.0,0.8350000000000003,19141313700016,0.96533334,0.0,AUTO_RISK,19141313700016
4722,AUTO_RISK,79863630400023,0.021181718,0.021181718,0.0,1.0,0.9999999403953552,1.0,1.0,,,,True,1.0,0.8350000000000003,79863630400023,0.021181718,0.0,AUTO_RISK,79863630400023
4727,AUTO_RISK,41904254400181,0.96533334,0.96533334,0.0,1.0,1.0,1.0,1.0,,,,True,1.0,0.8350000000000003,41904254400181,0.96533334,0.0,AUTO_RISK,41904254400181
473,AUTO_RISK,19141596700014,1.0,1.0,0.0,1.0,0.9999999403953552,1.0,1.0,,,,True,1.0,0.8350000000000003,19141596700014,1.0,0.0,AUTO_RISK,19141596700014
4730,AUTO_RISK,47980663000022,0.8083832,0.8083832,0.0,1.0,0.8781169652938843,0.8366666666666667,0.5,,,,True,1.0,0.8350000000000003,47980663000022,0.8083832,0.0,AUTO_RISK,47980663000022
4736,REVIEW,34022491400010,0.9867133,0.69402987,0.29268342,1.4217159,1.0,1.0,1.0,,,,,0.8307692408561707,0.8350000000000003,,,,REVIEW,34022491400010
4746,REVIEW,43392911400018,0.96533334,0.33582088,0.6295124,2.8745482,0.9999999403953552,1.0,1.0,,,,,0.942307710647583,0.8350000000000003,,,,REVIEW,43392911400018
4753,REVIEW,52325276500285,0.9048583,0.05142857,0.85342973,17.594467,0.9173993468284608,0.9166666666666669,0.5,,,,,0.817460298538208,0.8350000000000003,,,,REVIEW,52325276500285
4757,REVIEW,45048788900039,0.8766756,0.8419811,0.034694493,1.0412058,0.895084798336029,0.6679292929292929,0.6666666666666666,,,,True,0.375,0.8350000000000003,45048788900039,0.8766756,0.0,REVIEW,45048788900039
4766,AUTO_RISK,38142078500036,0.92098767,0.92098767,0.0,1.0,1.0,1.0,1.0,,,,True,1.0,0.8350000000000003,38142078500036,0.92098767,0.0,AUTO_RISK,38142078500036
4770,AUTO_RISK,40282757000019,0.42696628,0.42696628,0.0,1.0,0.7657757997512817,0.737037037037037,0.6666666666666666,,,,True,1.0,0.8350000000000003,40282757000019,0.42696628,0.0,AUTO_RISK,40282757000019
4771,AUTO_RISK,45203887000021,0.9628571,0.9628571,0.0,1.0,1.0,1.0,1.0,,,,True,1.0,0.8350000000000003,45203887000021,0.9628571,0.0,AUTO_RISK,45203887000021
4781,REVIEW,66203260623237,0.42696628,0.42696628,0.0,1.0,0.5933929681777954,0.5945165945165946,0.1666666666666666,,,,,0.6111111044883728,0.8350000000000003,,,,REVIEW,66203260623237
4792,AUTO_RISK,31727561800021,0.9848485,0.9848485,0.0,1.0,0.9999998807907104,1.0,1.0,,,,True,1.0,0.8350000000000003,31727561800021,0.9848485,0.0,AUTO_RISK,31727561800021
4795,AUTO_RISK,42310447000038,0.9628571,0.9628571,0.0,1.0,0.9999999403953552,1.0,1.0,,,,True,1.0,0.8350000000000003,42310447000038,0.9628571,0.0,AUTO_RISK,42310447000038
4796,AUTO_RISK,82268740600022,0.9479167,0.006139992,0.9417767,154.38403,0.9029107093811036,0.9818181818181818,0.0,,,,,1.0,0.8350000000000003,,,,AUTO_RISK,82268740600022
480,REVIEW,21940048800017,0.96533334,0.16865079,0.79668254,5.723859,0.8037042617797852,0.9333333333333332,1.0,,,,,0.913385808467865,0.8350000000000003,,,,REVIEW,21940048800017
4826,REVIEW,52747102300012,0.63245034,0.5191083,0.11334205,1.2183399,0.8426581621170044,0.8571428571428571,0.5,,,,,0.08163265138864517,0.8350000000000003,,,,REVIEW,52747102300012
4829,REVIEW,33758130000023,0.8419811,0.26684636,0.57513475,3.155303,0.8017269372940063,0.7777777777777778,0.5,,,,,0.817460298538208,0.8350000000000003,,,,REVIEW,33758130000023
4841,AUTO_RISK,59382030100038,0.9559322,0.9559322,0.0,1.0,1.0,1.0,1.0,,,,True,1.0,0.8350000000000003,59382030100038,0.9559322,0.0,AUTO_RISK,59382030100038
4845,AUTO_RISK,79860711500010,0.94618386,0.006139992,0.94004387,154.1018,0.8472510576248169,0.9666666666666668,0.0,,,,,1.0,0.8350000000000003,,,,AUTO_RISK,79860711500010
4852,REVIEW,47883493000016,0.96533334,0.16865079,0.79668254,5.723859,1.0,1.0,1.0,,,,,0.913385808467865,0.8350000000000003,,,,REVIEW,47883493000016
4856,AUTO_RISK,44397392000046,0.63245034,0.63245034,0.0,1.0,0.7837194800376892,0.8688130686517783,0.25,,,,True,1.0,0.8350000000000003,44397392000046,0.63245034,0.0,AUTO_RISK,44397392000046
4864,REVIEW,89228106400014,0.2,0.006139992,0.19386001,32.573334,0.771248459815979,0.8666666666666667,0.0,,,,,0.699999988079071,0.8350000000000003,,,,REVIEW,89228106400014
4869,AUTO_RISK,83836635900019,0.94871825,0.94871825,0.0,1.0,1.0,1.0,1.0,,,,True,1.0,0.8350000000000003,83836635900019,0.94871825,0.0,AUTO_RISK,83836635900019
487,REVIEW,45170032200014,0.05142857,0.021181718,0.030246854,2.42797,0.6903191804885864,0.8823529411764706,0.3333333333333333,,,,,0.08163265138864517,0.8350000000000003,,,,REVIEW,45170032200014
4884,AUTO_RISK,44227845300083,0.9433962,0.9433962,0.0,1.0,0.9010609984397888,0.9285714285714286,0.6666666666666666,,,,True,1.0,0.8350000000000003,44227845300083,0.9433962,0.0,AUTO_RISK,44227845300083
4885,REVIEW,51907180700019,0.63245034,0.42696628,0.20548406,1.4812653,0.8914922475814819,0.9,0.6666666666666666,,,,,0.0,0.8350000000000003,,,,REVIEW,51907180700019
4907,REVIEW,17350120600184,0.69402987,0.1,0.59402984,6.9402986,0.7456194162368774,0.6373708920187794,0.0,,,,,0.9692307710647583,0.8350000000000003,,,,REVIEW,17350120600184
4917,REVIEW,22140118500170,0.9433962,0.33582088,0.6075753,2.8092244,0.8612744808197021,0.9393939393939394,0.5,,,,,0.8307692408561707,0.8350000000000003,,,,REVIEW,22140118500170
4925,AUTO_RISK,13000548124762,0.33582088,0.33582088,0.0,1.0,0.0,0.4824074074074074,0.1111111111111111,,,,True,1.0,0.8350000000000003,13000548124762,0.33582088,0.0,AUTO_RISK,13000548124762
4927,AUTO_RISK,53858144800031,0.9848485,0.9848485,0.0,1.0,1.0,1.0,1.0,,,,True,1.0,0.8350000000000003,53858144800031,0.9848485,0.0,AUTO_RISK,53858144800031
4943,REVIEW,52822584000016,0.9848485,0.16865079,0.8161977,5.8395724,1.0,1.0,1.0,,,,,0.913385808467865,0.8350000000000003,,,,REVIEW,52822584000016
4955,AUTO_RISK,43229045000027,0.9848485,0.1,0.8848485,9.848485,1.0000001192092896,1.0,1.0,,,,,0.9961977005004883,0.8350000000000003,,,,AUTO_RISK,43229045000027
4957,AUTO_RISK,38006587000020,0.96533334,0.96533334,0.0,1.0,1.0,1.0,1.0,,,,True,1.0,0.8350000000000003,38006587000020,0.96533334,0.0,AUTO_RISK,38006587000020
4963,AUTO_RISK,48118401800044,0.9479167,0.9479167,0.0,1.0,0.8165562152862549,0.95,0.5,,,,True,1.0,0.8350000000000003,48118401800044,0.9479167,0.0,AUTO_RISK,48118401800044
497,REVIEW,26910101000057,0.9559322,0.0875,0.8684322,10.924939,0.9331469535827636,0.8982905982905983,0.75,,,,,0.942307710647583,0.8350000000000003,,,,REVIEW,26910101000057
4976,AUTO_RISK,83382518500030,0.721519,0.721519,0.0,1.0,0.7610682249069214,0.825,0.5,,,,True,1.0,0.8350000000000003,83382518500030,0.721519,0.0,AUTO_RISK,83382518500030
4983,AUTO_RISK,62985730100481,0.8419811,0.8419811,0.0,1.0,0.8455284833908081,0.9554179566563468,0.5,,,,True,1.0,0.8350000000000003,62985730100481,0.8419811,0.0,AUTO_RISK,62985730100481
4993,AUTO_RISK,38374552800042,0.7966102,0.7966102,0.0,1.0,0.7530122995376587,0.8666666666666666,0.3333333333333333,,,,True,1.0,0.8350000000000003,38374552800042,0.7966102,0.0,AUTO_RISK,38374552800042
500,REVIEW,21910174800503,0.9048583,0.16865079,0.7362075,5.3652773,0.9927901029586792,0.9603076923076924,0.5,,,,,0.817460298538208,0.8350000000000003,,,,REVIEW,21910174800503
5004,AUTO_RISK,44149212100021,0.9559322,0.9559322,0.0,1.0,0.9942471385002136,0.993103448275862,0.5,,,,True,1.0,0.8350000000000003,44149212100021,0.9559322,0.0,AUTO_RISK,44149212100021
501,REVIEW,21910174800016,0.9048583,0.42696628,0.477892,2.1192734,0.7153900861740112,0.6216931216931217,0.0,,,,,0.8307692408561707,0.8350000000000003,,,,REVIEW,21910174800016
5014,AUTO_RISK,40088581000038,0.96533334,0.96533334,0.0,1.0,1.0,1.0,1.0,,,,True,1.0,0.8350000000000003,40088581000038,0.96533334,0.0,AUTO_RISK,40088581000038
5022,AUTO_RISK,84309493900017,0.96533334,0.96533334,0.0,1.0,0.9953066110610962,0.975177174975562,0.8,,,,True,1.0,0.8350000000000003,84309493900017,0.96533334,0.0,AUTO_RISK,84309493900017
5023,AUTO_RISK,32565471300354,0.8766756,0.8766756,0.0,1.0,0.8910202980041504,0.9285714285714286,0.5,,,,True,1.0,0.8350000000000003,32565471300354,0.8766756,0.0,AUTO_RISK,32565471300354
5024,AUTO_RISK,52187197000013,0.9871795,0.021181718,0.9659978,46.605263,1.0,1.0,1.0,,,,,0.9961977005004883,0.8350000000000003,,,,AUTO_RISK,52187197000013
5025,REVIEW,83435639600012,0.9479167,0.7966102,0.15130651,1.189938,0.9527477622032166,0.9636363636363636,0.6666666666666666,,,,,0.49180328845977783,0.8350000000000003,,,,REVIEW,83435639600012
5029,REVIEW,66203260614921,0.8766756,0.42696628,0.44970933,2.0532665,0.726152777671814,1.0,1.0,,,,,0.2857142984867096,0.8350000000000003,,,,REVIEW,66203260614921
5032,REVIEW,82234050100037,0.9048583,0.8766756,0.028182685,1.0321472,0.8888888359069824,0.95,0.6666666666666666,,,,,0.0833333358168602,0.8350000000000003,,,,REVIEW,82234050100037
5035,AUTO_RISK,49400973100063,0.9479167,0.9479167,0.0,1.0,0.8872418403625488,1.0,1.0,,,,True,1.0,0.8350000000000003,49400973100063,0.9479167,0.0,AUTO_RISK,49400973100063
5037,AUTO_RISK,52266486100054,0.8419811,0.0021415188,0.8398396,393.17007,0.8197046518325806,0.9777777777777776,0.0,,,,,1.0,0.8350000000000003,,,,AUTO_RISK,52266486100054
5039,AUTO_RISK,52319874500029,0.9848485,0.9848485,0.0,1.0,1.0000001192092896,1.0,1.0,,,,True,1.0,0.8350000000000003,52319874500029,0.9848485,0.0,AUTO_RISK,52319874500029
5041,AUTO_RISK,88027536700022,0.6739812,0.6739812,0.0,1.0,0.780398964881897,0.8526315789473684,0.3333333333333333,,,,True,1.0,0.8350000000000003,88027536700022,0.6739812,0.0,AUTO_RISK,88027536700022
5043,AUTO_RISK,43263405300024,0.9479167,0.9479167,0.0,1.0,0.9849767684936525,0.9464285714285714,1.0,,,,True,1.0,0.8350000000000003,43263405300024,0.9479167,0.0,AUTO_RISK,43263405300024
5065,AUTO_RISK,41197324100051,0.6739812,0.6739812,0.0,1.0,0.2788541316986084,1.0,1.0,,,,True,1.0,0.8350000000000003,41197324100051,0.6739812,0.0,AUTO_RISK,41197324100051
5069,AUTO_RISK,53134098200028,0.92098767,0.92098767,0.0,1.0,0.8984166979789734,0.9636363636363636,0.0,,,,True,1.0,0.8350000000000003,53134098200028,0.92098767,0.0,AUTO_RISK,53134098200028
5071,AUTO_RISK,89441440800019,0.9479167,0.9479167,0.0,1.0,0.9999999403953552,1.0,1.0,,,,True,1.0,0.8350000000000003,89441440800019,0.9479167,0.0,AUTO_RISK,89441440800019
5075,AUTO_RISK,79258696800051,0.6739812,0.6739812,0.0,1.0,0.6743518114089966,0.8571428571428571,0.2857142857142857,,,,True,1.0,0.8350000000000003,79258696800051,0.6739812,0.0,AUTO_RISK,79258696800051
5080,REVIEW,93810922000013,0.26684636,0.20704846,0.059797898,1.2888111,0.435924768447876,0.5686868686868687,0.0,,,,,0.699999988079071,0.8350000000000003,,,,REVIEW,93810922000013
5108,AUTO_RISK,34513066000045,0.6739812,0.6739812,0.0,1.0,0.9226799607276917,0.9058823529411764,0.5,,,,True,0.9961977005004883,0.8350000000000003,34513066000045,0.6739812,0.0,AUTO_RISK,34513066000045
5117,REVIEW,50842133600191,0.39823008,0.05142857,0.34680152,7.7433624,0.6247292757034302,0.5051851851851852,0.0,,,,,0.817460298538208,0.8350000000000003,,,,REVIEW,50842133600191
5118,AUTO_RISK,34513066000086,0.8419811,0.8419811,0.0,1.0,0.908170223236084,0.92,0.5,,,,True,0.9961977005004883,0.8350000000000003,34513066000086,0.8419811,0.0,AUTO_RISK,34513066000086
5128,AUTO_RISK,82014321200018,0.6739812,0.0021415188,0.67183965,314.72113,0.8678004741668701,0.8541666666666666,0.5,,,,,1.0,0.8350000000000003,,,,AUTO_RISK,82014321200018
5130,AUTO_RISK,31778006201309,0.8419811,0.8419811,0.0,1.0,0.8722661733627319,0.9058823529411764,0.5,,,,True,1.0,0.8350000000000003,31778006201309,0.8419811,0.0,AUTO_RISK,31778006201309
5132,AUTO_RISK,53004392600019,0.9048583,0.9048583,0.0,1.0,0.8109032511711121,0.9157894736842104,0.6666666666666666,,,,True,1.0,0.8350000000000003,53004392600019,0.9048583,0.0,AUTO_RISK,53004392600019
5147,AUTO_RISK,43359903200045,0.33582088,0.33582088,0.0,1.0,0.8363879919052124,0.88,0.4,,,,True,1.0,0.8350000000000003,43359903200045,0.33582088,0.0,AUTO_RISK,43359903200045
5166,AUTO_RISK,38377114400011,0.9479167,0.9479167,0.0,1.0,0.9999998807907104,1.0,1.0,,,,True,1.0,0.8350000000000003,38377114400011,0.9479167,0.0,AUTO_RISK,38377114400011
5177,AUTO_RISK,37779122300060,0.42696628,0.42696628,0.0,1.0,0.906292200088501,0.8416666666666667,0.3333333333333333,,,,True,0.9961977005004883,0.8350000000000003,37779122300060,0.42696628,0.0,AUTO_RISK,37779122300060
5179,AUTO_RISK,42446940100030,0.42696628,0.42696628,0.0,1.0,0.7722705006599426,0.9647058823529412,0.3333333333333333,,,,True,0.9966151118278503,0.8350000000000003,42446940100030,0.42696628,0.0,AUTO_RISK,42446940100030
5182,REVIEW,34292405700041,0.8419811,0.05142857,0.79055256,16.371855,0.905828893184662,0.9363636363636364,0.6666666666666666,,,,,0.817460298538208,0.8350000000000003,,,,REVIEW,34292405700041
5186,AUTO_RISK,19620063800019,0.6739812,0.6739812,0.0,1.0,0.8623430728912354,0.8243822843822844,0.4,,,,True,1.0,0.8350000000000003,19620063800019,0.6739812,0.0,AUTO_RISK,19620063800019
5191,AUTO_RISK,08568004900351,0.9559322,0.016393442,0.9395388,58.311867,0.9999999403953552,1.0,1.0,,,,,1.0,0.8350000000000003,,,,AUTO_RISK,08568004900351
5193,AUTO_RISK,34327168000021,0.9871795,0.9871795,0.0,1.0,1.0,1.0,1.0,,,,True,1.0,0.8350000000000003,34327168000021,0.9871795,0.0,AUTO_RISK,34327168000021
5203,REVIEW,16002301600225,0.6739812,0.39823008,0.2757511,1.6924417,0.786555290222168,0.6,0.0,,,,,0.817460298538208,0.8350000000000003,,,,REVIEW,16002301600225
5207,REVIEW,82017182500012,0.9559322,0.42696628,0.52896595,2.238894,0.8578461408615112,0.901159420289855,0.6666666666666666,,,,,0.8307692408561707,0.8350000000000003,,,,REVIEW,82017182500012
5209,REVIEW,49882053900019,0.9048583,0.33582088,0.56903744,2.694467,0.8655580282211304,0.7392982456140351,0.75,,,,,0.913385808467865,0.8350000000000003,,,,REVIEW,49882053900019
5224,REVIEW,35264550101290,0.33582088,0.05142857,0.2843923,6.5298505,0.5912679433822632,0.5362318840579711,0.2,,,,,0.817460298538208,0.8350000000000003,,,,REVIEW,35264550101290
5226,REVIEW,41118552300056,0.5191083,0.5191083,0.0,1.0,0.8053140640258789,0.8761904761904762,0.5,,,,,0.08163265138864517,0.8350000000000003,,,,REVIEW,41118552300056
5228,AUTO_RISK,80169357300025,0.14285715,0.14285715,0.0,1.0,0.8463089466094971,0.8631578947368421,0.3333333333333333,,,,True,1.0,0.8350000000000003,80169357300025,0.14285715,0.0,AUTO_RISK,80169357300025
5230,AUTO_RISK,50875025400023,0.9628571,0.9628571,0.0,1.0,1.0000001192092896,1.0,1.0,,,,True,1.0,0.8350000000000003,50875025400023,0.9628571,0.0,AUTO_RISK,50875025400023
5231,REVIEW,89289985700015,0.9628571,0.9479167,0.014940441,1.0157614,0.9999999403953552,1.0,1.0,,,,,0.08163265138864517,0.8350000000000003,,,,REVIEW,89289985700015
5237,AUTO_RISK,72562075100026,0.9048583,0.05142857,0.85342973,17.594467,0.8163741827011108,0.9,0.4,,,,,0.9961977005004883,0.8350000000000003,,,,AUTO_RISK,72562075100026
5238,AUTO_RISK,30930547200347,0.63245034,0.63245034,0.0,1.0,0.8155690431594849,0.6416666666666667,0.2,,,,True,1.0,0.8350000000000003,30930547200347,0.63245034,0.0,AUTO_RISK,30930547200347
5239,AUTO_RISK,30930547200040,0.6739812,0.007380074,0.6666011,91.32445,1.0,1.0,1.0,,,,,1.0,0.8350000000000003,,,,AUTO_RISK,30930547200040
5242,AUTO_RISK,30930547200073,0.9048583,0.9048583,0.0,1.0,0.9342011213302612,0.9357312252964428,0.25,,,,True,1.0,0.8350000000000003,30930547200073,0.9048583,0.0,AUTO_RISK,30930547200073
5245,AUTO_RISK,30930547200107,0.6739812,0.6739812,0.0,1.0,0.699301540851593,0.7222222222222222,0.5,,,,True,1.0,0.8350000000000003,30930547200107,0.6739812,0.0,AUTO_RISK,30930547200107
5246,AUTO_RISK,30930547200099,0.8419811,0.8419811,0.0,1.0,0.82816481590271,0.83,0.1666666666666666,,,,True,1.0,0.8350000000000003,30930547200099,0.8419811,0.0,AUTO_RISK,30930547200099
5254,AUTO_RISK,30930547200362,0.92098767,0.92098767,0.0,1.0,0.9115304946899414,0.9363636363636364,0.5,,,,True,1.0,0.8350000000000003,30930547200362,0.92098767,0.0,AUTO_RISK,30930547200362
5259,AUTO_RISK,21710475100094,0.9628571,0.9628571,0.0,1.0,0.9480947852134703,0.9333333333333332,1.0,,,,True,1.0,0.8350000000000003,21710475100094,0.9628571,0.0,AUTO_RISK,21710475100094
526,AUTO_RISK,21770123400023,0.69402987,0.69402987,0.0,1.0,0.6595081686973572,0.7110627552116914,0.2222222222222222,,,,True,1.0,0.8350000000000003,21770123400023,0.69402987,0.0,AUTO_RISK,21770123400023
5266,AUTO_RISK,43821691300022,0.63245034,0.63245034,0.0,1.0,0.7975718379020691,0.7060185185185185,0.5,,,,True,1.0,0.8350000000000003,43821691300022,0.63245034,0.0,AUTO_RISK,43821691300022
527,REVIEW,21770123400015,0.16865079,0.007380074,0.16127072,22.852182,0.5778552293777466,0.5222222222222223,0.0,,,,,0.913385808467865,0.8350000000000003,,,,REVIEW,21770123400015
5271,REVIEW,72582001300052,0.9559322,0.8419811,0.11395109,1.1353369,0.9999999403953552,1.0,1.0,,,,,0.2857142984867096,0.8350000000000003,,,,REVIEW,72582001300052
5274,REVIEW,31080928000053,0.92098767,0.05142857,0.8695591,17.908094,0.9358697533607484,0.9356643356643356,0.0,,,,,0.942307710647583,0.8350000000000003,,,,REVIEW,31080928000053
5284,REVIEW,50158429600047,0.8419811,0.20704846,0.63493264,4.0665894,0.812254786491394,0.88,0.5,,,,,0.65625,0.8350000000000003,,,,REVIEW,50158429600047
5285,REVIEW,26710233300023,0.9559322,0.8419811,0.11395109,1.1353369,1.0,1.0,1.0,,,,True,0.2857142984867096,0.8350000000000003,26710233300023,0.9559322,0.0,REVIEW,26710233300023
5296,AUTO_RISK,33093011600075,0.39823008,0.39823008,0.0,1.0,0.7430770397186279,0.5555555555555555,0.3333333333333333,,,,True,1.0,0.8350000000000003,33093011600075,0.39823008,0.0,AUTO_RISK,33093011600075
5298,AUTO_RISK,80048618500013,0.96533334,0.96533334,0.0,1.0,1.0,1.0,1.0,,,,True,1.0,0.8350000000000003,80048618500013,0.96533334,0.0,AUTO_RISK,80048618500013
5301,AUTO_RISK,43334563400029,0.6739812,0.6739812,0.0,1.0,0.7780102491378784,0.625,0.3333333333333333,,,,True,1.0,0.8350000000000003,43334563400029,0.6739812,0.0,AUTO_RISK,43334563400029
5303,REVIEW,42303259800132,0.92098767,0.6739812,0.24700648,1.3664887,0.8281798958778381,0.8242424242424242,0.2,,,,True,0.2571428716182709,0.8350000000000003,42303259800132,0.92098767,0.0,REVIEW,42303259800132
5309,AUTO_RISK,38883544900033,0.9433962,0.9433962,0.0,1.0,1.0,1.0,1.0,,,,True,1.0,0.8350000000000003,38883544900033,0.9433962,0.0,AUTO_RISK,38883544900033
5310,AUTO_RISK,50367761900051,0.92098767,0.016393442,0.90459424,56.180252,1.0,1.0,1.0,,,,,1.0,0.8350000000000003,,,,AUTO_RISK,50367761900051
5318,AUTO_RISK,48768583600016,0.9048583,0.9048583,0.0,1.0,1.0,1.0,1.0,,,,True,1.0,0.8350000000000003,48768583600016,0.9048583,0.0,AUTO_RISK,48768583600016
5322,AUTO_RISK,48074288100059,0.9479167,0.9479167,0.0,1.0,0.9999999403953552,1.0,1.0,,,,True,1.0,0.8350000000000003,48074288100059,0.9479167,0.0,AUTO_RISK,48074288100059
5332,REVIEW,18710002900102,0.69402987,0.5191083,0.17492157,1.3369654,0.6715176701545715,0.6333333333333333,0.0,,,,,0.6111111044883728,0.8350000000000003,,,,REVIEW,18710002900102
5334,AUTO_RISK,88248051000016,0.9479167,0.9479167,0.0,1.0,1.0,1.0,1.0,,,,True,1.0,0.8350000000000003,88248051000016,0.9479167,0.0,AUTO_RISK,88248051000016
5371,AUTO_RISK,83132415700070,0.9479167,0.9479167,0.0,1.0,0.849256694316864,0.9241666666666668,0.2,,,,True,1.0,0.8350000000000003,83132415700070,0.9479167,0.0,AUTO_RISK,83132415700070
5390,AUTO_RISK,41962807800059,0.6739812,0.6739812,0.0,1.0,0.7829186916351318,0.5924250041897101,0.25,,,,True,1.0,0.8350000000000003,41962807800059,0.6739812,0.0,AUTO_RISK,41962807800059
5393,REVIEW,88836041900350,0.9479167,0.42696628,0.52095044,2.2201207,0.8106784820556641,0.8451612903225806,0.4,,,,,0.817460298538208,0.8350000000000003,,,,REVIEW,88836041900350
5395,AUTO_RISK,51958513700010,0.96533334,0.96533334,0.0,1.0,1.0,1.0,1.0,,,,True,1.0,0.8350000000000003,51958513700010,0.96533334,0.0,AUTO_RISK,51958513700010
5399,AUTO_RISK,82431205200015,0.96533334,0.96533334,0.0,1.0,1.0,1.0,1.0,,,,True,1.0,0.8350000000000003,82431205200015,0.96533334,0.0,AUTO_RISK,82431205200015
54,REVIEW,80804683300014,0.021181718,0.016393442,0.004788276,1.2920848,0.4880656599998474,0.6091313448456305,0.1666666666666666,,,,,0.49180328845977783,0.8350000000000003,,,,REVIEW,80804683300014
5408,AUTO_RISK,89025417000024,0.8766756,0.8766756,0.0,1.0,0.9098613262176514,0.8869565217391304,0.6666666666666666,,,,True,1.0,0.8350000000000003,89025417000024,0.8766756,0.0,AUTO_RISK,89025417000024
5414,AUTO_RISK,45130803500026,0.9871795,0.9871795,0.0,1.0,0.9999998807907104,1.0,1.0,,,,True,1.0,0.8350000000000003,45130803500026,0.9871795,0.0,AUTO_RISK,45130803500026
5417,AUTO_RISK,43339684300024,0.9628571,0.9628571,0.0,1.0,1.0000001192092896,1.0,1.0,,,,True,1.0,0.8350000000000003,43339684300024,0.9628571,0.0,AUTO_RISK,43339684300024
5428,AUTO_RISK,88531738800019,0.8913044,0.8913044,0.0,1.0,0.8721017837524414,0.9236363636363636,0.6,,,,True,1.0,0.8350000000000003,88531738800019,0.8913044,0.0,AUTO_RISK,88531738800019
5432,REVIEW,45374260300039,0.96533334,0.05142857,0.9139048,18.77037,1.0,1.0,1.0,,,,,0.942307710647583,0.8350000000000003,,,,REVIEW,45374260300039
5440,AUTO_RISK,55208329702180,0.8419811,0.8419811,0.0,1.0,0.8995978832244873,0.8695652173913043,0.3333333333333333,,,,True,1.0,0.8350000000000003,55208329702180,0.8419811,0.0,AUTO_RISK,55208329702180
5442,AUTO_RISK,35406351300031,0.96533334,0.96533334,0.0,1.0,1.0,1.0,1.0,,,,True,1.0,0.8350000000000003,35406351300031,0.96533334,0.0,AUTO_RISK,35406351300031
5451,AUTO_RISK,42987804400032,0.9479167,0.9479167,0.0,1.0,0.9999998807907104,1.0,1.0,,,,True,1.0,0.8350000000000003,42987804400032,0.9479167,0.0,AUTO_RISK,42987804400032
5463,AUTO_RISK,49113085200024,0.96533334,0.96533334,0.0,1.0,0.9999999403953552,1.0,1.0,,,,True,1.0,0.8350000000000003,49113085200024,0.96533334,0.0,AUTO_RISK,49113085200024
5467,AUTO_RISK,34159064400025,0.721519,0.721519,0.0,1.0,1.0000001192092896,1.0,1.0,,,,True,0.9961977005004883,0.8350000000000003,34159064400025,0.721519,0.0,AUTO_RISK,34159064400025
5472,AUTO_RISK,81285822300033,0.96533334,0.96533334,0.0,1.0,0.9999998807907104,1.0,1.0,,,,True,1.0,0.8350000000000003,81285822300033,0.96533334,0.0,AUTO_RISK,81285822300033
5479,REVIEW,35264550100276,0.26684636,0.05142857,0.21541779,5.188679,0.6715145707130432,0.5746376811594204,0.2,,,,,0.6111111044883728,0.8350000000000003,,,,REVIEW,35264550100276
5480,REVIEW,82372427300029,0.8419811,0.8083832,0.033597887,1.0415618,0.8988775014877319,0.8055555555555557,0.5,,,,,0.375,0.8350000000000003,,,,REVIEW,82372427300029
5489,REVIEW,82652013200026,0.9871795,0.92098767,0.06619185,1.0718706,1.0,1.0,1.0,,,,,0.817460298538208,0.8350000000000003,,,,REVIEW,82652013200026
5490,REVIEW,13002249400459,0.006139992,0.0021415188,0.0039984733,2.8671203,0.6640230417251587,0.537101300259195,0.3333333333333333,,,,,0.4736842215061188,0.8350000000000003,,,,REVIEW,13002249400459
5499,REVIEW,50129160300030,0.9871795,0.9628571,0.02432239,1.0252607,0.9999999403953552,1.0,1.0,,,,,0.6111111044883728,0.8350000000000003,,,,REVIEW,50129160300030
5513,REVIEW,50505748900013,0.9559322,0.6739812,0.281951,1.4183366,0.7058955430984497,1.0,1.0,,,,,0.8307692408561707,0.8350000000000003,,,,REVIEW,50505748900013
5514,AUTO_RISK,79784035200018,0.9048583,0.9048583,0.0,1.0,0.9077121019363404,1.0,1.0,,,,True,1.0,0.8350000000000003,79784035200018,0.9048583,0.0,AUTO_RISK,79784035200018
5515,AUTO_RISK,39264070200024,0.9848485,0.26684636,0.71800214,3.6906948,0.8626572489738464,1.0,1.0,,,,,0.9961977005004883,0.8350000000000003,,,,AUTO_RISK,39264070200024
5545,REVIEW,44939636500032,0.39823008,0.26684636,0.13138372,1.4923571,0.8632091283798218,0.8223496240601504,0.2,,,,,0.2857142984867096,0.8350000000000003,,,,REVIEW,44939636500032
5556,REVIEW,90534141800010,0.775,0.6739812,0.10101879,1.1498837,0.7055224180221558,0.6152777777777778,0.3333333333333333,,,,,0.2857142984867096,0.8350000000000003,,,,REVIEW,90534141800010
5562,REVIEW,77920242300017,0.2,0.11363637,0.086363636,1.76,0.7541897892951965,0.6428571428571429,0.0,,,,,0.65625,0.8350000000000003,,,,REVIEW,77920242300017
5581,AUTO_RISK,53896068300042,0.8766756,0.8766756,0.0,1.0,0.919144332408905,0.9272727272727272,0.0,,,,True,1.0,0.8350000000000003,53896068300042,0.8766756,0.0,AUTO_RISK,53896068300042
5588,AUTO_RISK,48525752100024,0.9848485,0.9848485,0.0,1.0,1.0,1.0,1.0,,,,True,1.0,0.8350000000000003,48525752100024,0.9848485,0.0,AUTO_RISK,48525752100024
5590,REVIEW,53791530800135,0.69402987,0.42696628,0.2670636,1.625491,0.6769470572471619,0.7038875103391232,0.2,,,,,0.2571428716182709,0.8350000000000003,,,,REVIEW,53791530800135
5603,AUTO_RISK,49254460600014,0.92098767,0.92098767,0.0,1.0,0.758432924747467,0.896551724137931,0.5,,,,True,1.0,0.8350000000000003,49254460600014,0.92098767,0.0,AUTO_RISK,49254460600014
5617,AUTO_RISK,35038196800097,0.8766756,0.8766756,0.0,1.0,0.466218501329422,1.0,1.0,,,,True,1.0,0.8350000000000003,35038196800097,0.8766756,0.0,AUTO_RISK,35038196800097
5621,AUTO_RISK,58213743600256,0.26684636,0.26684636,0.0,1.0,0.7564190030097961,0.8922077922077922,0.3333333333333333,,,,True,0.9961977005004883,0.8350000000000003,58213743600256,0.26684636,0.0,AUTO_RISK,58213743600256
5628,AUTO_RISK,39081398800016,0.9848485,0.9848485,0.0,1.0,0.9999999403953552,1.0,1.0,,,,True,1.0,0.8350000000000003,39081398800016,0.9848485,0.0,AUTO_RISK,39081398800016
5636,REVIEW,88442398900026,0.63245034,0.63245034,0.0,1.0,1.0,1.0,1.0,,,,,0.08163265138864517,0.8350000000000003,,,,REVIEW,88442398900026
5638,REVIEW,37789199900023,0.8419811,0.26684636,0.57513475,3.155303,0.8108827471733093,0.9315789473684212,0.6,,,,,0.817460298538208,0.8350000000000003,,,,REVIEW,37789199900023
5639,REVIEW,28630014000014,0.92098767,0.6739812,0.24700648,1.3664887,0.8071999549865723,0.8522955523672884,0.6666666666666666,,,,,0.817460298538208,0.8350000000000003,,,,REVIEW,28630014000014
5645,AUTO_RISK,45314401600020,0.16865079,0.16865079,0.0,1.0,0.6545215845108032,0.7716273442226255,0.2857142857142857,,,,True,1.0,0.8350000000000003,45314401600020,0.16865079,0.0,AUTO_RISK,45314401600020
5655,AUTO_RISK,85620129800010,0.9479167,0.9479167,0.0,1.0,0.9922574162483216,0.9928571428571428,0.6,,,,True,1.0,0.8350000000000003,85620129800010,0.9479167,0.0,AUTO_RISK,85620129800010
5668,AUTO_RISK,79333915100011,0.021181718,0.021181718,0.0,1.0,0.7425616979598999,0.5253968253968254,0.2,,,,True,1.0,0.8350000000000003,79333915100011,0.021181718,0.0,AUTO_RISK,79333915100011
5686,AUTO_RISK,79025872700029,0.92098767,0.016393442,0.90459424,56.180252,0.6579928398132324,0.9708333333333332,0.0,,,,,1.0,0.8350000000000003,,,,AUTO_RISK,79025872700029
5688,AUTO_RISK,77921892400016,1.0,0.42696628,0.5730337,2.3421054,1.0,1.0,1.0,,,,,0.9961977005004883,0.8350000000000003,,,,AUTO_RISK,77921892400016
5689,AUTO_RISK,26630800600011,0.9048583,0.9048583,0.0,1.0,0.914077877998352,0.8907595549104983,0.8,,,,True,1.0,0.8350000000000003,26630800600011,0.9048583,0.0,AUTO_RISK,26630800600011
5698,REVIEW,77921891600012,0.9479167,0.721519,0.2263977,1.3137792,1.0000001192092896,1.0,1.0,,,,,0.2857142984867096,0.8350000000000003,,,,REVIEW,77921891600012
5702,AUTO_RISK,19630019800013,0.42696628,0.42696628,0.0,1.0,0.90354585647583,0.8421071428571428,0.6,,,,True,0.9961977005004883,0.8350000000000003,19630019800013,0.42696628,0.0,AUTO_RISK,19630019800013
5703,AUTO_RISK,19630021400034,0.6739812,0.6739812,0.0,1.0,0.7330797910690308,0.6339575530586766,0.1111111111111111,,,,True,1.0,0.8350000000000003,19630021400034,0.6739812,0.0,AUTO_RISK,19630021400034
5712,AUTO_RISK,39228566400018,1.0,1.0,0.0,1.0,1.0,1.0,1.0,,,,True,1.0,0.8350000000000003,39228566400018,1.0,0.0,AUTO_RISK,39228566400018
5717,AUTO_RISK,43890241300022,0.8419811,0.8419811,0.0,1.0,1.0,1.0,1.0,,,,True,1.0,0.8350000000000003,43890241300022,0.8419811,0.0,AUTO_RISK,43890241300022
5727,AUTO_RISK,32464385700034,0.96533334,0.96533334,0.0,1.0,1.0,1.0,1.0,,,,True,1.0,0.8350000000000003,32464385700034,0.96533334,0.0,AUTO_RISK,32464385700034
5735,REVIEW,41276520800035,0.96533334,0.26684636,0.698487,3.6175623,0.9007220268249512,0.9882352941176472,0.0,,,,,0.913385808467865,0.8350000000000003,,,,REVIEW,41276520800035
5738,AUTO_RISK,30146871600057,0.7966102,0.7966102,0.0,1.0,0.8223816156387329,0.8055555555555557,0.3333333333333333,,,,True,1.0,0.8350000000000003,30146871600057,0.7966102,0.0,AUTO_RISK,30146871600057
5747,REVIEW,83313962900020,0.42696628,0.39823008,0.028736204,1.0721598,0.8368967771530151,0.7960784313725492,0.6666666666666666,,,,True,0.0833333358168602,0.8350000000000003,83313962900020,0.42696628,0.0,REVIEW,83313962900020
5749,AUTO_RISK,48000608900019,0.9559322,0.9559322,0.0,1.0,0.9999998807907104,1.0,1.0,,,,True,1.0,0.8350000000000003,48000608900019,0.9559322,0.0,AUTO_RISK,48000608900019
5750,AUTO_RISK,53116914200035,0.6739812,0.6739812,0.0,1.0,0.9025770425796508,0.9618181818181818,0.3333333333333333,,,,True,1.0,0.8350000000000003,53116914200035,0.6739812,0.0,AUTO_RISK,53116914200035
5754,AUTO_RISK,86020031000115,0.33582088,0.006139992,0.3296809,54.694027,0.5505709648132324,0.6203703703703703,0.0,,,,,0.9961977005004883,0.8350000000000003,,,,AUTO_RISK,86020031000115
5759,AUTO_RISK,44227845300257,0.92098767,0.92098767,0.0,1.0,0.8728013038635254,0.9,0.6666666666666666,,,,True,1.0,0.8350000000000003,44227845300257,0.92098767,0.0,AUTO_RISK,44227845300257
5760,REVIEW,32767526000019,0.8766756,0.8419811,0.034694493,1.0412058,0.8666036128997803,0.7188552188552189,0.6666666666666666,,,,,0.1428571492433548,0.8350000000000003,,,,REVIEW,32767526000019
5777,AUTO_RISK,87909055300014,0.8766756,0.8766756,0.0,1.0,0.9136804938316344,0.8657596371882086,0.6666666666666666,,,,True,1.0,0.8350000000000003,87909055300014,0.8766756,0.0,AUTO_RISK,87909055300014
5781,REVIEW,48507223500016,0.96533334,0.9559322,0.009401143,1.0098345,0.9999998807907104,1.0,1.0,,,,,0.0833333358168602,0.8350000000000003,,,,REVIEW,48507223500016
5785,AUTO_RISK,43486182900035,0.08629441,0.08629441,0.0,1.0,0.6262814998626709,0.5404040404040403,0.1666666666666666,,,,True,0.9984949827194214,0.8350000000000003,43486182900035,0.08629441,0.0,AUTO_RISK,43486182900035
5798,AUTO_RISK,86020031000131,0.8766756,0.8766756,0.0,1.0,0.7773064374923706,0.8782608695652174,0.3333333333333333,,,,True,1.0,0.8350000000000003,86020031000131,0.8766756,0.0,AUTO_RISK,86020031000131
5800,REVIEW,83533153900030,0.1,0.016393442,0.083606556,6.1000004,0.6395761370658875,0.535359477124183,0.0,,,,,0.817460298538208,0.8350000000000003,,,,REVIEW,83533153900030
5803,AUTO_RISK,31996014200077,0.9628571,0.9628571,0.0,1.0,1.0,1.0,1.0,,,,True,0.9961977005004883,0.8350000000000003,31996014200077,0.9628571,0.0,AUTO_RISK,31996014200077
5816,AUTO_RISK,43756411500024,0.96533334,0.96533334,0.0,1.0,0.8195054531097412,0.968421052631579,0.75,,,,True,1.0,0.8350000000000003,43756411500024,0.96533334,0.0,AUTO_RISK,43756411500024
5823,AUTO_RISK,44011476700013,0.9048583,0.9048583,0.0,1.0,0.8575688600540161,0.8933333333333334,0.5,,,,True,1.0,0.8350000000000003,44011476700013,0.9048583,0.0,AUTO_RISK,44011476700013
5839,AUTO_RISK,77983836601133,0.9479167,0.9479167,0.0,1.0,0.9217814207077026,0.945,0.8,,,,True,1.0,0.8350000000000003,77983836601133,0.9479167,0.0,AUTO_RISK,77983836601133
5840,AUTO_RISK,08568004900575,0.96533334,0.1,0.8653333,9.653334,0.9999999403953552,1.0,1.0,,,,,0.9961977005004883,0.8350000000000003,,,,AUTO_RISK,08568004900575
5841,REVIEW,42482122100035,0.721519,0.021181718,0.7003373,34.06329,0.6889551877975464,0.5306878306878308,0.0,,,,,0.913385808467865,0.8350000000000003,,,,REVIEW,42482122100035
5842,AUTO_RISK,70378024700721,0.63245034,0.008073818,0.62437654,78.33349,0.0,0.4444444444444444,0.0,,,,,0.9961977005004883,0.8350000000000003,,,,AUTO_RISK,70378024700721
5849,AUTO_RISK,13000548126460,0.775,0.775,0.0,1.0,0.7147330641746521,0.6937037037037038,0.3333333333333333,,,,True,0.9961977005004883,0.8350000000000003,13000548126460,0.775,0.0,AUTO_RISK,13000548126460
5856,REVIEW,06250036800212,0.63245034,0.16865079,0.46379954,3.7500587,0.7515629529953003,0.8478662613981763,0.25,,,,,0.817460298538208,0.8350000000000003,,,,REVIEW,06250036800212
5860,REVIEW,32941485800087,0.6739812,0.6739812,0.0,1.0,0.8094600439071655,0.6932330827067669,0.4,,,,,0.699999988079071,0.8350000000000003,,,,REVIEW,32941485800087
5865,REVIEW,35157288800078,0.42696628,0.26684636,0.16011992,1.6000453,0.767480731010437,0.6829059829059828,0.2,,,,,0.2571428716182709,0.8350000000000003,,,,REVIEW,35157288800078
5868,AUTO_RISK,44945322400023,0.96533334,0.007380074,0.9579533,130.80267,1.0,1.0,1.0,,,,,1.0,0.8350000000000003,,,,AUTO_RISK,44945322400023
5869,AUTO_RISK,41861949000018,0.96533334,0.96533334,0.0,1.0,0.9999998807907104,1.0,1.0,,,,True,1.0,0.8350000000000003,41861949000018,0.96533334,0.0,AUTO_RISK,41861949000018
5871,AUTO_RISK,48066338400034,0.9871795,0.9871795,0.0,1.0,1.0,1.0,1.0,,,,True,1.0,0.8350000000000003,48066338400034,0.9871795,0.0,AUTO_RISK,48066338400034
5877,AUTO_RISK,40872546300017,0.9479167,0.9479167,0.0,1.0,1.0,1.0,1.0,,,,True,1.0,0.8350000000000003,40872546300017,0.9479167,0.0,AUTO_RISK,40872546300017
5882,AUTO_RISK,38431629500045,0.9479167,0.9479167,0.0,1.0,0.9999998807907104,1.0,1.0,,,,True,1.0,0.8350000000000003,38431629500045,0.9479167,0.0,AUTO_RISK,38431629500045
5892,REVIEW,83422509600025,0.9628571,0.8913044,0.07155275,1.0802788,1.0000001192092896,1.0,1.0,,,,True,0.08163265138864517,0.8350000000000003,83422509600025,0.9628571,0.0,REVIEW,83422509600025
5893,AUTO_RISK,77921770200025,0.6739812,0.6739812,0.0,1.0,0.8943108916282654,0.9478260869565216,0.6666666666666666,,,,True,0.9961977005004883,0.8350000000000003,77921770200025,0.6739812,0.0,AUTO_RISK,77921770200025
5895,AUTO_RISK,34843935700016,0.8419811,0.8419811,0.0,1.0,0.8503385782241821,0.5317460317460317,0.5,,,,True,1.0,0.8350000000000003,34843935700016,0.8419811,0.0,AUTO_RISK,34843935700016
5899,REVIEW,77570560101974,0.8766756,0.8766756,0.0,1.0,0.9353819489479064,0.8516129032258064,0.3333333333333333,,,,,0.0833333358168602,0.8350000000000003,,,,REVIEW,77570560101974
5902,AUTO_RISK,38320309800025,0.9048583,0.9048583,0.0,1.0,0.8412849307060242,1.0,1.0,,,,True,1.0,0.8350000000000003,38320309800025,0.9048583,0.0,AUTO_RISK,38320309800025
5907,AUTO_RISK,44376011100015,0.9848485,0.9848485,0.0,1.0,1.0,1.0,1.0,,,,True,1.0,0.8350000000000003,44376011100015,0.9848485,0.0,AUTO_RISK,44376011100015
5918,AUTO_RISK,48013124200038,0.26684636,0.26684636,0.0,1.0,0.765586256980896,0.8947368421052632,0.5,,,,True,1.0,0.8350000000000003,48013124200038,0.26684636,0.0,AUTO_RISK,48013124200038
5920,REVIEW,84471973200019,0.6739812,0.42696628,0.24701491,1.578535,0.8693815469741821,0.9794736842105264,0.5,,,,,0.0833333358168602,0.8350000000000003,,,,REVIEW,84471973200019
5924,AUTO_RISK,32565471300586,0.9559322,0.9559322,0.0,1.0,1.0,1.0,1.0,,,,True,1.0,0.8350000000000003,32565471300586,0.9559322,0.0,AUTO_RISK,32565471300586
5925,REVIEW,99307779100016,0.05142857,0.016393442,0.03503513,3.1371431,0.6566721200942993,0.526797385620915,0.25,,,,,0.2571428716182709,0.8350000000000003,,,,REVIEW,99307779100016
5933,AUTO_RISK,32958347000045,0.92098767,0.92098767,0.0,1.0,1.0000001192092896,1.0,1.0,,,,True,1.0,0.8350000000000003,32958347000045,0.92098767,0.0,AUTO_RISK,32958347000045
5934,AUTO_RISK,44147020000029,0.9479167,0.9479167,0.0,1.0,0.9999999403953552,1.0,1.0,,,,True,1.0,0.8350000000000003,44147020000029,0.9479167,0.0,AUTO_RISK,44147020000029
5939,REVIEW,37811411000265,0.69402987,0.021181718,0.67284817,32.765514,0.7656821012496948,0.8777777777777778,0.0,,,,,0.942307710647583,0.8350000000000003,,,,REVIEW,37811411000265
5945,AUTO_RISK,77569201500685,0.8419811,0.8419811,0.0,1.0,0.8481372594833374,0.6969696969696969,0.25,,,,True,1.0,0.8350000000000003,77569201500685,0.8419811,0.0,AUTO_RISK,77569201500685
5954,AUTO_RISK,78393689100127,0.8766756,0.8766756,0.0,1.0,0.8330808877944946,0.6294612794612795,0.3333333333333333,,,,True,1.0,0.8350000000000003,78393689100127,0.8766756,0.0,AUTO_RISK,78393689100127
5956,REVIEW,42376568400109,0.05142857,0.016393442,0.03503513,3.1371431,0.6578083634376526,0.5474945533769063,0.1666666666666666,,,,,0.08163265138864517,0.8350000000000003,,,,REVIEW,42376568400109
5957,AUTO_RISK,42958233100048,0.6739812,0.6739812,0.0,1.0,0.881399393081665,0.8140756302521008,0.6,,,,True,1.0,0.8350000000000003,42958233100048,0.6739812,0.0,AUTO_RISK,42958233100048
5959,AUTO_RISK,81027388800018,0.9479167,0.9479167,0.0,1.0,0.9921462535858154,0.99375,0.5,,,,True,1.0,0.8350000000000003,81027388800018,0.9479167,0.0,AUTO_RISK,81027388800018
5963,AUTO_RISK,81862348000014,0.92098767,0.92098767,0.0,1.0,0.9744176268577576,0.9857142857142858,0.3333333333333333,,,,True,1.0,0.8350000000000003,81862348000014,0.92098767,0.0,AUTO_RISK,81862348000014
5967,AUTO_RISK,53940996100015,0.96533334,0.96533334,0.0,1.0,1.000000238418579,1.0,1.0,,,,True,1.0,0.8350000000000003,53940996100015,0.96533334,0.0,AUTO_RISK,53940996100015
5973,AUTO_RISK,41288044500025,0.9166667,0.9166667,0.0,1.0,0.8495808839797974,0.91,0.5,,,,True,1.0,0.8350000000000003,41288044500025,0.9166667,0.0,AUTO_RISK,41288044500025
5976,AUTO_RISK,53238122500020,0.9871795,0.9871795,0.0,1.0,0.9999998807907104,1.0,1.0,,,,True,1.0,0.8350000000000003,53238122500020,0.9871795,0.0,AUTO_RISK,53238122500020
5991,AUTO_RISK,49033868800057,0.96533334,0.96533334,0.0,1.0,1.0,1.0,1.0,,,,True,1.0,0.8350000000000003,49033868800057,0.96533334,0.0,AUTO_RISK,49033868800057
5992,AUTO_RISK,48888577300041,0.9479167,0.9479167,0.0,1.0,1.0,1.0,1.0,,,,True,1.0,0.8350000000000003,48888577300041,0.9479167,0.0,AUTO_RISK,48888577300041
6,REVIEW,83327873200015,0.008073818,0.006139992,0.0019338261,1.3149558,0.7243475914001465,0.8435897435897436,0.0,,,,,0.0833333358168602,0.8350000000000003,,,,REVIEW,83327873200015
6003,REVIEW,48949273600058,0.20704846,0.1,0.10704846,2.0704846,0.5408432483673096,0.5849673202614379,0.3333333333333333,,,,,0.0833333358168602,0.8350000000000003,,,,REVIEW,48949273600058
6004,AUTO_RISK,39112837800026,0.92098767,0.92098767,0.0,1.0,0.9544569849967957,0.9066666666666666,0.6666666666666666,,,,True,1.0,0.8350000000000003,39112837800026,0.92098767,0.0,AUTO_RISK,39112837800026
6007,REVIEW,51825697900015,0.8419811,0.016393442,0.8255877,51.36085,0.8331396579742432,0.6388888888888888,0.0,,,,,0.9692307710647583,0.8350000000000003,,,,REVIEW,51825697900015
6011,AUTO_RISK,78285946600073,0.26684636,0.26684636,0.0,1.0,0.7951822876930237,0.9245454545454544,0.5,,,,True,1.0,0.8350000000000003,78285946600073,0.26684636,0.0,AUTO_RISK,78285946600073
6026,AUTO_RISK,77566202601033,0.96533334,0.96533334,0.0,1.0,1.0,1.0,1.0,,,,True,1.0,0.8350000000000003,77566202601033,0.96533334,0.0,AUTO_RISK,77566202601033
6043,AUTO_RISK,51094526400016,0.9628571,0.9628571,0.0,1.0,1.0,1.0,1.0,,,,True,0.9961977005004883,0.8350000000000003,51094526400016,0.9628571,0.0,AUTO_RISK,51094526400016
6044,AUTO_RISK,51094526400024,0.96533334,0.96533334,0.0,1.0,1.0,1.0,1.0,,,,True,0.9961977005004883,0.8350000000000003,51094526400024,0.96533334,0.0,AUTO_RISK,51094526400024
6065,AUTO_RISK,16002301600340,0.8083832,0.016393442,0.7919898,49.31138,0.786555290222168,0.6166666666666667,0.0,,,,,0.9961977005004883,0.8350000000000003,,,,AUTO_RISK,16002301600340
6069,AUTO_RISK,13000548120083,0.9048583,0.9048583,0.0,1.0,0.6917953491210938,0.5292929292929293,0.0,,,,True,1.0,0.8350000000000003,13000548120083,0.9048583,0.0,AUTO_RISK,13000548120083
6076,AUTO_RISK,48160419700055,0.9166667,0.9166667,0.0,1.0,0.9029734134674072,0.8635802469135802,0.6666666666666666,,,,True,1.0,0.8350000000000003,48160419700055,0.9166667,0.0,AUTO_RISK,48160419700055
6081,AUTO_RISK,88836041900442,0.9048583,0.016393442,0.88846487,55.196358,0.8300491571426392,0.8411764705882353,0.3333333333333333,,,,,1.0,0.8350000000000003,,,,AUTO_RISK,88836041900442
61,REVIEW,21800019801610,0.016393442,0.008073818,0.008319624,2.0304449,0.5913227796554565,0.5972222222222222,0.2,,,,True,0.2857142984867096,0.8350000000000003,21800019801610,0.016393442,0.0,REVIEW,21800019801610
6103,AUTO_RISK,39098132200071,0.8083832,0.8083832,0.0,1.0,0.8349286317825317,0.8366666666666667,0.5,,,,True,1.0,0.8350000000000003,39098132200071,0.8083832,0.0,AUTO_RISK,39098132200071
6112,AUTO_RISK,50255805900056,0.92098767,0.92098767,0.0,1.0,0.8821609020233154,0.9176470588235296,0.6666666666666666,,,,True,1.0,0.8350000000000003,50255805900056,0.92098767,0.0,AUTO_RISK,50255805900056
6119,AUTO_RISK,45138119800014,0.23076923,0.23076923,0.0,1.0,0.8196547627449036,0.874074074074074,0.25,,,,True,0.9961977005004883,0.8350000000000003,45138119800014,0.23076923,0.0,AUTO_RISK,45138119800014
6127,AUTO_RISK,33832946900120,0.9479167,0.9479167,0.0,1.0,0.8075604438781738,1.0,1.0,,,,True,1.0,0.8350000000000003,33832946900120,0.9479167,0.0,AUTO_RISK,33832946900120
6155,AUTO_RISK,32676568200025,0.92098767,0.92098767,0.0,1.0,0.8991026878356934,0.8588235294117647,0.5,,,,True,1.0,0.8350000000000003,32676568200025,0.92098767,0.0,AUTO_RISK,32676568200025
6161,REVIEW,43013957600010,0.8419811,0.6739812,0.16799992,1.249265,0.8602740168571472,0.8555555555555555,0.5,,,,,0.2857142984867096,0.8350000000000003,,,,REVIEW,43013957600010
6164,AUTO_RISK,90817445100017,0.9628571,0.9628571,0.0,1.0,0.9999999403953552,1.0,1.0,,,,True,1.0,0.8350000000000003,90817445100017,0.9628571,0.0,AUTO_RISK,90817445100017
6165,REVIEW,19211164900013,0.26684636,0.20704846,0.059797898,1.2888111,0.4692150056362152,0.6318627450980392,0.0,,,,,0.6111111044883728,0.8350000000000003,,,,REVIEW,19211164900013
6173,AUTO_RISK,01715087100030,0.1,0.1,0.0,1.0,0.5631549954414368,0.83110661268556,0.4,,,,True,1.0,0.8350000000000003,01715087100030,0.1,0.0,AUTO_RISK,01715087100030
6177,AUTO_RISK,20007089400015,0.16865079,0.16865079,0.0,1.0,0.8321386575698853,0.895,0.3333333333333333,,,,True,1.0,0.8350000000000003,20007089400015,0.16865079,0.0,AUTO_RISK,20007089400015
6179,REVIEW,21210632200010,0.9048583,0.7966102,0.108248115,1.135886,0.6312766671180725,0.6444444444444445,0.0,,,,True,0.6111111044883728,0.8350000000000003,21210632200010,0.9048583,0.0,REVIEW,21210632200010
62,AUTO_RISK,21800353100017,0.96533334,0.96533334,0.0,1.0,0.9480947852134703,0.9333333333333332,1.0,,,,True,1.0,0.8350000000000003,21800353100017,0.96533334,0.0,AUTO_RISK,21800353100017
6200,AUTO_RISK,42817331400017,0.6739812,0.6739812,0.0,1.0,0.8625757694244385,0.9304347826086956,0.5,,,,True,0.9961977005004883,0.8350000000000003,42817331400017,0.6739812,0.0,AUTO_RISK,42817331400017
6210,AUTO_RISK,40280908100027,0.96533334,0.96533334,0.0,1.0,0.9999998807907104,1.0,1.0,,,,True,1.0,0.8350000000000003,40280908100027,0.96533334,0.0,AUTO_RISK,40280908100027
6214,REVIEW,48047015202075,0.92098767,0.8766756,0.04431206,1.0505456,1.0,1.0,1.0,,,,,0.08163265138864517,0.8350000000000003,,,,REVIEW,48047015202075
6223,AUTO_RISK,30864965600011,0.6739812,0.6739812,0.0,1.0,0.8483999371528625,0.6481909902962535,0.3076923076923077,,,,True,1.0,0.8350000000000003,30864965600011,0.6739812,0.0,AUTO_RISK,30864965600011
6234,AUTO_RISK,21110049000013,0.9619915,0.9619915,0.0,1.0,0.9480947852134703,0.9333333333333332,1.0,,,,True,1.0,0.8350000000000003,21110049000013,0.9619915,0.0,AUTO_RISK,21110049000013
6235,REVIEW,13002793100067,0.9048583,0.1,0.80485827,9.048583,0.8699988126754761,0.8222222222222222,0.25,,,,,0.913385808467865,0.8350000000000003,,,,REVIEW,13002793100067
6238,AUTO_RISK,40353368000027,0.42696628,0.42696628,0.0,1.0,0.8281558752059937,0.8533333333333333,0.5,,,,True,1.0,0.8350000000000003,40353368000027,0.42696628,0.0,AUTO_RISK,40353368000027
6241,AUTO_RISK,20007192600014,0.96533334,0.96533334,0.0,1.0,1.0,1.0,1.0,,,,True,1.0,0.8350000000000003,20007192600014,0.96533334,0.0,AUTO_RISK,20007192600014
6243,AUTO_RISK,38812026300040,0.8083832,0.8083832,0.0,1.0,0.7884365320205688,0.8,0.3333333333333333,,,,True,1.0,0.8350000000000003,38812026300040,0.8083832,0.0,AUTO_RISK,38812026300040
6248,AUTO_RISK,49319140700078,0.42696628,0.42696628,0.0,1.0,0.8551417589187622,0.8708020050125314,0.5,,,,True,0.9961977005004883,0.8350000000000003,49319140700078,0.42696628,0.0,AUTO_RISK,49319140700078
6261,AUTO_RISK,52119114800019,0.6739812,0.008073818,0.6659074,83.47739,0.7776135206222534,0.5880084827453248,0.0,,,,,1.0,0.8350000000000003,,,,AUTO_RISK,52119114800019
6263,AUTO_RISK,48320673600025,0.96533334,0.96533334,0.0,1.0,1.0000001192092896,1.0,1.0,,,,True,1.0,0.8350000000000003,48320673600025,0.96533334,0.0,AUTO_RISK,48320673600025
6265,AUTO_RISK,79426274100018,0.9559322,0.9559322,0.0,1.0,1.0,1.0,1.0,,,,True,1.0,0.8350000000000003,79426274100018,0.9559322,0.0,AUTO_RISK,79426274100018
6277,AUTO_RISK,97900108800017,0.8766756,0.8766756,0.0,1.0,1.0,1.0,1.0,,,,True,1.0,0.8350000000000003,97900108800017,0.8766756,0.0,AUTO_RISK,97900108800017
6280,AUTO_RISK,77568849200229,0.9433962,0.9433962,0.0,1.0,1.0,1.0,1.0,,,,True,1.0,0.8350000000000003,77568849200229,0.9433962,0.0,AUTO_RISK,77568849200229
6284,AUTO_RISK,35274701800401,0.92098767,0.92098767,0.0,1.0,0.8282601833343506,0.8714285714285714,0.3333333333333333,,,,True,1.0,0.8350000000000003,35274701800401,0.92098767,0.0,AUTO_RISK,35274701800401
6286,REVIEW,35185557200076,0.6739812,0.08629441,0.5876868,7.810253,0.7542194128036499,0.4916666666666667,0.5,,,,,0.817460298538208,0.8350000000000003,,,,REVIEW,35185557200076
6290,AUTO_RISK,39136863600018,0.9433962,0.9433962,0.0,1.0,0.914155900478363,0.9375,0.75,,,,True,1.0,0.8350000000000003,39136863600018,0.9433962,0.0,AUTO_RISK,39136863600018
6307,AUTO_RISK,34217728400029,0.92098767,0.92098767,0.0,1.0,0.7109726667404175,0.976,0.75,,,,True,1.0,0.8350000000000003,34217728400029,0.92098767,0.0,AUTO_RISK,34217728400029
6310,REVIEW,44242749800021,0.33582088,0.016393442,0.31942743,20.485075,0.7294059991836548,0.893048128342246,0.0,,,,,0.8307692408561707,0.8350000000000003,,,,REVIEW,44242749800021
6315,AUTO_RISK,44451198400031,0.9048583,0.9048583,0.0,1.0,0.8781718015670776,0.8588235294117647,0.6666666666666666,,,,True,1.0,0.8350000000000003,44451198400031,0.9048583,0.0,AUTO_RISK,44451198400031
6327,REVIEW,52140291700046,0.8419811,0.63245034,0.20953077,1.3312999,0.9600489139556884,0.7081339712918661,0.6666666666666666,,,,,0.375,0.8350000000000003,,,,REVIEW,52140291700046
6332,AUTO_RISK,35058939600166,0.9871795,0.016393442,0.9707861,60.217953,1.0,1.0,1.0,,,,,1.0,0.8350000000000003,,,,AUTO_RISK,35058939600166
6333,AUTO_RISK,77955228000132,0.8419811,0.8419811,0.0,1.0,0.885554313659668,0.9384615384615383,0.5,,,,True,1.0,0.8350000000000003,77955228000132,0.8419811,0.0,AUTO_RISK,77955228000132
6336,AUTO_RISK,67202017900053,0.9628571,0.9628571,0.0,1.0,0.948610544204712,1.0,1.0,,,,True,1.0,0.8350000000000003,67202017900053,0.9628571,0.0,AUTO_RISK,67202017900053
6358,REVIEW,41102120700146,0.63245034,0.63245034,0.0,1.0,0.8150399327278137,0.6296296296296297,0.5,,,,,0.699999988079071,0.8350000000000003,,,,REVIEW,41102120700146
6359,AUTO_RISK,13000548125603,0.9048583,0.9048583,0.0,1.0,0.7146201133728027,0.7243083003952568,0.2,,,,True,1.0,0.8350000000000003,13000548125603,0.9048583,0.0,AUTO_RISK,13000548125603
6366,AUTO_RISK,08568004900377,0.9848485,0.016393442,0.9684551,60.075764,0.9548503160476683,0.95,0.75,,,,,1.0,0.8350000000000003,,,,AUTO_RISK,08568004900377
6371,AUTO_RISK,38855917100011,0.9479167,0.9479167,0.0,1.0,1.0,1.0,1.0,,,,True,0.9961977005004883,0.8350000000000003,38855917100011,0.9479167,0.0,AUTO_RISK,38855917100011
6382,AUTO_RISK,32725617800044,0.39823008,0.39823008,0.0,1.0,0.8257375955581665,1.0,1.0,,,,True,1.0,0.8350000000000003,32725617800044,0.39823008,0.0,AUTO_RISK,32725617800044
6384,AUTO_RISK,34314039800029,0.9559322,0.9559322,0.0,1.0,0.9999999403953552,1.0,1.0,,,,True,1.0,0.8350000000000003,34314039800029,0.9559322,0.0,AUTO_RISK,34314039800029
6394,AUTO_RISK,73820526901817,0.92098767,0.92098767,0.0,1.0,1.0,1.0,1.0,,,,True,1.0,0.8350000000000003,73820526901817,0.92098767,0.0,AUTO_RISK,73820526901817
6399,AUTO_RISK,32303491800041,0.9871795,0.9871795,0.0,1.0,0.9905575513839722,0.9913043478260868,0.5,,,,True,1.0,0.8350000000000003,32303491800041,0.9871795,0.0,AUTO_RISK,32303491800041
6402,AUTO_RISK,35368256000035,0.9048583,0.9048583,0.0,1.0,0.8845341801643372,0.851851851851852,0.3333333333333333,,,,True,1.0,0.8350000000000003,35368256000035,0.9048583,0.0,AUTO_RISK,35368256000035
6404,AUTO_RISK,16002301600241,0.8083832,0.006139992,0.80224323,131.65868,0.786555290222168,0.6,0.0,,,,,1.0,0.8350000000000003,,,,AUTO_RISK,16002301600241
6407,AUTO_RISK,49098556100029,0.9479167,0.9479167,0.0,1.0,1.0,1.0,1.0,,,,True,1.0,0.8350000000000003,49098556100029,0.9479167,0.0,AUTO_RISK,49098556100029
6422,AUTO_RISK,49784663400010,0.92098767,0.16865079,0.75233686,5.460915,0.0,0.0,0.0,,,,,1.0,0.8350000000000003,,,,AUTO_RISK,49784663400010
6433,AUTO_RISK,40890191600044,0.92098767,0.92098767,0.0,1.0,1.0,1.0,1.0,,,,True,1.0,0.8350000000000003,40890191600044,0.92098767,0.0,AUTO_RISK,40890191600044
6437,AUTO_RISK,52964186200022,0.26684636,0.26684636,0.0,1.0,0.8214328289031982,0.8615384615384615,0.3333333333333333,,,,True,1.0,0.8350000000000003,52964186200022,0.26684636,0.0,AUTO_RISK,52964186200022
6440,AUTO_RISK,44020465900021,0.96533334,0.96533334,0.0,1.0,1.0,1.0,1.0,,,,True,1.0,0.8350000000000003,44020465900021,0.96533334,0.0,AUTO_RISK,44020465900021
6443,AUTO_RISK,57210489101441,0.9479167,0.016393442,0.93152326,57.82292,0.7671917676925659,0.9230769230769232,0.5,,,,,1.0,0.8350000000000003,,,,AUTO_RISK,57210489101441
6450,REVIEW,41161091800012,1.0,0.96533334,0.034666657,1.0359116,0.9999998807907104,1.0,1.0,,,,,0.8307692408561707,0.8350000000000003,,,,REVIEW,41161091800012
6457,AUTO_RISK,39131467100010,0.96533334,0.26684636,0.698487,3.6175623,0.0,0.0,0.0,,,,,1.0,0.8350000000000003,,,,AUTO_RISK,39131467100010
6460,REVIEW,48155615700032,0.26684636,0.0021415188,0.26470485,124.606125,0.0,0.4948717948717949,0.0,,,,,0.8888888955116272,0.8350000000000003,,,,REVIEW,48155615700032
6465,AUTO_RISK,95780241600033,0.5191083,0.5191083,0.0,1.0,0.9059865474700928,0.92,0.5,,,,True,1.0,0.8350000000000003,95780241600033,0.5191083,0.0,AUTO_RISK,95780241600033
6466,AUTO_RISK,83403235100027,0.8419811,0.8419811,0.0,1.0,0.9832864999771118,0.9471153846153848,0.75,,,,True,1.0,0.8350000000000003,83403235100027,0.8419811,0.0,AUTO_RISK,83403235100027
6472,AUTO_RISK,33843646200026,0.96533334,0.96533334,0.0,1.0,0.9999999403953552,1.0,1.0,,,,True,1.0,0.8350000000000003,33843646200026,0.96533334,0.0,AUTO_RISK,33843646200026
6474,REVIEW,40435073800195,0.5191083,0.42696628,0.092142016,1.2158064,0.8834422826766968,0.8727272727272728,0.5,,,,,0.08163265138864517,0.8350000000000003,,,,REVIEW,40435073800195
6482,REVIEW,18003802821847,0.14285715,0.021181718,0.12167543,6.744361,0.5770272612571716,0.5565079365079365,0.1428571428571428,,,,,0.49180328845977783,0.8350000000000003,,,,REVIEW,18003802821847
6492,REVIEW,42509101400034,0.20704846,0.007380074,0.19966839,28.055065,0.717484712600708,0.6958304853041696,0.1428571428571428,,,,,0.817460298538208,0.8350000000000003,,,,REVIEW,42509101400034
65,REVIEW,20007097700018,0.5191083,0.26684636,0.25226194,1.9453453,0.7632274031639099,0.7735507246376812,0.4,,,,,0.4736842215061188,0.8350000000000003,,,,REVIEW,20007097700018
6504,REVIEW,88198083300019,0.6739812,0.05142857,0.62255263,13.10519,0.6963539123535156,0.7738095238095237,0.5,,,,,0.6111111044883728,0.8350000000000003,,,,REVIEW,88198083300019
6511,AUTO_RISK,41390920100175,0.8083832,0.0021415188,0.8062417,377.48126,0.837100625038147,0.8657142857142857,0.5,,,,,1.0,0.8350000000000003,,,,AUTO_RISK,41390920100175
6524,AUTO_RISK,44216890200017,0.5191083,0.5191083,0.0,1.0,0.8615806102752686,0.91,0.5,,,,True,1.0,0.8350000000000003,44216890200017,0.5191083,0.0,AUTO_RISK,44216890200017
6532,AUTO_RISK,78334097900054,0.92098767,0.92098767,0.0,1.0,0.9302985072135924,0.9307692307692308,0.75,,,,True,1.0,0.8350000000000003,78334097900054,0.92098767,0.0,AUTO_RISK,78334097900054
6542,AUTO_RISK,44452832700026,0.9479167,0.9479167,0.0,1.0,1.0000001192092896,1.0,1.0,,,,True,1.0,0.8350000000000003,44452832700026,0.9479167,0.0,AUTO_RISK,44452832700026
6565,AUTO_RISK,54208795200066,0.9433962,0.9433962,0.0,1.0,0.9028541445732116,0.9391304347826088,0.6666666666666666,,,,True,1.0,0.8350000000000003,54208795200066,0.9433962,0.0,AUTO_RISK,54208795200066
6566,AUTO_RISK,38281959700032,0.96533334,0.96533334,0.0,1.0,1.0,1.0,1.0,,,,True,1.0,0.8350000000000003,38281959700032,0.96533334,0.0,AUTO_RISK,38281959700032
6574,REVIEW,38887299600011,0.9628571,0.8766756,0.08618152,1.0983049,0.9999999403953552,1.0,1.0,,,,,0.08163265138864517,0.8350000000000003,,,,REVIEW,38887299600011
6576,AUTO_RISK,41290761000015,0.9628571,0.9628571,0.0,1.0,0.9959313869476318,0.9409090909090908,1.0,,,,True,1.0,0.8350000000000003,41290761000015,0.9628571,0.0,AUTO_RISK,41290761000015
6609,AUTO_RISK,78013017514027,0.26684636,0.26684636,0.0,1.0,0.8879764676094055,0.8833333333333334,0.5,,,,True,1.0,0.8350000000000003,78013017514027,0.26684636,0.0,AUTO_RISK,78013017514027
6624,REVIEW,34165287300041,0.9628571,0.16865079,0.7942063,5.7091765,1.0000001192092896,1.0,1.0,,,,,0.913385808467865,0.8350000000000003,,,,REVIEW,34165287300041
6649,AUTO_RISK,85312305700020,0.8419811,0.8419811,0.0,1.0,0.935986876487732,0.9230769230769232,0.6666666666666666,,,,True,1.0,0.8350000000000003,85312305700020,0.8419811,0.0,AUTO_RISK,85312305700020
6655,REVIEW,38301525200034,0.96533334,0.92098767,0.044345677,1.0481502,1.0,1.0,1.0,,,,,0.2857142984867096,0.8350000000000003,,,,REVIEW,38301525200034
6659,AUTO_RISK,32748912600026,0.5191083,0.5191083,0.0,1.0,0.745651125907898,0.5534391534391534,0.25,,,,True,1.0,0.8350000000000003,32748912600026,0.5191083,0.0,AUTO_RISK,32748912600026
6661,AUTO_RISK,78285946600032,0.92098767,0.92098767,0.0,1.0,0.8690329790115356,0.95,0.6666666666666666,,,,True,1.0,0.8350000000000003,78285946600032,0.92098767,0.0,AUTO_RISK,78285946600032
6663,AUTO_RISK,80106424700035,0.96533334,0.96533334,0.0,1.0,0.9999999403953552,1.0,1.0,,,,True,1.0,0.8350000000000003,80106424700035,0.96533334,0.0,AUTO_RISK,80106424700035
6665,AUTO_RISK,90829738500027,0.9048583,0.9048583,0.0,1.0,1.0,1.0,1.0,,,,True,1.0,0.8350000000000003,90829738500027,0.9048583,0.0,AUTO_RISK,90829738500027
6669,REVIEW,21570463601705,0.16865079,0.1,0.06865079,1.6865079,0.7076755166053772,0.6154761904761904,0.0,,,,,0.49180328845977783,0.8350000000000003,,,,REVIEW,21570463601705
6673,REVIEW,16002301600316,0.7966102,0.16865079,0.6279594,4.7234297,0.786555290222168,0.6,0.0,,,,,0.8307692408561707,0.8350000000000003,,,,REVIEW,16002301600316
6686,AUTO_RISK,41390920100134,0.6739812,0.6739812,0.0,1.0,0.8553019165992737,0.8760846560846561,0.5,,,,True,1.0,0.8350000000000003,41390920100134,0.6739812,0.0,AUTO_RISK,41390920100134
6710,AUTO_RISK,41031537800019,0.8419811,0.8419811,0.0,1.0,0.9729060530662536,0.945,0.8,,,,True,1.0,0.8350000000000003,41031537800019,0.8419811,0.0,AUTO_RISK,41031537800019
6712,REVIEW,21660048600015,0.9433962,0.26684636,0.67654985,3.5353534,0.9075624346733092,0.9111111111111112,0.5,,,,,0.913385808467865,0.8350000000000003,,,,REVIEW,21660048600015
6719,REVIEW,77563924800019,0.021181718,0.007380074,0.013801644,2.8701227,0.5612802505493164,0.6083333333333333,0.0,,,,,0.6111111044883728,0.8350000000000003,,,,REVIEW,77563924800019
6740,AUTO_RISK,32791945200034,0.26684636,0.26684636,0.0,1.0,0.9047049880027772,0.8477777777777779,0.3333333333333333,,,,True,1.0,0.8350000000000003,32791945200034,0.26684636,0.0,AUTO_RISK,32791945200034
6741,REVIEW,51169118000018,0.69402987,0.26684636,0.4271835,2.6008594,0.9830467700958252,0.9184210526315788,1.0,,,,,0.2571428716182709,0.8350000000000003,,,,REVIEW,51169118000018
6751,AUTO_RISK,39886165800027,0.8419811,0.8419811,0.0,1.0,0.6692883372306824,0.6848484848484849,0.5,,,,True,1.0,0.8350000000000003,39886165800027,0.8419811,0.0,AUTO_RISK,39886165800027
6753,AUTO_RISK,38449107200078,0.9559322,0.9559322,0.0,1.0,1.0,1.0,1.0,,,,True,1.0,0.8350000000000003,38449107200078,0.9559322,0.0,AUTO_RISK,38449107200078
6764,AUTO_RISK,75149519300029,0.8766756,0.8766756,0.0,1.0,0.9999999403953552,1.0,1.0,,,,True,1.0,0.8350000000000003,75149519300029,0.8766756,0.0,AUTO_RISK,75149519300029
677,REVIEW,32701625900019,0.9048583,0.26684636,0.63801193,3.3909335,0.8184359073638916,0.9347058823529412,1.0,,,,,0.8313199281692505,0.8350000000000003,,,,REVIEW,32701625900019
6772,REVIEW,35206389500010,0.8766756,0.8419811,0.034694493,1.0412058,1.0,1.0,1.0,,,,,0.08163265138864517,0.8350000000000003,,,,REVIEW,35206389500010
6809,AUTO_RISK,44132040500109,0.7966102,0.7966102,0.0,1.0,0.8329916000366211,0.925,0.6666666666666666,,,,True,1.0,0.8350000000000003,44132040500109,0.7966102,0.0,AUTO_RISK,44132040500109
6821,AUTO_RISK,88020236100023,0.96533334,0.96533334,0.0,1.0,0.9872177839279176,1.0,1.0,,,,True,1.0,0.8350000000000003,88020236100023,0.96533334,0.0,AUTO_RISK,88020236100023
6830,REVIEW,38301353900010,0.006139992,0.0021415188,0.0039984733,2.8671203,0.6557626724243164,0.5825396825396826,0.0,,,,,0.4736842215061188,0.8350000000000003,,,,REVIEW,38301353900010
6834,AUTO_RISK,75328008000023,0.8766756,0.8766756,0.0,1.0,0.6721107959747314,0.94,0.6666666666666666,,,,True,1.0,0.8350000000000003,75328008000023,0.8766756,0.0,AUTO_RISK,75328008000023
6839,REVIEW,51911331000030,0.42696628,0.20704846,0.21991782,2.0621562,0.716620922088623,0.8704347826086957,0.0,,,,,0.49180328845977783,0.8350000000000003,,,,REVIEW,51911331000030
6845,AUTO_RISK,50215568200052,0.96533334,0.96533334,0.0,1.0,0.9999998807907104,1.0,1.0,,,,True,1.0,0.8350000000000003,50215568200052,0.96533334,0.0,AUTO_RISK,50215568200052
687,REVIEW,38840680300022,0.16865079,0.016393442,0.15225735,10.287699,0.6191327571868896,0.5973695844385499,0.0,,,,,0.8307692408561707,0.8350000000000003,,,,REVIEW,38840680300022
6880,AUTO_RISK,13000548123699,0.8766756,0.8766756,0.0,1.0,0.7991797924041748,0.6560015446822044,0.2222222222222222,,,,True,1.0,0.8350000000000003,13000548123699,0.8766756,0.0,AUTO_RISK,13000548123699
6881,AUTO_RISK,78439607900054,0.92098767,0.92098767,0.0,1.0,0.9568501710891724,0.9478260869565216,0.6666666666666666,,,,True,1.0,0.8350000000000003,78439607900054,0.92098767,0.0,AUTO_RISK,78439607900054
6895,REVIEW,13002381500017,0.8083832,0.20704846,0.60133475,3.904319,0.9800179600715636,0.9555555555555556,0.8,,,,,0.817460298538208,0.8350000000000003,,,,REVIEW,13002381500017
6897,REVIEW,95155045800024,0.26684636,0.0021415188,0.26470485,124.606125,0.7952262163162231,0.6070707070707071,0.25,,,,,0.942307710647583,0.8350000000000003,,,,REVIEW,95155045800024
6898,REVIEW,95155503600023,0.69402987,0.42696628,0.2670636,1.625491,0.8652523756027222,0.5292929292929293,0.2,,,,,0.4736842215061188,0.8350000000000003,,,,REVIEW,95155503600023
6900,AUTO_RISK,19753463900038,1.0,1.0,0.0,1.0,0.9116673469543456,0.975,0.8,,,,True,1.0,0.8350000000000003,19753463900038,1.0,0.0,AUTO_RISK,19753463900038
6901,AUTO_RISK,43483133500105,0.9559322,0.9559322,0.0,1.0,0.9999999403953552,1.0,1.0,,,,True,1.0,0.8350000000000003,43483133500105,0.9559322,0.0,AUTO_RISK,43483133500105
6904,REVIEW,11000010600036,0.96533334,0.16865079,0.79668254,5.723859,0.9869701266288756,0.9891891891891892,0.5,,,,,0.9692307710647583,0.8350000000000003,,,,REVIEW,11000010600036
6912,AUTO_RISK,38622012300114,0.69402987,0.69402987,0.0,1.0,0.8534312844276428,0.8513755980861244,0.4,,,,True,1.0,0.8350000000000003,38622012300114,0.69402987,0.0,AUTO_RISK,38622012300114
6914,AUTO_RISK,18000001000017,0.42696628,0.0021415188,0.42482477,199.37546,0.5502278804779053,0.5529100529100529,0.0,,,,,1.0,0.8350000000000003,,,,AUTO_RISK,18000001000017
6919,AUTO_RISK,82259370300033,0.96533334,0.96533334,0.0,1.0,0.9999998807907104,1.0,1.0,,,,True,1.0,0.8350000000000003,82259370300033,0.96533334,0.0,AUTO_RISK,82259370300033
6934,AUTO_RISK,37934355100030,0.96533334,0.96533334,0.0,1.0,0.9999998807907104,1.0,1.0,,,,True,1.0,0.8350000000000003,37934355100030,0.96533334,0.0,AUTO_RISK,37934355100030
6940,REVIEW,39434815500067,0.9559322,0.8251822,0.13075,1.1584499,0.967763125896454,0.9285130718954248,0.6666666666666666,,,,,0.49180328845977783,0.8350000000000003,,,,REVIEW,39434815500067
6947,AUTO_RISK,38075780700041,0.96533334,0.96533334,0.0,1.0,0.9999999403953552,1.0,1.0,,,,True,1.0,0.8350000000000003,38075780700041,0.96533334,0.0,AUTO_RISK,38075780700041
6950,AUTO_RISK,33111876000015,0.9628571,0.9628571,0.0,1.0,0.9999997615814208,1.0,1.0,,,,True,1.0,0.8350000000000003,33111876000015,0.9628571,0.0,AUTO_RISK,33111876000015
6965,AUTO_RISK,39139922700035,0.9628571,0.9628571,0.0,1.0,0.9999998807907104,1.0,1.0,,,,True,1.0,0.8350000000000003,39139922700035,0.9628571,0.0,AUTO_RISK,39139922700035
6967,AUTO_RISK,78435874900033,0.92098767,0.1,0.82098764,9.209876,0.9261306524276732,0.8951219512195122,0.4285714285714285,,,,,1.0,0.8350000000000003,,,,AUTO_RISK,78435874900033
6991,AUTO_RISK,31239775500025,0.6739812,0.6739812,0.0,1.0,0.7149802446365356,0.8255411255411256,0.3333333333333333,,,,True,1.0,0.8350000000000003,31239775500025,0.6739812,0.0,AUTO_RISK,31239775500025
6995,AUTO_RISK,32148595500033,0.42696628,0.006139992,0.4208263,69.538574,0.728344202041626,0.6149425287356322,0.0909090909090909,,,,,0.9961977005004883,0.8350000000000003,,,,AUTO_RISK,32148595500033
70,REVIEW,34258267300014,0.05142857,0.016393442,0.03503513,3.1371431,0.651974081993103,0.7264309764309765,0.2,,,,,0.2571428716182709,0.8350000000000003,,,,REVIEW,34258267300014
7013,AUTO_RISK,50464769400018,0.8766756,0.8766756,0.0,1.0,0.9455825686454772,0.9,0.6666666666666666,,,,True,1.0,0.8350000000000003,50464769400018,0.8766756,0.0,AUTO_RISK,50464769400018
7016,REVIEW,20008210500913,0.8419811,0.1,0.7419811,8.419811,0.8107616901397705,0.6417642391490821,0.375,,,,,0.817460298538208,0.8350000000000003,,,,REVIEW,20008210500913
7018,AUTO_RISK,88265086400011,0.42696628,0.42696628,0.0,1.0,0.8061503171920776,0.6710526315789473,0.1111111111111111,,,,True,1.0,0.8350000000000003,88265086400011,0.42696628,0.0,AUTO_RISK,88265086400011
7022,AUTO_RISK,91991167700012,0.9559322,0.9559322,0.0,1.0,1.0,1.0,1.0,,,,True,1.0,0.8350000000000003,91991167700012,0.9559322,0.0,AUTO_RISK,91991167700012
7025,REVIEW,49342401400022,0.42696628,0.016393442,0.41057283,26.044945,0.6089221239089966,0.5517543859649123,0.0,,,,,0.8520477414131165,0.8350000000000003,,,,REVIEW,49342401400022
7030,AUTO_RISK,35274701800153,0.9048583,0.9048583,0.0,1.0,0.821921706199646,0.8400000000000001,0.25,,,,True,1.0,0.8350000000000003,35274701800153,0.9048583,0.0,AUTO_RISK,35274701800153
7032,AUTO_RISK,48015420200026,0.92098767,0.92098767,0.0,1.0,1.0,1.0,1.0,,,,True,1.0,0.8350000000000003,48015420200026,0.92098767,0.0,AUTO_RISK,48015420200026
704,AUTO_RISK,26440187800030,0.8083832,0.8083832,0.0,1.0,0.8549760580062866,0.9771851851851852,0.75,,,,True,1.0,0.8350000000000003,26440187800030,0.8083832,0.0,AUTO_RISK,26440187800030
7043,AUTO_RISK,53766748700020,0.96533334,0.96533334,0.0,1.0,1.0,1.0,1.0,,,,True,1.0,0.8350000000000003,53766748700020,0.96533334,0.0,AUTO_RISK,53766748700020
7046,AUTO_RISK,31425838500058,0.9559322,0.9559322,0.0,1.0,1.0,1.0,1.0,,,,True,1.0,0.8350000000000003,31425838500058,0.9559322,0.0,AUTO_RISK,31425838500058
705,AUTO_RISK,21440026900012,0.96533334,0.96533334,0.0,1.0,0.9480947852134703,0.9333333333333332,1.0,,,,True,1.0,0.8350000000000003,21440026900012,0.96533334,0.0,AUTO_RISK,21440026900012
7053,AUTO_RISK,77837247400685,0.96533334,0.96533334,0.0,1.0,1.0,1.0,1.0,,,,True,1.0,0.8350000000000003,77837247400685,0.96533334,0.0,AUTO_RISK,77837247400685
7054,AUTO_RISK,77837247400669,0.9433962,0.9433962,0.0,1.0,1.0,1.0,1.0,,,,True,1.0,0.8350000000000003,77837247400669,0.9433962,0.0,AUTO_RISK,77837247400669
7055,AUTO_RISK,77839625900047,0.92098767,0.92098767,0.0,1.0,0.901071071624756,0.8400000000000001,0.5,,,,True,1.0,0.8350000000000003,77839625900047,0.92098767,0.0,AUTO_RISK,77839625900047
706,AUTO_RISK,21440026900129,0.8419811,0.8419811,0.0,1.0,0.93592369556427,0.8926164874551972,0.6,,,,True,1.0,0.8350000000000003,21440026900129,0.8419811,0.0,AUTO_RISK,21440026900129
7062,AUTO_RISK,37891035000024,0.39823008,0.39823008,0.0,1.0,0.8552375435829163,0.7122074636306136,0.5,,,,True,1.0,0.8350000000000003,37891035000024,0.39823008,0.0,AUTO_RISK,37891035000024
7089,AUTO_RISK,58213743600140,0.9628571,0.9628571,0.0,1.0,0.7156428098678589,1.0,1.0,,,,True,0.9961977005004883,0.8350000000000003,58213743600140,0.9628571,0.0,AUTO_RISK,58213743600140
7091,REVIEW,68568035700090,0.20704846,0.05142857,0.15561989,4.0259423,0.0,0.489383971291866,0.0,,,,,0.817460298538208,0.8350000000000003,,,,REVIEW,68568035700090
7095,AUTO_RISK,79145267500014,0.775,0.775,0.0,1.0,0.7789521813392639,0.6371457489878543,0.1666666666666666,,,,True,1.0,0.8350000000000003,79145267500014,0.775,0.0,AUTO_RISK,79145267500014
7096,REVIEW,42509101400109,0.8419811,0.6739812,0.16799992,1.249265,0.7641668319702148,0.60207336523126,0.1428571428571428,,,,,0.49180328845977783,0.8350000000000003,,,,REVIEW,42509101400109
7111,REVIEW,39866156100124,0.26684636,0.16865079,0.09819557,1.582242,0.4708713293075561,0.5851851851851851,0.0,,,,,0.49180328845977783,0.8350000000000003,,,,REVIEW,39866156100124
7112,AUTO_RISK,44227845300018,0.9628571,0.9628571,0.0,1.0,0.9478379487991332,1.0,1.0,,,,True,1.0,0.8350000000000003,44227845300018,0.9628571,0.0,AUTO_RISK,44227845300018
7114,AUTO_RISK,73820526901775,0.9048583,0.9048583,0.0,1.0,0.8015875220298767,0.6917989417989419,0.5,,,,True,1.0,0.8350000000000003,73820526901775,0.9048583,0.0,AUTO_RISK,73820526901775
7124,REVIEW,34812365400017,0.26684636,0.05142857,0.21541779,5.188679,0.7551767826080322,0.6618825515280738,0.0,,,,,0.913385808467865,0.8350000000000003,,,,REVIEW,34812365400017
7130,AUTO_RISK,40252603200022,0.96533334,0.96533334,0.0,1.0,0.9951738715171814,1.0,1.0,,,,True,1.0,0.8350000000000003,40252603200022,0.96533334,0.0,AUTO_RISK,40252603200022
7142,REVIEW,33358346601506,0.92098767,0.9048583,0.016129375,1.0178252,0.9556220769882202,0.9666666666666666,0.0,,,,True,0.4736842215061188,0.8350000000000003,33358346601506,0.92098767,0.0,REVIEW,33358346601506
7143,REVIEW,33358346601175,0.8419811,0.7966102,0.045370936,1.056955,0.916746199131012,0.9411764705882352,0.6666666666666666,,,,True,0.0,0.8350000000000003,33358346601175,0.8419811,0.0,REVIEW,33358346601175
7144,AUTO_RISK,31778006200921,0.9479167,0.9479167,0.0,1.0,1.0,1.0,1.0,,,,True,1.0,0.8350000000000003,31778006200921,0.9479167,0.0,AUTO_RISK,31778006200921
7145,AUTO_RISK,24561438300199,0.42696628,0.42696628,0.0,1.0,0.7237411737442017,0.5497902097902098,0.25,,,,True,1.0,0.8350000000000003,24561438300199,0.42696628,0.0,AUTO_RISK,24561438300199
7159,AUTO_RISK,77744910900043,1.0,0.006139992,0.99386,162.86667,1.0,1.0,1.0,,,,,1.0,0.8350000000000003,,,,AUTO_RISK,77744910900043
7167,AUTO_RISK,35274701800526,0.9048583,0.9048583,0.0,1.0,0.8309777975082397,0.9,0.5,,,,True,1.0,0.8350000000000003,35274701800526,0.9048583,0.0,AUTO_RISK,35274701800526
7178,AUTO_RISK,39185155700416,0.96533334,0.96533334,0.0,1.0,0.9999998807907104,1.0,1.0,,,,True,1.0,0.8350000000000003,39185155700416,0.96533334,0.0,AUTO_RISK,39185155700416
7187,REVIEW,44249119700673,1.0,0.69402987,0.30597013,1.4408602,1.0,1.0,1.0,,,,,0.942307710647583,0.8350000000000003,,,,REVIEW,44249119700673
7188,AUTO_RISK,82534201700027,0.9048583,0.9048583,0.0,1.0,0.8445560932159424,0.9285714285714286,0.6666666666666666,,,,True,1.0,0.8350000000000003,82534201700027,0.9048583,0.0,AUTO_RISK,82534201700027
7197,AUTO_RISK,77674425200078,0.20704846,0.20704846,0.0,1.0,0.7865029573440552,0.7056808688387636,0.3333333333333333,,,,True,1.0,0.8350000000000003,77674425200078,0.20704846,0.0,AUTO_RISK,77674425200078
7225,REVIEW,42481025700065,0.9048583,0.8419811,0.06287718,1.0746777,0.9000298976898193,0.8923076923076924,0.5,,,,,0.2857142984867096,0.8350000000000003,,,,REVIEW,42481025700065
7235,AUTO_RISK,39361676800015,0.16865079,0.16865079,0.0,1.0,0.2926130890846252,0.5335497835497836,0.5,,,,True,0.9961977005004883,0.8350000000000003,39361676800015,0.16865079,0.0,AUTO_RISK,39361676800015
7237,REVIEW,56206222400133,0.5191083,0.16865079,0.3504575,3.078007,0.5969191193580627,0.8756756756756757,0.4,,,,,0.2857142984867096,0.8350000000000003,,,,REVIEW,56206222400133
7242,AUTO_RISK,48296475600035,0.9559322,0.9559322,0.0,1.0,1.0,1.0,1.0,,,,True,1.0,0.8350000000000003,48296475600035,0.9559322,0.0,AUTO_RISK,48296475600035
7252,AUTO_RISK,41487921300018,0.9559322,0.9559322,0.0,1.0,1.0,1.0,1.0,,,,True,1.0,0.8350000000000003,41487921300018,0.9559322,0.0,AUTO_RISK,41487921300018
7254,AUTO_RISK,91632075700021,0.92098767,0.92098767,0.0,1.0,0.7697119116783142,0.9619047619047618,0.6666666666666666,,,,True,1.0,0.8350000000000003,91632075700021,0.92098767,0.0,AUTO_RISK,91632075700021
7255,AUTO_RISK,18910006800031,0.20704846,0.20704846,0.0,1.0,0.4787642955780029,0.7451499118165784,0.6,,,,True,1.0,0.8350000000000003,18910006800031,0.20704846,0.0,AUTO_RISK,18910006800031
7257,AUTO_RISK,26680014300015,0.8766756,0.8766756,0.0,1.0,0.6972669363021851,0.8367705570291777,0.2,,,,True,1.0,0.8350000000000003,26680014300015,0.8766756,0.0,AUTO_RISK,26680014300015
7260,AUTO_RISK,25680209100031,0.9048583,0.9048583,0.0,1.0,0.9391371011734008,0.9625,1.0,,,,True,1.0,0.8350000000000003,25680209100031,0.9048583,0.0,AUTO_RISK,25680209100031
7271,REVIEW,63200441200144,0.5191083,0.39823008,0.12087822,1.3035387,0.8034985661506653,0.7630718954248367,0.3333333333333333,,,,,0.08163265138864517,0.8350000000000003,,,,REVIEW,63200441200144
7273,AUTO_RISK,57202862900226,0.26684636,0.0021415188,0.26470485,124.606125,0.4926482141017914,0.5868421052631579,0.0,,,,,1.0,0.8350000000000003,,,,AUTO_RISK,57202862900226
7279,REVIEW,75750102800158,0.63245034,0.26684636,0.36560398,2.3700917,0.5604070425033569,0.6145667198298778,0.0,,,,,0.8307692408561707,0.8350000000000003,,,,REVIEW,75750102800158
7282,REVIEW,92269992100016,0.9479167,0.16865079,0.7792659,5.6205883,1.0,0.9714285714285714,0.0,,,,,0.9692307710647583,0.8350000000000003,,,,REVIEW,92269992100016
7286,AUTO_RISK,53409249900050,0.9048583,0.9048583,0.0,1.0,0.8840726613998413,0.772,0.2,,,,True,1.0,0.8350000000000003,53409249900050,0.9048583,0.0,AUTO_RISK,53409249900050
7289,REVIEW,77570176600070,0.8419811,0.8083832,0.033597887,1.0415618,0.8392994999885559,1.0,1.0,,,,,0.0833333358168602,0.8350000000000003,,,,REVIEW,77570176600070
7290,AUTO_RISK,13000548126031,0.8419811,0.8419811,0.0,1.0,0.75391685962677,0.5825396825396826,0.1666666666666666,,,,True,1.0,0.8350000000000003,13000548126031,0.8419811,0.0,AUTO_RISK,13000548126031
73,REVIEW,20007098500052,0.8766756,0.26684636,0.60982925,3.2853198,0.9872425198554992,0.968421052631579,1.0,,,,,0.49180328845977783,0.8350000000000003,,,,REVIEW,20007098500052
7311,AUTO_RISK,38442547600841,0.96533334,0.96533334,0.0,1.0,1.0,1.0,1.0,,,,True,1.0,0.8350000000000003,38442547600841,0.96533334,0.0,AUTO_RISK,38442547600841
7318,REVIEW,52119114800027,0.33582088,0.33582088,0.0,1.0,0.761807918548584,0.5570175438596491,0.0,,,,,0.8307692408561707,0.8350000000000003,,,,REVIEW,52119114800027
7322,REVIEW,80478705900075,0.8083832,0.05142857,0.75695467,15.718563,0.6798765659332275,0.6951732630930798,0.2857142857142857,,,,,0.913385808467865,0.8350000000000003,,,,REVIEW,80478705900075
7323,REVIEW,89182630700011,0.92098767,0.33582088,0.5851668,2.7424967,0.880987823009491,0.7160504201680672,0.6,,,,,0.913385808467865,0.8350000000000003,,,,REVIEW,89182630700011
7327,AUTO_RISK,38325260800120,0.9048583,0.9048583,0.0,1.0,0.90127694606781,0.8303030303030302,0.5,,,,True,1.0,0.8350000000000003,38325260800120,0.9048583,0.0,AUTO_RISK,38325260800120
7333,AUTO_RISK,38448288100016,0.8419811,0.8419811,0.0,1.0,1.0,1.0,1.0,,,,True,1.0,0.8350000000000003,38448288100016,0.8419811,0.0,AUTO_RISK,38448288100016
7342,REVIEW,42122625900032,0.8766756,0.26684636,0.60982925,3.2853198,0.7612348794937134,0.6192307692307693,0.3333333333333333,,,,,0.49180328845977783,0.8350000000000003,,,,REVIEW,42122625900032
7350,REVIEW,48021250500055,0.021181718,0.008073818,0.0131079,2.623507,0.4405445456504822,0.6290849673202614,0.0,,,,,0.817460298538208,0.8350000000000003,,,,REVIEW,48021250500055
7354,AUTO_RISK,21670365200125,0.92098767,0.92098767,0.0,1.0,0.8653115034103394,0.875,0.5,,,,True,1.0,0.8350000000000003,21670365200125,0.92098767,0.0,AUTO_RISK,21670365200125
7357,AUTO_RISK,75270515200052,0.26684636,0.26684636,0.0,1.0,0.6267644762992859,0.7784734299516909,0.2,,,,True,1.0,0.8350000000000003,75270515200052,0.26684636,0.0,AUTO_RISK,75270515200052
736,AUTO_RISK,33848936200016,0.8766756,0.8766756,0.0,1.0,0.8586786389350891,0.8769230769230769,0.5,,,,True,1.0,0.8350000000000003,33848936200016,0.8766756,0.0,AUTO_RISK,33848936200016
7363,AUTO_RISK,78013017514407,0.92098767,0.92098767,0.0,1.0,0.6454268097877502,1.0,1.0,,,,True,1.0,0.8350000000000003,78013017514407,0.92098767,0.0,AUTO_RISK,78013017514407
7365,AUTO_RISK,33123325400050,0.9628571,0.9628571,0.0,1.0,1.0000001192092896,1.0,1.0,,,,True,1.0,0.8350000000000003,33123325400050,0.9628571,0.0,AUTO_RISK,33123325400050
7373,AUTO_RISK,19753463900020,1.0,0.16865079,0.8313492,5.929412,1.0,1.0,1.0,,,,,1.0,0.8350000000000003,,,,AUTO_RISK,19753463900020
7374,REVIEW,13000548125629,0.33582088,0.16865079,0.16717009,1.9912204,0.0,0.4664502164502164,0.0,,,,,0.817460298538208,0.8350000000000003,,,,REVIEW,13000548125629
7375,REVIEW,55850191200031,0.8766756,0.8419811,0.034694493,1.0412058,0.7027827501296997,0.916235294117647,0.3333333333333333,,,,,0.2571428716182709,0.8350000000000003,,,,REVIEW,55850191200031
7395,AUTO_RISK,48469203300026,0.8419811,0.8419811,0.0,1.0,0.9004817605018616,0.9,0.5,,,,True,1.0,0.8350000000000003,48469203300026,0.8419811,0.0,AUTO_RISK,48469203300026
7404,REVIEW,30166997400026,0.8419811,0.721519,0.12046212,1.1669563,0.904929518699646,0.8615384615384615,0.5,,,,,0.0833333358168602,0.8350000000000003,,,,REVIEW,30166997400026
7408,AUTO_RISK,58213743600124,0.5191083,0.5191083,0.0,1.0,0.7564190030097961,0.8922077922077922,0.3333333333333333,,,,True,1.0,0.8350000000000003,58213743600124,0.5191083,0.0,AUTO_RISK,58213743600124
7415,AUTO_RISK,13000548119564,0.021181718,0.021181718,0.0,1.0,0.0,0.4121447028423772,0.1111111111111111,,,,True,1.0,0.8350000000000003,13000548119564,0.021181718,0.0,AUTO_RISK,13000548119564
7416,AUTO_RISK,13000548126270,0.69402987,0.69402987,0.0,1.0,0.7529157400131226,0.6074074074074074,0.1428571428571428,,,,True,1.0,0.8350000000000003,13000548126270,0.69402987,0.0,AUTO_RISK,13000548126270
7417,AUTO_RISK,13000548123228,0.6739812,0.6739812,0.0,1.0,0.7088528275489807,0.5166666666666666,0.1111111111111111,,,,True,1.0,0.8350000000000003,13000548123228,0.6739812,0.0,AUTO_RISK,13000548123228
7425,REVIEW,40206611200010,0.6739812,0.26684636,0.40713483,2.5257275,0.7554612159729004,0.8787878787878788,0.5,,,,,0.49180328845977783,0.8350000000000003,,,,REVIEW,40206611200010
7448,AUTO_RISK,42934011000049,0.39823008,0.39823008,0.0,1.0,0.9213117361068726,0.8366666666666667,0.5,,,,True,1.0,0.8350000000000003,42934011000049,0.39823008,0.0,AUTO_RISK,42934011000049
7449,AUTO_RISK,58213743600280,0.8083832,0.8083832,0.0,1.0,0.7599178552627563,0.8536363636363637,0.25,,,,True,1.0,0.8350000000000003,58213743600280,0.8083832,0.0,AUTO_RISK,58213743600280
7453,AUTO_RISK,32753011900020,0.96533334,0.96533334,0.0,1.0,1.0,1.0,1.0,,,,True,1.0,0.8350000000000003,32753011900020,0.96533334,0.0,AUTO_RISK,32753011900020
7465,REVIEW,17310231000401,0.9433962,0.6739812,0.26941502,1.3997368,0.7880532741546631,0.890921052631579,0.2857142857142857,,,,,0.817460298538208,0.8350000000000003,,,,REVIEW,17310231000401
747,REVIEW,21910174800024,0.05142857,0.0021415188,0.04928705,24.015,0.0,0.4435626102292769,0.0,,,,,0.913385808467865,0.8350000000000003,,,,REVIEW,21910174800024
7473,REVIEW,41892972500061,0.39823008,0.05142857,0.34680152,7.7433624,0.7968400716781616,0.9005387205387205,0.4,,,,,0.699999988079071,0.8350000000000003,,,,REVIEW,41892972500061
7482,AUTO_RISK,34432043700025,0.8766756,0.8766756,0.0,1.0,0.8376795053482056,0.5692192192192193,0.5,,,,True,1.0,0.8350000000000003,34432043700025,0.8766756,0.0,AUTO_RISK,34432043700025
7520,AUTO_RISK,26850012100044,0.9048583,0.9048583,0.0,1.0,0.7817080020904541,0.8035914702581369,0.75,,,,True,1.0,0.8350000000000003,26850012100044,0.9048583,0.0,AUTO_RISK,26850012100044
7559,REVIEW,30481727300044,0.16865079,0.08629441,0.08235638,1.9543651,0.6908888816833496,0.8589130434782609,0.1428571428571428,,,,,0.2571428716182709,0.8350000000000003,,,,REVIEW,30481727300044
7568,AUTO_RISK,33966121700010,0.9559322,0.9559322,0.0,1.0,0.9703097343444824,1.0,1.0,,,,True,1.0,0.8350000000000003,33966121700010,0.9559322,0.0,AUTO_RISK,33966121700010
7580,AUTO_RISK,39924146200056,0.9559322,0.9559322,0.0,1.0,1.0000001192092896,1.0,1.0,,,,True,1.0,0.8350000000000003,39924146200056,0.9559322,0.0,AUTO_RISK,39924146200056
7587,REVIEW,34980312200010,0.9559322,0.8419811,0.11395109,1.1353369,0.9999999403953552,1.0,1.0,,,,,0.2857142984867096,0.8350000000000003,,,,REVIEW,34980312200010
7589,AUTO_RISK,83830914400015,0.26684636,0.26684636,0.0,1.0,0.8476901054382324,0.8304843304843305,0.25,,,,True,1.0,0.8350000000000003,83830914400015,0.26684636,0.0,AUTO_RISK,83830914400015
7605,REVIEW,42592021200015,0.42696628,0.05142857,0.3755377,8.302122,0.7280238270759583,0.9361702127659576,0.4,,,,,0.817460298538208,0.8350000000000003,,,,REVIEW,42592021200015
7608,AUTO_RISK,13000548124093,0.16865079,0.16865079,0.0,1.0,0.0,0.4333333333333333,0.0,,,,True,0.9961977005004883,0.8350000000000003,13000548124093,0.16865079,0.0,AUTO_RISK,13000548124093
7613,REVIEW,33514631200483,0.42696628,0.26684636,0.16011992,1.6000453,0.7358589768409729,0.8552380952380952,0.1666666666666666,,,,,0.0833333358168602,0.8350000000000003,,,,REVIEW,33514631200483
762,AUTO_RISK,21930070400018,0.1,0.008073818,0.09192619,12.385715,0.5814077854156494,0.6190476190476191,0.0,,,,,0.9961977005004883,0.8350000000000003,,,,AUTO_RISK,21930070400018
7621,REVIEW,81950215400027,0.8419811,0.11363637,0.72834474,7.4094334,0.8981766700744629,0.549270990447461,0.5,,,,,0.817460298538208,0.8350000000000003,,,,REVIEW,81950215400027
7645,AUTO_RISK,30192066600031,0.9048583,0.9048583,0.0,1.0,1.0,1.0,1.0,,,,True,1.0,0.8350000000000003,30192066600031,0.9048583,0.0,AUTO_RISK,30192066600031
7646,AUTO_RISK,58213743600157,0.9048583,0.9048583,0.0,1.0,0.7156428098678589,1.0,1.0,,,,True,1.0,0.8350000000000003,58213743600157,0.9048583,0.0,AUTO_RISK,58213743600157
7647,AUTO_RISK,58213743600223,0.9559322,0.9559322,0.0,1.0,0.7156428098678589,1.0,1.0,,,,True,1.0,0.8350000000000003,58213743600223,0.9559322,0.0,AUTO_RISK,58213743600223
7653,AUTO_RISK,88265496500053,0.9848485,0.9848485,0.0,1.0,1.0,1.0,1.0,,,,True,1.0,0.8350000000000003,88265496500053,0.9848485,0.0,AUTO_RISK,88265496500053
7659,AUTO_RISK,53582052600155,0.9848485,0.9848485,0.0,1.0,1.0,1.0,1.0,,,,True,1.0,0.8350000000000003,53582052600155,0.9848485,0.0,AUTO_RISK,53582052600155
7664,AUTO_RISK,30154985300051,0.9559322,0.9559322,0.0,1.0,1.0,1.0,1.0,,,,True,1.0,0.8350000000000003,30154985300051,0.9559322,0.0,AUTO_RISK,30154985300051
7665,AUTO_RISK,47766972500020,0.9871795,0.007380074,0.97979945,133.76282,0.9999998807907104,1.0,1.0,,,,,1.0,0.8350000000000003,,,,AUTO_RISK,47766972500020
7679,AUTO_RISK,44227845300117,0.8419811,0.8419811,0.0,1.0,0.8448848724365234,0.9285714285714286,0.6666666666666666,,,,True,1.0,0.8350000000000003,44227845300117,0.8419811,0.0,AUTO_RISK,44227845300117
7683,REVIEW,19330199100017,0.9433962,0.6739812,0.26941502,1.3997368,0.9126925468444824,0.8931197670185657,0.375,,,,,0.817460298538208,0.8350000000000003,,,,REVIEW,19330199100017
7684,REVIEW,39388042200018,0.20704846,0.0875,0.11954846,2.3662682,0.5997834801673889,0.6995173453996983,0.1666666666666666,,,,,0.08163265138864517,0.8350000000000003,,,,REVIEW,39388042200018
7688,AUTO_RISK,77573906300045,0.9871795,0.9871795,0.0,1.0,1.0,1.0,1.0,,,,True,1.0,0.8350000000000003,77573906300045,0.9871795,0.0,AUTO_RISK,77573906300045
7689,AUTO_RISK,78618008300028,0.96533334,0.96533334,0.0,1.0,1.0,1.0,1.0,,,,True,1.0,0.8350000000000003,78618008300028,0.96533334,0.0,AUTO_RISK,78618008300028
7693,AUTO_RISK,83256182300010,0.63245034,0.63245034,0.0,1.0,0.9454452395439148,0.8995151515151515,0.5555555555555556,,,,True,0.9961977005004883,0.8350000000000003,83256182300010,0.63245034,0.0,AUTO_RISK,83256182300010
7697,AUTO_RISK,50005997700024,0.96533334,0.96533334,0.0,1.0,0.9999999403953552,1.0,1.0,,,,True,1.0,0.8350000000000003,50005997700024,0.96533334,0.0,AUTO_RISK,50005997700024
770,REVIEW,21910494000016,0.26684636,0.016393442,0.2504529,16.277628,0.5759521126747131,0.5666123999457332,0.0,,,,,0.9692307710647583,0.8350000000000003,,,,REVIEW,21910494000016
7705,AUTO_RISK,78393689100143,0.6739812,0.6739812,0.0,1.0,0.9029444456100464,0.602991452991453,0.5,,,,True,1.0,0.8350000000000003,78393689100143,0.6739812,0.0,AUTO_RISK,78393689100143
7708,REVIEW,50016710100020,0.115384616,0.016393442,0.09899117,7.038462,0.0,0.4666666666666666,0.0,,,,,0.817460298538208,0.8350000000000003,,,,REVIEW,50016710100020
772,AUTO_RISK,21910685300019,0.36363637,0.006139992,0.35749638,59.224243,0.6232192516326904,0.5637566137566138,0.0,,,,,1.0,0.8350000000000003,,,,AUTO_RISK,21910685300019
7733,REVIEW,32516668400069,0.008073818,0.007380074,0.00069374405,1.0940024,0.6377694010734558,0.5436507936507936,0.0,,,,,0.699999988079071,0.8350000000000003,,,,REVIEW,32516668400069
776,REVIEW,21910103700014,0.05142857,0.016393442,0.03503513,3.1371431,0.3936350047588348,0.6428571428571429,0.0,,,,,0.817460298538208,0.8350000000000003,,,,REVIEW,21910103700014
7772,AUTO_RISK,79876764600010,0.9628571,0.9628571,0.0,1.0,1.0,1.0,1.0,,,,True,1.0,0.8350000000000003,79876764600010,0.9628571,0.0,AUTO_RISK,79876764600010
7774,AUTO_RISK,43227290400017,0.8083832,0.8083832,0.0,1.0,0.9638407230377196,0.8727272727272728,0.5,,,,True,1.0,0.8350000000000003,43227290400017,0.8083832,0.0,AUTO_RISK,43227290400017
7775,REVIEW,21780090300015,0.8766756,0.5191083,0.3575673,1.6888106,0.987480401992798,0.9894736842105264,0.3333333333333333,,,,,0.699999988079071,0.8350000000000003,,,,REVIEW,21780090300015
7776,REVIEW,81395305600047,0.9559322,0.8419811,0.11395109,1.1353369,0.9999998807907104,1.0,1.0,,,,,0.2571428716182709,0.8350000000000003,,,,REVIEW,81395305600047
7786,REVIEW,79300168600013,0.69402987,0.5191083,0.17492157,1.3369654,0.8173209428787231,1.0,1.0,,,,,0.08163265138864517,0.8350000000000003,,,,REVIEW,79300168600013
78,AUTO_RISK,21760711800015,0.6739812,0.05142857,0.62255263,13.10519,0.612723708152771,0.5920634920634921,0.0,,,,,0.9961977005004883,0.8350000000000003,,,,AUTO_RISK,21760711800015
7815,REVIEW,21780146300019,0.016393442,0.006139992,0.01025345,2.6699452,0.4696369469165802,0.6,0.0,,,,,0.817460298538208,0.8350000000000003,,,,REVIEW,21780146300019
782,AUTO_RISK,20003791900012,0.8419811,0.8419811,0.0,1.0,0.749897301197052,0.7473453749315818,0.6666666666666666,,,,True,1.0,0.8350000000000003,20003791900012,0.8419811,0.0,AUTO_RISK,20003791900012
7820,REVIEW,30137469000016,0.9628571,0.9048583,0.057998836,1.0640972,1.0,1.0,1.0,,,,True,0.0833333358168602,0.8350000000000003,30137469000016,0.9628571,0.0,REVIEW,30137469000016
7832,AUTO_RISK,21510614700014,0.92098767,0.92098767,0.0,1.0,0.8037042617797852,0.9333333333333332,1.0,,,,True,0.9961977005004883,0.8350000000000003,21510614700014,0.92098767,0.0,AUTO_RISK,21510614700014
7843,REVIEW,77578372300049,0.05142857,0.016393442,0.03503513,3.1371431,0.7149333357810974,0.5667943805874841,0.0,,,,,0.65625,0.8350000000000003,,,,REVIEW,77578372300049
7851,AUTO_RISK,32121439700069,0.5191083,0.5191083,0.0,1.0,0.7197181582450867,0.6617763157894737,0.4,,,,True,1.0,0.8350000000000003,32121439700069,0.5191083,0.0,AUTO_RISK,32121439700069
7853,REVIEW,31839547200042,0.69402987,0.016393442,0.67763644,42.335823,0.6313263177871704,0.6408602150537633,0.25,,,,,0.913385808467865,0.8350000000000003,,,,REVIEW,31839547200042
7858,REVIEW,84003641200012,0.7966102,0.69402987,0.10258031,1.1478039,0.8447656631469727,0.6981481481481482,0.2857142857142857,,,,,0.2857142984867096,0.8350000000000003,,,,REVIEW,84003641200012
7859,AUTO_RISK,94749582600010,0.42696628,0.42696628,0.0,1.0,0.8191016912460327,0.5685185185185185,0.1666666666666666,,,,True,1.0,0.8350000000000003,94749582600010,0.42696628,0.0,AUTO_RISK,94749582600010
7860,AUTO_RISK,43281165100053,0.8766756,0.8766756,0.0,1.0,0.9259939193725586,0.8713963963963964,0.6,,,,True,1.0,0.8350000000000003,43281165100053,0.8766756,0.0,AUTO_RISK,43281165100053
7864,AUTO_RISK,38306875600048,0.9166667,0.9166667,0.0,1.0,0.8239393830299377,0.701226309921962,0.5,,,,True,1.0,0.8350000000000003,38306875600048,0.9166667,0.0,AUTO_RISK,38306875600048
787,REVIEW,19691662100010,0.9048583,0.16865079,0.7362075,5.3652773,0.8426649570465088,0.7333333333333334,0.6666666666666666,,,,,0.942307710647583,0.8350000000000003,,,,REVIEW,19691662100010
7870,REVIEW,78457968202365,0.92098767,0.8766756,0.04431206,1.0505456,0.6751742362976074,0.9583333333333331,0.75,,,,,0.08163265138864517,0.8350000000000003,,,,REVIEW,78457968202365
7874,AUTO_RISK,33832946900211,0.96533334,0.96533334,0.0,1.0,0.8075604438781738,1.0,1.0,,,,True,1.0,0.8350000000000003,33832946900211,0.96533334,0.0,AUTO_RISK,33832946900211
7888,AUTO_RISK,58213743600025,0.6739812,0.6739812,0.0,1.0,0.7564190030097961,0.8922077922077922,0.3333333333333333,,,,True,1.0,0.8350000000000003,58213743600025,0.6739812,0.0,AUTO_RISK,58213743600025
7901,AUTO_RISK,32673669100022,0.8766756,0.8766756,0.0,1.0,0.9463215470314026,0.85,0.3333333333333333,,,,True,1.0,0.8350000000000003,32673669100022,0.8766756,0.0,AUTO_RISK,32673669100022
7913,AUTO_RISK,44227845300034,0.775,0.775,0.0,1.0,0.8035826683044434,0.92,0.6666666666666666,,,,True,1.0,0.8350000000000003,44227845300034,0.775,0.0,AUTO_RISK,44227845300034
7925,AUTO_RISK,40882938000026,0.8419811,0.8419811,0.0,1.0,0.8439056873321533,0.701226309921962,0.5,,,,True,1.0,0.8350000000000003,40882938000026,0.8419811,0.0,AUTO_RISK,40882938000026
7927,AUTO_RISK,41962807800042,0.9048583,0.9048583,0.0,1.0,0.8348063826560974,0.701226309921962,0.5,,,,True,1.0,0.8350000000000003,41962807800042,0.9048583,0.0,AUTO_RISK,41962807800042
7941,REVIEW,16002301600332,0.69402987,0.16865079,0.52537906,4.115189,0.786555290222168,0.6102564102564102,0.0,,,,,0.8888888955116272,0.8350000000000003,,,,REVIEW,16002301600332
7942,REVIEW,16002301600142,0.8419811,0.05142857,0.79055256,16.371855,0.786555290222168,0.6,0.0,,,,,0.913385808467865,0.8350000000000003,,,,REVIEW,16002301600142
7944,AUTO_RISK,16002301600357,0.9479167,0.9479167,0.0,1.0,0.9036421775817872,0.890909090909091,0.5,,,,True,1.0,0.8350000000000003,16002301600357,0.9479167,0.0,AUTO_RISK,16002301600357
7948,AUTO_RISK,30967421600036,0.36363637,0.36363637,0.0,1.0,0.7413719892501831,0.8933333333333334,0.3333333333333333,,,,True,1.0,0.8350000000000003,30967421600036,0.36363637,0.0,AUTO_RISK,30967421600036
7950,REVIEW,49093853700043,0.26684636,0.26684636,0.0,1.0,0.0,0.4067669172932331,0.0,,,,,0.913385808467865,0.8350000000000003,,,,REVIEW,49093853700043
7957,AUTO_RISK,58200574000086,0.9048583,0.9048583,0.0,1.0,1.0,1.0,1.0,,,,True,1.0,0.8350000000000003,58200574000086,0.9048583,0.0,AUTO_RISK,58200574000086
796,REVIEW,43765803200010,0.16865079,0.1,0.06865079,1.6865079,0.8496146202087402,0.8578088578088577,1.0,,,,,0.0,0.8350000000000003,,,,REVIEW,43765803200010
7961,AUTO_RISK,40254836600168,0.8419811,0.8419811,0.0,1.0,0.8990427851676941,0.8055555555555557,0.3333333333333333,,,,True,1.0,0.8350000000000003,40254836600168,0.8419811,0.0,AUTO_RISK,40254836600168
7979,REVIEW,88969052500023,0.5191083,0.05142857,0.46767974,10.093773,0.6728628873825073,0.8380952380952381,0.5,,,,,0.699999988079071,0.8350000000000003,,,,REVIEW,88969052500023
798,AUTO_RISK,19691479000015,1.0,0.16865079,0.8313492,5.929412,1.0,1.0,1.0,,,,,0.9961977005004883,0.8350000000000003,,,,AUTO_RISK,19691479000015
7993,REVIEW,56850416100171,0.8083832,0.42696628,0.38141695,1.8933187,0.7230663299560547,0.8504201680672269,0.25,,,,,0.49180328845977783,0.8350000000000003,,,,REVIEW,56850416100171
8000,AUTO_RISK,45021696500092,0.5191083,0.5191083,0.0,1.0,0.6509641408920288,0.7137085137085138,0.3333333333333333,,,,True,1.0,0.8350000000000003,45021696500092,0.5191083,0.0,AUTO_RISK,45021696500092
8003,REVIEW,42984085300049,0.42696628,0.016393442,0.41057283,26.044945,0.513995885848999,0.5735393448159405,0.0,,,,,0.9692307710647583,0.8350000000000003,,,,REVIEW,42984085300049
8007,AUTO_RISK,80863444800027,0.92098767,0.92098767,0.0,1.0,0.8928301334381104,0.9733333333333334,0.3333333333333333,,,,True,1.0,0.8350000000000003,80863444800027,0.92098767,0.0,AUTO_RISK,80863444800027
8015,REVIEW,21740200700017,0.69402987,0.39823008,0.2957998,1.7427862,0.8213748335838318,0.5825396825396826,0.5,,,,,0.699999988079071,0.8350000000000003,,,,REVIEW,21740200700017
8016,REVIEW,21910044300064,0.23076923,0.16865079,0.06211844,1.3683258,0.8029538989067078,0.7256410256410256,0.5,,,,,0.2857142984867096,0.8350000000000003,,,,REVIEW,21910044300064
8025,REVIEW,21910433800013,0.016393442,0.006139992,0.01025345,2.6699452,0.424297958612442,0.5912698412698413,0.0,,,,,0.699999988079071,0.8350000000000003,,,,REVIEW,21910433800013
8030,REVIEW,42227123900036,0.92098767,0.14285715,0.77813053,6.4469132,0.9438254237174988,0.95,0.0,,,,,0.913385808467865,0.8350000000000003,,,,REVIEW,42227123900036
8033,REVIEW,33904184000028,0.26684636,0.26684636,0.0,1.0,0.6094263792037964,1.0,1.0,,,,,0.817460298538208,0.8350000000000003,,,,REVIEW,33904184000028
8052,AUTO_RISK,66204244943394,0.42696628,0.42696628,0.0,1.0,0.8102854490280151,0.8303030303030302,0.5,,,,True,1.0,0.8350000000000003,66204244943394,0.42696628,0.0,AUTO_RISK,66204244943394
8070,REVIEW,56203889300714,0.96533334,0.9048583,0.06047505,1.0668337,1.0,1.0,1.0,,,,True,0.08163265138864517,0.8350000000000003,56203889300714,0.96533334,0.0,REVIEW,56203889300714
808,AUTO_RISK,19692335300011,0.8766756,0.8766756,0.0,1.0,0.8585501313209534,0.8788819875776398,0.6666666666666666,,,,True,1.0,0.8350000000000003,19692335300011,0.8766756,0.0,AUTO_RISK,19692335300011
8105,REVIEW,81986927200024,0.9628571,0.42696628,0.5358908,2.255113,1.0000001192092896,1.0,1.0,,,,,0.913385808467865,0.8350000000000003,,,,REVIEW,81986927200024
8106,AUTO_RISK,19730042900010,0.9048583,0.9048583,0.0,1.0,0.8614615797996521,0.9352941176470588,0.25,,,,True,1.0,0.8350000000000003,19730042900010,0.9048583,0.0,AUTO_RISK,19730042900010
8108,AUTO_RISK,19730049400014,0.96533334,0.0021415188,0.9631918,450.77045,0.8289778232574463,0.9894736842105264,0.3333333333333333,,,,,1.0,0.8350000000000003,,,,AUTO_RISK,19730049400014
8115,REVIEW,43153017900032,0.016393442,0.007380074,0.009013368,2.2213113,0.6337655186653137,0.6444444444444445,0.0,,,,,0.4736842215061188,0.8350000000000003,,,,REVIEW,43153017900032
8121,AUTO_RISK,42302383700036,0.8766756,0.0021415188,0.8745341,409.37097,0.8995742201805115,0.8823529411764706,0.3333333333333333,,,,,1.0,0.8350000000000003,,,,AUTO_RISK,42302383700036
8124,AUTO_RISK,39866156100066,0.42696628,0.0052724076,0.42169386,80.98128,0.4175215363502502,0.5007122507122507,0.0,,,,,0.9961977005004883,0.8350000000000003,,,,AUTO_RISK,39866156100066
8131,REVIEW,77570267300069,0.9871795,0.96533334,0.021846175,1.0226307,1.0,1.0,1.0,,,,,0.699999988079071,0.8350000000000003,,,,REVIEW,77570267300069
8132,AUTO_RISK,43210886800071,0.92098767,0.92098767,0.0,1.0,0.9999998807907104,1.0,1.0,,,,True,0.9961977005004883,0.8350000000000003,43210886800071,0.92098767,0.0,AUTO_RISK,43210886800071
8142,REVIEW,32357657900102,0.775,0.26684636,0.5081536,2.9042928,0.8935151100158691,0.8922077922077922,0.3333333333333333,,,,,0.817460298538208,0.8350000000000003,,,,REVIEW,32357657900102
8153,AUTO_RISK,99790752200038,0.92098767,0.92098767,0.0,1.0,0.9999999403953552,1.0,1.0,,,,True,1.0,0.8350000000000003,99790752200038,0.92098767,0.0,AUTO_RISK,99790752200038
8163,REVIEW,32992501005342,0.8766756,0.42696628,0.44970933,2.0532665,0.8918980956077576,0.9454545454545455,0.5,,,,True,0.0833333358168602,0.8350000000000003,32992501005342,0.8766756,0.0,REVIEW,32992501005342
8168,REVIEW,42984085300064,0.16865079,0.0021415188,0.16650927,78.75289,0.607056736946106,0.5466058763931104,0.0,,,,,0.9692307710647583,0.8350000000000003,,,,REVIEW,42984085300064
8174,AUTO_RISK,38508627700055,0.9048583,0.9048583,0.0,1.0,0.9999998807907104,1.0,1.0,,,,True,0.9961977005004883,0.8350000000000003,38508627700055,0.9048583,0.0,AUTO_RISK,38508627700055
8183,AUTO_RISK,79445574100015,0.26684636,0.26684636,0.0,1.0,0.8227943181991577,0.628042516200411,0.25,,,,True,1.0,0.8350000000000003,79445574100015,0.26684636,0.0,AUTO_RISK,79445574100015
8190,AUTO_RISK,32877929300039,1.0,0.016393442,0.9836066,61.000004,1.0,1.0,1.0,,,,,1.0,0.8350000000000003,,,,AUTO_RISK,32877929300039
8191,AUTO_RISK,48338514200037,0.63245034,0.63245034,0.0,1.0,0.809245228767395,0.822,0.25,,,,True,1.0,0.8350000000000003,48338514200037,0.63245034,0.0,AUTO_RISK,48338514200037
8195,AUTO_RISK,37890194600277,0.9559322,0.9559322,0.0,1.0,0.9999998807907104,1.0,1.0,,,,True,1.0,0.8350000000000003,37890194600277,0.9559322,0.0,AUTO_RISK,37890194600277
8197,AUTO_RISK,44427567100139,0.96533334,0.96533334,0.0,1.0,1.0000001192092896,1.0,1.0,,,,True,1.0,0.8350000000000003,44427567100139,0.96533334,0.0,AUTO_RISK,44427567100139
8203,AUTO_RISK,26680003600011,0.9479167,0.1,0.84791666,9.479167,0.8268610239028931,0.7972136222910217,0.7142857142857143,,,,,0.9961977005004883,0.8350000000000003,,,,AUTO_RISK,26680003600011
8216,AUTO_RISK,18650004700110,0.96533334,0.96533334,0.0,1.0,1.0000001192092896,1.0,1.0,,,,True,1.0,0.8350000000000003,18650004700110,0.96533334,0.0,AUTO_RISK,18650004700110
8225,AUTO_RISK,26400331000010,0.96533334,0.96533334,0.0,1.0,0.9418594241142272,0.96,0.75,,,,True,1.0,0.8350000000000003,26400331000010,0.96533334,0.0,AUTO_RISK,26400331000010
8242,REVIEW,61203967700077,0.8766756,0.1,0.7766756,8.766756,1.0,1.0,1.0,,,,,0.913385808467865,0.8350000000000003,,,,REVIEW,61203967700077
8249,REVIEW,45373855100028,0.1,0.021181718,0.078818284,4.7210526,0.7388400435447693,0.6997180142960193,0.25,,,,,0.49180328845977783,0.8350000000000003,,,,REVIEW,45373855100028
8264,REVIEW,41267009300068,0.8083832,0.69402987,0.11435336,1.1647671,0.9564923048019408,0.8923076923076924,0.5,,,,,0.2571428716182709,0.8350000000000003,,,,REVIEW,41267009300068
8276,AUTO_RISK,42273286700029,0.96533334,0.96533334,0.0,1.0,1.0,1.0,1.0,,,,True,1.0,0.8350000000000003,42273286700029,0.96533334,0.0,AUTO_RISK,42273286700029
8308,AUTO_RISK,33762184101158,0.9628571,0.9628571,0.0,1.0,1.0,1.0,1.0,,,,True,1.0,0.8350000000000003,33762184101158,0.9628571,0.0,AUTO_RISK,33762184101158
8322,REVIEW,68203089500861,0.9848485,0.8766756,0.10817289,1.1233898,1.0,1.0,1.0,,,,,0.699999988079071,0.8350000000000003,,,,REVIEW,68203089500861
8323,REVIEW,48482123600102,0.016393442,0.016393442,0.0,1.0,0.5460250377655029,0.6190476190476191,0.0,,,,,0.49180328845977783,0.8350000000000003,,,,REVIEW,48482123600102
8327,AUTO_RISK,49317015300024,0.9048583,0.9048583,0.0,1.0,1.0000001192092896,1.0,1.0,,,,True,1.0,0.8350000000000003,49317015300024,0.9048583,0.0,AUTO_RISK,49317015300024
8330,REVIEW,32768527700052,0.42696628,0.26684636,0.16011992,1.6000453,0.8310546875,0.4896520146520147,0.5,,,,,0.49180328845977783,0.8350000000000003,,,,REVIEW,32768527700052
8335,AUTO_RISK,13000548125462,0.26684636,0.26684636,0.0,1.0,0.0,0.4314814814814814,0.0,,,,True,1.0,0.8350000000000003,13000548125462,0.26684636,0.0,AUTO_RISK,13000548125462
8336,AUTO_RISK,13000548114540,0.42696628,0.42696628,0.0,1.0,0.0,0.4761904761904761,0.0,,,,True,1.0,0.8350000000000003,13000548114540,0.42696628,0.0,AUTO_RISK,13000548114540
8337,REVIEW,72642035900077,0.1,0.1,0.0,1.0,0.7345285415649414,0.8666666666666666,0.25,,,,,0.699999988079071,0.8350000000000003,,,,REVIEW,72642035900077
8347,REVIEW,84164515300013,0.016393442,0.016393442,0.0,1.0,0.5989893078804016,0.6135531135531136,0.0,,,,,0.49180328845977783,0.8350000000000003,,,,REVIEW,84164515300013
8359,AUTO_RISK,33511748700041,0.016393442,0.016393442,0.0,1.0,0.7853857278823853,0.8645161290322579,0.2,,,,True,1.0,0.8350000000000003,33511748700041,0.016393442,0.0,AUTO_RISK,33511748700041
8361,AUTO_RISK,45115327400027,0.08629441,0.08629441,0.0,1.0,0.977873682975769,0.95,1.0,,,,True,1.0,0.8350000000000003,45115327400027,0.08629441,0.0,AUTO_RISK,45115327400027
8369,AUTO_RISK,17460431400016,0.26684636,0.26684636,0.0,1.0,0.7803908586502075,0.7143180182958165,0.1666666666666666,,,,True,0.9961977005004883,0.8350000000000003,17460431400016,0.26684636,0.0,AUTO_RISK,17460431400016
8371,REVIEW,42482122100399,0.26684636,0.0052724076,0.26157394,50.611862,0.0,0.4767994154183412,0.0,,,,,0.913385808467865,0.8350000000000003,,,,REVIEW,42482122100399
8372,REVIEW,34127089000062,0.8913044,0.05142857,0.8398758,17.33092,0.7674798369407654,0.6339057192051748,0.125,,,,,0.913385808467865,0.8350000000000003,,,,REVIEW,34127089000062
8380,AUTO_RISK,40254836600010,0.63245034,0.63245034,0.0,1.0,0.8241687417030334,0.8104166666666667,0.3333333333333333,,,,True,1.0,0.8350000000000003,40254836600010,0.63245034,0.0,AUTO_RISK,40254836600010
8382,AUTO_RISK,07732004200037,0.63245034,0.63245034,0.0,1.0,0.8995466828346252,0.5833333333333334,0.5,,,,True,0.9961977005004883,0.8350000000000003,07732004200037,0.63245034,0.0,AUTO_RISK,07732004200037
8383,REVIEW,21730063100017,0.8766756,0.016393442,0.8602822,53.477215,0.9075624346733092,0.9176470588235296,0.5,,,,,0.942307710647583,0.8350000000000003,,,,REVIEW,21730063100017
8387,REVIEW,48227160800010,0.8419811,0.8083832,0.033597887,1.0415618,0.7956123352050781,0.8774193548387097,0.3333333333333333,,,,,0.0,0.8350000000000003,,,,REVIEW,48227160800010
8391,REVIEW,35245128000015,0.7966102,0.05142857,0.7451816,15.489642,0.9999998807907104,1.0,1.0,,,,,0.913385808467865,0.8350000000000003,,,,REVIEW,35245128000015
8395,REVIEW,97806626400026,0.20704846,0.16865079,0.03839767,1.2276756,0.8621913194656372,0.8385964912280702,0.25,,,,,0.08163265138864517,0.8350000000000003,,,,REVIEW,97806626400026
8396,AUTO_RISK,39980202400022,0.42696628,0.006139992,0.4208263,69.538574,0.0,0.4958513708513708,0.0,,,,,1.0,0.8350000000000003,,,,AUTO_RISK,39980202400022
8400,REVIEW,32765763100161,0.5191083,0.26684636,0.25226194,1.9453453,0.4580667912960052,0.6049707602339182,0.0,,,,,0.65625,0.8350000000000003,,,,REVIEW,32765763100161
8403,AUTO_RISK,49319140700557,0.8083832,0.8083832,0.0,1.0,0.8089017868041992,0.8295614035087719,0.5,,,,True,1.0,0.8350000000000003,49319140700557,0.8083832,0.0,AUTO_RISK,49319140700557
8408,AUTO_RISK,40513085700015,0.9848485,0.9848485,0.0,1.0,0.9999998807907104,1.0,1.0,,,,True,1.0,0.8350000000000003,40513085700015,0.9848485,0.0,AUTO_RISK,40513085700015
8411,REVIEW,13000626500107,0.08629441,0.05142857,0.03486584,1.6779469,0.5861647129058838,0.6851851851851851,0.1428571428571428,,,,,0.08163265138864517,0.8350000000000003,,,,REVIEW,13000626500107
8417,REVIEW,78285946600057,0.9048583,0.05142857,0.85342973,17.594467,0.8433525562286377,0.931904761904762,0.5,,,,,0.913385808467865,0.8350000000000003,,,,REVIEW,78285946600057
8420,AUTO_RISK,71202124500303,0.8419811,0.8419811,0.0,1.0,1.0,1.0,1.0,,,,True,1.0,0.8350000000000003,71202124500303,0.8419811,0.0,AUTO_RISK,71202124500303
8434,AUTO_RISK,78013017507070,0.33582088,0.33582088,0.0,1.0,0.8879764676094055,0.8833333333333334,0.5,,,,True,1.0,0.8350000000000003,78013017507070,0.33582088,0.0,AUTO_RISK,78013017507070
8447,AUTO_RISK,57202025300041,0.63245034,0.007380074,0.6250703,85.69702,0.7165316343307495,0.6618566618566618,0.25,,,,,0.9961977005004883,0.8350000000000003,,,,AUTO_RISK,57202025300041
8458,REVIEW,83218560700021,0.92098767,0.05142857,0.8695591,17.908094,1.0,1.0,1.0,,,,,0.942307710647583,0.8350000000000003,,,,REVIEW,83218560700021
8467,AUTO_RISK,45224280300032,0.9559322,0.9559322,0.0,1.0,0.9999998807907104,1.0,1.0,,,,True,1.0,0.8350000000000003,45224280300032,0.9559322,0.0,AUTO_RISK,45224280300032
8471,AUTO_RISK,50523872500020,0.33582088,0.33582088,0.0,1.0,0.5757826566696167,0.8645161290322579,0.25,,,,True,1.0,0.8350000000000003,50523872500020,0.33582088,0.0,AUTO_RISK,50523872500020
8478,AUTO_RISK,43307085100020,0.9479167,0.9479167,0.0,1.0,0.9999999403953552,1.0,1.0,,,,True,1.0,0.8350000000000003,43307085100020,0.9479167,0.0,AUTO_RISK,43307085100020
8484,AUTO_RISK,34821460200024,0.9848485,0.9848485,0.0,1.0,1.0,1.0,1.0,,,,True,1.0,0.8350000000000003,34821460200024,0.9848485,0.0,AUTO_RISK,34821460200024
8485,AUTO_RISK,79278219500012,0.9559322,0.9559322,0.0,1.0,1.0,1.0,1.0,,,,True,1.0,0.8350000000000003,79278219500012,0.9559322,0.0,AUTO_RISK,79278219500012
8488,REVIEW,39507200200045,0.8766756,0.26684636,0.60982925,3.2853198,0.700775146484375,0.8859311740890689,0.3333333333333333,,,,,0.817460298538208,0.8350000000000003,,,,REVIEW,39507200200045
8490,REVIEW,44386676900054,0.6,0.05142857,0.54857147,11.666667,0.8045419454574585,0.9533333333333333,0.0,,,,,0.8307692408561707,0.8350000000000003,,,,REVIEW,44386676900054
8491,AUTO_RISK,32292671800014,0.96533334,0.021181718,0.94415164,45.573895,0.9174952507019044,0.9444444444444444,0.8333333333333334,,,,,1.0,0.8350000000000003,,,,AUTO_RISK,32292671800014
8494,AUTO_RISK,33803439000066,0.92098767,0.92098767,0.0,1.0,0.8517225384712219,0.8500000000000001,0.0,,,,True,1.0,0.8350000000000003,33803439000066,0.92098767,0.0,AUTO_RISK,33803439000066
8497,AUTO_RISK,39236244800152,0.9559322,0.9559322,0.0,1.0,0.9456074833869934,0.9708333333333332,0.8333333333333334,,,,True,1.0,0.8350000000000003,39236244800152,0.9559322,0.0,AUTO_RISK,39236244800152
8499,AUTO_RISK,48193065900091,0.63245034,0.63245034,0.0,1.0,0.906158447265625,0.9428571428571428,0.5,,,,True,1.0,0.8350000000000003,48193065900091,0.63245034,0.0,AUTO_RISK,48193065900091
850,REVIEW,19692340300014,0.92098767,0.8083832,0.11260444,1.1392958,0.7460149526596069,0.7674603174603174,0.6666666666666666,,,,,0.375,0.8350000000000003,,,,REVIEW,19692340300014
8506,AUTO_RISK,52844305400036,0.8766756,0.8766756,0.0,1.0,0.9999998807907104,1.0,1.0,,,,True,1.0,0.8350000000000003,52844305400036,0.8766756,0.0,AUTO_RISK,52844305400036
852,AUTO_RISK,19690075700010,0.9848485,0.05142857,0.93341994,19.149832,0.6878958940505981,0.9040485829959516,0.6666666666666666,,,,,0.9961977005004883,0.8350000000000003,,,,AUTO_RISK,19690075700010
8524,REVIEW,33130041800034,1.0,0.5191083,0.4808917,1.9263803,1.0,1.0,1.0,,,,,0.9692307710647583,0.8350000000000003,,,,REVIEW,33130041800034
8529,AUTO_RISK,43389969700075,0.8766756,0.8766756,0.0,1.0,0.8491394519805908,0.8571428571428571,0.3333333333333333,,,,True,1.0,0.8350000000000003,43389969700075,0.8766756,0.0,AUTO_RISK,43389969700075
8530,AUTO_RISK,39089573800032,0.92098767,0.92098767,0.0,1.0,1.0000001192092896,1.0,1.0,,,,True,1.0,0.8350000000000003,39089573800032,0.92098767,0.0,AUTO_RISK,39089573800032
8531,REVIEW,40798710600017,0.26684636,0.021181718,0.24566464,12.597957,0.2365795969963073,0.9,0.5,,,,,0.49180328845977783,0.8350000000000003,,,,REVIEW,40798710600017
8552,REVIEW,38434702700078,0.42696628,0.021181718,0.40578455,20.157303,0.5383737087249756,0.5505952380952381,0.0,,,,,0.913385808467865,0.8350000000000003,,,,REVIEW,38434702700078
8556,REVIEW,18003802821185,0.05142857,0.021181718,0.030246854,2.42797,0.5908163189888,0.5370370370370371,0.0,,,,,0.6111111044883728,0.8350000000000003,,,,REVIEW,18003802821185
8557,REVIEW,16002301600068,0.16865079,0.0021415188,0.16650927,78.75289,0.786555290222168,0.6,0.0,,,,,0.9692307710647583,0.8350000000000003,,,,REVIEW,16002301600068
8561,AUTO_RISK,30692010900072,0.9628571,0.9628571,0.0,1.0,0.9999998807907104,1.0,1.0,,,,True,1.0,0.8350000000000003,30692010900072,0.9628571,0.0,AUTO_RISK,30692010900072
8567,AUTO_RISK,48773831200023,0.96533334,0.96533334,0.0,1.0,1.0,1.0,1.0,,,,True,1.0,0.8350000000000003,48773831200023,0.96533334,0.0,AUTO_RISK,48773831200023
8568,AUTO_RISK,50040993300040,0.6739812,0.008073818,0.6659074,83.47739,0.5866022706031799,0.6885964912280702,0.0,,,,,1.0,0.8350000000000003,,,,AUTO_RISK,50040993300040
8578,REVIEW,82397399500025,0.8419811,0.8419811,0.0,1.0,0.9232168197631836,0.8875,0.5,,,,True,0.2571428716182709,0.8350000000000003,82397399500025,0.8419811,0.0,REVIEW,82397399500025
8584,REVIEW,40970750200046,0.8419811,0.1,0.7419811,8.419811,0.8933252096176147,0.9,0.5,,,,,0.65625,0.8350000000000003,,,,REVIEW,40970750200046
8600,AUTO_RISK,80991562200017,0.9479167,0.9479167,0.0,1.0,0.7258023023605347,1.0,1.0,,,,True,1.0,0.8350000000000003,80991562200017,0.9479167,0.0,AUTO_RISK,80991562200017
8601,AUTO_RISK,31774946300038,0.9479167,0.9479167,0.0,1.0,0.7887804508209229,0.9377131782945736,0.4285714285714285,,,,True,1.0,0.8350000000000003,31774946300038,0.9479167,0.0,AUTO_RISK,31774946300038
8602,AUTO_RISK,39150621900107,0.92098767,0.016393442,0.90459424,56.180252,0.9006528854370117,0.9470588235294116,0.75,,,,,1.0,0.8350000000000003,,,,AUTO_RISK,39150621900107
8605,AUTO_RISK,52199090300010,0.92098767,0.92098767,0.0,1.0,1.0,1.0,1.0,,,,True,1.0,0.8350000000000003,52199090300010,0.92098767,0.0,AUTO_RISK,52199090300010
8607,AUTO_RISK,40895155600013,0.9871795,0.006139992,0.9810395,160.77864,1.0000001192092896,1.0,1.0,,,,,1.0,0.8350000000000003,,,,AUTO_RISK,40895155600013
8608,AUTO_RISK,33510805600144,0.63245034,0.63245034,0.0,1.0,0.6145615577697754,0.8049242424242425,0.6666666666666666,,,,True,1.0,0.8350000000000003,33510805600144,0.63245034,0.0,AUTO_RISK,33510805600144
8615,AUTO_RISK,82219511100023,0.8419811,0.8419811,0.0,1.0,1.0000001192092896,1.0,1.0,,,,True,1.0,0.8350000000000003,82219511100023,0.8419811,0.0,AUTO_RISK,82219511100023
8617,AUTO_RISK,43389969700067,0.8419811,0.8419811,0.0,1.0,0.7281803488731384,0.8400000000000001,0.3333333333333333,,,,True,1.0,0.8350000000000003,43389969700067,0.8419811,0.0,AUTO_RISK,43389969700067
8618,AUTO_RISK,87280339000105,0.9628571,0.9628571,0.0,1.0,0.9999998807907104,1.0,1.0,,,,True,1.0,0.8350000000000003,87280339000105,0.9628571,0.0,AUTO_RISK,87280339000105
8625,REVIEW,42998879300031,0.26684636,0.1,0.16684636,2.6684635,0.7042152285575867,0.5029761904761905,0.3333333333333333,,,,,0.2571428716182709,0.8350000000000003,,,,REVIEW,42998879300031
8626,REVIEW,39017658400014,0.16865079,0.115384616,0.053266175,1.4616402,0.5807172656059265,0.6296296296296297,0.0,,,,,0.0833333358168602,0.8350000000000003,,,,REVIEW,39017658400014
863,AUTO_RISK,19692343700012,0.9559322,0.1,0.8559322,9.559321,0.8153428435325623,0.91,0.6666666666666666,,,,,0.9961977005004883,0.8350000000000003,,,,AUTO_RISK,19692343700012
8633,REVIEW,21710306800300,0.36363637,0.26684636,0.096790016,1.3627181,0.6180393695831299,0.5427115987460814,0.0,,,,,0.65625,0.8350000000000003,,,,REVIEW,21710306800300
8635,AUTO_RISK,47959947400026,0.8419811,0.8419811,0.0,1.0,0.7286450862884521,0.805050505050505,0.0,,,,True,1.0,0.8350000000000003,47959947400026,0.8419811,0.0,AUTO_RISK,47959947400026
8638,REVIEW,26710017000054,0.8419811,0.05142857,0.79055256,16.371855,0.8286951184272766,0.6511470985155196,0.2,,,,True,0.817460298538208,0.8350000000000003,26710017000054,0.8419811,0.0,REVIEW,26710017000054
8656,AUTO_RISK,41196616100068,0.9871795,0.9871795,0.0,1.0,0.9999999403953552,1.0,1.0,,,,True,1.0,0.8350000000000003,41196616100068,0.9871795,0.0,AUTO_RISK,41196616100068
8657,REVIEW,52501827100011,0.26684636,0.05142857,0.21541779,5.188679,0.6900997161865234,0.6072530864197531,0.2857142857142857,,,,,0.2857142984867096,0.8350000000000003,,,,REVIEW,52501827100011
868,AUTO_RISK,19620007500014,0.721519,0.721519,0.0,1.0,0.940667450428009,0.6667869167869168,0.5,,,,True,1.0,0.8350000000000003,19620007500014,0.721519,0.0,AUTO_RISK,19620007500014
8682,REVIEW,39211690100027,0.96533334,0.775,0.19033337,1.2455914,1.0,1.0,1.0,,,,,0.6111111044883728,0.8350000000000003,,,,REVIEW,39211690100027
8695,AUTO_RISK,32697988700022,0.9048583,0.9048583,0.0,1.0,0.7933899760246277,0.7200000000000001,0.2,,,,True,1.0,0.8350000000000003,32697988700022,0.9048583,0.0,AUTO_RISK,32697988700022
8701,AUTO_RISK,13000548123574,0.16865079,0.16865079,0.0,1.0,0.0,0.4206349206349206,0.0,,,,True,1.0,0.8350000000000003,13000548123574,0.16865079,0.0,AUTO_RISK,13000548123574
8724,AUTO_RISK,38150897700059,0.6739812,0.6739812,0.0,1.0,0.9252668023109436,0.7608836907082521,0.25,,,,True,1.0,0.8350000000000003,38150897700059,0.6739812,0.0,AUTO_RISK,38150897700059
8726,AUTO_RISK,81169721800014,0.8766756,0.8766756,0.0,1.0,0.7919679880142212,0.8307692307692308,0.1666666666666666,,,,True,1.0,0.8350000000000003,81169721800014,0.8766756,0.0,AUTO_RISK,81169721800014
8734,REVIEW,77861301800267,0.9048583,0.1,0.80485827,9.048583,0.9092549681663512,0.7733698130414957,0.5714285714285714,,,,,0.9692307710647583,0.8350000000000003,,,,REVIEW,77861301800267
8738,REVIEW,44364934800028,0.9433962,0.8766756,0.066720605,1.0761064,0.8377545475959778,0.9590500641848524,1.0,,,,True,0.2571428716182709,0.8350000000000003,44364934800028,0.9433962,0.0,REVIEW,44364934800028
874,AUTO_RISK,38751371600010,0.9048583,0.9048583,0.0,1.0,1.0,1.0,1.0,,,,True,1.0,0.8350000000000003,38751371600010,0.9048583,0.0,AUTO_RISK,38751371600010
8756,AUTO_RISK,39972944100036,0.9559322,0.9559322,0.0,1.0,1.0,1.0,1.0,,,,True,1.0,0.8350000000000003,39972944100036,0.9559322,0.0,AUTO_RISK,39972944100036
8761,AUTO_RISK,32549466400031,0.8766756,0.8766756,0.0,1.0,0.7474576234817505,0.7710084033613446,0.5,,,,True,1.0,0.8350000000000003,32549466400031,0.8766756,0.0,AUTO_RISK,32549466400031
8771,AUTO_RISK,84476976000027,0.8419811,0.8419811,0.0,1.0,1.0000001192092896,1.0,1.0,,,,True,1.0,0.8350000000000003,84476976000027,0.8419811,0.0,AUTO_RISK,84476976000027
8775,AUTO_RISK,42373680000016,0.9048583,0.9048583,0.0,1.0,1.0,1.0,1.0,,,,True,1.0,0.8350000000000003,42373680000016,0.9048583,0.0,AUTO_RISK,42373680000016
8788,AUTO_RISK,85060532000025,0.96533334,0.96533334,0.0,1.0,1.0,1.0,1.0,,,,True,1.0,0.8350000000000003,85060532000025,0.96533334,0.0,AUTO_RISK,85060532000025
8789,AUTO_RISK,21710132800011,0.9628571,0.9628571,0.0,1.0,0.9480947852134703,0.9333333333333332,1.0,,,,True,1.0,0.8350000000000003,21710132800011,0.9628571,0.0,AUTO_RISK,21710132800011
8798,AUTO_RISK,50952408800010,0.8083832,0.8083832,0.0,1.0,0.8751944899559021,0.7185185185185187,0.5,,,,True,0.9961977005004883,0.8350000000000003,50952408800010,0.8083832,0.0,AUTO_RISK,50952408800010
8799,AUTO_RISK,40320028000028,0.9848485,0.9848485,0.0,1.0,1.0,1.0,1.0,,,,True,1.0,0.8350000000000003,40320028000028,0.9848485,0.0,AUTO_RISK,40320028000028
8823,REVIEW,81103488300041,0.42696628,0.42696628,0.0,1.0,0.8393324613571167,0.92,0.5,,,,,0.817460298538208,0.8350000000000003,,,,REVIEW,81103488300041
8825,REVIEW,38235378700056,0.9848485,0.20704846,0.7778,4.7566085,1.0,1.0,1.0,,,,,0.913385808467865,0.8350000000000003,,,,REVIEW,38235378700056
8827,REVIEW,34877295500178,0.96533334,0.63245034,0.332883,1.5263386,1.0000001192092896,1.0,1.0,,,,,0.817460298538208,0.8350000000000003,,,,REVIEW,34877295500178
8828,REVIEW,51352504800023,0.96533334,0.69402987,0.27130347,1.3909104,0.9999998807907104,1.0,1.0,,,,,0.817460298538208,0.8350000000000003,,,,REVIEW,51352504800023
8829,AUTO_RISK,20006232100019,0.42696628,0.42696628,0.0,1.0,0.8895307183265686,0.8615384615384615,0.5,,,,,1.0,0.8350000000000003,,,,AUTO_RISK,20006232100019
8833,AUTO_RISK,53854090700010,0.9048583,0.008073818,0.8967845,112.07316,0.806571364402771,0.9230769230769232,0.6666666666666666,,,,,1.0,0.8350000000000003,,,,AUTO_RISK,53854090700010
8849,REVIEW,35249564200022,0.42696628,0.26684636,0.16011992,1.6000453,0.7510396838188171,0.5888888888888889,0.3333333333333333,,,,,0.2857142984867096,0.8350000000000003,,,,REVIEW,35249564200022
8850,REVIEW,75330823807228,0.8766756,0.016393442,0.8602822,53.477215,0.9322357177734376,0.8857142857142858,0.5,,,,,0.817460298538208,0.8350000000000003,,,,REVIEW,75330823807228
8851,REVIEW,49325464300023,0.96533334,0.8419811,0.12335223,1.1465024,0.9999999403953552,1.0,1.0,,,,,0.49180328845977783,0.8350000000000003,,,,REVIEW,49325464300023
8854,AUTO_RISK,38952482800057,0.8766756,0.008073818,0.8686018,108.582535,0.9322777390480042,0.8500000000000001,0.5,,,,,1.0,0.8350000000000003,,,,AUTO_RISK,38952482800057
8860,AUTO_RISK,48090873000082,0.9848485,0.0011969598,0.9836515,822.7917,1.0,1.0,1.0,,,,,1.0,0.8350000000000003,,,,AUTO_RISK,48090873000082
8861,REVIEW,42177020700023,0.9048583,0.16865079,0.7362075,5.3652773,0.8343223333358765,0.8332631578947369,0.3333333333333333,,,,,0.817460298538208,0.8350000000000003,,,,REVIEW,42177020700023
887,REVIEW,35145475600021,0.8083832,0.42696628,0.38141695,1.8933187,0.73663330078125,0.5103174603174603,0.0,,,,,0.65625,0.8350000000000003,,,,REVIEW,35145475600021
8880,AUTO_RISK,42867279400180,0.9559322,0.016393442,0.9395388,58.311867,0.8610430359840393,1.0,1.0,,,,,0.9961977005004883,0.8350000000000003,,,,AUTO_RISK,42867279400180
8885,REVIEW,52754933100017,0.8766756,0.8419811,0.034694493,1.0412058,0.9735766649246216,0.8600217864923746,0.6666666666666666,,,,,0.6111111044883728,0.8350000000000003,,,,REVIEW,52754933100017
8888,REVIEW,77572023800226,0.42696628,0.16865079,0.2583155,2.531659,0.5288064479827881,0.614021164021164,0.0,,,,,0.699999988079071,0.8350000000000003,,,,REVIEW,77572023800226
8891,REVIEW,03884770300022,0.26684636,0.20704846,0.059797898,1.2888111,0.642026960849762,0.7332255639097744,0.0,,,,,0.2857142984867096,0.8350000000000003,,,,REVIEW,03884770300022
8892,REVIEW,82264367200014,0.008073818,0.006139992,0.0019338261,1.3149558,0.4000986814498901,0.5833333333333334,0.0,,,,,0.6111111044883728,0.8350000000000003,,,,REVIEW,82264367200014
8896,REVIEW,13000548123392,0.1,0.05142857,0.04857143,1.9444444,0.0,0.4444444444444444,0.0,,,,,0.4981861114501953,0.8350000000000003,,,,REVIEW,13000548123392
8900,AUTO_RISK,35089064600036,0.6739812,0.0011969598,0.6727842,563.0776,0.5106343030929565,0.5716588636792372,0.0,,,,,1.0,0.8350000000000003,,,,AUTO_RISK,35089064600036
891,AUTO_RISK,40039706300019,0.9559322,0.9559322,0.0,1.0,1.0,1.0,1.0,,,,True,1.0,0.8350000000000003,40039706300019,0.9559322,0.0,AUTO_RISK,40039706300019
8915,REVIEW,44007684200036,0.96533334,0.63245034,0.332883,1.5263386,1.0,1.0,1.0,,,,,0.817460298538208,0.8350000000000003,,,,REVIEW,44007684200036
8919,REVIEW,50383643900029,0.05142857,0.05142857,0.0,1.0,0.3124282360076904,0.5283574879227054,0.0,,,,,0.65625,0.8350000000000003,,,,REVIEW,50383643900029
8929,AUTO_RISK,32514966400030,0.9871795,0.008073818,0.9791057,122.26923,1.0,1.0,1.0,,,,,1.0,0.8350000000000003,,,,AUTO_RISK,32514966400030
8941,REVIEW,60980139400121,0.96533334,0.5191083,0.44622505,1.8595991,0.9999998807907104,1.0,1.0,,,,,0.913385808467865,0.8350000000000003,,,,REVIEW,60980139400121
8943,REVIEW,47801632200024,0.96533334,0.20704846,0.75828487,4.6623545,1.0,1.0,1.0,,,,,0.8307692408561707,0.8350000000000003,,,,REVIEW,47801632200024
8946,REVIEW,44348079300027,0.6739812,0.42696628,0.24701491,1.578535,0.7868579626083374,0.8488095238095238,0.25,,,,,0.1428571492433548,0.8350000000000003,,,,REVIEW,44348079300027
8952,REVIEW,48201648200036,0.69402987,0.26684636,0.4271835,2.6008594,1.0,1.0,1.0,,,,,0.6111111044883728,0.8350000000000003,,,,REVIEW,48201648200036
8955,REVIEW,50943381900042,0.92098767,0.26684636,0.6541413,3.451378,0.9999998807907104,1.0,1.0,,,,,0.8307692408561707,0.8350000000000003,,,,REVIEW,50943381900042
8969,REVIEW,40807360900039,0.63245034,0.2,0.43245035,3.1622517,0.7915743589401245,0.8655518394648829,0.4,,,,,0.699999988079071,0.8350000000000003,,,,REVIEW,40807360900039
8975,AUTO_RISK,31826529500010,0.96533334,0.0021415188,0.9631918,450.77045,1.0000001192092896,1.0,1.0,,,,,1.0,0.8350000000000003,,,,AUTO_RISK,31826529500010
8979,REVIEW,34172431800074,0.8766756,0.20704846,0.66962713,4.2341566,0.8468984365463257,0.8205128205128206,0.5,,,,,0.699999988079071,0.8350000000000003,,,,REVIEW,34172431800074
8980,REVIEW,44139000200042,0.9479167,0.5191083,0.4288084,1.826048,1.0,1.0,1.0,,,,,0.699999988079071,0.8350000000000003,,,,REVIEW,44139000200042
8987,REVIEW,80813757400014,0.9048583,0.05142857,0.85342973,17.594467,0.97517991065979,0.9888888888888888,0.3333333333333333,,,,,0.913385808467865,0.8350000000000003,,,,REVIEW,80813757400014
8989,REVIEW,37811411001685,0.63245034,0.42696628,0.20548406,1.4812653,0.7635982036590576,0.8288461538461539,0.0,,,,,0.65625,0.8350000000000003,,,,REVIEW,37811411001685
8993,REVIEW,82075281400013,0.9559322,0.05142857,0.90450364,18.58757,1.0,1.0,1.0,,,,,0.913385808467865,0.8350000000000003,,,,REVIEW,82075281400013
9,AUTO_RISK,17770001000016,0.8083832,0.8083832,0.0,1.0,0.8616025447845459,0.865,0.2,,,,True,1.0,0.8350000000000003,17770001000016,0.8083832,0.0,AUTO_RISK,17770001000016
9000,REVIEW,44446945600016,0.26684636,0.1,0.16684636,2.6684635,0.0,0.3684210526315789,0.0,,,,,0.913385808467865,0.8350000000000003,,,,REVIEW,44446945600016
9002,AUTO_RISK,50286119800039,0.9559322,0.006139992,0.9497922,155.68948,1.0,1.0,1.0,,,,,1.0,0.8350000000000003,,,,AUTO_RISK,50286119800039
9024,AUTO_RISK,80120886900017,0.7966102,0.006139992,0.7904702,129.74124,0.7697922587394714,0.8282063269440548,0.1666666666666666,,,,,0.9961977005004883,0.8350000000000003,,,,AUTO_RISK,80120886900017
9029,AUTO_RISK,53039733000032,0.6739812,0.6739812,0.0,1.0,0.867840051651001,0.8782258064516129,0.6,,,,True,1.0,0.8350000000000003,53039733000032,0.6739812,0.0,AUTO_RISK,53039733000032
9034,REVIEW,98244439000024,0.42696628,0.42696628,0.0,1.0,0.6390894055366516,0.849099836333879,0.6,,,,,0.49180328845977783,0.8350000000000003,,,,REVIEW,98244439000024
9035,AUTO_RISK,99809601000017,0.8083832,0.8083832,0.0,1.0,0.9148719310760498,0.8303030303030302,0.5,,,,True,1.0,0.8350000000000003,99809601000017,0.8083832,0.0,AUTO_RISK,99809601000017
9036,REVIEW,21690256900013,0.39823008,0.05142857,0.34680152,7.7433624,0.5412150621414185,0.5897385620915033,0.0,,,,,0.913385808467865,0.8350000000000003,,,,REVIEW,21690256900013
9040,AUTO_RISK,49491229800028,0.39823008,0.39823008,0.0,1.0,0.7901418805122375,0.8857142857142858,0.5,,,,True,1.0,0.8350000000000003,49491229800028,0.39823008,0.0,AUTO_RISK,49491229800028
9042,REVIEW,06780042505223,0.05142857,0.007380074,0.044048496,6.968571,0.4411580860614776,0.6108861898335581,0.1428571428571428,,,,,0.699999988079071,0.8350000000000003,,,,REVIEW,06780042505223
9044,AUTO_RISK,52354089600025,0.8766756,0.8766756,0.0,1.0,0.8356429934501648,0.8541666666666666,0.5,,,,True,1.0,0.8350000000000003,52354089600025,0.8766756,0.0,AUTO_RISK,52354089600025
9047,AUTO_RISK,37888475300021,0.9048583,0.9048583,0.0,1.0,0.8451967239379883,0.8303030303030302,0.5,,,,True,1.0,0.8350000000000003,37888475300021,0.9048583,0.0,AUTO_RISK,37888475300021
9059,AUTO_RISK,44260141500015,0.5191083,0.5191083,0.0,1.0,0.6973047256469727,0.9333333333333332,0.6666666666666666,,,,True,1.0,0.8350000000000003,44260141500015,0.5191083,0.0,AUTO_RISK,44260141500015
906,REVIEW,88841338200019,0.20704846,0.16865079,0.03839767,1.2276756,0.798487663269043,0.7328042328042329,0.5,,,,,0.0,0.8350000000000003,,,,REVIEW,88841338200019
9079,REVIEW,44386676900252,0.9848485,0.63245034,0.35239816,1.557195,1.0,1.0,1.0,,,,,0.817460298538208,0.8350000000000003,,,,REVIEW,44386676900252
9086,AUTO_RISK,35880226200297,0.9628571,0.9628571,0.0,1.0,1.0,1.0,1.0,,,,True,1.0,0.8350000000000003,35880226200297,0.9628571,0.0,AUTO_RISK,35880226200297
9091,AUTO_RISK,77554402600856,0.96533334,0.05142857,0.9139048,18.77037,1.0,1.0,1.0,,,,,0.9961977005004883,0.8350000000000003,,,,AUTO_RISK,77554402600856
9094,AUTO_RISK,33961065100103,1.0,0.007380074,0.99261993,135.5,0.7183440923690796,1.0,1.0,,,,,1.0,0.8350000000000003,,,,AUTO_RISK,33961065100103
9109,AUTO_RISK,35214040400018,0.9871795,0.007380074,0.97979945,133.76282,0.9999999403953552,1.0,1.0,,,,,1.0,0.8350000000000003,,,,AUTO_RISK,35214040400018
9115,REVIEW,39922671100014,0.007380074,0.0052724076,0.0021076663,1.399754,0.5308703184127808,0.611111111111111,0.0,,,,,0.5962178111076355,0.8350000000000003,,,,REVIEW,39922671100014
9121,AUTO_RISK,34154211600015,0.96533334,0.96533334,0.0,1.0,1.0,1.0,1.0,,,,True,1.0,0.8350000000000003,34154211600015,0.96533334,0.0,AUTO_RISK,34154211600015
9124,AUTO_RISK,79798387100030,0.9628571,0.9628571,0.0,1.0,1.0000001192092896,1.0,1.0,,,,True,1.0,0.8350000000000003,79798387100030,0.9628571,0.0,AUTO_RISK,79798387100030
9130,REVIEW,06250036800170,0.7966102,0.021181718,0.7754285,37.608383,0.8449440002441406,0.8773333333333333,0.3333333333333333,,,,,0.942307710647583,0.8350000000000003,,,,REVIEW,06250036800170
9133,AUTO_RISK,33256495400482,0.9048583,0.006139992,0.8987183,147.37125,0.8583353757858276,0.8625,0.5,,,,,1.0,0.8350000000000003,,,,AUTO_RISK,33256495400482
9136,AUTO_RISK,87974658400017,0.8419811,0.8419811,0.0,1.0,0.7632604837417603,1.0,1.0,,,,True,1.0,0.8350000000000003,87974658400017,0.8419811,0.0,AUTO_RISK,87974658400017
9147,AUTO_RISK,77563330801882,1.0,0.05142857,0.94857144,19.444445,0.9999998807907104,1.0,1.0,,,,,1.0,0.8350000000000003,,,,AUTO_RISK,77563330801882
9148,AUTO_RISK,40777517000043,0.9048583,0.9048583,0.0,1.0,0.9999999403953552,1.0,1.0,,,,True,1.0,0.8350000000000003,40777517000043,0.9048583,0.0,AUTO_RISK,40777517000043
9153,AUTO_RISK,42895191700080,0.92098767,0.92098767,0.0,1.0,0.8826481103897095,0.9692307692307692,0.0,,,,True,1.0,0.8350000000000003,42895191700080,0.92098767,0.0,AUTO_RISK,42895191700080
9156,AUTO_RISK,49446855600035,0.9628571,0.9628571,0.0,1.0,0.9521688222885132,1.0,1.0,,,,True,1.0,0.8350000000000003,49446855600035,0.9628571,0.0,AUTO_RISK,49446855600035
9160,AUTO_RISK,42989163300118,0.96533334,0.96533334,0.0,1.0,0.9999999403953552,1.0,1.0,,,,True,1.0,0.8350000000000003,42989163300118,0.96533334,0.0,AUTO_RISK,42989163300118
9177,REVIEW,50501198100139,0.9048583,0.16865079,0.7362075,5.3652773,1.0,0.9866666666666668,0.25,,,,,0.817460298538208,0.8350000000000003,,,,REVIEW,50501198100139
9178,AUTO_RISK,66204244921101,0.96533334,0.96533334,0.0,1.0,0.9348142147064208,1.0,1.0,,,,True,1.0,0.8350000000000003,66204244921101,0.96533334,0.0,AUTO_RISK,66204244921101
9179,AUTO_RISK,39236244800194,0.96533334,0.96533334,0.0,1.0,0.8312448263168335,0.961790780141844,0.5714285714285714,,,,True,1.0,0.8350000000000003,39236244800194,0.96533334,0.0,AUTO_RISK,39236244800194
9181,AUTO_RISK,66204244929203,0.69402987,0.69402987,0.0,1.0,0.95773583650589,0.91,0.6666666666666666,,,,True,1.0,0.8350000000000003,66204244929203,0.69402987,0.0,AUTO_RISK,66204244929203
9186,AUTO_RISK,48193065900067,0.63245034,0.63245034,0.0,1.0,0.906158447265625,0.9428571428571428,0.5,,,,True,1.0,0.8350000000000003,48193065900067,0.63245034,0.0,AUTO_RISK,48193065900067
9189,REVIEW,52476984100031,0.42696628,0.2,0.22696628,2.1348314,0.0,0.4898148148148148,0.1428571428571428,,,,,0.6111111044883728,0.8350000000000003,,,,REVIEW,52476984100031
9198,REVIEW,34458481800282,0.42696628,0.05142857,0.3755377,8.302122,0.6819757223129272,0.5866114561766734,0.0,,,,,0.913385808467865,0.8350000000000003,,,,REVIEW,34458481800282
9200,AUTO_RISK,58213743600090,0.9559322,0.9559322,0.0,1.0,0.7156428098678589,1.0,1.0,,,,True,1.0,0.8350000000000003,58213743600090,0.9559322,0.0,AUTO_RISK,58213743600090
9208,AUTO_RISK,97150286900037,0.9848485,0.9848485,0.0,1.0,1.0,1.0,1.0,,,,True,1.0,0.8350000000000003,97150286900037,0.9848485,0.0,AUTO_RISK,97150286900037
921,REVIEW,34892358200012,0.0875,0.05142857,0.036071427,1.7013888,0.836312472820282,0.7298850574712644,0.25,,,,,0.2857142984867096,0.8350000000000003,,,,REVIEW,34892358200012
9213,REVIEW,38060206000168,0.8766756,0.8766756,0.0,1.0,0.9362460374832152,0.8923076923076924,0.5,,,,,0.817460298538208,0.8350000000000003,,,,REVIEW,38060206000168
9216,AUTO_RISK,41020129700042,0.9048583,0.9048583,0.0,1.0,0.6513934135437012,1.0,1.0,,,,True,1.0,0.8350000000000003,41020129700042,0.9048583,0.0,AUTO_RISK,41020129700042
9217,AUTO_RISK,50028663800282,0.9559322,0.9559322,0.0,1.0,0.9999998807907104,1.0,1.0,,,,True,0.9961977005004883,0.8350000000000003,50028663800282,0.9559322,0.0,AUTO_RISK,50028663800282
9222,AUTO_RISK,42456289000030,0.9559322,0.9559322,0.0,1.0,1.0,1.0,1.0,,,,True,1.0,0.8350000000000003,42456289000030,0.9559322,0.0,AUTO_RISK,42456289000030
9235,REVIEW,44446428300084,0.42696628,0.42696628,0.0,1.0,0.7503337860107422,0.9405405405405406,0.8,,,,True,0.2857142984867096,0.8350000000000003,44446428300084,0.42696628,0.0,REVIEW,44446428300084
9246,AUTO_RISK,40316274600024,0.96533334,0.96533334,0.0,1.0,0.9999998807907104,1.0,1.0,,,,True,1.0,0.8350000000000003,40316274600024,0.96533334,0.0,AUTO_RISK,40316274600024
9253,AUTO_RISK,84443588300054,0.9433962,0.9433962,0.0,1.0,0.958622932434082,0.9528138528138528,0.25,,,,True,1.0,0.8350000000000003,84443588300054,0.9433962,0.0,AUTO_RISK,84443588300054
9256,AUTO_RISK,31592089200066,0.9628571,0.9628571,0.0,1.0,1.0,1.0,1.0,,,,True,1.0,0.8350000000000003,31592089200066,0.9628571,0.0,AUTO_RISK,31592089200066
9261,AUTO_RISK,43902420900124,0.9559322,0.9559322,0.0,1.0,1.0,1.0,1.0,,,,True,1.0,0.8350000000000003,43902420900124,0.9559322,0.0,AUTO_RISK,43902420900124
9270,REVIEW,44795506300014,0.92098767,0.39823008,0.5227576,2.3127024,1.0,1.0,1.0,,,,,0.6111111044883728,0.8350000000000003,,,,REVIEW,44795506300014
9272,AUTO_RISK,77975901800020,0.96533334,0.96533334,0.0,1.0,0.8045579195022583,1.0,1.0,,,,True,1.0,0.8350000000000003,77975901800020,0.96533334,0.0,AUTO_RISK,77975901800020
928,AUTO_RISK,13000038300013,0.8903901,0.006139992,0.8842501,145.01486,0.7147117853164673,0.8533333333333333,0.0,,,,,1.0,0.8350000000000003,,,,AUTO_RISK,13000038300013
9283,AUTO_RISK,41080221900031,0.9848485,0.9848485,0.0,1.0,1.0,1.0,1.0,,,,True,1.0,0.8350000000000003,41080221900031,0.9848485,0.0,AUTO_RISK,41080221900031
9286,AUTO_RISK,77982773200040,0.33582088,0.33582088,0.0,1.0,0.6402360200881958,0.6590038314176244,0.0,,,,True,0.9961977005004883,0.8350000000000003,77982773200040,0.33582088,0.0,AUTO_RISK,77982773200040
9301,AUTO_RISK,44309406500259,0.9048583,0.9048583,0.0,1.0,0.9048070907592772,0.8307692307692308,0.25,,,,True,1.0,0.8350000000000003,44309406500259,0.9048583,0.0,AUTO_RISK,44309406500259
9302,AUTO_RISK,44309406500317,0.9048583,0.9048583,0.0,1.0,0.9048070907592772,0.8307692307692308,0.25,,,,True,0.9961977005004883,0.8350000000000003,44309406500317,0.9048583,0.0,AUTO_RISK,44309406500317
932,AUTO_RISK,17800430500169,0.8766756,0.8766756,0.0,1.0,0.8989769220352173,0.8861480075901328,0.6666666666666666,,,,True,1.0,0.8350000000000003,17800430500169,0.8766756,0.0,AUTO_RISK,17800430500169
9321,REVIEW,19690042700010,0.8766756,0.36363637,0.51303923,2.410858,0.6912800073623657,0.6907332433648223,0.4,,,,,0.817460298538208,0.8350000000000003,,,,REVIEW,19690042700010
9325,AUTO_RISK,19692968100019,0.92098767,0.92098767,0.0,1.0,0.6993403434753418,0.8688888888888889,0.4444444444444444,,,,True,1.0,0.8350000000000003,19692968100019,0.92098767,0.0,AUTO_RISK,19692968100019
9368,AUTO_RISK,77564828000029,0.8419811,0.8419811,0.0,1.0,0.90929913520813,0.5381836945304438,0.25,,,,True,1.0,0.8350000000000003,77564828000029,0.8419811,0.0,AUTO_RISK,77564828000029
9369,AUTO_RISK,77564828000789,0.69402987,0.69402987,0.0,1.0,0.8507741689682007,0.6378066378066377,0.0,,,,True,1.0,0.8350000000000003,77564828000789,0.69402987,0.0,AUTO_RISK,77564828000789
9370,AUTO_RISK,77564828000441,0.7966102,0.0021415188,0.79446864,371.98376,0.9046857953071594,0.5065359477124183,0.0,,,,,1.0,0.8350000000000003,,,,AUTO_RISK,77564828000441
9371,AUTO_RISK,77564828000243,0.7966102,0.7966102,0.0,1.0,0.7360207438468933,0.6916940689319206,0.4,,,,True,1.0,0.8350000000000003,77564828000243,0.7966102,0.0,AUTO_RISK,77564828000243
9372,AUTO_RISK,77564828000698,0.20704846,0.20704846,0.0,1.0,0.828234851360321,0.7509157509157509,0.5,,,,True,1.0,0.8350000000000003,77564828000698,0.20704846,0.0,AUTO_RISK,77564828000698
9373,AUTO_RISK,77564828000334,0.8083832,0.8083832,0.0,1.0,0.7509368658065796,0.5930799220272904,0.2857142857142857,,,,True,1.0,0.8350000000000003,77564828000334,0.8083832,0.0,AUTO_RISK,77564828000334
9374,AUTO_RISK,77564828000631,0.42696628,0.42696628,0.0,1.0,0.7590875625610352,0.7074074074074074,0.4,,,,True,1.0,0.8350000000000003,77564828000631,0.42696628,0.0,AUTO_RISK,77564828000631
9375,AUTO_RISK,77564828000615,0.26684636,0.26684636,0.0,1.0,0.8733484745025635,0.6449805068226121,0.3333333333333333,,,,True,1.0,0.8350000000000003,77564828000615,0.26684636,0.0,AUTO_RISK,77564828000615
9376,AUTO_RISK,77564828000268,0.721519,0.721519,0.0,1.0,0.8759239315986633,0.6751851851851852,0.4,,,,True,1.0,0.8350000000000003,77564828000268,0.721519,0.0,AUTO_RISK,77564828000268
9377,AUTO_RISK,77564828000367,0.8419811,0.8419811,0.0,1.0,0.8540288209915161,0.6158071947545632,0.25,,,,True,1.0,0.8350000000000003,77564828000367,0.8419811,0.0,AUTO_RISK,77564828000367
9378,REVIEW,32738850000032,0.8083832,0.016393442,0.7919898,49.31138,0.863898515701294,0.689712248535778,0.25,,,,,0.8307692408561707,0.8350000000000003,,,,REVIEW,32738850000032
9379,AUTO_RISK,77564828000300,0.6739812,0.6739812,0.0,1.0,0.8544275760650635,0.6267080745341614,0.4,,,,True,1.0,0.8350000000000003,77564828000300,0.6739812,0.0,AUTO_RISK,77564828000300
9380,AUTO_RISK,77564828000466,0.69402987,0.69402987,0.0,1.0,0.8278874158859253,0.6532976827094474,0.25,,,,True,1.0,0.8350000000000003,77564828000466,0.69402987,0.0,AUTO_RISK,77564828000466
9381,AUTO_RISK,77564828000664,0.69402987,0.69402987,0.0,1.0,0.8074085712432861,0.604527051895473,0.0,,,,True,1.0,0.8350000000000003,77564828000664,0.69402987,0.0,AUTO_RISK,77564828000664
9382,AUTO_RISK,77564828000284,0.021181718,0.021181718,0.0,1.0,0.8157191872596741,0.6264245014245015,0.4,,,,True,1.0,0.8350000000000003,77564828000284,0.021181718,0.0,AUTO_RISK,77564828000284
9383,REVIEW,77564828000375,0.26684636,0.016393442,0.2504529,16.277628,0.0,0.4912280701754385,0.0,,,,,0.913385808467865,0.8350000000000003,,,,REVIEW,77564828000375
9384,AUTO_RISK,77564828000037,0.775,0.775,0.0,1.0,0.781417965888977,0.720899470899471,0.4,,,,True,1.0,0.8350000000000003,77564828000037,0.775,0.0,AUTO_RISK,77564828000037
9385,AUTO_RISK,77564828000045,0.8083832,0.8083832,0.0,1.0,0.8597849011421204,0.6708994708994709,0.2,,,,True,1.0,0.8350000000000003,77564828000045,0.8083832,0.0,AUTO_RISK,77564828000045
9386,AUTO_RISK,77564828000383,0.8419811,0.8419811,0.0,1.0,0.8319417238235474,0.537878787878788,0.1666666666666666,,,,True,1.0,0.8350000000000003,77564828000383,0.8419811,0.0,AUTO_RISK,77564828000383
939,REVIEW,17690155100018,0.6739812,0.26684636,0.40713483,2.5257275,0.6348731517791748,0.8888888888888888,0.5,,,,,0.4736842215061188,0.8350000000000003,,,,REVIEW,17690155100018
9392,AUTO_RISK,44033346600256,0.8419811,0.8419811,0.0,1.0,0.8071789741516113,0.8216450216450216,0.2,,,,True,1.0,0.8350000000000003,44033346600256,0.8419811,0.0,AUTO_RISK,44033346600256
9396,AUTO_RISK,81865878300027,0.9848485,0.9848485,0.0,1.0,0.9999998807907104,1.0,1.0,,,,True,1.0,0.8350000000000003,81865878300027,0.9848485,0.0,AUTO_RISK,81865878300027
9403,AUTO_RISK,96250586300036,0.96533334,0.96533334,0.0,1.0,0.8483223915100098,0.975,0.75,,,,True,1.0,0.8350000000000003,96250586300036,0.96533334,0.0,AUTO_RISK,96250586300036
941,REVIEW,18440142000015,0.8766756,0.26684636,0.60982925,3.2853198,0.8170198798179626,0.6051030668677727,0.3333333333333333,,,,,0.65625,0.8350000000000003,,,,REVIEW,18440142000015
9412,AUTO_RISK,31906007501415,0.6739812,0.6739812,0.0,1.0,0.7113412618637085,0.5676190476190476,0.2,,,,True,1.0,0.8350000000000003,31906007501415,0.6739812,0.0,AUTO_RISK,31906007501415
9428,AUTO_RISK,51478978300032,0.92098767,0.92098767,0.0,1.0,0.8371009230613708,0.9125,0.5,,,,True,1.0,0.8350000000000003,51478978300032,0.92098767,0.0,AUTO_RISK,51478978300032
9434,AUTO_RISK,80845710500035,0.92098767,0.92098767,0.0,1.0,0.9794484376907348,1.0,1.0,,,,True,1.0,0.8350000000000003,80845710500035,0.92098767,0.0,AUTO_RISK,80845710500035
9446,AUTO_RISK,43830385100028,0.96533334,0.008073818,0.95725954,119.56343,0.8904052972793579,1.0,1.0,,,,,1.0,0.8350000000000003,,,,AUTO_RISK,43830385100028
9447,AUTO_RISK,43830385100010,0.9479167,0.9479167,0.0,1.0,0.8904052972793579,1.0,1.0,,,,True,1.0,0.8350000000000003,43830385100010,0.9479167,0.0,AUTO_RISK,43830385100010
9449,REVIEW,50163326700163,0.9479167,0.33582088,0.61209583,2.8226852,0.9999998807907104,1.0,1.0,,,,,0.65625,0.8350000000000003,,,,REVIEW,50163326700163
9453,AUTO_RISK,31548378400098,0.92098767,0.92098767,0.0,1.0,0.7445881366729736,1.0,1.0,,,,True,1.0,0.8350000000000003,31548378400098,0.92098767,0.0,AUTO_RISK,31548378400098
9455,AUTO_RISK,52367531200012,0.96533334,0.96533334,0.0,1.0,0.8505234718322754,1.0,1.0,,,,True,1.0,0.8350000000000003,52367531200012,0.96533334,0.0,AUTO_RISK,52367531200012
9467,AUTO_RISK,97350050700023,1.0,0.016393442,0.9836066,61.000004,0.8476951718330383,1.0,1.0,,,,,1.0,0.8350000000000003,,,,AUTO_RISK,97350050700023
947,REVIEW,44368377600043,0.42696628,0.11363637,0.3133299,3.7573032,0.952984094619751,0.540954415954416,0.5,,,,,0.65625,0.8350000000000003,,,,REVIEW,44368377600043
9470,AUTO_RISK,40448555900037,0.9433962,0.9433962,0.0,1.0,0.9030812978744508,0.9888888888888888,0.3333333333333333,,,,True,1.0,0.8350000000000003,40448555900037,0.9433962,0.0,AUTO_RISK,40448555900037
9471,AUTO_RISK,42325592600036,0.9479167,0.9479167,0.0,1.0,0.9038538932800292,0.968421052631579,0.6666666666666666,,,,True,1.0,0.8350000000000003,42325592600036,0.9479167,0.0,AUTO_RISK,42325592600036
9476,AUTO_RISK,79810113500027,0.9559322,0.9559322,0.0,1.0,0.9999999403953552,1.0,1.0,,,,True,1.0,0.8350000000000003,79810113500027,0.9559322,0.0,AUTO_RISK,79810113500027
9481,AUTO_RISK,39236472500029,0.96533334,0.96533334,0.0,1.0,0.9897515773773192,1.0,1.0,,,,True,1.0,0.8350000000000003,39236472500029,0.96533334,0.0,AUTO_RISK,39236472500029
9486,AUTO_RISK,40807693300022,0.9479167,0.9479167,0.0,1.0,0.8166907429695129,1.0,1.0,,,,True,1.0,0.8350000000000003,40807693300022,0.9479167,0.0,AUTO_RISK,40807693300022
9487,AUTO_RISK,83956776500012,0.9048583,0.9048583,0.0,1.0,0.4662156105041504,1.0,1.0,,,,True,1.0,0.8350000000000003,83956776500012,0.9048583,0.0,AUTO_RISK,83956776500012
9502,AUTO_RISK,32794823800024,0.96533334,0.96533334,0.0,1.0,0.7548702955245972,1.0,1.0,,,,True,1.0,0.8350000000000003,32794823800024,0.96533334,0.0,AUTO_RISK,32794823800024
9508,AUTO_RISK,39235028600010,0.96533334,0.96533334,0.0,1.0,0.8886178731918335,1.0,1.0,,,,True,1.0,0.8350000000000003,39235028600010,0.96533334,0.0,AUTO_RISK,39235028600010
9513,AUTO_RISK,79934530100011,0.9628571,0.9628571,0.0,1.0,0.9641386270523072,1.0,1.0,,,,True,0.9961977005004883,0.8350000000000003,79934530100011,0.9628571,0.0,AUTO_RISK,79934530100011
9522,AUTO_RISK,49992585700074,0.9479167,0.9479167,0.0,1.0,0.9008842706680298,0.9904761904761904,0.5,,,,True,1.0,0.8350000000000003,49992585700074,0.9479167,0.0,AUTO_RISK,49992585700074
9523,AUTO_RISK,38517668000036,0.9048583,0.9048583,0.0,1.0,0.7861518263816833,0.936,0.6666666666666666,,,,True,1.0,0.8350000000000003,38517668000036,0.9048583,0.0,AUTO_RISK,38517668000036
9537,AUTO_RISK,43299378000043,0.92098767,0.92098767,0.0,1.0,0.9999998807907104,1.0,1.0,,,,True,1.0,0.8350000000000003,43299378000043,0.92098767,0.0,AUTO_RISK,43299378000043
9543,AUTO_RISK,52906632600032,0.92098767,0.92098767,0.0,1.0,0.9505946636199952,0.9575757575757576,0.8,,,,True,1.0,0.8350000000000003,52906632600032,0.92098767,0.0,AUTO_RISK,52906632600032
9544,AUTO_RISK,52906632600057,0.42696628,0.42696628,0.0,1.0,0.8803277015686035,0.93,0.6666666666666666,,,,True,1.0,0.8350000000000003,52906632600057,0.42696628,0.0,AUTO_RISK,52906632600057
9553,AUTO_RISK,20003667100028,0.9433962,0.9433962,0.0,1.0,0.745046854019165,0.9945205479452056,0.7142857142857143,,,,True,1.0,0.8350000000000003,20003667100028,0.9433962,0.0,AUTO_RISK,20003667100028
9554,AUTO_RISK,48060811600020,0.96533334,0.96533334,0.0,1.0,1.0,1.0,1.0,,,,True,1.0,0.8350000000000003,48060811600020,0.96533334,0.0,AUTO_RISK,48060811600020
9563,AUTO_RISK,79341104200013,0.8083832,0.8083832,0.0,1.0,0.89202880859375,0.6888888888888888,0.0,,,,True,1.0,0.8350000000000003,79341104200013,0.8083832,0.0,AUTO_RISK,79341104200013
9564,REVIEW,38529331100069,0.96533334,0.9048583,0.06047505,1.0668337,0.8874408006668091,1.0,1.0,,,,True,0.08163265138864517,0.8350000000000003,38529331100069,0.96533334,0.0,REVIEW,38529331100069
9579,REVIEW,82064008400019,0.92098767,0.26684636,0.6541413,3.451378,0.9352145195007324,0.9181488203266788,0.6,,,,,0.913385808467865,0.8350000000000003,,,,REVIEW,82064008400019
9594,REVIEW,79433953100012,0.9433962,0.05142857,0.89196765,18.343815,1.0,1.0,1.0,,,,,0.913385808467865,0.8350000000000003,,,,REVIEW,79433953100012
960,AUTO_RISK,42505055601577,0.9479167,0.9479167,0.0,1.0,1.0,1.0,1.0,,,,True,1.0,0.8350000000000003,42505055601577,0.9479167,0.0,AUTO_RISK,42505055601577
9608,AUTO_RISK,61850240500334,0.9559322,0.9559322,0.0,1.0,1.0000001192092896,1.0,1.0,,,,True,1.0,0.8350000000000003,61850240500334,0.9559322,0.0,AUTO_RISK,61850240500334
9613,AUTO_RISK,40538108800054,0.92098767,0.92098767,0.0,1.0,0.8127717971801758,1.0,1.0,,,,True,1.0,0.8350000000000003,40538108800054,0.92098767,0.0,AUTO_RISK,40538108800054
9618,AUTO_RISK,37993326000042,0.5191083,0.5191083,0.0,1.0,0.9446362257003784,0.9182393162393164,0.25,,,,True,1.0,0.8350000000000003,37993326000042,0.5191083,0.0,AUTO_RISK,37993326000042
9621,AUTO_RISK,53470496000036,0.8766756,0.8766756,0.0,1.0,0.9288372993469238,0.8303030303030302,0.5,,,,True,1.0,0.8350000000000003,53470496000036,0.8766756,0.0,AUTO_RISK,53470496000036
9622,AUTO_RISK,43500117700011,0.8419811,0.8419811,0.0,1.0,1.0,1.0,1.0,,,,True,0.9961977005004883,0.8350000000000003,43500117700011,0.8419811,0.0,AUTO_RISK,43500117700011
9638,AUTO_RISK,35221329200019,0.9848485,0.9848485,0.0,1.0,0.9999999403953552,1.0,1.0,,,,True,1.0,0.8350000000000003,35221329200019,0.9848485,0.0,AUTO_RISK,35221329200019
9640,AUTO_RISK,90890885800016,0.96533334,0.008073818,0.95725954,119.56343,1.0,1.0,1.0,,,,,1.0,0.8350000000000003,,,,AUTO_RISK,90890885800016
9661,AUTO_RISK,44535938300079,0.63245034,0.63245034,0.0,1.0,0.7220314741134644,0.5935185185185186,0.1428571428571428,,,,True,1.0,0.8350000000000003,44535938300079,0.63245034,0.0,AUTO_RISK,44535938300079
9664,REVIEW,42062539400036,0.9048583,0.6739812,0.2308771,1.3425572,0.9269273281097412,0.89,0.6666666666666666,,,,,0.49180328845977783,0.8350000000000003,,,,REVIEW,42062539400036
9673,AUTO_RISK,50474018400016,0.96533334,0.96533334,0.0,1.0,1.0,1.0,1.0,,,,True,1.0,0.8350000000000003,50474018400016,0.96533334,0.0,AUTO_RISK,50474018400016
9678,AUTO_RISK,41335656900017,0.9559322,0.9559322,0.0,1.0,0.9088873863220216,1.0,1.0,,,,True,1.0,0.8350000000000003,41335656900017,0.9559322,0.0,AUTO_RISK,41335656900017
9690,AUTO_RISK,41255269700028,0.8419811,0.8419811,0.0,1.0,0.922563910484314,0.9142857142857144,0.75,,,,True,1.0,0.8350000000000003,41255269700028,0.8419811,0.0,AUTO_RISK,41255269700028
9692,AUTO_RISK,33989682100032,0.96533334,0.96533334,0.0,1.0,0.9999998211860656,1.0,1.0,,,,True,1.0,0.8350000000000003,33989682100032,0.96533334,0.0,AUTO_RISK,33989682100032
97,REVIEW,26440013600596,0.05142857,0.008073818,0.043354753,6.369796,0.4882453083992004,0.5575657894736842,0.0,,,,,0.817460298538208,0.8350000000000003,,,,REVIEW,26440013600596
9705,AUTO_RISK,78970386500012,0.96533334,0.96533334,0.0,1.0,1.0000001192092896,1.0,1.0,,,,True,1.0,0.8350000000000003,78970386500012,0.96533334,0.0,AUTO_RISK,78970386500012
9722,AUTO_RISK,39933249300044,0.9559322,0.9559322,0.0,1.0,1.0,1.0,1.0,,,,True,1.0,0.8350000000000003,39933249300044,0.9559322,0.0,AUTO_RISK,39933249300044
9725,AUTO_RISK,44067120400012,0.8083832,0.8083832,0.0,1.0,0.9336740374565125,0.8862700228832951,0.3333333333333333,,,,True,1.0,0.8350000000000003,44067120400012,0.8083832,0.0,AUTO_RISK,44067120400012
9727,AUTO_RISK,88839286700014,0.92098767,0.92098767,0.0,1.0,1.0,1.0,1.0,,,,True,1.0,0.8350000000000003,88839286700014,0.92098767,0.0,AUTO_RISK,88839286700014
973,REVIEW,44030877300058,0.6739812,0.42696628,0.24701491,1.578535,0.9385250806808472,0.9103448275862068,0.6666666666666666,,,,,0.2571428716182709,0.8350000000000003,,,,REVIEW,44030877300058
9743,REVIEW,33482212900055,0.8083832,0.33582088,0.47256234,2.4071858,0.972803235054016,0.9048074534161492,0.6,,,,,0.817460298538208,0.8350000000000003,,,,REVIEW,33482212900055
9751,AUTO_RISK,95056441900089,0.8419811,0.8419811,0.0,1.0,0.8256232738494873,0.7555555555555555,0.5,,,,True,1.0,0.8350000000000003,95056441900089,0.8419811,0.0,AUTO_RISK,95056441900089
9760,AUTO_RISK,79844934400026,0.9628571,0.9628571,0.0,1.0,1.0,1.0,1.0,,,,True,1.0,0.8350000000000003,79844934400026,0.9628571,0.0,AUTO_RISK,79844934400026
9769,AUTO_RISK,48493722200020,0.9479167,0.9479167,0.0,1.0,0.9156324863433838,1.0,1.0,,,,True,1.0,0.8350000000000003,48493722200020,0.9479167,0.0,AUTO_RISK,48493722200020
9771,AUTO_RISK,51348700900476,0.92098767,0.92098767,0.0,1.0,0.912413477897644,0.8761904761904762,0.75,,,,True,1.0,0.8350000000000003,51348700900476,0.92098767,0.0,AUTO_RISK,51348700900476
9772,REVIEW,39285723100055,0.8083832,0.6739812,0.13440204,1.1994151,0.8011053204536438,0.9636363636363636,0.6666666666666666,,,,True,0.08163265138864517,0.8350000000000003,39285723100055,0.8083832,0.0,REVIEW,39285723100055
9773,REVIEW,39285723100105,0.6739812,0.5191083,0.1548729,1.2983441,0.6712544560432434,0.9465714285714284,1.0,,,,,0.0833333358168602,0.8350000000000003,,,,REVIEW,39285723100105
9795,AUTO_RISK,45245444000036,0.9433962,0.08629441,0.8571018,10.932298,0.9231328964233398,0.9875,0.0,,,,,0.9961977005004883,0.8350000000000003,,,,AUTO_RISK,45245444000036
98,AUTO_RISK,26440013600513,0.6739812,0.6739812,0.0,1.0,0.7565697431564331,0.6946296296296296,0.2,,,,True,0.9961977005004883,0.8350000000000003,26440013600513,0.6739812,0.0,AUTO_RISK,26440013600513
981,AUTO_RISK,40051676100030,0.8083832,0.8083832,0.0,1.0,0.8610267639160156,0.9,0.5,,,,True,0.9961977005004883,0.8350000000000003,40051676100030,0.8083832,0.0,AUTO_RISK,40051676100030
9833,AUTO_RISK,42482122100282,0.8083832,0.008073818,0.8003094,100.12403,0.7093603014945984,0.5540123456790124,0.0,,,,,1.0,0.8350000000000003,,,,AUTO_RISK,42482122100282
9847,AUTO_RISK,34408301900085,0.96533334,0.96533334,0.0,1.0,0.9805808067321776,1.0,1.0,,,,True,0.9961977005004883,0.8350000000000003,34408301900085,0.96533334,0.0,AUTO_RISK,34408301900085
9854,AUTO_RISK,77983836600028,0.96533334,0.96533334,0.0,1.0,1.0,1.0,1.0,,,,True,1.0,0.8350000000000003,77983836600028,0.96533334,0.0,AUTO_RISK,77983836600028
9866,REVIEW,32412887500030,0.69402987,0.05142857,0.6426013,13.495026,0.7893705368041992,0.6640211640211641,0.25,,,,,0.817460298538208,0.8350000000000003,,,,REVIEW,32412887500030
9874,AUTO_RISK,42093496000055,0.96533334,0.96533334,0.0,1.0,1.0,1.0,1.0,,,,True,1.0,0.8350000000000003,42093496000055,0.96533334,0.0,AUTO_RISK,42093496000055
9885,AUTO_RISK,13000548119820,0.63245034,0.63245034,0.0,1.0,0.666753351688385,0.4055555555555556,0.3333333333333333,,,,True,1.0,0.8350000000000003,13000548119820,0.63245034,0.0,AUTO_RISK,13000548119820
9889,REVIEW,45750469400375,0.016393442,0.0021415188,0.014251923,7.655054,0.5161854028701782,0.5801587301587302,0.0,,,,,0.8307692408561707,0.8350000000000003,,,,REVIEW,45750469400375
9890,AUTO_RISK,43836812800049,0.42696628,0.0021415188,0.42482477,199.37546,1.0,1.0,1.0,,,,,1.0,0.8350000000000003,,,,AUTO_RISK,43836812800049
9892,AUTO_RISK,82456490000028,0.9048583,0.9048583,0.0,1.0,0.9631959199905396,0.8952380952380953,0.5,,,,True,1.0,0.8350000000000003,82456490000028,0.9048583,0.0,AUTO_RISK,82456490000028
9893,REVIEW,18003802823520,0.20704846,0.1,0.10704846,2.0704846,0.6062670350074768,0.5606060606060607,0.0,,,,,0.49180328845977783,0.8350000000000003,,,,REVIEW,18003802823520
9894,AUTO_RISK,30247504102758,0.05142857,0.0021415188,0.04928705,24.015,0.4260731935501098,0.5730234677603098,0.0,,,,True,0.913385808467865,0.8350000000000003,30247504102758,0.05142857,0.0,AUTO_RISK,30247504102758
9900,AUTO_RISK,53222913500043,0.9628571,0.9628571,0.0,1.0,1.0000001192092896,1.0,1.0,,,,True,1.0,0.8350000000000003,53222913500043,0.9628571,0.0,AUTO_RISK,53222913500043
9901,REVIEW,13000548125371,0.20704846,0.08629441,0.12075405,2.3993263,0.0,0.4664502164502164,0.0,,,,,0.817460298538208,0.8350000000000003,,,,REVIEW,13000548125371
9902,REVIEW,21690244500016,0.9628571,0.26684636,0.69601077,3.6082828,0.9075624346733092,0.8666666666666666,0.25,,,,,0.942307710647583,0.8350000000000003,,,,REVIEW,21690244500016
9903,AUTO_RISK,21690244500099,0.63245034,0.63245034,0.0,1.0,0.8209784626960754,0.8699019607843137,0.5,,,,True,1.0,0.8350000000000003,21690244500099,0.63245034,0.0,AUTO_RISK,21690244500099
9930,AUTO_RISK,40328359100069,0.92098767,0.92098767,0.0,1.0,0.944188952445984,0.936842105263158,0.75,,,,True,0.9961977005004883,0.8350000000000003,40328359100069,0.92098767,0.0,AUTO_RISK,40328359100069
9931,AUTO_RISK,40328359100028,0.9628571,0.9628571,0.0,1.0,1.0,1.0,1.0,,,,True,0.9961977005004883,0.8350000000000003,40328359100028,0.9628571,0.0,AUTO_RISK,40328359100028
9932,AUTO_RISK,90793438400013,0.9479167,0.9479167,0.0,1.0,1.0,1.0,1.0,,,,True,1.0,0.8350000000000003,90793438400013,0.9479167,0.0,AUTO_RISK,90793438400013
9936,REVIEW,79339220000028,0.26684636,0.05142857,0.21541779,5.188679,0.4870554804801941,0.6057720057720059,0.0,,,,,0.8307692408561707,0.8350000000000003,,,,REVIEW,79339220000028
9937,AUTO_RISK,48350937800087,0.9433962,0.9433962,0.0,1.0,0.8363309502601624,0.868831168831169,0.75,,,,True,1.0,0.8350000000000003,48350937800087,0.9433962,0.0,AUTO_RISK,48350937800087
9941,REVIEW,43786028100017,0.92098767,0.92098767,0.0,1.0,1.0000001192092896,1.0,1.0,,,,,0.0833333358168602,0.8350000000000003,,,,REVIEW,43786028100017
9942,AUTO_RISK,42192774000025,0.95679784,0.95679784,0.0,1.0,0.9999998807907104,1.0,1.0,,,,True,1.0,0.8350000000000003,42192774000025,0.95679784,0.0,AUTO_RISK,42192774000025
9944,AUTO_RISK,89192577800021,0.9048583,0.9048583,0.0,1.0,0.9788143634796144,0.9833333333333332,0.3333333333333333,,,,True,1.0,0.8350000000000003,89192577800021,0.9048583,0.0,AUTO_RISK,89192577800021
9951,AUTO_RISK,30698602700028,0.8766756,0.8766756,0.0,1.0,0.7596666812896729,0.8788819875776398,0.25,,,,True,1.0,0.8350000000000003,30698602700028,0.8766756,0.0,AUTO_RISK,30698602700028
9955,REVIEW,32762125600038,0.42696628,0.36363637,0.063329905,1.1741573,0.5084483623504639,0.5277777777777778,0.0,,,,,0.65625,0.8350000000000003,,,,REVIEW,32762125600038
9961,AUTO_RISK,44425170600065,0.8766756,0.8766756,0.0,1.0,0.8381690979003906,0.9479166666666669,0.5,,,,True,1.0,0.8350000000000003,44425170600065,0.8766756,0.0,AUTO_RISK,44425170600065
9976,AUTO_RISK,48104957500014,0.9628571,0.9628571,0.0,1.0,1.0,1.0,1.0,,,,True,1.0,0.8350000000000003,48104957500014,0.9628571,0.0,AUTO_RISK,48104957500014
9978,AUTO_RISK,34216267400044,0.9559322,0.9559322,0.0,1.0,1.0,1.0,1.0,,,,True,1.0,0.8350000000000003,34216267400044,0.9559322,0.0,AUTO_RISK,34216267400044
998,AUTO_RISK,37970038800133,0.92098767,0.92098767,0.0,1.0,0.9999998807907104,1.0,1.0,,,,True,1.0,0.8350000000000003,37970038800133,0.92098767,0.0,AUTO_RISK,37970038800133
9987,AUTO_RISK,77020169700065,0.20704846,0.20704846,0.0,1.0,0.8009045720100403,0.8668350168350168,0.3333333333333333,,,,True,0.9961977005004883,0.8350000000000003,77020169700065,0.20704846,0.0,AUTO_RISK,77020169700065
999,REVIEW,37899289501407,0.26684636,0.0052724076,0.26157394,50.611862,0.6455285549163818,0.5245718050065876,0.0,,,,,0.913385808467865,0.8350000000000003,,,,REVIEW,37899289501407
9995,AUTO_RISK,50153758300038,0.6739812,0.6739812,0.0,1.0,1.0,1.0,1.0,,,,True,1.0,0.8350000000000003,50153758300038,0.6739812,0.0,AUTO_RISK,50153758300038
