crm_name,crm_address,crm_postcode,crm_city,siret_candidate,score,candidate_name,candidate_addr,candidate_city,candidate_postcode,candidate_insee,rank,shap
 GE FRUITS,69 Rue Marcel Mérieux,69960,CORBAS,82875878900022,0.9995742440223694,GE FRUITS,69 RUE MARCEL MERIEUX,CORBAS,69960,69273,1,"{""bias"": 1.1616770029067993, ""margin"": 7.761257171630859, ""prob_from_margin"": 0.9995742605428527, ""top"": [{""feature"": ""name_semantic_max"", ""shap"": 2.3399851322174072, ""value"": 1.000000238418579, ""model_input"": 1.000000238418579}, {""feature"": ""name_token_overlap_max"", ""shap"": 1.0695123672485352, ""value"": 1.0, ""model_input"": 1.0}, {""feature"": ""token_overlap_ul"", ""shap"": 1.0018339157104492, ""value"": 1.0, ""model_input"": 1.0}, {""feature"": ""name_sim_max_etab"", ""shap"": -0.6606513857841492, ""value"": 1.0, ""model_input"": 1.0}, {""feature"": ""addr_token_overlap"", ""shap"": 0.6541638374328613, ""value"": 1.0, ""model_input"": 1.0}, {""feature"": ""name_crm_contains_cand_max"", ""shap"": 0.5980787873268127, ""value"": 1.0, ""model_input"": 1.0}, {""feature"": ""name_semantic_second"", ""shap"": 0.5219297409057617, ""value"": 1.000000238418579, ""model_input"": 1.000000238418579}, {""feature"": ""street_number_diff"", ""shap"": 0.3999868631362915, ""value"": 0.0, ""model_input"": 0.0}, {""feature"": ""name_sim_max_pm_dirigeant"", ""shap"": 0.33740365505218506, ""value"": 0.7333333333333334, ""model_input"": 0.7333333333333334}, {""feature"": ""name_addr_consistency"", ""shap"": 0.3243013024330139, ""value"": 1.0, ""model_input"": 1.0}]}"
 GE FRUITS,69 Rue Marcel Mérieux,69960,CORBAS,89124205900014,0.9985993504524231,GE FRUITS HOLDING,69 RUE MARCEL MERIEUX,CORBAS,69960,69273,2,"{""bias"": 1.1616770029067993, ""margin"": 6.569410800933838, ""prob_from_margin"": 0.9985993410041221, ""top"": [{""feature"": ""name_semantic_max"", ""shap"": 2.1637637615203857, ""value"": 0.9232966303825378, ""model_input"": 0.9232966303825378}, {""feature"": ""name_token_overlap_max"", ""shap"": 0.943210780620575, ""value"": 0.6666666666666666, ""model_input"": 0.6666666666666666}, {""feature"": ""name_sim_max_pm_dirigeant"", ""shap"": 0.8979973196983337, ""value"": 0.7333333333333334, ""model_input"": 0.7333333333333334}, {""feature"": ""token_overlap_ul"", ""shap"": 0.8928003907203674, ""value"": 1.0, ""model_input"": 1.0}, {""feature"": ""name_sim_max_etab"", ""shap"": -0.8154717683792114, ""value"": 0.7333333333333334, ""model_input"": 0.7333333333333334}, {""feature"": ""addr_token_overlap"", ""shap"": 0.552282452583313, ""value"": 1.0, ""model_input"": 1.0}, {""feature"": ""street_number_diff"", ""shap"": 0.5259217023849487, ""value"": 0.0, ""model_input"": 0.0}, {""feature"": ""name_addr_consistency"", ""shap"": 0.25342628359794617, ""value"": 0.9058823529411765, ""model_input"": 0.9058823529411765}, {""feature"": ""type_of_max_name"", ""shap"": 0.2010028064250946, ""value"": 7.0, ""model_input"": 7.0}, {""feature"": ""is_siege"", ""shap"": 0.19936656951904297, ""value"": 1.0, ""model_input"": 1.0}]}"
 GE FRUITS,69 Rue Marcel Mérieux,69960,CORBAS,48170771900029,0.9972410202026367,LUCEN FRUITS,69 RUE MARCEL MERIEUX,CORBAS,69960,69273,3,"{""bias"": 1.1616770029067993, ""margin"": 5.890117168426514, ""prob_from_margin"": 0.9972409807339859, ""top"": [{""feature"": ""name_semantic_max"", ""shap"": 1.0685420036315918, ""value"": 0.6654540300369263, ""model_input"": 0.6654540300369263}, {""feature"": ""name_sim_max_pm_dirigeant"", ""shap"": 1.0314878225326538, ""value"": 0.5714285714285715, ""model_input"": 0.5714285714285715}, {""feature"": ""token_overlap_ul"", ""shap"": 0.9787212610244751, ""value"": 1.0, ""model_input"": 1.0}, {""feature"": ""addr_token_overlap"", ""shap"": 0.9130941033363342, ""value"": 1.0, ""model_input"": 1.0}, {""feature"": ""street_number_diff"", ""shap"": 0.7021390199661255, ""value"": 0.0, ""model_input"": 0.0}, {""feature"": ""name_token_overlap_max"", ""shap"": 0.5537053942680359, ""value"": 0.3333333333333333, ""model_input"": 0.3333333333333333}, {""feature"": ""type_of_max_name"", ""shap"": 0.2895219624042511, ""value"": 7.0, ""model_input"": 7.0}, {""feature"": ""name_count"", ""shap"": -0.28330981731414795, ""value"": 4.0, ""model_input"": 4.0}, {""feature"": ""addr_jaro"", ""shap"": 0.2691982388496399, ""value"": 1.0, ""model_input"": 1.0}, {""feature"": ""name_sim_max_etab"", ""shap"": -0.23842070996761322, ""value"": 0.5714285714285715, ""model_input"": 0.5714285714285715}]}"
 GE FRUITS,69 Rue Marcel Mérieux,69960,CORBAS,51112302800017,0.9965544939041138,RHONE FRUITS,69 RUE MARCEL MERIEUX,CORBAS,69960,69273,4,"{""bias"": 1.1616770029067993, ""margin"": 5.667239665985107, ""prob_from_margin"": 0.9965545167156288, ""top"": [{""feature"": ""name_semantic_max"", ""shap"": 1.4865033626556396, ""value"": 0.6938967704772949, ""model_input"": 0.6938967704772949}, {""feature"": ""addr_token_overlap"", ""shap"": 0.8622733354568481, ""value"": 1.0, ""model_input"": 1.0}, {""feature"": ""name_sim_max_pm_dirigeant"", ""shap"": 0.7844836711883545, ""value"": 0.5962962962962962, ""model_input"": 0.5962962962962962}, {""feature"": ""token_overlap_ul"", ""shap"": 0.7512691020965576, ""value"": 1.0, ""model_input"": 1.0}, {""feature"": ""street_number_diff"", ""shap"": 0.6125655174255371, ""value"": 0.0, ""model_input"": 0.0}, {""feature"": ""name_token_overlap_max"", ""shap"": 0.5059574842453003, ""value"": 0.3333333333333333, ""model_input"": 0.3333333333333333}, {""feature"": ""name_semantic_second"", ""shap"": 0.35421666502952576, ""value"": 0.6918383240699768, ""model_input"": 0.6918383240699768}, {""feature"": ""name_sim_max_etab"", ""shap"": -0.3451915681362152, ""value"": 0.5962962962962962, ""model_input"": 0.5962962962962962}, {""feature"": ""addr_levenshtein"", ""shap"": 0.30259087681770325, ""value"": 1.0, ""model_input"": 1.0}, {""feature"": ""name_semantic_gap"", ""shap"": -0.23351478576660156, ""value"": 0.0020584464073181152, ""model_input"": 0.0020584464073181152}]}"
 GE FRUITS,69 Rue Marcel Mérieux,69960,CORBAS,50743546900022,0.9822179675102234,RHONE ALPES FRUITS ET LEGUMES,69 RUE MARCEL MERIEUX,CORBAS,69960,69273,5,"{""bias"": 1.1616770029067993, ""margin"": 4.011626243591309, ""prob_from_margin"": 0.9822179942999751, ""top"": [{""feature"": ""addr_token_overlap"", ""shap"": 1.0040589570999146, ""value"": 1.0, ""model_input"": 1.0}, {""feature"": ""street_number_diff"", ""shap"": 0.7171788215637207, ""value"": 0.0, ""model_input"": 0.0}, {""feature"": ""name_sim_max_pm_dirigeant"", ""shap"": -0.6684132218360901, ""value"": 0.0, ""model_input"": 0.0}, {""feature"": ""name_token_overlap_max"", ""shap"": 0.6504653692245483, ""value"": 0.3333333333333333, ""model_input"": 0.3333333333333333}, {""feature"": ""token_overlap_ul"", ""shap"": 0.6433373689651489, ""value"": 1.0, ""model_input"": 1.0}, {""feature"": ""name_semantic_second"", ""shap"": 0.5916305184364319, ""value"": 0.5990846157073975, ""model_input"": 0.5990846157073975}, {""feature"": ""name_semantic_max"", ""shap"": 0.4819885492324829, ""value"": 0.6255797147750854, ""model_input"": 0.6255797147750854}, {""feature"": ""addr_jaro"", ""shap"": 0.39370205998420715, ""value"": 1.0, ""model_input"": 1.0}, {""feature"": ""name_sim_max_etab"", ""shap"": -0.33494818210601807, ""value"": 0.5549169859514688, ""model_input"": 0.5549169859514688}, {""feature"": ""is_siege"", ""shap"": 0.26570117473602295, ""value"": 1.0, ""model_input"": 1.0}]}"
05-OISEAU BLANC adapei69,50 RUE NUNGESSER,69150,DECINES CHARPIEU,77564828000037,0.9948561191558838,ADAPEI L OISEAU BLANC,50 RUE NUNGESSER,DECINES-CHARPIEU,69150,69275,1,"{""bias"": 1.1616770029067993, ""margin"": 5.2648024559021, ""prob_from_margin"": 0.9948561813612359, ""top"": [{""feature"": ""name_semantic_max"", ""shap"": 2.2827084064483643, ""value"": 0.781417965888977, ""model_input"": 0.781417965888977}, {""feature"": ""addr_token_overlap"", ""shap"": 0.8765532970428467, ""value"": 1.0, ""model_input"": 1.0}, {""feature"": ""street_number_diff"", ""shap"": 0.6312204003334045, ""value"": 0.0, ""model_input"": 0.0}, {""feature"": ""name_token_overlap_max"", ""shap"": 0.5932110548019409, ""value"": 0.3333333333333333, ""model_input"": 0.3333333333333333}, {""feature"": ""name_sim_max_etab"", ""shap"": -0.5668730735778809, ""value"": 0.720899470899471, ""model_input"": 0.720899470899471}, {""feature"": ""name_semantic_second"", ""shap"": 0.5258370041847229, ""value"": 0.5840785503387451, ""model_input"": 0.5840785503387451}, {""feature"": ""name_levenshtein_max"", ""shap"": -0.33318856358528137, ""value"": 0.29166666666666663, ""model_input"": 0.29166666666666663}, {""feature"": ""addr_jaro"", ""shap"": 0.30201786756515503, ""value"": 1.0, ""model_input"": 1.0}, {""feature"": ""name_sim_max_pm_dirigeant"", ""shap"": -0.2834715247154236, ""value"": 0.0, ""model_input"": 0.0}, {""feature"": ""token_overlap_ul"", ""shap"": 0.28088757395744324, ""value"": 0.3333333333333333, ""model_input"": 0.3333333333333333}]}"
05-OISEAU BLANC adapei69,50 RUE NUNGESSER,69150,DECINES CHARPIEU,21690275900010,0.912124752998352,MAIRIE,PLACE ROGER SALENGRO,DECINES-CHARPIEU,69150,69275,2,"{""bias"": 1.1616770029067993, ""margin"": 2.339859962463379, ""prob_from_margin"": 0.91212486137599, ""top"": [{""feature"": ""name_semantic_max"", ""shap"": -1.9902771711349487, ""value"": 0.46534356474876404, ""model_input"": 0.46534356474876404}, {""feature"": ""name_city_overlap_max"", ""shap"": 1.7034265995025635, ""value"": 0.5, ""model_input"": 0.5}, {""feature"": ""is_siege"", ""shap"": 0.6339350342750549, ""value"": 1.0, ""model_input"": 1.0}, {""feature"": ""name_sim_max_etab"", ""shap"": 0.4250498414039612, ""value"": 0.4305555555555555, ""model_input"": 0.4305555555555555}, {""feature"": ""name_token_overlap_max"", ""shap"": -0.40671655535697937, ""value"": 0.0, ""model_input"": 0.0}, {""feature"": ""name_sim_max_pm_dirigeant"", ""shap"": -0.3958861231803894, ""value"": 0.0, ""model_input"": 0.0}, {""feature"": ""type_of_max_name"", ""shap"": 0.3790063261985779, ""value"": 7.0, ""model_input"": 7.0}, {""feature"": ""name_levenshtein_max"", ""shap"": -0.3607940077781677, ""value"": 0.2222222222222222, ""model_input"": 0.2222222222222222}, {""feature"": ""name_length_max"", ""shap"": 0.3158901333808899, ""value"": 27.0, ""model_input"": 27.0}, {""feature"": ""name_count"", ""shap"": 0.3111096918582916, ""value"": 2.0, ""model_input"": 2.0}]}"
05-OISEAU BLANC adapei69,50 RUE NUNGESSER,69150,DECINES CHARPIEU,43134405000015,0.6901431679725647,ASS CERCLE 11 DECINES,12 RUE CARNOT,DECINES-CHARPIEU,69150,69275,3,"{""bias"": 1.1616770029067993, ""margin"": 0.8007891178131104, ""prob_from_margin"": 0.6901432557693897, ""top"": [{""feature"": ""name_semantic_max"", ""shap"": -1.2076241970062256, ""value"": 0.5214101076126099, ""model_input"": 0.5214101076126099}, {""feature"": ""type_of_max_name"", ""shap"": 0.7754765152931213, ""value"": 7.0, ""model_input"": 7.0}, {""feature"": ""name_sim_max_etab"", ""shap"": 0.7325170636177063, ""value"": 0.0, ""model_input"": 0.0}, {""feature"": ""street_number_diff"", ""shap"": -0.5566958785057068, ""value"": 38.0, ""model_input"": 38.0}, {""feature"": ""name_city_overlap_max"", ""shap"": 0.5160163640975952, ""value"": 0.2, ""model_input"": 0.2}, {""feature"": ""name_semantic_second"", ""shap"": -0.4706263542175293, ""value"": 0.0, ""model_input"": 0.0}, {""feature"": ""name_token_overlap_max"", ""shap"": -0.42691925168037415, ""value"": 0.0, ""model_input"": 0.0}, {""feature"": ""name_sim_max_pm_dirigeant"", ""shap"": -0.36866793036460876, ""value"": 0.0, ""model_input"": 0.0}, {""feature"": ""addr_levenshtein"", ""shap"": -0.36448347568511963, ""value"": 0.3125, ""model_input"": 0.3125}, {""feature"": ""token_overlap_ul"", ""shap"": -0.353828489780426, ""value"": 0.0, ""model_input"": 0.0}]}"
05-OISEAU BLANC adapei69,50 RUE NUNGESSER,69150,DECINES CHARPIEU,91812179900012,0.6245798468589783,CHAMP BLANC,21 RUE PAUL ET MARC BARBEZAT,DECINES-CHARPIEU,69150,69275,4,"{""bias"": 1.1616770029067993, ""margin"": 0.5090327262878418, ""prob_from_margin"": 0.6245796955708034, ""top"": [{""feature"": ""name_semantic_max"", ""shap"": -1.7318408489227295, ""value"": 0.5104153752326965, ""model_input"": 0.5104153752326965}, {""feature"": ""name_sim_max_pm_dirigeant"", ""shap"": 0.7340475916862488, ""value"": 0.4861111111111111, ""model_input"": 0.4861111111111111}, {""feature"": ""type_of_max_name"", ""shap"": 0.684005618095398, ""value"": 7.0, ""model_input"": 7.0}, {""feature"": ""token_overlap_ul"", ""shap"": 0.6272191405296326, ""value"": 0.3333333333333333, ""model_input"": 0.3333333333333333}, {""feature"": ""street_number_diff"", ""shap"": -0.590002179145813, ""value"": 29.0, ""model_input"": 29.0}, {""feature"": ""name_addr_consistency"", ""shap"": 0.44915297627449036, ""value"": 0.35164290533834175, ""model_input"": 0.35164290533834175}, {""feature"": ""name_semantic_second"", ""shap"": -0.4152553379535675, ""value"": 0.24430117011070251, ""model_input"": 0.24430117011070251}, {""feature"": ""addr_token_overlap"", ""shap"": -0.38935714960098267, ""value"": 0.125, ""model_input"": 0.125}, {""feature"": ""name_sim_max_etab"", ""shap"": 0.37156814336776733, ""value"": 0.4861111111111111, ""model_input"": 0.4861111111111111}, {""feature"": ""name_count"", ""shap"": 0.3402179777622223, ""value"": 2.0, ""model_input"": 2.0}]}"
05-OISEAU BLANC adapei69,50 RUE NUNGESSER,69150,DECINES CHARPIEU,94962465400016,0.6198130249977112,DECINES GRAND LARGE IMMOBILIER,14 RUE DE LA FRATERNITE,DECINES-CHARPIEU,69150,69275,5,"{""bias"": 1.1616770029067993, ""margin"": 0.4887549877166748, ""prob_from_margin"": 0.619813095439595, ""top"": [{""feature"": ""name_semantic_max"", ""shap"": -1.310103416442871, ""value"": 0.5319372415542603, ""model_input"": 0.5319372415542603}, {""feature"": ""name_city_overlap_max"", ""shap"": 0.7368711829185486, ""value"": 0.2, ""model_input"": 0.2}, {""feature"": ""name_sim_max_pm_dirigeant"", ""shap"": 0.7231085300445557, ""value"": 0.5482323232323232, ""model_input"": 0.5482323232323232}, {""feature"": ""street_number_diff"", ""shap"": -0.6287823915481567, ""value"": 36.0, ""model_input"": 36.0}, {""feature"": ""type_of_max_name"", ""shap"": 0.5856607556343079, ""value"": 7.0, ""model_input"": 7.0}, {""feature"": ""is_siege"", ""shap"": 0.5095387101173401, ""value"": 1.0, ""model_input"": 1.0}, {""feature"": ""name_token_overlap_max"", ""shap"": -0.4495515823364258, ""value"": 0.0, ""model_input"": 0.0}, {""feature"": ""token_overlap_ul"", ""shap"": -0.3654562830924988, ""value"": 0.0, ""model_input"": 0.0}, {""feature"": ""name_addr_consistency"", ""shap"": 0.35205593705177307, ""value"": 0.3395332908391483, ""model_input"": 0.3395332908391483}, {""feature"": ""street_name_jaro"", ""shap"": 0.346690833568573, ""value"": 0.5818681318681319, ""model_input"": 0.5818681318681319}]}"
10-GRAND  LARGE ADAPEI69, 216 Rue Marino Simonetti,69150,DECINES CHARPIEU,77564828000300,0.9931735396385193,FOYER LE GRAND LARGE,216 RUE MARINO SIMONETTI,DECINES-CHARPIEU,69150,69275,1,"{""bias"": 1.1616770029067993, ""margin"": 4.980093479156494, ""prob_from_margin"": 0.9931735013861832, ""top"": [{""feature"": ""name_semantic_max"", ""shap"": 2.3489792346954346, ""value"": 0.854427695274353, ""model_input"": 0.854427695274353}, {""feature"": ""addr_token_overlap"", ""shap"": 0.836885929107666, ""value"": 1.0, ""model_input"": 1.0}, {""feature"": ""name_semantic_second"", ""shap"": 0.6622141003608704, ""value"": 0.6109691858291626, ""model_input"": 0.6109691858291626}, {""feature"": ""street_number_diff"", ""shap"": 0.6613792777061462, ""value"": 0.0, ""model_input"": 0.0}, {""feature"": ""name_token_overlap_max"", ""shap"": 0.5533755421638489, ""value"": 0.3333333333333333, ""model_input"": 0.3333333333333333}, {""feature"": ""name_sim_max_etab"", ""shap"": -0.542193591594696, ""value"": 0.6267080745341614, ""model_input"": 0.6267080745341614}, {""feature"": ""name_addr_consistency"", ""shap"": -0.3554825782775879, ""value"": 0.6267080745341614, ""model_input"": 0.6267080745341614}, {""feature"": ""name_sim_max_pm_dirigeant"", ""shap"": -0.3185243010520935, ""value"": 0.0, ""model_input"": 0.0}, {""feature"": ""addr_jaro"", ""shap"": 0.30138373374938965, ""value"": 1.0, ""model_input"": 1.0}, {""feature"": ""addr_levenshtein"", ""shap"": 0.2522449791431427, ""value"": 1.0, ""model_input"": 1.0}]}"
10-GRAND  LARGE ADAPEI69, 216 Rue Marino Simonetti,69150,DECINES CHARPIEU,88915823400019,0.9793810248374939,IMMERSION GRAND LARGE,44 RUE DE LA REPUBLIQUE,DECINES-CHARPIEU,69150,69275,2,"{""bias"": 1.1616770029067993, ""margin"": 3.8607072830200195, ""prob_from_margin"": 0.9793809903953953, ""top"": [{""feature"": ""name_semantic_max"", ""shap"": 1.077526569366455, ""value"": 0.6577016115188599, ""model_input"": 0.6577016115188599}, {""feature"": ""token_overlap_ul"", ""shap"": 1.0769317150115967, ""value"": 0.6666666666666666, ""model_input"": 0.6666666666666666}, {""feature"": ""name_sim_max_etab"", ""shap"": 1.0275330543518066, ""value"": 0.0, ""model_input"": 0.0}, {""feature"": ""name_token_overlap_max"", ""shap"": 0.7730883359909058, ""value"": 0.4, ""model_input"": 0.4}, {""feature"": ""type_of_max_name"", ""shap"": 0.5369524955749512, ""value"": 7.0, ""model_input"": 7.0}, {""feature"": ""street_number_diff"", ""shap"": -0.3977234959602356, ""value"": 172.0, ""model_input"": 172.0}, {""feature"": ""name_semantic_second"", ""shap"": -0.388773113489151, ""value"": 0.0, ""model_input"": 0.0}, {""feature"": ""addr_token_overlap"", ""shap"": -0.3764194846153259, ""value"": 0.125, ""model_input"": 0.125}, {""feature"": ""name_sim_max_pm_dirigeant"", ""shap"": -0.37108585238456726, ""value"": 0.0, ""model_input"": 0.0}, {""feature"": ""addr_levenshtein"", ""shap"": -0.3167845606803894, ""value"": 0.20833333333333337, ""model_input"": 0.20833333333333337}]}"
10-GRAND  LARGE ADAPEI69, 216 Rue Marino Simonetti,69150,DECINES CHARPIEU,77564828000037,0.9625434875488281,ADAPEI L OISEAU BLANC,50 RUE NUNGESSER,DECINES-CHARPIEU,69150,69275,3,"{""bias"": 1.1616770029067993, ""margin"": 3.2463979721069336, ""prob_from_margin"": 0.9625434629303637, ""top"": [{""feature"": ""name_semantic_max"", ""shap"": 2.945240020751953, ""value"": 0.854427695274353, ""model_input"": 0.854427695274353}, {""feature"": ""name_semantic_second"", ""shap"": 0.7600989937782288, ""value"": 0.6960852146148682, ""model_input"": 0.6960852146148682}, {""feature"": ""street_number_diff"", ""shap"": -0.6960142254829407, ""value"": 166.0, ""model_input"": 166.0}, {""feature"": ""token_overlap_ul"", ""shap"": 0.615003228187561, ""value"": 0.3333333333333333, ""model_input"": 0.3333333333333333}, {""feature"": ""addr_token_overlap"", ""shap"": -0.584743320941925, ""value"": 0.16666666666666666, ""model_input"": 0.16666666666666666}, {""feature"": ""name_addr_consistency"", ""shap"": 0.4716564416885376, ""value"": 0.3430617859059888, ""model_input"": 0.3430617859059888}, {""feature"": ""name_token_overlap_max"", ""shap"": -0.3857964873313904, ""value"": 0.0, ""model_input"": 0.0}, {""feature"": ""name_sim_max_pm_dirigeant"", ""shap"": -0.37015992403030396, ""value"": 0.0, ""model_input"": 0.0}, {""feature"": ""name_sim_max_etab"", ""shap"": -0.36746329069137573, ""value"": 0.5588336783988958, ""model_input"": 0.5588336783988958}, {""feature"": ""addr_jaro"", ""shap"": -0.34283724427223206, ""value"": 0.6138888888888889, ""model_input"": 0.6138888888888889}]}"
10-GRAND  LARGE ADAPEI69, 216 Rue Marino Simonetti,69150,DECINES CHARPIEU,94962465400016,0.9612780213356018,DECINES GRAND LARGE IMMOBILIER,14 RUE DE LA FRATERNITE,DECINES-CHARPIEU,69150,69275,4,"{""bias"": 1.1616770029067993, ""margin"": 3.2118563652038574, ""prob_from_margin"": 0.9612780234515974, ""top"": [{""feature"": ""token_overlap_ul"", ""shap"": 1.0204745531082153, ""value"": 0.6666666666666666, ""model_input"": 0.6666666666666666}, {""feature"": ""name_sim_max_pm_dirigeant"", ""shap"": 0.8952392339706421, ""value"": 0.5449275362318841, ""model_input"": 0.5449275362318841}, {""feature"": ""street_number_diff"", ""shap"": -0.7482185363769531, ""value"": 202.0, ""model_input"": 202.0}, {""feature"": ""name_token_overlap_max"", ""shap"": 0.7414532899856567, ""value"": 0.3333333333333333, ""model_input"": 0.3333333333333333}, {""feature"": ""addr_token_overlap"", ""shap"": -0.5990889668464661, ""value"": 0.125, ""model_input"": 0.125}, {""feature"": ""type_of_max_name"", ""shap"": 0.5741987228393555, ""value"": 7.0, ""model_input"": 7.0}, {""feature"": ""is_siege"", ""shap"": 0.46906617283821106, ""value"": 1.0, ""model_input"": 1.0}, {""feature"": ""name_city_overlap_max"", ""shap"": 0.4053865969181061, ""value"": 0.2, ""model_input"": 0.2}, {""feature"": ""name_semantic_max"", ""shap"": 0.3532088100910187, ""value"": 0.6010009050369263, ""model_input"": 0.6010009050369263}, {""feature"": ""name_levenshtein_max"", ""shap"": -0.23791709542274475, ""value"": 0.4666666666666667, ""model_input"": 0.4666666666666667}]}"
10-GRAND  LARGE ADAPEI69, 216 Rue Marino Simonetti,69150,DECINES CHARPIEU,38438227100011,0.9442710876464844,CENTRE CONTROLE ET SECURITE GRAND LARGE,24 RUE BALZAC,DECINES CHARPIEU,69150,69275,5,"{""bias"": 1.1616770029067993, ""margin"": 2.8299131393432617, ""prob_from_margin"": 0.9442710313576046, ""top"": [{""feature"": ""token_overlap_ul"", ""shap"": 1.1798044443130493, ""value"": 0.6666666666666666, ""model_input"": 0.6666666666666666}, {""feature"": ""street_number_diff"", ""shap"": -0.8152626752853394, ""value"": 192.0, ""model_input"": 192.0}, {""feature"": ""name_semantic_max"", ""shap"": -0.7042210698127747, ""value"": 0.5733528733253479, ""model_input"": 0.5733528733253479}, {""feature"": ""type_of_max_name"", ""shap"": 0.6978382468223572, ""value"": 7.0, ""model_input"": 7.0}, {""feature"": ""name_sim_max_pm_dirigeant"", ""shap"": 0.5553662776947021, ""value"": 0.4603864734299517, ""model_input"": 0.4603864734299517}, {""feature"": ""name_addr_consistency"", ""shap"": 0.3874768316745758, ""value"": 0.32749679663001846, ""model_input"": 0.32749679663001846}, {""feature"": ""name_count"", ""shap"": 0.2955678701400757, ""value"": 2.0, ""model_input"": 2.0}, {""feature"": ""street_name_jaro"", ""shap"": 0.25897476077079773, ""value"": 0.5833333333333334, ""model_input"": 0.5833333333333334}, {""feature"": ""name_sim_max_etab"", ""shap"": 0.2037031352519989, ""value"": 0.4603864734299517, ""model_input"": 0.4603864734299517}, {""feature"": ""name_token_overlap_max"", ""shap"": 0.1910882294178009, ""value"": 0.25, ""model_input"": 0.25}]}"
ADEL,29 Boulevard Charles de Gaulle,69150,DECINES-CHARPIEU,95650716400021,0.9995046854019165,ADEL,29 BOULEVARD CHARLES DE GAULLE,DECINES-CHARPIEU,69150,69275,1,"{""bias"": 1.1616770029067993, ""margin"": 7.6098856925964355, ""prob_from_margin"": 0.9995047169290601, ""top"": [{""feature"": ""name_semantic_max"", ""shap"": 2.1643693447113037, ""value"": 1.0, ""model_input"": 1.0}, {""feature"": ""token_overlap_ul"", ""shap"": 0.9703581929206848, ""value"": 1.0, ""model_input"": 1.0}, {""feature"": ""name_token_overlap_max"", ""shap"": 0.94362473487854, ""value"": 1.0, ""model_input"": 1.0}, {""feature"": ""name_sim_max_etab"", ""shap"": -0.7261877655982971, ""value"": 0.9142857142857143, ""model_input"": 0.9142857142857143}, {""feature"": ""addr_token_overlap"", ""shap"": 0.579969584941864, ""value"": 1.0, ""model_input"": 1.0}, {""feature"": ""name_sim_max_pm_dirigeant"", ""shap"": 0.508609414100647, ""value"": 0.9142857142857143, ""model_input"": 0.9142857142857143}, {""feature"": ""street_number_diff"", ""shap"": 0.3990716338157654, ""value"": 0.0, ""model_input"": 0.0}, {""feature"": ""name_crm_contains_cand_max"", ""shap"": 0.3877553641796112, ""value"": 1.0, ""model_input"": 1.0}, {""feature"": ""name_sim_max_ul"", ""shap"": 0.30390945076942444, ""value"": 1.0, ""model_input"": 1.0}, {""feature"": ""name_semantic_second"", ""shap"": 0.2874096930027008, ""value"": 0.7882568836212158, ""model_input"": 0.7882568836212158}]}"
ADEL,29 Boulevard Charles de Gaulle,69150,DECINES-CHARPIEU,84214049300011,0.9990147352218628,ADEL ZZ,29 BOULEVARD CHARLES DE GAULLE,DECINES-CHARPIEU,69150,69275,2,"{""bias"": 1.1616770029067993, ""margin"": 6.921647548675537, ""prob_from_margin"": 0.99901476785709, ""top"": [{""feature"": ""name_semantic_max"", ""shap"": 2.047520160675049, ""value"": 0.7882568836212158, ""model_input"": 0.7882568836212158}, {""feature"": ""name_token_overlap_max"", ""shap"": 0.8533915877342224, ""value"": 0.5, ""model_input"": 0.5}, {""feature"": ""token_overlap_ul"", ""shap"": 0.8168590068817139, ""value"": 1.0, ""model_input"": 1.0}, {""feature"": ""addr_token_overlap"", ""shap"": 0.54045569896698, ""value"": 1.0, ""model_input"": 1.0}, {""feature"": ""street_number_diff"", ""shap"": 0.52400141954422, ""value"": 0.0, ""model_input"": 0.0}, {""feature"": ""name_sim_max_pm_dirigeant"", ""shap"": 0.49606916308403015, ""value"": 0.4583333333333333, ""model_input"": 0.4583333333333333}, {""feature"": ""name_semantic_second"", ""shap"": -0.2915518283843994, ""value"": 0.2627589702606201, ""model_input"": 0.2627589702606201}, {""feature"": ""name_addr_consistency"", ""shap"": 0.2760496437549591, ""value"": 0.9142857142857143, ""model_input"": 0.9142857142857143}, {""feature"": ""addr_jaro"", ""shap"": 0.2257704734802246, ""value"": 1.0, ""model_input"": 1.0}, {""feature"": ""name_length_max"", ""shap"": -0.18976497650146484, ""value"": 7.0, ""model_input"": 7.0}]}"
ADEL,29 Boulevard Charles de Gaulle,69150,DECINES-CHARPIEU,88389178000016,0.9960094690322876,ADELCOBO,29 BOULEVARD CHARLES DE GAULLE,DECINES-CHARPIEU,69150,69275,3,"{""bias"": 1.1616770029067993, ""margin"": 5.51983642578125, ""prob_from_margin"": 0.9960094847631301, ""top"": [{""feature"": ""name_semantic_max"", ""shap"": 1.7663108110427856, ""value"": 0.7882568836212158, ""model_input"": 0.7882568836212158}, {""feature"": ""token_overlap_ul"", ""shap"": 0.9261534214019775, ""value"": 1.0, ""model_input"": 1.0}, {""feature"": ""name_token_overlap_max"", ""shap"": 0.7617761492729187, ""value"": 0.5, ""model_input"": 0.5}, {""feature"": ""name_sim_max_etab"", ""shap"": -0.6701613664627075, ""value"": 0.9142857142857143, ""model_input"": 0.9142857142857143}, {""feature"": ""addr_token_overlap"", ""shap"": 0.63605135679245, ""value"": 1.0, ""model_input"": 1.0}, {""feature"": ""name_semantic_second"", ""shap"": 0.5022711753845215, ""value"": 0.7774975895881653, ""model_input"": 0.7774975895881653}, {""feature"": ""street_number_diff"", ""shap"": 0.45883363485336304, ""value"": 0.0, ""model_input"": 0.0}, {""feature"": ""name_sim_max_pm_dirigeant"", ""shap"": 0.39268559217453003, ""value"": 0.9142857142857143, ""model_input"": 0.9142857142857143}, {""feature"": ""addr_jaro"", ""shap"": 0.1941150575876236, ""value"": 1.0, ""model_input"": 1.0}, {""feature"": ""addr_levenshtein"", ""shap"": 0.19227094948291779, ""value"": 1.0, ""model_input"": 1.0}]}"
ADEL,29 Boulevard Charles de Gaulle,69150,DECINES-CHARPIEU,88837240600023,0.9521268606185913,ALLIN PADEL,2 AVENUE SIMONE VEIL,DECINES-CHARPIEU,69150,69275,4,"{""bias"": 1.1616770029067993, ""margin"": 2.990142345428467, ""prob_from_margin"": 0.9521267988655707, ""top"": [{""feature"": ""name_semantic_max"", ""shap"": 1.5320777893066406, ""value"": 0.6889336109161377, ""model_input"": 0.6889336109161377}, {""feature"": ""token_overlap_ul"", ""shap"": 1.3800641298294067, ""value"": 1.0, ""model_input"": 1.0}, {""feature"": ""name_sim_max_pm_dirigeant"", ""shap"": 0.8468259572982788, ""value"": 0.5555555555555555, ""model_input"": 0.5555555555555555}, {""feature"": ""street_number_diff"", ""shap"": -0.6715805530548096, ""value"": 27.0, ""model_input"": 27.0}, {""feature"": ""name_token_overlap_max"", ""shap"": -0.5607870221138, ""value"": 0.0, ""model_input"": 0.0}, {""feature"": ""addr_token_overlap"", ""shap"": -0.5174935460090637, ""value"": 0.0, ""model_input"": 0.0}, {""feature"": ""name_addr_consistency"", ""shap"": 0.4609754681587219, ""value"": 0.33814333814333813, ""model_input"": 0.33814333814333813}, {""feature"": ""name_length_max"", ""shap"": -0.3827694356441498, ""value"": 11.0, ""model_input"": 11.0}, {""feature"": ""type_of_max_name"", ""shap"": 0.3535972535610199, ""value"": 7.0, ""model_input"": 7.0}, {""feature"": ""name_count"", ""shap"": 0.3186455965042114, ""value"": 2.0, ""model_input"": 2.0}]}"
ADEL,29 Boulevard Charles de Gaulle,69150,DECINES-CHARPIEU,92416297700012,0.874242901802063,ALL IN PADEL 69,2 AVENUE SIMONE VEIL,DECINES-CHARPIEU,69150,69275,5,"{""bias"": 1.1616770029067993, ""margin"": 1.939004898071289, ""prob_from_margin"": 0.8742427803856555, ""top"": [{""feature"": ""token_overlap_ul"", ""shap"": 1.6222566366195679, ""value"": 1.0, ""model_input"": 1.0}, {""feature"": ""name_sim_max_etab"", ""shap"": 1.0263190269470215, ""value"": 0.0, ""model_input"": 0.0}, {""feature"": ""type_of_max_name"", ""shap"": 0.6289171576499939, ""value"": 7.0, ""model_input"": 7.0}, {""feature"": ""name_token_overlap_max"", ""shap"": -0.5668613314628601, ""value"": 0.0, ""model_input"": 0.0}, {""feature"": ""name_sim_max_pm_dirigeant"", ""shap"": -0.43395352363586426, ""value"": 0.0, ""model_input"": 0.0}, {""feature"": ""street_number_diff"", ""shap"": -0.4261745512485504, ""value"": 27.0, ""model_input"": 27.0}, {""feature"": ""name_contains_crm_max"", ""shap"": 0.37954264879226685, ""value"": 1.0, ""model_input"": 1.0}, {""feature"": ""addr_levenshtein"", ""shap"": -0.3563096821308136, ""value"": 0.2666666666666667, ""model_input"": 0.2666666666666667}, {""feature"": ""addr_token_overlap"", ""shap"": -0.3248196244239807, ""value"": 0.0, ""model_input"": 0.0}, {""feature"": ""name_jaro_gap"", ""shap"": -0.3175966143608093, ""value"": 0.5444444444444444, ""model_input"": 0.5444444444444444}]}"
AGE CORBAS,4 rue du Mont Blanc,69960,CORBAS,93007181600019,0.9805731177330017,SLAY,4 RUE DU MONT BLANC,CORBAS,69960,69273,1,"{""bias"": 1.1616770029067993, ""margin"": 3.921478748321533, ""prob_from_margin"": 0.9805731048620646, ""top"": [{""feature"": ""name_semantic_max"", ""shap"": -2.2750351428985596, ""value"": 0.3162185251712799, ""model_input"": 0.3162185251712799}, {""feature"": ""addr_token_overlap"", ""shap"": 1.234361171722412, ""value"": 1.0, ""model_input"": 1.0}, {""feature"": ""name_addr_consistency"", ""shap"": 1.204067349433899, ""value"": 0.0, ""model_input"": 0.0}, {""feature"": ""street_number_diff"", ""shap"": 0.977488100528717, ""value"": 0.0, ""model_input"": 0.0}, {""feature"": ""addr_jaro"", ""shap"": 0.9034847021102905, ""value"": 1.0, ""model_input"": 1.0}, {""feature"": ""name_sim_max_etab"", ""shap"": 0.8782994151115417, ""value"": 0.0, ""model_input"": 0.0}, {""feature"": ""name_jaro_max"", ""shap"": 0.5223250985145569, ""value"": 0.0, ""model_input"": 0.0}, {""feature"": ""addr_levenshtein"", ""shap"": 0.4815126061439514, ""value"": 1.0, ""model_input"": 1.0}, {""feature"": ""name_sim_max_ul"", ""shap"": -0.422918438911438, ""value"": 0.0, ""model_input"": 0.0}, {""feature"": ""name_token_overlap_max"", ""shap"": -0.2833910286426544, ""value"": 0.0, ""model_input"": 0.0}]}"
AGE CORBAS,4 rue du Mont Blanc,69960,CORBAS,93007181600019,0.9805731177330017,SLAY,4 RUE DU MONT BLANC,CORBAS,69960,69273,1,"{""bias"": 1.1616770029067993, ""margin"": 3.921478748321533, ""prob_from_margin"": 0.9805731048620646, ""top"": [{""feature"": ""name_semantic_max"", ""shap"": -2.2750351428985596, ""value"": 0.3162185251712799, ""model_input"": 0.3162185251712799}, {""feature"": ""addr_token_overlap"", ""shap"": 1.234361171722412, ""value"": 1.0, ""model_input"": 1.0}, {""feature"": ""name_addr_consistency"", ""shap"": 1.204067349433899, ""value"": 0.0, ""model_input"": 0.0}, {""feature"": ""street_number_diff"", ""shap"": 0.977488100528717, ""value"": 0.0, ""model_input"": 0.0}, {""feature"": ""addr_jaro"", ""shap"": 0.9034847021102905, ""value"": 1.0, ""model_input"": 1.0}, {""feature"": ""name_sim_max_etab"", ""shap"": 0.8782994151115417, ""value"": 0.0, ""model_input"": 0.0}, {""feature"": ""name_jaro_max"", ""shap"": 0.5223250985145569, ""value"": 0.0, ""model_input"": 0.0}, {""feature"": ""addr_levenshtein"", ""shap"": 0.4815126061439514, ""value"": 1.0, ""model_input"": 1.0}, {""feature"": ""name_sim_max_ul"", ""shap"": -0.422918438911438, ""value"": 0.0, ""model_input"": 0.0}, {""feature"": ""name_token_overlap_max"", ""shap"": -0.2833910286426544, ""value"": 0.0, ""model_input"": 0.0}]}"
AGE CORBAS,4 rue du Mont Blanc,69960,CORBAS,89899019700029,0.9782494306564331,MOTORCUSTOMS,4 RUE DU MONT BLANC,CORBAS,69960,69273,2,"{""bias"": 1.1616770029067993, ""margin"": 3.806124687194824, ""prob_from_margin"": 0.9782494294226454, ""top"": [{""feature"": ""name_semantic_max"", ""shap"": -2.7675580978393555, ""value"": 0.15525594353675842, ""model_input"": 0.15525594353675842}, {""feature"": ""addr_token_overlap"", ""shap"": 1.532578706741333, ""value"": 1.0, ""model_input"": 1.0}, {""feature"": ""name_addr_consistency"", ""shap"": 1.2602516412734985, ""value"": 0.0, ""model_input"": 0.0}, {""feature"": ""street_number_diff"", ""shap"": 1.0834332704544067, ""value"": 0.0, ""model_input"": 0.0}, {""feature"": ""addr_jaro"", ""shap"": 1.0484235286712646, ""value"": 1.0, ""model_input"": 1.0}, {""feature"": ""name_sim_max_etab"", ""shap"": 0.9207705855369568, ""value"": 0.0, ""model_input"": 0.0}, {""feature"": ""addr_levenshtein"", ""shap"": 0.8947238326072693, ""value"": 1.0, ""model_input"": 1.0}, {""feature"": ""name_jaro_max"", ""shap"": 0.5766733884811401, ""value"": 0.0, ""model_input"": 0.0}, {""feature"": ""name_sim_max_ul"", ""shap"": -0.4841136932373047, ""value"": 0.0, ""model_input"": 0.0}, {""feature"": ""name_length_max"", ""shap"": -0.4543323814868927, ""value"": 12.0, ""model_input"": 12.0}]}"
AGE CORBAS,4 rue du Mont Blanc,69960,CORBAS,89899019700029,0.9782494306564331,MOTORCUSTOMS,4 RUE DU MONT BLANC,CORBAS,69960,69273,2,"{""bias"": 1.1616770029067993, ""margin"": 3.806124687194824, ""prob_from_margin"": 0.9782494294226454, ""top"": [{""feature"": ""name_semantic_max"", ""shap"": -2.7675580978393555, ""value"": 0.15525594353675842, ""model_input"": 0.15525594353675842}, {""feature"": ""addr_token_overlap"", ""shap"": 1.532578706741333, ""value"": 1.0, ""model_input"": 1.0}, {""feature"": ""name_addr_consistency"", ""shap"": 1.2602516412734985, ""value"": 0.0, ""model_input"": 0.0}, {""feature"": ""street_number_diff"", ""shap"": 1.0834332704544067, ""value"": 0.0, ""model_input"": 0.0}, {""feature"": ""addr_jaro"", ""shap"": 1.0484235286712646, ""value"": 1.0, ""model_input"": 1.0}, {""feature"": ""name_sim_max_etab"", ""shap"": 0.9207705855369568, ""value"": 0.0, ""model_input"": 0.0}, {""feature"": ""addr_levenshtein"", ""shap"": 0.8947238326072693, ""value"": 1.0, ""model_input"": 1.0}, {""feature"": ""name_jaro_max"", ""shap"": 0.5766733884811401, ""value"": 0.0, ""model_input"": 0.0}, {""feature"": ""name_sim_max_ul"", ""shap"": -0.4841136932373047, ""value"": 0.0, ""model_input"": 0.0}, {""feature"": ""name_length_max"", ""shap"": -0.4543323814868927, ""value"": 12.0, ""model_input"": 12.0}]}"
AGE CORBAS,4 rue du Mont Blanc,69960,CORBAS,92437886200115,0.9729483723640442,MC2A,4 RUE DU MONT BLANC,CORBAS,69960,69273,3,"{""bias"": 1.1616770029067993, ""margin"": 3.5825839042663574, ""prob_from_margin"": 0.9729483739068633, ""top"": [{""feature"": ""name_semantic_max"", ""shap"": -3.0218939781188965, ""value"": 0.2880905866622925, ""model_input"": 0.2880905866622925}, {""feature"": ""addr_token_overlap"", ""shap"": 1.2253739833831787, ""value"": 1.0, ""model_input"": 1.0}, {""feature"": ""name_addr_consistency"", ""shap"": 1.1654490232467651, ""value"": 0.0, ""model_input"": 0.0}, {""feature"": ""street_number_diff"", ""shap"": 1.060639500617981, ""value"": 0.0, ""model_input"": 0.0}, {""feature"": ""addr_jaro"", ""shap"": 0.998308539390564, ""value"": 1.0, ""model_input"": 1.0}, {""feature"": ""name_sim_max_etab"", ""shap"": 0.8803635239601135, ""value"": 0.0, ""model_input"": 0.0}, {""feature"": ""addr_levenshtein"", ""shap"": 0.6084602475166321, ""value"": 1.0, ""model_input"": 1.0}, {""feature"": ""name_jaro_max"", ""shap"": 0.5092438459396362, ""value"": 0.0, ""model_input"": 0.0}, {""feature"": ""name_sim_max_ul"", ""shap"": -0.3998606204986572, ""value"": 0.0, ""model_input"": 0.0}, {""feature"": ""name_token_overlap_max"", ""shap"": -0.29845017194747925, ""value"": 0.0, ""model_input"": 0.0}]}"
AGE CORBAS,4 rue du Mont Blanc,69960,CORBAS,92437886200115,0.9729483723640442,MC2A,4 RUE DU MONT BLANC,CORBAS,69960,69273,3,"{""bias"": 1.1616770029067993, ""margin"": 3.5825839042663574, ""prob_from_margin"": 0.9729483739068633, ""top"": [{""feature"": ""name_semantic_max"", ""shap"": -3.0218939781188965, ""value"": 0.2880905866622925, ""model_input"": 0.2880905866622925}, {""feature"": ""addr_token_overlap"", ""shap"": 1.2253739833831787, ""value"": 1.0, ""model_input"": 1.0}, {""feature"": ""name_addr_consistency"", ""shap"": 1.1654490232467651, ""value"": 0.0, ""model_input"": 0.0}, {""feature"": ""street_number_diff"", ""shap"": 1.060639500617981, ""value"": 0.0, ""model_input"": 0.0}, {""feature"": ""addr_jaro"", ""shap"": 0.998308539390564, ""value"": 1.0, ""model_input"": 1.0}, {""feature"": ""name_sim_max_etab"", ""shap"": 0.8803635239601135, ""value"": 0.0, ""model_input"": 0.0}, {""feature"": ""addr_levenshtein"", ""shap"": 0.6084602475166321, ""value"": 1.0, ""model_input"": 1.0}, {""feature"": ""name_jaro_max"", ""shap"": 0.5092438459396362, ""value"": 0.0, ""model_input"": 0.0}, {""feature"": ""name_sim_max_ul"", ""shap"": -0.3998606204986572, ""value"": 0.0, ""model_input"": 0.0}, {""feature"": ""name_token_overlap_max"", ""shap"": -0.29845017194747925, ""value"": 0.0, ""model_input"": 0.0}]}"
AGE CORBAS,4 rue du Mont Blanc,69960,CORBAS,85299724600024,0.9487712979316711,SM2G,4 RUE DU MONT BLANC,CORBAS,69960,69273,4,"{""bias"": 1.1616770029067993, ""margin"": 2.9188685417175293, ""prob_from_margin"": 0.9487713332715699, ""top"": [{""feature"": ""name_semantic_max"", ""shap"": -2.8427820205688477, ""value"": 0.2193933129310608, ""model_input"": 0.2193933129310608}, {""feature"": ""addr_token_overlap"", ""shap"": 1.296236515045166, ""value"": 1.0, ""model_input"": 1.0}, {""feature"": ""name_addr_consistency"", ""shap"": 1.2861450910568237, ""value"": 0.0, ""model_input"": 0.0}, {""feature"": ""street_number_diff"", ""shap"": 1.0199873447418213, ""value"": 0.0, ""model_input"": 0.0}, {""feature"": ""addr_jaro"", ""shap"": 1.0071545839309692, ""value"": 1.0, ""model_input"": 1.0}, {""feature"": ""addr_levenshtein"", ""shap"": 0.8743780851364136, ""value"": 1.0, ""model_input"": 1.0}, {""feature"": ""name_sim_max_etab"", ""shap"": 0.8529987335205078, ""value"": 0.0, ""model_input"": 0.0}, {""feature"": ""name_jaro_max"", ""shap"": 0.5675661563873291, ""value"": 0.0, ""model_input"": 0.0}, {""feature"": ""name_count"", ""shap"": -0.4801430106163025, ""value"": 3.0, ""model_input"": 3.0}, {""feature"": ""name_sim_max_pm_dirigeant"", ""shap"": -0.43129658699035645, ""value"": 0.0, ""model_input"": 0.0}]}"
AGE CORBAS,4 rue du Mont Blanc,69960,CORBAS,85299724600024,0.9487712979316711,SM2G,4 RUE DU MONT BLANC,CORBAS,69960,69273,4,"{""bias"": 1.1616770029067993, ""margin"": 2.9188685417175293, ""prob_from_margin"": 0.9487713332715699, ""top"": [{""feature"": ""name_semantic_max"", ""shap"": -2.8427820205688477, ""value"": 0.2193933129310608, ""model_input"": 0.2193933129310608}, {""feature"": ""addr_token_overlap"", ""shap"": 1.296236515045166, ""value"": 1.0, ""model_input"": 1.0}, {""feature"": ""name_addr_consistency"", ""shap"": 1.2861450910568237, ""value"": 0.0, ""model_input"": 0.0}, {""feature"": ""street_number_diff"", ""shap"": 1.0199873447418213, ""value"": 0.0, ""model_input"": 0.0}, {""feature"": ""addr_jaro"", ""shap"": 1.0071545839309692, ""value"": 1.0, ""model_input"": 1.0}, {""feature"": ""addr_levenshtein"", ""shap"": 0.8743780851364136, ""value"": 1.0, ""model_input"": 1.0}, {""feature"": ""name_sim_max_etab"", ""shap"": 0.8529987335205078, ""value"": 0.0, ""model_input"": 0.0}, {""feature"": ""name_jaro_max"", ""shap"": 0.5675661563873291, ""value"": 0.0, ""model_input"": 0.0}, {""feature"": ""name_count"", ""shap"": -0.4801430106163025, ""value"": 3.0, ""model_input"": 3.0}, {""feature"": ""name_sim_max_pm_dirigeant"", ""shap"": -0.43129658699035645, ""value"": 0.0, ""model_input"": 0.0}]}"
AGE CORBAS,4 rue du Mont Blanc,69960,CORBAS,84026453500039,0.9170836210250854,CO&GO,4 RUE DU MONT BLANC,CORBAS,69960,69273,5,"{""bias"": 1.1616770029067993, ""margin"": 2.4033679962158203, ""prob_from_margin"": 0.917083769765887, ""top"": [{""feature"": ""name_semantic_max"", ""shap"": -3.4572441577911377, ""value"": 0.2618197202682495, ""model_input"": 0.2618197202682495}, {""feature"": ""addr_token_overlap"", ""shap"": 1.338068962097168, ""value"": 1.0, ""model_input"": 1.0}, {""feature"": ""name_addr_consistency"", ""shap"": 1.1171633005142212, ""value"": 0.0, ""model_input"": 0.0}, {""feature"": ""addr_jaro"", ""shap"": 0.9976977109909058, ""value"": 1.0, ""model_input"": 1.0}, {""feature"": ""street_number_diff"", ""shap"": 0.9081297516822815, ""value"": 0.0, ""model_input"": 0.0}, {""feature"": ""name_sim_max_etab"", ""shap"": 0.8129938840866089, ""value"": 0.0, ""model_input"": 0.0}, {""feature"": ""addr_levenshtein"", ""shap"": 0.7863836288452148, ""value"": 1.0, ""model_input"": 1.0}, {""feature"": ""name_jaro_max"", ""shap"": 0.5601247549057007, ""value"": 0.0, ""model_input"": 0.0}, {""feature"": ""name_sim_max_ul"", ""shap"": -0.471528559923172, ""value"": 0.0, ""model_input"": 0.0}, {""feature"": ""name_levenshtein_max"", ""shap"": -0.37023645639419556, ""value"": 0.19999999999999996, ""model_input"": 0.19999999999999996}]}"
AGE CORBAS,4 rue du Mont Blanc,69960,CORBAS,84026453500039,0.9170836210250854,CO&GO,4 RUE DU MONT BLANC,CORBAS,69960,69273,5,"{""bias"": 1.1616770029067993, ""margin"": 2.4033679962158203, ""prob_from_margin"": 0.917083769765887, ""top"": [{""feature"": ""name_semantic_max"", ""shap"": -3.4572441577911377, ""value"": 0.2618197202682495, ""model_input"": 0.2618197202682495}, {""feature"": ""addr_token_overlap"", ""shap"": 1.338068962097168, ""value"": 1.0, ""model_input"": 1.0}, {""feature"": ""name_addr_consistency"", ""shap"": 1.1171633005142212, ""value"": 0.0, ""model_input"": 0.0}, {""feature"": ""addr_jaro"", ""shap"": 0.9976977109909058, ""value"": 1.0, ""model_input"": 1.0}, {""feature"": ""street_number_diff"", ""shap"": 0.9081297516822815, ""value"": 0.0, ""model_input"": 0.0}, {""feature"": ""name_sim_max_etab"", ""shap"": 0.8129938840866089, ""value"": 0.0, ""model_input"": 0.0}, {""feature"": ""addr_levenshtein"", ""shap"": 0.7863836288452148, ""value"": 1.0, ""model_input"": 1.0}, {""feature"": ""name_jaro_max"", ""shap"": 0.5601247549057007, ""value"": 0.0, ""model_input"": 0.0}, {""feature"": ""name_sim_max_ul"", ""shap"": -0.471528559923172, ""value"": 0.0, ""model_input"": 0.0}, {""feature"": ""name_levenshtein_max"", ""shap"": -0.37023645639419556, ""value"": 0.19999999999999996, ""model_input"": 0.19999999999999996}]}"
ALL IN ACADEMY,13 RUE MARCEAU,69150,DECINES CHARPIEU,90186658200025,0.999537467956543,ALL IN ACADEMY DECINES,13 RUE MARCEAU,DECINES-CHARPIEU,69150,69275,1,"{""bias"": 1.1616770029067993, ""margin"": 7.678168773651123, ""prob_from_margin"": 0.9995373924503386, ""top"": [{""feature"": ""name_semantic_max"", ""shap"": 2.0736169815063477, ""value"": 0.8680000305175781, ""model_input"": 0.8680000305175781}, {""feature"": ""name_token_overlap_max"", ""shap"": 0.8306668996810913, ""value"": 0.75, ""model_input"": 0.75}, {""feature"": ""token_overlap_ul"", ""shap"": 0.7993181347846985, ""value"": 1.0, ""model_input"": 1.0}, {""feature"": ""name_sim_max_pm_dirigeant"", ""shap"": 0.6286579370498657, ""value"": 0.4682539682539682, ""model_input"": 0.4682539682539682}, {""feature"": ""street_number_diff"", ""shap"": 0.5084582567214966, ""value"": 0.0, ""model_input"": 0.0}, {""feature"": ""is_siege"", ""shap"": 0.4915825128555298, ""value"": 1.0, ""model_input"": 1.0}, {""feature"": ""addr_token_overlap"", ""shap"": 0.4897662401199341, ""value"": 1.0, ""model_input"": 1.0}, {""feature"": ""name_semantic_second"", ""shap"": -0.30613768100738525, ""value"": 0.3903941512107849, ""model_input"": 0.3903941512107849}, {""feature"": ""name_addr_consistency"", ""shap"": 0.2928471863269806, ""value"": 0.9272727272727272, ""model_input"": 0.9272727272727272}, {""feature"": ""name_city_overlap_max"", ""shap"": 0.20085884630680084, ""value"": 0.2, ""model_input"": 0.2}]}"
ALL IN ACADEMY,13 RUE MARCEAU,69150,DECINES CHARPIEU,92326934400027,0.997692346572876,ALL IN SCHOOL,13 RUE MARCEAU,DECINES-CHARPIEU,69150,69275,2,"{""bias"": 1.1616770029067993, ""margin"": 6.069194793701172, ""prob_from_margin"": 0.9976923028528492, ""top"": [{""feature"": ""name_semantic_max"", ""shap"": 1.7237015962600708, ""value"": 0.737541139125824, ""model_input"": 0.737541139125824}, {""feature"": ""name_sim_max_etab"", ""shap"": 0.9143463969230652, ""value"": 0.0, ""model_input"": 0.0}, {""feature"": ""name_token_overlap_max"", ""shap"": 0.715791642665863, ""value"": 0.5, ""model_input"": 0.5}, {""feature"": ""addr_token_overlap"", ""shap"": 0.7036291360855103, ""value"": 1.0, ""model_input"": 1.0}, {""feature"": ""street_number_diff"", ""shap"": 0.7002885341644287, ""value"": 0.0, ""model_input"": 0.0}, {""feature"": ""name_jaro_gap"", ""shap"": 0.4368821680545807, ""value"": 0.8373626373626374, ""model_input"": 0.8373626373626374}, {""feature"": ""name_sim_max_pm_dirigeant"", ""shap"": -0.3999224305152893, ""value"": 0.0, ""model_input"": 0.0}, {""feature"": ""name_semantic_second"", ""shap"": -0.32946646213531494, ""value"": 0.0, ""model_input"": 0.0}, {""feature"": ""name_levenshtein_max"", ""shap"": -0.2829503118991852, ""value"": 0.5714285714285714, ""model_input"": 0.5714285714285714}, {""feature"": ""addr_jaro"", ""shap"": 0.27801239490509033, ""value"": 1.0, ""model_input"": 1.0}]}"
ALL IN ACADEMY,13 RUE MARCEAU,69150,DECINES CHARPIEU,92229667800027,0.9960785508155823,ALL IN STORE,13 RUE MARCEAU,DECINES-CHARPIEU,69150,69275,3,"{""bias"": 1.1616770029067993, ""margin"": 5.537352561950684, ""prob_from_margin"": 0.9960785028353801, ""top"": [{""feature"": ""addr_token_overlap"", ""shap"": 0.9183332324028015, ""value"": 1.0, ""model_input"": 1.0}, {""feature"": ""name_token_overlap_max"", ""shap"": 0.8268433809280396, ""value"": 0.5, ""model_input"": 0.5}, {""feature"": ""name_sim_max_etab"", ""shap"": 0.8101738095283508, ""value"": 0.0, ""model_input"": 0.0}, {""feature"": ""street_number_diff"", ""shap"": 0.7520667910575867, ""value"": 0.0, ""model_input"": 0.0}, {""feature"": ""name_semantic_max"", ""shap"": 0.4791400134563446, ""value"": 0.6087145805358887, ""model_input"": 0.6087145805358887}, {""feature"": ""name_jaro_gap"", ""shap"": 0.45634037256240845, ""value"": 0.8476190476190476, ""model_input"": 0.8476190476190476}, {""feature"": ""name_sim_max_pm_dirigeant"", ""shap"": -0.42830610275268555, ""value"": 0.0, ""model_input"": 0.0}, {""feature"": ""type_of_max_name"", ""shap"": 0.33743005990982056, ""value"": 7.0, ""model_input"": 7.0}, {""feature"": ""addr_levenshtein"", ""shap"": 0.3217698037624359, ""value"": 1.0, ""model_input"": 1.0}, {""feature"": ""name_semantic_second"", ""shap"": -0.3189519941806793, ""value"": 0.0, ""model_input"": 0.0}]}"
ALL IN ACADEMY,13 RUE MARCEAU,69150,DECINES CHARPIEU,92971940900013,0.9960307478904724,ALL IN ARENA,13 RUE MARCEAU,DECINES-CHARPIEU,69150,69275,4,"{""bias"": 1.1616770029067993, ""margin"": 5.5252203941345215, ""prob_from_margin"": 0.9960308267900029, ""top"": [{""feature"": ""name_token_overlap_max"", ""shap"": 0.8999409675598145, ""value"": 0.5, ""model_input"": 0.5}, {""feature"": ""addr_token_overlap"", ""shap"": 0.8431349992752075, ""value"": 1.0, ""model_input"": 1.0}, {""feature"": ""street_number_diff"", ""shap"": 0.6936509013175964, ""value"": 0.0, ""model_input"": 0.0}, {""feature"": ""name_sim_max_pm_dirigeant"", ""shap"": 0.5987287163734436, ""value"": 0.4682539682539682, ""model_input"": 0.4682539682539682}, {""feature"": ""name_semantic_max"", ""shap"": 0.4928380846977234, ""value"": 0.63327956199646, ""model_input"": 0.63327956199646}, {""feature"": ""addr_jaro"", ""shap"": 0.32763633131980896, ""value"": 1.0, ""model_input"": 1.0}, {""feature"": ""type_of_max_name"", ""shap"": 0.31247565150260925, ""value"": 7.0, ""model_input"": 7.0}, {""feature"": ""name_semantic_second"", ""shap"": -0.27542123198509216, ""value"": 0.2759540379047394, ""model_input"": 0.2759540379047394}, {""feature"": ""token_overlap_ul"", ""shap"": 0.2712012231349945, ""value"": 0.5, ""model_input"": 0.5}, {""feature"": ""addr_levenshtein"", ""shap"": 0.23756800591945648, ""value"": 1.0, ""model_input"": 1.0}]}"
ALL IN ACADEMY,13 RUE MARCEAU,69150,DECINES CHARPIEU,92169061600021,0.9945857524871826,ALL IN GROUP,13 RUE MARCEAU,DECINES-CHARPIEU,69150,69275,5,"{""bias"": 1.1616770029067993, ""margin"": 5.213293552398682, ""prob_from_margin"": 0.9945857586174722, ""top"": [{""feature"": ""name_semantic_max"", ""shap"": 1.683252215385437, ""value"": 0.6957861185073853, ""model_input"": 0.6957861185073853}, {""feature"": ""addr_token_overlap"", ""shap"": 0.8308087587356567, ""value"": 1.0, ""model_input"": 1.0}, {""feature"": ""name_token_overlap_max"", ""shap"": 0.8111975193023682, ""value"": 0.5, ""model_input"": 0.5}, {""feature"": ""name_sim_max_pm_dirigeant"", ""shap"": 0.6310505270957947, ""value"": 0.5634920634920635, ""model_input"": 0.5634920634920635}, {""feature"": ""street_number_diff"", ""shap"": 0.5929775238037109, ""value"": 0.0, ""model_input"": 0.0}, {""feature"": ""name_semantic_second"", ""shap"": 0.4144625663757324, ""value"": 0.6045072674751282, ""model_input"": 0.6045072674751282}, {""feature"": ""token_overlap_ul"", ""shap"": 0.2949787378311157, ""value"": 0.5, ""model_input"": 0.5}, {""feature"": ""name_count"", ""shap"": -0.27877646684646606, ""value"": 4.0, ""model_input"": 4.0}, {""feature"": ""addr_jaro"", ""shap"": 0.24261116981506348, ""value"": 1.0, ""model_input"": 1.0}, {""feature"": ""name_addr_consistency"", ""shap"": -0.2061070054769516, ""value"": 0.6944444444444445, ""model_input"": 0.6944444444444445}]}"
APAJH 69 CAMSP DECINES,15 AVENUE FRANKLIN ROOSEVELT,69150,DECINES-CHARPIEU,78457968202902,0.9994250535964966,FEDERATION APAJH,15 AVENUE FRANKLIN ROOSEVELT,DECINES-CHARPIEU,69150,69275,1,"{""bias"": 1.1616770029067993, ""margin"": 7.46067476272583, ""prob_from_margin"": 0.999425062871678, ""top"": [{""feature"": ""name_semantic_max"", ""shap"": 2.5390207767486572, ""value"": 0.8762280941009521, ""model_input"": 0.8762280941009521}, {""feature"": ""name_sim_max_etab"", ""shap"": 1.115921139717102, ""value"": 0.0, ""model_input"": 0.0}, {""feature"": ""street_number_diff"", ""shap"": 0.8901001214981079, ""value"": 0.0, ""model_input"": 0.0}, {""feature"": ""name_semantic_second"", ""shap"": 0.6781895756721497, ""value"": 0.8762280941009521, ""model_input"": 0.8762280941009521}, {""feature"": ""addr_token_overlap"", ""shap"": 0.6109380125999451, ""value"": 1.0, ""model_input"": 1.0}, {""feature"": ""name_sim_max_sigle"", ""shap"": -0.40830451250076294, ""value"": 0.5119047619047619, ""model_input"": 0.5119047619047619}, {""feature"": ""addr_levenshtein"", ""shap"": 0.3328660726547241, ""value"": 1.0, ""model_input"": 1.0}, {""feature"": ""name_levenshtein_max"", ""shap"": 0.3013988137245178, ""value"": 0.0625, ""model_input"": 0.0625}, {""feature"": ""name_addr_consistency"", ""shap"": -0.286422997713089, ""value"": 0.5119047619047619, ""model_input"": 0.5119047619047619}, {""feature"": ""name_sim_max_pm_dirigeant"", ""shap"": -0.2725902497768402, ""value"": 0.0, ""model_input"": 0.0}]}"
APAJH 69 CAMSP DECINES,15 AVENUE FRANKLIN ROOSEVELT,69150,DECINES-CHARPIEU,49520638500017,0.6834422945976257,FPCAT,109 AVENUE FRANKLIN ROOSEVELT,DECINES-CHARPIEU,69150,69275,2,"{""bias"": 1.1616770029067993, ""margin"": 0.7696355581283569, ""prob_from_margin"": 0.6834420523686664, ""top"": [{""feature"": ""name_semantic_max"", ""shap"": -1.6254431009292603, ""value"": 0.5014705657958984, ""model_input"": 0.5014705657958984}, {""feature"": ""name_jaro_max"", ""shap"": 1.0547453165054321, ""value"": 0.34761904761904766, ""model_input"": 0.34761904761904766}, {""feature"": ""name_sim_max_etab"", ""shap"": 0.8109325766563416, ""value"": 0.0, ""model_input"": 0.0}, {""feature"": ""street_number_diff"", ""shap"": -0.6469535231590271, ""value"": 94.0, ""model_input"": 94.0}, {""feature"": ""type_of_max_name"", ""shap"": 0.6391602754592896, ""value"": 7.0, ""model_input"": 7.0}, {""feature"": ""name_addr_consistency"", ""shap"": 0.6073275208473206, ""value"": 0.3367024395965283, ""model_input"": 0.3367024395965283}, {""feature"": ""addr_token_overlap"", ""shap"": 0.49520957469940186, ""value"": 0.6, ""model_input"": 0.6}, {""feature"": ""name_token_overlap_max"", ""shap"": -0.4282940924167633, ""value"": 0.0, ""model_input"": 0.0}, {""feature"": ""name_sim_max_ul"", ""shap"": -0.37810516357421875, ""value"": 0.34761904761904766, ""model_input"": 0.34761904761904766}, {""feature"": ""token_overlap_ul"", ""shap"": -0.36631226539611816, ""value"": 0.0, ""model_input"": 0.0}]}"
APAJH 69 CAMSP DECINES,15 AVENUE FRANKLIN ROOSEVELT,69150,DECINES-CHARPIEU,32649352500025,0.6349760890007019,INTER ISOLATION,105 AVENUE FRANKLIN ROOSEVELT,DECINES-CHARPIEU,69150,69275,3,"{""bias"": 1.1616770029067993, ""margin"": 0.5536242723464966, ""prob_from_margin"": 0.6349760403969943, ""top"": [{""feature"": ""name_semantic_max"", ""shap"": -2.542778491973877, ""value"": 0.3977339267730713, ""model_input"": 0.3977339267730713}, {""feature"": ""name_jaro_max"", ""shap"": 1.0217255353927612, ""value"": 0.3603174603174603, ""model_input"": 0.3603174603174603}, {""feature"": ""name_sim_max_etab"", ""shap"": 0.9527404308319092, ""value"": 0.0, ""model_input"": 0.0}, {""feature"": ""street_number_diff"", ""shap"": -0.8610352873802185, ""value"": 90.0, ""model_input"": 90.0}, {""feature"": ""addr_token_overlap"", ""shap"": 0.7105787396430969, ""value"": 0.6, ""model_input"": 0.6}, {""feature"": ""addr_levenshtein"", ""shap"": 0.6059911251068115, ""value"": 0.9655172413793104, ""model_input"": 0.9655172413793104}, {""feature"": ""addr_jaro"", ""shap"": 0.6052761077880859, ""value"": 0.9896551724137931, ""model_input"": 0.9896551724137931}, {""feature"": ""name_token_overlap_max"", ""shap"": -0.4068296253681183, ""value"": 0.0, ""model_input"": 0.0}, {""feature"": ""name_addr_consistency"", ""shap"": 0.39604562520980835, ""value"": 0.35659003831417624, ""model_input"": 0.35659003831417624}, {""feature"": ""type_of_max_name"", ""shap"": 0.384012371301651, ""value"": 7.0, ""model_input"": 7.0}]}"
APAJH 69 CAMSP DECINES,15 AVENUE FRANKLIN ROOSEVELT,69150,DECINES-CHARPIEU,54001848800028,0.6172854900360107,SOLUTION PEINTURE DISTRIBUTION,45 AVENUE FRANKLIN ROOSEVELT,DECINES-CHARPIEU,69150,69275,4,"{""bias"": 1.1616770029067993, ""margin"": 0.47804224491119385, ""prob_from_margin"": 0.6172854729680158, ""top"": [{""feature"": ""name_semantic_max"", ""shap"": -1.9351853132247925, ""value"": 0.47708672285079956, ""model_input"": 0.47708672285079956}, {""feature"": ""street_number_diff"", ""shap"": -0.9087384343147278, ""value"": 30.0, ""model_input"": 30.0}, {""feature"": ""name_sim_max_etab"", ""shap"": 0.884759247303009, ""value"": 0.0, ""model_input"": 0.0}, {""feature"": ""addr_token_overlap"", ""shap"": 0.6797959804534912, ""value"": 0.6, ""model_input"": 0.6}, {""feature"": ""type_of_max_name"", ""shap"": 0.6501067280769348, ""value"": 7.0, ""model_input"": 7.0}, {""feature"": ""addr_levenshtein"", ""shap"": 0.54426109790802, ""value"": 0.9642857142857143, ""model_input"": 0.9642857142857143}, {""feature"": ""name_sim_max_ul"", ""shap"": -0.453957200050354, ""value"": 0.38968253968253963, ""model_input"": 0.38968253968253963}, {""feature"": ""name_token_overlap_max"", ""shap"": -0.42216193675994873, ""value"": 0.0, ""model_input"": 0.0}, {""feature"": ""name_semantic_second"", ""shap"": -0.34481745958328247, ""value"": 0.0, ""model_input"": 0.0}, {""feature"": ""token_overlap_ul"", ""shap"": -0.34322118759155273, ""value"": 0.0, ""model_input"": 0.0}]}"
APAJH 69 CAMSP DECINES,15 AVENUE FRANKLIN ROOSEVELT,69150,DECINES-CHARPIEU,44303932600022,0.6093874573707581,DITIB,127 AVENUE FRANKLIN ROOSEVELT,DECINES-CHARPIEU,69150,69275,5,"{""bias"": 1.1616770029067993, ""margin"": 0.4447370767593384, ""prob_from_margin"": 0.6093872006421577, ""top"": [{""feature"": ""name_semantic_max"", ""shap"": -2.379498243331909, ""value"": 0.37802883982658386, ""model_input"": 0.37802883982658386}, {""feature"": ""name_jaro_max"", ""shap"": 0.9296839833259583, ""value"": 0.0, ""model_input"": 0.0}, {""feature"": ""name_addr_consistency"", ""shap"": 0.9238691926002502, ""value"": 0.0, ""model_input"": 0.0}, {""feature"": ""name_sim_max_etab"", ""shap"": 0.8890854716300964, ""value"": 0.0, ""model_input"": 0.0}, {""feature"": ""street_number_diff"", ""shap"": -0.8245550394058228, ""value"": 112.0, ""model_input"": 112.0}, {""feature"": ""addr_token_overlap"", ""shap"": 0.5948275923728943, ""value"": 0.6, ""model_input"": 0.6}, {""feature"": ""name_sim_max_ul"", ""shap"": -0.49797356128692627, ""value"": 0.0, ""model_input"": 0.0}, {""feature"": ""name_token_overlap_max"", ""shap"": -0.4014352858066559, ""value"": 0.0, ""model_input"": 0.0}, {""feature"": ""token_overlap_ul"", ""shap"": -0.3537597358226776, ""value"": 0.0, ""model_input"": 0.0}, {""feature"": ""type_of_max_name"", ""shap"": 0.34564271569252014, ""value"": 7.0, ""model_input"": 7.0}]}"
ASL,69 Rue Marcel Merieux,69960,CORBAS,50920124000025,0.9961549639701843,ASSOCIATION SYNDICALE LIBRE DU MARCHE DE GROS DE LYON CORBAS,69 RUE MARCEL MERIEUX,CORBAS,69960,69273,1,"{""bias"": 1.1616770029067993, ""margin"": 5.557128429412842, ""prob_from_margin"": 0.9961549967994848, ""top"": [{""feature"": ""addr_token_overlap"", ""shap"": 1.1389470100402832, ""value"": 1.0, ""model_input"": 1.0}, {""feature"": ""street_number_diff"", ""shap"": 1.1168981790542603, ""value"": 0.0, ""model_input"": 0.0}, {""feature"": ""acronym_match_max"", ""shap"": 0.9213548302650452, ""value"": 1.0, ""model_input"": 1.0}, {""feature"": ""name_sim_max_etab"", ""shap"": 0.8414902091026306, ""value"": 0.0, ""model_input"": 0.0}, {""feature"": ""name_semantic_max"", ""shap"": -0.7084825038909912, ""value"": 0.5281479954719543, ""model_input"": 0.5281479954719543}, {""feature"": ""addr_jaro"", ""shap"": 0.5538702607154846, ""value"": 1.0, ""model_input"": 1.0}, {""feature"": ""type_of_max_name"", ""shap"": 0.4814019501209259, ""value"": 7.0, ""model_input"": 7.0}, {""feature"": ""addr_levenshtein"", ""shap"": 0.4139076769351959, ""value"": 1.0, ""model_input"": 1.0}, {""feature"": ""name_jaro_gap"", ""shap"": 0.4129104018211365, ""value"": 0.6833333333333332, ""model_input"": 0.6833333333333332}, {""feature"": ""name_sim_max_pm_dirigeant"", ""shap"": -0.4099891781806946, ""value"": 0.0, ""model_input"": 0.0}]}"
ASL,69 Rue Marcel Merieux,69960,CORBAS,79249138300016,0.9893418550491333,DU 41,69 RUE MARCEL MERIEUX,CORBAS,69960,69273,2,"{""bias"": 1.1616770029067993, ""margin"": 4.5307111740112305, ""prob_from_margin"": 0.9893418089568191, ""top"": [{""feature"": ""name_semantic_max"", ""shap"": -1.7760062217712402, ""value"": 0.370298832654953, ""model_input"": 0.370298832654953}, {""feature"": ""addr_token_overlap"", ""shap"": 1.2972220182418823, ""value"": 1.0, ""model_input"": 1.0}, {""feature"": ""name_addr_consistency"", ""shap"": 1.097235083580017, ""value"": 0.0, ""model_input"": 0.0}, {""feature"": ""street_number_diff"", ""shap"": 1.0188108682632446, ""value"": 0.0, ""model_input"": 0.0}, {""feature"": ""addr_jaro"", ""shap"": 0.9335616827011108, ""value"": 1.0, ""model_input"": 1.0}, {""feature"": ""name_sim_max_etab"", ""shap"": 0.8320863842964172, ""value"": 0.0, ""model_input"": 0.0}, {""feature"": ""addr_levenshtein"", ""shap"": 0.604425311088562, ""value"": 1.0, ""model_input"": 1.0}, {""feature"": ""name_jaro_max"", ""shap"": 0.60387122631073, ""value"": 0.0, ""model_input"": 0.0}, {""feature"": ""name_sim_max_ul"", ""shap"": -0.44854360818862915, ""value"": 0.0, ""model_input"": 0.0}, {""feature"": ""name_semantic_second"", ""shap"": -0.35318049788475037, ""value"": 0.0, ""model_input"": 0.0}]}"
ASL,69 Rue Marcel Merieux,69960,CORBAS,49057604800022,0.979223906993866,FIGITOMM,69 RUE MARCEL MERIEUX,CORBAS,69960,69273,3,"{""bias"": 1.1616770029067993, ""margin"": 3.852962017059326, ""prob_from_margin"": 0.9792240014273225, ""top"": [{""feature"": ""name_semantic_max"", ""shap"": -2.5985896587371826, ""value"": 0.30268433690071106, ""model_input"": 0.30268433690071106}, {""feature"": ""addr_token_overlap"", ""shap"": 1.181849718093872, ""value"": 1.0, ""model_input"": 1.0}, {""feature"": ""name_addr_consistency"", ""shap"": 1.1231118440628052, ""value"": 0.0, ""model_input"": 0.0}, {""feature"": ""addr_jaro"", ""shap"": 0.9669209718704224, ""value"": 1.0, ""model_input"": 1.0}, {""feature"": ""street_number_diff"", ""shap"": 0.934387743473053, ""value"": 0.0, ""model_input"": 0.0}, {""feature"": ""name_sim_max_etab"", ""shap"": 0.9172326922416687, ""value"": 0.0, ""model_input"": 0.0}, {""feature"": ""addr_levenshtein"", ""shap"": 0.5975731611251831, ""value"": 1.0, ""model_input"": 1.0}, {""feature"": ""name_jaro_max"", ""shap"": 0.49479034543037415, ""value"": 0.0, ""model_input"": 0.0}, {""feature"": ""name_semantic_second"", ""shap"": -0.40732255578041077, ""value"": 0.23309572041034698, ""model_input"": 0.23309572041034698}, {""feature"": ""name_sim_max_ul"", ""shap"": -0.40711626410484314, ""value"": 0.0, ""model_input"": 0.0}]}"
ASL,69 Rue Marcel Merieux,69960,CORBAS,40091271300023,0.9744675159454346,COMPTOIR DE L AIL,69 RUE MARCEL MERIEUX,CORBAS,69960,69273,4,"{""bias"": 1.1616770029067993, ""margin"": 3.6419405937194824, ""prob_from_margin"": 0.9744675392176109, ""top"": [{""feature"": ""addr_token_overlap"", ""shap"": 1.1280722618103027, ""value"": 1.0, ""model_input"": 1.0}, {""feature"": ""street_number_diff"", ""shap"": 1.037217378616333, ""value"": 0.0, ""model_input"": 0.0}, {""feature"": ""name_semantic_max"", ""shap"": -0.8786885142326355, ""value"": 0.5438511371612549, ""model_input"": 0.5438511371612549}, {""feature"": ""name_sim_max_etab"", ""shap"": 0.8013737201690674, ""value"": 0.0, ""model_input"": 0.0}, {""feature"": ""name_sim_max_ul"", ""shap"": -0.766859769821167, ""value"": 0.0, ""model_input"": 0.0}, {""feature"": ""addr_jaro"", ""shap"": 0.7607177495956421, ""value"": 1.0, ""model_input"": 1.0}, {""feature"": ""addr_levenshtein"", ""shap"": 0.563117265701294, ""value"": 1.0, ""model_input"": 1.0}, {""feature"": ""name_jaro_max"", ""shap"": 0.5226778984069824, ""value"": 0.0, ""model_input"": 0.0}, {""feature"": ""type_of_max_name"", ""shap"": 0.4960910975933075, ""value"": 7.0, ""model_input"": 7.0}, {""feature"": ""name_addr_consistency"", ""shap"": 0.43871936202049255, ""value"": 0.0, ""model_input"": 0.0}]}"
ASL,69 Rue Marcel Merieux,69960,CORBAS,89067249600019,0.9653550386428833,IMMO PSE,69 RUE MARCEL MERIEUX,CORBAS,69960,69273,5,"{""bias"": 1.1616770029067993, ""margin"": 3.3273448944091797, ""prob_from_margin"": 0.9653550802723156, ""top"": [{""feature"": ""name_semantic_max"", ""shap"": -2.3483638763427734, ""value"": 0.33519819378852844, ""model_input"": 0.33519819378852844}, {""feature"": ""addr_token_overlap"", ""shap"": 1.4825166463851929, ""value"": 1.0, ""model_input"": 1.0}, {""feature"": ""name_addr_consistency"", ""shap"": 1.2066521644592285, ""value"": 0.0, ""model_input"": 0.0}, {""feature"": ""name_sim_max_etab"", ""shap"": 0.8844916224479675, ""value"": 0.0, ""model_input"": 0.0}, {""feature"": ""street_number_diff"", ""shap"": 0.8239173293113708, ""value"": 0.0, ""model_input"": 0.0}, {""feature"": ""addr_jaro"", ""shap"": 0.8205769658088684, ""value"": 1.0, ""model_input"": 1.0}, {""feature"": ""addr_levenshtein"", ""shap"": 0.6908619999885559, ""value"": 1.0, ""model_input"": 1.0}, {""feature"": ""name_sim_max_ul"", ""shap"": -0.5360852479934692, ""value"": 0.0, ""model_input"": 0.0}, {""feature"": ""name_jaro_max"", ""shap"": 0.5112609267234802, ""value"": 0.0, ""model_input"": 0.0}, {""feature"": ""name_semantic_second"", ""shap"": -0.3520031273365021, ""value"": 0.0, ""model_input"": 0.0}]}"
ASLI - ZACM,4 Avenue du 24 Août 1944,69960,CORBAS,44112152200029,0.9999133348464966,ASLI ZACM,4 AVENUE DU 24 AOUT 1944,CORBAS,69960,69273,1,"{""bias"": 1.1616770029067993, ""margin"": 9.353514671325684, ""prob_from_margin"": 0.9999133472086179, ""top"": [{""feature"": ""name_semantic_max"", ""shap"": 2.3719429969787598, ""value"": 0.9999999403953552, ""model_input"": 0.9999999403953552}, {""feature"": ""name_sim_max_etab"", ""shap"": 0.9119587540626526, ""value"": 0.0, ""model_input"": 0.0}, {""feature"": ""name_token_overlap_max"", ""shap"": 0.8612164855003357, ""value"": 1.0, ""model_input"": 1.0}, {""feature"": ""token_overlap_ul"", ""shap"": 0.7723791003227234, ""value"": 1.0, ""model_input"": 1.0}, {""feature"": ""name_crm_contains_cand_max"", ""shap"": 0.6033523678779602, ""value"": 1.0, ""model_input"": 1.0}, {""feature"": ""addr_token_overlap"", ""shap"": 0.5504806041717529, ""value"": 1.0, ""model_input"": 1.0}, {""feature"": ""name_semantic_second"", ""shap"": 0.5448187589645386, ""value"": 0.7412870526313782, ""model_input"": 0.7412870526313782}, {""feature"": ""street_number_diff"", ""shap"": 0.5183153748512268, ""value"": 0.0, ""model_input"": 0.0}, {""feature"": ""is_siege"", ""shap"": 0.4116855263710022, ""value"": 1.0, ""model_input"": 1.0}, {""feature"": ""name_sim_max_pm_dirigeant"", ""shap"": -0.38842180371284485, ""value"": 0.0, ""model_input"": 0.0}]}"
ASLI - ZACM,4 Avenue du 24 Août 1944,69960,CORBAS,41216431100042,0.9465559720993042,RONDE DE NUIT,4 AVENUE DU 24 AOUT 1944,CORBAS,69960,69273,2,"{""bias"": 1.1616770029067993, ""margin"": 2.874194622039795, ""prob_from_margin"": 0.9465559425586685, ""top"": [{""feature"": ""addr_token_overlap"", ""shap"": 1.267764925956726, ""value"": 1.0, ""model_input"": 1.0}, {""feature"": ""name_semantic_max"", ""shap"": -1.11650550365448, ""value"": 0.5082278847694397, ""model_input"": 0.5082278847694397}, {""feature"": ""street_number_diff"", ""shap"": 1.0914416313171387, ""value"": 0.0, ""model_input"": 0.0}, {""feature"": ""addr_jaro"", ""shap"": 0.6888106465339661, ""value"": 1.0, ""model_input"": 1.0}, {""feature"": ""name_sim_max_etab"", ""shap"": 0.5207828879356384, ""value"": 0.4166666666666667, ""model_input"": 0.4166666666666667}, {""feature"": ""type_of_max_name"", ""shap"": 0.5097669363021851, ""value"": 4.0, ""model_input"": 4.0}, {""feature"": ""addr_levenshtein"", ""shap"": 0.4418252110481262, ""value"": 1.0, ""model_input"": 1.0}, {""feature"": ""name_sim_max_ul"", ""shap"": -0.42522183060646057, ""value"": 0.396011396011396, ""model_input"": 0.396011396011396}, {""feature"": ""name_count"", ""shap"": 0.34178271889686584, ""value"": 2.0, ""model_input"": 2.0}, {""feature"": ""name_token_overlap_max"", ""shap"": -0.29878517985343933, ""value"": 0.0, ""model_input"": 0.0}]}"
ASLI - ZACM,4 Avenue du 24 Août 1944,69960,CORBAS,43488836800025,0.9171139001846313,A L T R A,4 AVENUE DU 24 AOUT 1944,CORBAS,69960,69273,3,"{""bias"": 1.1616770029067993, ""margin"": 2.403763771057129, ""prob_from_margin"": 0.9171138599642293, ""top"": [{""feature"": ""addr_token_overlap"", ""shap"": 1.3892961740493774, ""value"": 1.0, ""model_input"": 1.0}, {""feature"": ""name_semantic_max"", ""shap"": -1.180564522743225, ""value"": 0.5073350071907043, ""model_input"": 0.5073350071907043}, {""feature"": ""street_number_diff"", ""shap"": 1.1549267768859863, ""value"": 0.0, ""model_input"": 0.0}, {""feature"": ""addr_jaro"", ""shap"": 0.6346628069877625, ""value"": 1.0, ""model_input"": 1.0}, {""feature"": ""name_sim_max_etab"", ""shap"": 0.5765817165374756, ""value"": 0.0, ""model_input"": 0.0}, {""feature"": ""addr_levenshtein"", ""shap"": 0.5229860544204712, ""value"": 1.0, ""model_input"": 1.0}, {""feature"": ""name_sim_max_pm_dirigeant"", ""shap"": -0.4121859073638916, ""value"": 0.0, ""model_input"": 0.0}, {""feature"": ""type_of_max_name"", ""shap"": 0.38135603070259094, ""value"": 7.0, ""model_input"": 7.0}, {""feature"": ""name_token_overlap_max"", ""shap"": -0.3493788540363312, ""value"": 0.0, ""model_input"": 0.0}, {""feature"": ""name_length_max"", ""shap"": -0.3365195095539093, ""value"": 9.0, ""model_input"": 9.0}]}"
ASLI - ZACM,4 Avenue du 24 Août 1944,69960,CORBAS,48239538100023,0.9094794392585754,ASSOCIATION,4 AVENUE DU 24 AOUT 1944,CORBAS,69960,69273,4,"{""bias"": 1.1616770029067993, ""margin"": 2.3072943687438965, ""prob_from_margin"": 0.909479356363803, ""top"": [{""feature"": ""street_number_diff"", ""shap"": 1.223935604095459, ""value"": 0.0, ""model_input"": 0.0}, {""feature"": ""addr_token_overlap"", ""shap"": 1.2193421125411987, ""value"": 1.0, ""model_input"": 1.0}, {""feature"": ""name_semantic_max"", ""shap"": -0.8026494979858398, ""value"": 0.5334336757659912, ""model_input"": 0.5334336757659912}, {""feature"": ""name_sim_max_etab"", ""shap"": 0.6660763025283813, ""value"": 0.0, ""model_input"": 0.0}, {""feature"": ""addr_jaro"", ""shap"": 0.5810429453849792, ""value"": 1.0, ""model_input"": 1.0}, {""feature"": ""type_of_max_name"", ""shap"": 0.5364134311676025, ""value"": 5.0, ""model_input"": 5.0}, {""feature"": ""name_semantic_second"", ""shap"": -0.5311089754104614, ""value"": 0.3963630199432373, ""model_input"": 0.3963630199432373}, {""feature"": ""name_sim_max_pm_dirigeant"", ""shap"": -0.4996813237667084, ""value"": 0.0, ""model_input"": 0.0}, {""feature"": ""addr_levenshtein"", ""shap"": 0.3887716233730316, ""value"": 1.0, ""model_input"": 1.0}, {""feature"": ""name_token_overlap_max"", ""shap"": -0.32404428720474243, ""value"": 0.0, ""model_input"": 0.0}]}"
ASLI - ZACM,4 Avenue du 24 Août 1944,69960,CORBAS,50949159300034,0.9002144932746887,MASE,4 AVENUE DU 24 AOUT 1944,CORBAS,69960,69273,5,"{""bias"": 1.1616770029067993, ""margin"": 2.1996097564697266, ""prob_from_margin"": 0.9002144614087908, ""top"": [{""feature"": ""name_semantic_max"", ""shap"": -1.471127986907959, ""value"": 0.49550795555114746, ""model_input"": 0.49550795555114746}, {""feature"": ""addr_token_overlap"", ""shap"": 1.301222562789917, ""value"": 1.0, ""model_input"": 1.0}, {""feature"": ""street_number_diff"", ""shap"": 1.144532561302185, ""value"": 0.0, ""model_input"": 0.0}, {""feature"": ""name_sim_max_etab"", ""shap"": 0.7409855127334595, ""value"": 0.0, ""model_input"": 0.0}, {""feature"": ""addr_jaro"", ""shap"": 0.5941268801689148, ""value"": 1.0, ""model_input"": 1.0}, {""feature"": ""name_length_max"", ""shap"": -0.5891735553741455, ""value"": 4.0, ""model_input"": 4.0}, {""feature"": ""type_of_max_name"", ""shap"": 0.5362724661827087, ""value"": 7.0, ""model_input"": 7.0}, {""feature"": ""name_sim_max_pm_dirigeant"", ""shap"": -0.5313578844070435, ""value"": 0.0, ""model_input"": 0.0}, {""feature"": ""addr_levenshtein"", ""shap"": 0.505496084690094, ""value"": 1.0, ""model_input"": 1.0}, {""feature"": ""name_semantic_second"", ""shap"": -0.39313551783561707, ""value"": 0.0, ""model_input"": 0.0}]}"
AST DECINES,"35 rue Emile Zola, Rez-de-chaussée",69150,DECINES CHARPIEU,51930431500020,0.9790028929710388,AST SERVICES,78 RUE ELISEE RECLUS,DECINES-CHARPIEU,69150,69275,1,"{""bias"": 1.1616770029067993, ""margin"": 3.8421525955200195, ""prob_from_margin"": 0.9790029477671972, ""top"": [{""feature"": ""name_semantic_max"", ""shap"": 2.818681001663208, ""value"": 0.9433861970901489, ""model_input"": 0.9433861970901489}, {""feature"": ""name_token_overlap_max"", ""shap"": 1.1987073421478271, ""value"": 0.5, ""model_input"": 0.5}, {""feature"": ""name_sim_max_etab"", ""shap"": -1.0923748016357422, ""value"": 0.7692307692307693, ""model_input"": 0.7692307692307693}, {""feature"": ""name_sim_max_pm_dirigeant"", ""shap"": 1.0262006521224976, ""value"": 0.7692307692307693, ""model_input"": 0.7692307692307693}, {""feature"": ""token_overlap_ul"", ""shap"": 0.9725727438926697, ""value"": 1.0, ""model_input"": 1.0}, {""feature"": ""street_number_diff"", ""shap"": -0.8935526013374329, ""value"": 43.0, ""model_input"": 43.0}, {""feature"": ""name_addr_consistency"", ""shap"": -0.5354142785072327, ""value"": 0.5977205882352942, ""model_input"": 0.5977205882352942}, {""feature"": ""addr_token_overlap"", ""shap"": -0.5282347798347473, ""value"": 0.1, ""model_input"": 0.1}, {""feature"": ""name_semantic_second"", ""shap"": 0.35954520106315613, ""value"": 0.767039954662323, ""model_input"": 0.767039954662323}, {""feature"": ""type_of_max_name"", ""shap"": 0.3328763544559479, ""value"": 7.0, ""model_input"": 7.0}]}"
AST DECINES,"35 rue Emile Zola, Rez-de-chaussée",69150,DECINES CHARPIEU,92437886200305,0.41478022933006287,MC2A,35 RUE EMILE ZOLA,DECINES-CHARPIEU,69150,69275,2,"{""bias"": 1.1616770029067993, ""margin"": -0.34423863887786865, ""prob_from_margin"": 0.4147802298357876, ""top"": [{""feature"": ""name_semantic_max"", ""shap"": -2.156378746032715, ""value"": 0.4068058729171753, ""model_input"": 0.4068058729171753}, {""feature"": ""name_addr_consistency"", ""shap"": 0.8213376402854919, ""value"": 0.0, ""model_input"": 0.0}, {""feature"": ""name_sim_max_etab"", ""shap"": 0.6904903650283813, ""value"": 0.0, ""model_input"": 0.0}, {""feature"": ""addr_levenshtein"", ""shap"": -0.6122024059295654, ""value"": 0.5, ""model_input"": 0.5}, {""feature"": ""name_jaro_max"", ""shap"": 0.5942099094390869, ""value"": 0.0, ""model_input"": 0.0}, {""feature"": ""type_of_max_name"", ""shap"": 0.5654801726341248, ""value"": 7.0, ""model_input"": 7.0}, {""feature"": ""street_number_diff"", ""shap"": 0.5402392148971558, ""value"": 0.0, ""model_input"": 0.0}, {""feature"": ""name_sim_max_ul"", ""shap"": -0.5139263272285461, ""value"": 0.0, ""model_input"": 0.0}, {""feature"": ""token_overlap_ul"", ""shap"": -0.37755125761032104, ""value"": 0.0, ""model_input"": 0.0}, {""feature"": ""name_token_overlap_max"", ""shap"": -0.3603286147117615, ""value"": 0.0, ""model_input"": 0.0}]}"
AST DECINES,"35 rue Emile Zola, Rez-de-chaussée",69150,DECINES CHARPIEU,39254982000943,0.399109423160553,AST GROUPE,81 RUE ELISEE RECLUS,DECINES-CHARPIEU,69150,69275,3,"{""bias"": 1.1616770029067993, ""margin"": -0.4091759920120239, ""prob_from_margin"": 0.3991097192575673, ""top"": [{""feature"": ""name_semantic_max"", ""shap"": 2.8398661613464355, ""value"": 0.9461020827293396, ""model_input"": 0.9461020827293396}, {""feature"": ""name_token_overlap_max"", ""shap"": 1.3886792659759521, ""value"": 0.5, ""model_input"": 0.5}, {""feature"": ""street_number_diff"", ""shap"": -1.1253209114074707, ""value"": 46.0, ""model_input"": 46.0}, {""feature"": ""name_sim_max_etab"", ""shap"": -1.0792732238769531, ""value"": 0.8366666666666667, ""model_input"": 0.8366666666666667}, {""feature"": ""addr_token_overlap"", ""shap"": -0.7194799780845642, ""value"": 0.1, ""model_input"": 0.1}, {""feature"": ""name_count"", ""shap"": -0.5296196937561035, ""value"": 5.0, ""model_input"": 5.0}, {""feature"": ""name_sim_max_pm_dirigeant"", ""shap"": 0.5097064971923828, ""value"": 0.5912698412698413, ""model_input"": 0.5912698412698413}, {""feature"": ""token_overlap_ul"", ""shap"": -0.46234211325645447, ""value"": 0.0, ""model_input"": 0.0}, {""feature"": ""name_addr_consistency"", ""shap"": -0.45847275853157043, ""value"": 0.6061732026143791, ""model_input"": 0.6061732026143791}, {""feature"": ""name_semantic_second"", ""shap"": 0.45581477880477905, ""value"": 0.767039954662323, ""model_input"": 0.767039954662323}]}"
AST DECINES,"35 rue Emile Zola, Rez-de-chaussée",69150,DECINES CHARPIEU,51840987500011,0.2225254774093628,NMR,46 RUE SULLY,DECINES-CHARPIEU,69150,69275,4,"{""bias"": 1.1616770029067993, ""margin"": -1.2510088682174683, ""prob_from_margin"": 0.22252554776565212, ""top"": [{""feature"": ""name_semantic_max"", ""shap"": -1.5497292280197144, ""value"": 0.5141422748565674, ""model_input"": 0.5141422748565674}, {""feature"": ""name_sim_max_etab"", ""shap"": 0.7812038064002991, ""value"": 0.0, ""model_input"": 0.0}, {""feature"": ""name_sim_max_ul"", ""shap"": -0.7765008807182312, ""value"": 0.0, ""model_input"": 0.0}, {""feature"": ""name_jaro_max"", ""shap"": 0.6654047966003418, ""value"": 0.0, ""model_input"": 0.0}, {""feature"": ""name_addr_consistency"", ""shap"": 0.6379935145378113, ""value"": 0.0, ""model_input"": 0.0}, {""feature"": ""type_of_max_name"", ""shap"": 0.5853396654129028, ""value"": 5.0, ""model_input"": 5.0}, {""feature"": ""addr_jaro"", ""shap"": -0.5406261086463928, ""value"": 0.5964052287581699, ""model_input"": 0.5964052287581699}, {""feature"": ""street_number_diff"", ""shap"": -0.5189995169639587, ""value"": 11.0, ""model_input"": 11.0}, {""feature"": ""name_token_overlap_max"", ""shap"": -0.40386372804641724, ""value"": 0.0, ""model_input"": 0.0}, {""feature"": ""token_overlap_ul"", ""shap"": -0.4004764258861542, ""value"": 0.0, ""model_input"": 0.0}]}"
AST DECINES,"35 rue Emile Zola, Rez-de-chaussée",69150,DECINES CHARPIEU,91463510700016,0.20967453718185425,F.H.I.,18 RUE PAUL ET MARC BARBEZAT,DECINES-CHARPIEU,69150,69275,5,"{""bias"": 1.1616770029067993, ""margin"": -1.3268870115280151, ""prob_from_margin"": 0.2096747562169325, ""top"": [{""feature"": ""name_semantic_max"", ""shap"": -1.813547134399414, ""value"": 0.4247637391090393, ""model_input"": 0.4247637391090393}, {""feature"": ""street_number_diff"", ""shap"": -0.8727055788040161, ""value"": 17.0, ""model_input"": 17.0}, {""feature"": ""name_jaro_max"", ""shap"": 0.7681922912597656, ""value"": 0.0, ""model_input"": 0.0}, {""feature"": ""name_sim_max_ul"", ""shap"": -0.7543789744377136, ""value"": 0.0, ""model_input"": 0.0}, {""feature"": ""name_sim_max_etab"", ""shap"": 0.7190297842025757, ""value"": 0.0, ""model_input"": 0.0}, {""feature"": ""name_addr_consistency"", ""shap"": 0.6000496745109558, ""value"": 0.0, ""model_input"": 0.0}, {""feature"": ""type_of_max_name"", ""shap"": 0.49268120527267456, ""value"": 5.0, ""model_input"": 5.0}, {""feature"": ""addr_token_overlap"", ""shap"": -0.3983277380466461, ""value"": 0.08333333333333333, ""model_input"": 0.08333333333333333}, {""feature"": ""addr_levenshtein"", ""shap"": -0.3857068419456482, ""value"": 0.2647058823529411, ""model_input"": 0.2647058823529411}, {""feature"": ""name_token_overlap_max"", ""shap"": -0.3797261118888855, ""value"": 0.0, ""model_input"": 0.0}]}"
ATOUT GAZ,"89 Avenue des Bruyères, Bâtiment B",69150,DECINES CHARPIEU,53011730800029,0.9926294088363647,CLIM A LYON,89 AVENUE DES BRUYERES,DECINES-CHARPIEU,69150,69275,1,"{""bias"": 1.1616770029067993, ""margin"": 4.902864933013916, ""prob_from_margin"": 0.9926294487637661, ""top"": [{""feature"": ""name_semantic_max"", ""shap"": 2.4015562534332275, ""value"": 0.8874449133872986, ""model_input"": 0.8874449133872986}, {""feature"": ""name_token_overlap_max"", ""shap"": 1.0323344469070435, ""value"": 0.6666666666666666, ""model_input"": 0.6666666666666666}, {""feature"": ""token_overlap_ul"", ""shap"": 0.7729721069335938, ""value"": 1.0, ""model_input"": 1.0}, {""feature"": ""name_sim_max_pm_dirigeant"", ""shap"": -0.6908387541770935, ""value"": 0.0, ""model_input"": 0.0}, {""feature"": ""name_semantic_second"", ""shap"": -0.4121449887752533, ""value"": 0.317746102809906, ""model_input"": 0.317746102809906}, {""feature"": ""street_number_diff"", ""shap"": 0.40252652764320374, ""value"": 0.0, ""model_input"": 0.0}, {""feature"": ""is_siege"", ""shap"": 0.37694650888442993, ""value"": 1.0, ""model_input"": 1.0}, {""feature"": ""name_addr_consistency"", ""shap"": 0.3391946852207184, ""value"": 0.8419377162629758, ""model_input"": 0.8419377162629758}, {""feature"": ""name_levenshtein_max"", ""shap"": -0.16904205083847046, ""value"": 0.5294117647058824, ""model_input"": 0.5294117647058824}, {""feature"": ""name_city_overlap_max"", ""shap"": -0.13910873234272003, ""value"": 0.0, ""model_input"": 0.0}]}"
ATOUT GAZ,"89 Avenue des Bruyères, Bâtiment B",69150,DECINES CHARPIEU,80812847400026,0.9711488485336304,RG MAINTENANCE GAZ,98 AVENUE EDOUARD HERRIOT,DECINES-CHARPIEU,69150,69275,2,"{""bias"": 1.1616770029067993, ""margin"": 3.5163278579711914, ""prob_from_margin"": 0.9711487928239741, ""top"": [{""feature"": ""name_semantic_max"", ""shap"": 2.2167489528656006, ""value"": 0.7154693603515625, ""model_input"": 0.7154693603515625}, {""feature"": ""name_sim_max_etab"", ""shap"": 1.2458895444869995, ""value"": 0.0, ""model_input"": 0.0}, {""feature"": ""street_number_diff"", ""shap"": -0.7007659673690796, ""value"": 9.0, ""model_input"": 9.0}, {""feature"": ""token_overlap_ul"", ""shap"": 0.6421110033988953, ""value"": 0.5, ""model_input"": 0.5}, {""feature"": ""street_name_jaro"", ""shap"": -0.4835507273674011, ""value"": 0.6756655741475476, ""model_input"": 0.6756655741475476}, {""feature"": ""name_addr_consistency"", ""shap"": 0.33870089054107666, ""value"": 0.33257080610021783, ""model_input"": 0.33257080610021783}, {""feature"": ""name_sim_max_pm_dirigeant"", ""shap"": -0.33646801114082336, ""value"": 0.0, ""model_input"": 0.0}, {""feature"": ""addr_token_overlap"", ""shap"": -0.3173826038837433, ""value"": 0.1111111111111111, ""model_input"": 0.1111111111111111}, {""feature"": ""type_of_max_name"", ""shap"": 0.30784547328948975, ""value"": 7.0, ""model_input"": 7.0}, {""feature"": ""name_semantic_second"", ""shap"": -0.288900762796402, ""value"": 0.0, ""model_input"": 0.0}]}"
ATOUT GAZ,"89 Avenue des Bruyères, Bâtiment B",69150,DECINES CHARPIEU,44060173000045,0.7071804404258728,ENERGIE PROCESS,89 AVENUE DES BRUYERES,DECINES-CHARPIEU,69150,69275,3,"{""bias"": 1.1616770029067993, ""margin"": 0.8817310333251953, ""prob_from_margin"": 0.7071808052596009, ""top"": [{""feature"": ""name_semantic_max"", ""shap"": -2.2076809406280518, ""value"": 0.40714049339294434, ""model_input"": 0.40714049339294434}, {""feature"": ""street_number_diff"", ""shap"": 0.8216345906257629, ""value"": 0.0, ""model_input"": 0.0}, {""feature"": ""type_of_max_name"", ""shap"": 0.7179501056671143, ""value"": 7.0, ""model_input"": 7.0}, {""feature"": ""name_sim_max_etab"", ""shap"": 0.7006688714027405, ""value"": 0.0, ""model_input"": 0.0}, {""feature"": ""name_jaro_max"", ""shap"": 0.5903334021568298, ""value"": 0.28518518518518515, ""model_input"": 0.28518518518518515}, {""feature"": ""name_levenshtein_max"", ""shap"": 0.562425971031189, ""value"": 0.06666666666666665, ""model_input"": 0.06666666666666665}, {""feature"": ""name_sim_max_ul"", ""shap"": -0.536064624786377, ""value"": 0.28518518518518515, ""model_input"": 0.28518518518518515}, {""feature"": ""name_semantic_second"", ""shap"": -0.37694764137268066, ""value"": 0.0, ""model_input"": 0.0}, {""feature"": ""name_token_overlap_max"", ""shap"": -0.332516074180603, ""value"": 0.0, ""model_input"": 0.0}, {""feature"": ""name_sim_max_pm_dirigeant"", ""shap"": -0.32570651173591614, ""value"": 0.0, ""model_input"": 0.0}]}"
ATOUT GAZ,"89 Avenue des Bruyères, Bâtiment B",69150,DECINES CHARPIEU,97993485800015,0.5804051756858826,HOLDING BOUQUET,89 AVENUE DES BRUYERES,DECINES-CHARPIEU,69150,69275,4,"{""bias"": 1.1616770029067993, ""margin"": 0.3244367241859436, ""prob_from_margin"": 0.5804051336532715, ""top"": [{""feature"": ""name_semantic_max"", ""shap"": -2.428575277328491, ""value"": 0.38441604375839233, ""model_input"": 0.38441604375839233}, {""feature"": ""street_number_diff"", ""shap"": 0.9495609998703003, ""value"": 0.0, ""model_input"": 0.0}, {""feature"": ""type_of_max_name"", ""shap"": 0.6851953268051147, ""value"": 4.0, ""model_input"": 4.0}, {""feature"": ""name_sim_max_ul"", ""shap"": -0.6330326795578003, ""value"": 0.0, ""model_input"": 0.0}, {""feature"": ""name_levenshtein_max"", ""shap"": 0.5439924001693726, ""value"": 0.06666666666666665, ""model_input"": 0.06666666666666665}, {""feature"": ""name_semantic_second"", ""shap"": -0.4899972677230835, ""value"": 0.0, ""model_input"": 0.0}, {""feature"": ""name_sim_max_etab"", ""shap"": 0.4176846146583557, ""value"": 0.39999999999999997, ""model_input"": 0.39999999999999997}, {""feature"": ""name_addr_consistency"", ""shap"": 0.36918771266937256, ""value"": 0.37176470588235294, ""model_input"": 0.37176470588235294}, {""feature"": ""name_token_overlap_max"", ""shap"": -0.35322996973991394, ""value"": 0.0, ""model_input"": 0.0}, {""feature"": ""token_overlap_ul"", ""shap"": -0.3343302607536316, ""value"": 0.0, ""model_input"": 0.0}]}"
ATOUT GAZ,"89 Avenue des Bruyères, Bâtiment B",69150,DECINES CHARPIEU,89439856900018,0.546515166759491,HOLDING BOUQUET,89 AVENUE DES BRUYERES,DECINES-CHARPIEU,69150,69275,5,"{""bias"": 1.1616770029067993, ""margin"": 0.1865999698638916, ""prob_from_margin"": 0.5465151011580412, ""top"": [{""feature"": ""name_semantic_max"", ""shap"": -2.707289457321167, ""value"": 0.38441604375839233, ""model_input"": 0.38441604375839233}, {""feature"": ""street_number_diff"", ""shap"": 0.9261291027069092, ""value"": 0.0, ""model_input"": 0.0}, {""feature"": ""type_of_max_name"", ""shap"": 0.6955584287643433, ""value"": 7.0, ""model_input"": 7.0}, {""feature"": ""name_sim_max_etab"", ""shap"": 0.6944484710693359, ""value"": 0.0, ""model_input"": 0.0}, {""feature"": ""name_levenshtein_max"", ""shap"": 0.5314253568649292, ""value"": 0.06666666666666665, ""model_input"": 0.06666666666666665}, {""feature"": ""name_semantic_second"", ""shap"": -0.4418574869632721, ""value"": 0.0, ""model_input"": 0.0}, {""feature"": ""name_addr_consistency"", ""shap"": 0.4032815992832184, ""value"": 0.37176470588235294, ""model_input"": 0.37176470588235294}, {""feature"": ""name_token_overlap_max"", ""shap"": -0.3626539707183838, ""value"": 0.0, ""model_input"": 0.0}, {""feature"": ""name_sim_max_ul"", ""shap"": -0.3478144407272339, ""value"": 0.39999999999999997, ""model_input"": 0.39999999999999997}, {""feature"": ""name_sim_max_pm_dirigeant"", ""shap"": -0.3442634344100952, ""value"": 0.0, ""model_input"": 0.0}]}"
BAGTROTTER,20 Rue Paul et Marc Barbezat,69150,DECINES-CHARPIEU,85120177200031,0.8882511854171753,SP COATING,20 RUE PAUL ET MARC BARBEZAT,DECINES-CHARPIEU,69150,69275,1,"{""bias"": 1.1616770029067993, ""margin"": 2.073000907897949, ""prob_from_margin"": 0.8882511818558517, ""top"": [{""feature"": ""name_semantic_max"", ""shap"": -1.7413139343261719, ""value"": 0.45905202627182007, ""model_input"": 0.45905202627182007}, {""feature"": ""addr_token_overlap"", ""shap"": 1.368659257888794, ""value"": 1.0, ""model_input"": 1.0}, {""feature"": ""street_number_diff"", ""shap"": 0.9688045978546143, ""value"": 0.0, ""model_input"": 0.0}, {""feature"": ""addr_jaro"", ""shap"": 0.7314121723175049, ""value"": 1.0, ""model_input"": 1.0}, {""feature"": ""name_addr_consistency"", ""shap"": -0.5025196075439453, ""value"": 0.47222222222222227, ""model_input"": 0.47222222222222227}, {""feature"": ""addr_levenshtein"", ""shap"": 0.49924972653388977, ""value"": 1.0, ""model_input"": 1.0}, {""feature"": ""name_sim_max_ul"", ""shap"": -0.44445741176605225, ""value"": 0.4222222222222222, ""model_input"": 0.4222222222222222}, {""feature"": ""type_of_max_name"", ""shap"": 0.37877941131591797, ""value"": 4.0, ""model_input"": 4.0}, {""feature"": ""name_sim_max_pm_dirigeant"", ""shap"": 0.3267020285129547, ""value"": 0.47222222222222227, ""model_input"": 0.47222222222222227}, {""feature"": ""name_token_overlap_max"", ""shap"": -0.3203248977661133, ""value"": 0.0, ""model_input"": 0.0}]}"
BAGTROTTER,20 Rue Paul et Marc Barbezat,69150,DECINES-CHARPIEU,98399053200027,0.7595032453536987,WILLY INFO SERVICES,20 RUE DU 24 AVRIL 1915,DECINES-CHARPIEU,69150,69275,2,"{""bias"": 1.1616770029067993, ""margin"": 1.1499578952789307, ""prob_from_margin"": 0.7595032262658206, ""top"": [{""feature"": ""name_semantic_max"", ""shap"": -0.9626086354255676, ""value"": 0.5282552242279053, ""model_input"": 0.5282552242279053}, {""feature"": ""street_number_diff"", ""shap"": 0.9570453763008118, ""value"": 0.0, ""model_input"": 0.0}, {""feature"": ""type_of_max_name"", ""shap"": 0.8901885747909546, ""value"": 7.0, ""model_input"": 7.0}, {""feature"": ""name_sim_max_etab"", ""shap"": 0.8232641816139221, ""value"": 0.0, ""model_input"": 0.0}, {""feature"": ""addr_levenshtein"", ""shap"": -0.5253356099128723, ""value"": 0.3928571428571429, ""model_input"": 0.3928571428571429}, {""feature"": ""name_token_overlap_max"", ""shap"": -0.42534905672073364, ""value"": 0.0, ""model_input"": 0.0}, {""feature"": ""name_semantic_second"", ""shap"": -0.386859655380249, ""value"": 0.0, ""model_input"": 0.0}, {""feature"": ""token_overlap_ul"", ""shap"": -0.378485769033432, ""value"": 0.0, ""model_input"": 0.0}, {""feature"": ""name_sim_max_pm_dirigeant"", ""shap"": -0.3305954933166504, ""value"": 0.0, ""model_input"": 0.0}, {""feature"": ""addr_jaro"", ""shap"": -0.3123113811016083, ""value"": 0.6314699792960662, ""model_input"": 0.6314699792960662}]}"
BAGTROTTER,20 Rue Paul et Marc Barbezat,69150,DECINES-CHARPIEU,44303932600030,0.4686848223209381,DITIB,72 RUE PAUL ET MARC BARBEZAT,DECINES-CHARPIEU,69150,69275,3,"{""bias"": 1.1616770029067993, ""margin"": -0.12542402744293213, ""prob_from_margin"": 0.4686850341777887, ""top"": [{""feature"": ""name_semantic_max"", ""shap"": -1.315314531326294, ""value"": 0.5631638765335083, ""model_input"": 0.5631638765335083}, {""feature"": ""street_number_diff"", ""shap"": -0.8950063586235046, ""value"": 52.0, ""model_input"": 52.0}, {""feature"": ""name_jaro_max"", ""shap"": 0.858614444732666, ""value"": 0.3666666666666667, ""model_input"": 0.3666666666666667}, {""feature"": ""name_sim_max_etab"", ""shap"": 0.6324743628501892, ""value"": 0.0, ""model_input"": 0.0}, {""feature"": ""type_of_max_name"", ""shap"": 0.5826356410980225, ""value"": 7.0, ""model_input"": 7.0}, {""feature"": ""name_addr_consistency"", ""shap"": 0.4418259263038635, ""value"": 0.357936507936508, ""model_input"": 0.357936507936508}, {""feature"": ""name_token_overlap_max"", ""shap"": -0.431834876537323, ""value"": 0.0, ""model_input"": 0.0}, {""feature"": ""token_overlap_ul"", ""shap"": -0.39121732115745544, ""value"": 0.0, ""model_input"": 0.0}, {""feature"": ""name_sim_max_ul"", ""shap"": -0.3794417083263397, ""value"": 0.3666666666666667, ""model_input"": 0.3666666666666667}, {""feature"": ""addr_jaro"", ""shap"": 0.360503226518631, ""value"": 0.9761904761904763, ""model_input"": 0.9761904761904763}]}"
BAGTROTTER,20 Rue Paul et Marc Barbezat,69150,DECINES-CHARPIEU,32370743000027,0.3555264174938202,BULLES,52 RUE PAUL ET MARC BARBEZAT,DECINES-CHARPIEU,69150,69275,4,"{""bias"": 1.1616770029067993, ""margin"": -0.5948342084884644, ""prob_from_margin"": 0.35552643275979984, ""top"": [{""feature"": ""street_number_diff"", ""shap"": -1.405444860458374, ""value"": 32.0, ""model_input"": 32.0}, {""feature"": ""name_semantic_max"", ""shap"": -1.0773247480392456, ""value"": 0.5736196637153625, ""model_input"": 0.5736196637153625}, {""feature"": ""name_sim_max_pm_dirigeant"", ""shap"": 0.6434481739997864, ""value"": 0.48571428571428577, ""model_input"": 0.48571428571428577}, {""feature"": ""name_token_overlap_max"", ""shap"": -0.50541752576828, ""value"": 0.0, ""model_input"": 0.0}, {""feature"": ""name_addr_consistency"", ""shap"": -0.4784347414970398, ""value"": 0.49894179894179896, ""model_input"": 0.49894179894179896}, {""feature"": ""name_semantic_second"", ""shap"": 0.44403746724128723, ""value"": 0.5547027587890625, ""model_input"": 0.5547027587890625}, {""feature"": ""type_of_max_name"", ""shap"": 0.4330958127975464, ""value"": 7.0, ""model_input"": 7.0}, {""feature"": ""name_semantic_gap"", ""shap"": 0.4093945324420929, ""value"": 0.01891690492630005, ""model_input"": 0.01891690492630005}, {""feature"": ""token_overlap_ul"", ""shap"": -0.3278173506259918, ""value"": 0.0, ""model_input"": 0.0}, {""feature"": ""name_sim_max_etab"", ""shap"": 0.2978622615337372, ""value"": 0.48571428571428577, ""model_input"": 0.48571428571428577}]}"
BAGTROTTER,20 Rue Paul et Marc Barbezat,69150,DECINES-CHARPIEU,48323825900038,0.3468873202800751,"GROUPE BILGIN, BAGDAN, EURO INTER FOOD",62 RUE PAUL ET MARC BARBEZAT,DECINES-CHARPIEU,69150,69275,5,"{""bias"": 1.1616770029067993, ""margin"": -0.6327491998672485, ""prob_from_margin"": 0.34688742669974515, ""top"": [{""feature"": ""street_number_diff"", ""shap"": -1.1675963401794434, ""value"": 42.0, ""model_input"": 42.0}, {""feature"": ""name_sim_max_pm_dirigeant"", ""shap"": 0.6771476864814758, ""value"": 0.43333333333333335, ""model_input"": 0.43333333333333335}, {""feature"": ""type_of_max_name"", ""shap"": 0.5487431287765503, ""value"": 7.0, ""model_input"": 7.0}, {""feature"": ""name_token_overlap_max"", ""shap"": -0.5057547688484192, ""value"": 0.0, ""model_input"": 0.0}, {""feature"": ""name_addr_consistency"", ""shap"": -0.4791807234287262, ""value"": 0.5314814814814814, ""model_input"": 0.5314814814814814}, {""feature"": ""token_overlap_ul"", ""shap"": -0.38922053575515747, ""value"": 0.0, ""model_input"": 0.0}, {""feature"": ""name_city_overlap_max"", ""shap"": -0.2466944307088852, ""value"": 0.0, ""model_input"": 0.0}, {""feature"": ""name_semantic_second"", ""shap"": -0.2399585098028183, ""value"": 0.36531582474708557, ""model_input"": 0.36531582474708557}, {""feature"": ""name_sim_max_ul"", ""shap"": -0.22218909859657288, ""value"": 0.5444444444444444, ""model_input"": 0.5444444444444444}, {""feature"": ""addr_token_overlap"", ""shap"": 0.2125297337770462, ""value"": 0.7142857142857143, ""model_input"": 0.7142857142857143}]}"
BLANC ROSSET LYON,5 Rue du Mont-Blanc,69960,CORBAS,40400979700055,0.9863716959953308,MAISON LANDRIER PERE BLANC,5 RUE DU MONT BLANC,CORBAS,69960,69273,1,"{""bias"": 1.1616770029067993, ""margin"": 4.281887054443359, ""prob_from_margin"": 0.9863717310018826, ""top"": [{""feature"": ""addr_token_overlap"", ""shap"": 1.0428510904312134, ""value"": 1.0, ""model_input"": 1.0}, {""feature"": ""street_number_diff"", ""shap"": 0.9045940041542053, ""value"": 0.0, ""model_input"": 0.0}, {""feature"": ""name_sim_max_pm_dirigeant"", ""shap"": 0.85636967420578, ""value"": 0.5410059676044331, ""model_input"": 0.5410059676044331}, {""feature"": ""addr_jaro"", ""shap"": 0.5231336951255798, ""value"": 1.0, ""model_input"": 1.0}, {""feature"": ""token_overlap_ul"", ""shap"": 0.4409509301185608, ""value"": 0.3333333333333333, ""model_input"": 0.3333333333333333}, {""feature"": ""name_semantic_second"", ""shap"": -0.33999425172805786, ""value"": 0.3904269337654114, ""model_input"": 0.3904269337654114}, {""feature"": ""name_count"", ""shap"": 0.33113887906074524, ""value"": 2.0, ""model_input"": 2.0}, {""feature"": ""name_levenshtein_max"", ""shap"": -0.32512038946151733, ""value"": 0.21739130434782605, ""model_input"": 0.21739130434782605}, {""feature"": ""type_of_max_name"", ""shap"": 0.31892940402030945, ""value"": 4.0, ""model_input"": 4.0}, {""feature"": ""addr_levenshtein"", ""shap"": 0.3142510652542114, ""value"": 1.0, ""model_input"": 1.0}]}"
BLANC ROSSET LYON,5 Rue du Mont-Blanc,69960,CORBAS,98401778000011,0.9617089033126831,MHT,5 RUE DU MONT BLANC,CORBAS,69960,69273,2,"{""bias"": 1.1616770029067993, ""margin"": 3.223496437072754, ""prob_from_margin"": 0.9617089782217338, ""top"": [{""feature"": ""name_semantic_max"", ""shap"": -3.05539870262146, ""value"": 0.28926998376846313, ""model_input"": 0.28926998376846313}, {""feature"": ""addr_token_overlap"", ""shap"": 1.2031757831573486, ""value"": 1.0, ""model_input"": 1.0}, {""feature"": ""name_addr_consistency"", ""shap"": 1.1242585182189941, ""value"": 0.0, ""model_input"": 0.0}, {""feature"": ""street_number_diff"", ""shap"": 1.02173912525177, ""value"": 0.0, ""model_input"": 0.0}, {""feature"": ""addr_jaro"", ""shap"": 1.0083961486816406, ""value"": 1.0, ""model_input"": 1.0}, {""feature"": ""name_sim_max_etab"", ""shap"": 0.8494833111763, ""value"": 0.0, ""model_input"": 0.0}, {""feature"": ""name_levenshtein_max"", ""shap"": 0.6610041856765747, ""value"": 0.05882352941176472, ""model_input"": 0.05882352941176472}, {""feature"": ""addr_levenshtein"", ""shap"": 0.6469603180885315, ""value"": 1.0, ""model_input"": 1.0}, {""feature"": ""name_jaro_max"", ""shap"": 0.4754668176174164, ""value"": 0.0, ""model_input"": 0.0}, {""feature"": ""name_sim_max_ul"", ""shap"": -0.42157068848609924, ""value"": 0.0, ""model_input"": 0.0}]}"
BLANC ROSSET LYON,5 Rue du Mont-Blanc,69960,CORBAS,50484013300012,0.9368676543235779,BLANC NOEL,21 ALLEE HELENE BOUCHER,CORBAS,69960,69273,3,"{""bias"": 1.1616770029067993, ""margin"": 2.6973094940185547, ""prob_from_margin"": 0.9368676965415182, ""top"": [{""feature"": ""name_semantic_max"", ""shap"": 2.580315589904785, ""value"": 0.7528198957443237, ""model_input"": 0.7528198957443237}, {""feature"": ""name_sim_max_etab"", ""shap"": 1.171746015548706, ""value"": 0.0, ""model_input"": 0.0}, {""feature"": ""name_addr_consistency"", ""shap"": -0.7160017490386963, ""value"": 0.48509923572785335, ""model_input"": 0.48509923572785335}, {""feature"": ""street_number_diff"", ""shap"": -0.5876237154006958, ""value"": 16.0, ""model_input"": 16.0}, {""feature"": ""name_sim_max_pm_dirigeant"", ""shap"": -0.4962812662124634, ""value"": 0.0, ""model_input"": 0.0}, {""feature"": ""addr_token_overlap"", ""shap"": -0.456704705953598, ""value"": 0.0, ""model_input"": 0.0}, {""feature"": ""name_length_max"", ""shap"": -0.4236483871936798, ""value"": 10.0, ""model_input"": 10.0}, {""feature"": ""token_overlap_ul"", ""shap"": 0.40086451172828674, ""value"": 0.3333333333333333, ""model_input"": 0.3333333333333333}, {""feature"": ""addr_levenshtein"", ""shap"": -0.2974947690963745, ""value"": 0.21739130434782605, ""model_input"": 0.21739130434782605}, {""feature"": ""name_jaro_gap"", ""shap"": 0.29401156306266785, ""value"": 0.8858823529411766, ""model_input"": 0.8858823529411766}]}"
BLANC ROSSET LYON,5 Rue du Mont-Blanc,69960,CORBAS,53749522800018,0.9223577976226807,ZOL LYON,22 RUE DE LA VANOISE,CORBAS,69960,69273,4,"{""bias"": 1.1616770029067993, ""margin"": 2.474821090698242, ""prob_from_margin"": 0.9223577260096059, ""top"": [{""feature"": ""name_semantic_max"", ""shap"": 1.2488727569580078, ""value"": 0.6548700332641602, ""model_input"": 0.6548700332641602}, {""feature"": ""street_number_diff"", ""shap"": -0.9585195183753967, ""value"": 17.0, ""model_input"": 17.0}, {""feature"": ""name_sim_max_etab"", ""shap"": 0.7959151268005371, ""value"": 0.42810457516339867, ""model_input"": 0.42810457516339867}, {""feature"": ""token_overlap_ul"", ""shap"": 0.5535421371459961, ""value"": 0.3333333333333333, ""model_input"": 0.3333333333333333}, {""feature"": ""name_addr_consistency"", ""shap"": 0.4594806134700775, ""value"": 0.34077800710927647, ""model_input"": 0.34077800710927647}, {""feature"": ""type_of_max_name"", ""shap"": 0.3903023898601532, ""value"": 7.0, ""model_input"": 7.0}, {""feature"": ""name_length_max"", ""shap"": -0.35375797748565674, ""value"": 8.0, ""model_input"": 8.0}, {""feature"": ""addr_token_overlap"", ""shap"": -0.34361541271209717, ""value"": 0.1111111111111111, ""model_input"": 0.1111111111111111}, {""feature"": ""name_token_overlap_max"", ""shap"": 0.32278087735176086, ""value"": 0.25, ""model_input"": 0.25}, {""feature"": ""name_sim_max_ul"", ""shap"": -0.319013774394989, ""value"": 0.4950980392156863, ""model_input"": 0.4950980392156863}]}"
BLANC ROSSET LYON,5 Rue du Mont-Blanc,69960,CORBAS,31061319500042,0.8756489157676697,TLF SERVICES,5 RUE DU MONT BLANC,CORBAS,69960,69273,5,"{""bias"": 1.1616770029067993, ""margin"": 1.9518544673919678, ""prob_from_margin"": 0.8756487118517327, ""top"": [{""feature"": ""name_semantic_max"", ""shap"": -1.6634256839752197, ""value"": 0.46605169773101807, ""model_input"": 0.46605169773101807}, {""feature"": ""addr_token_overlap"", ""shap"": 1.4148107767105103, ""value"": 1.0, ""model_input"": 1.0}, {""feature"": ""street_number_diff"", ""shap"": 1.0711380243301392, ""value"": 0.0, ""model_input"": 0.0}, {""feature"": ""name_sim_max_etab"", ""shap"": 0.7909165024757385, ""value"": 0.0, ""model_input"": 0.0}, {""feature"": ""addr_jaro"", ""shap"": 0.6737236976623535, ""value"": 1.0, ""model_input"": 1.0}, {""feature"": ""addr_levenshtein"", ""shap"": 0.5436199903488159, ""value"": 1.0, ""model_input"": 1.0}, {""feature"": ""type_of_max_name"", ""shap"": 0.4321478009223938, ""value"": 7.0, ""model_input"": 7.0}, {""feature"": ""name_sim_max_pm_dirigeant"", ""shap"": -0.3918493092060089, ""value"": 0.0, ""model_input"": 0.0}, {""feature"": ""name_semantic_second"", ""shap"": -0.3840394914150238, ""value"": 0.0, ""model_input"": 0.0}, {""feature"": ""name_addr_consistency"", ""shap"": -0.3525892198085785, ""value"": 0.5221755368814193, ""model_input"": 0.5221755368814193}]}"
BUFAB FRANCE,21 Avenue du 24 Août 1944,69960,CORBAS,35323743100088,0.9997510313987732,CHAPELLET,21 AVENUE DU 24 AOUT 1944,CORBAS,69960,69273,1,"{""bias"": 1.1616770029067993, ""margin"": 8.298166275024414, ""prob_from_margin"": 0.9997510890154028, ""top"": [{""feature"": ""name_semantic_max"", ""shap"": 2.386720895767212, ""value"": 1.0, ""model_input"": 1.0}, {""feature"": ""token_overlap_ul"", ""shap"": 0.9214449524879456, ""value"": 1.0, ""model_input"": 1.0}, {""feature"": ""name_token_overlap_max"", ""shap"": 0.91154545545578, ""value"": 1.0, ""model_input"": 1.0}, {""feature"": ""name_crm_contains_cand_max"", ""shap"": 0.6980059146881104, ""value"": 1.0, ""model_input"": 1.0}, {""feature"": ""addr_token_overlap"", ""shap"": 0.5073516368865967, ""value"": 1.0, ""model_input"": 1.0}, {""feature"": ""street_number_diff"", ""shap"": 0.49449673295021057, ""value"": 0.0, ""model_input"": 0.0}, {""feature"": ""name_addr_consistency"", ""shap"": 0.36728543043136597, ""value"": 1.0, ""model_input"": 1.0}, {""feature"": ""is_siege"", ""shap"": 0.32314804196357727, ""value"": 1.0, ""model_input"": 1.0}, {""feature"": ""name_semantic_second"", ""shap"": -0.31982091069221497, ""value"": 0.38911065459251404, ""model_input"": 0.38911065459251404}, {""feature"": ""addr_jaro"", ""shap"": 0.20432694256305695, ""value"": 1.0, ""model_input"": 1.0}]}"
BUFAB FRANCE,21 Avenue du 24 Août 1944,69960,CORBAS,31045504300524,0.9645359516143799,FRANCE BOISSONS RHONE ALPES,73 RUE MARCEL MERIEUX,CORBAS,69960,69273,2,"{""bias"": 1.1616770029067993, ""margin"": 3.303128719329834, ""prob_from_margin"": 0.9645359883727445, ""top"": [{""feature"": ""name_sim_max_etab"", ""shap"": 0.9895517230033875, ""value"": 0.3055555555555555, ""model_input"": 0.3055555555555555}, {""feature"": ""type_of_max_name"", ""shap"": 0.7602095603942871, ""value"": 7.0, ""model_input"": 7.0}, {""feature"": ""token_overlap_ul"", ""shap"": 0.6464641690254211, ""value"": 0.5, ""model_input"": 0.5}, {""feature"": ""name_semantic_max"", ""shap"": 0.5291815400123596, ""value"": 0.6010740995407104, ""model_input"": 0.6010740995407104}, {""feature"": ""street_number_diff"", ""shap"": -0.4339546859264374, ""value"": 52.0, ""model_input"": 52.0}, {""feature"": ""name_addr_consistency"", ""shap"": 0.3907190263271332, ""value"": 0.23395147462277088, ""model_input"": 0.23395147462277088}, {""feature"": ""addr_jaro"", ""shap"": -0.3837445378303528, ""value"": 0.441984126984127, ""model_input"": 0.441984126984127}, {""feature"": ""name_sim_max_pm_dirigeant"", ""shap"": -0.3191062808036804, ""value"": 0.3055555555555555, ""model_input"": 0.3055555555555555}, {""feature"": ""addr_levenshtein"", ""shap"": -0.3045736253261566, ""value"": 0.16000000000000003, ""model_input"": 0.16000000000000003}, {""feature"": ""name_count"", ""shap"": 0.29195624589920044, ""value"": 2.0, ""model_input"": 2.0}]}"
BUFAB FRANCE,21 Avenue du 24 Août 1944,69960,CORBAS,91047578900020,0.9415846467018127,BIEN BOIRE A CORBAS,8 RUE DES ROSES,CORBAS,69960,69273,3,"{""bias"": 1.1616770029067993, ""margin"": 2.7799882888793945, ""prob_from_margin"": 0.9415848003157593, ""top"": [{""feature"": ""name_city_overlap_max"", ""shap"": 0.8465275168418884, ""value"": 0.25, ""model_input"": 0.25}, {""feature"": ""name_semantic_second"", ""shap"": 0.6371229290962219, ""value"": 0.5453563332557678, ""model_input"": 0.5453563332557678}, {""feature"": ""street_number_diff"", ""shap"": -0.5967161655426025, ""value"": 13.0, ""model_input"": 13.0}, {""feature"": ""is_siege"", ""shap"": 0.5266835689544678, ""value"": 1.0, ""model_input"": 1.0}, {""feature"": ""type_of_max_name"", ""shap"": 0.4635705351829529, ""value"": 7.0, ""model_input"": 7.0}, {""feature"": ""name_sim_max_pm_dirigeant"", ""shap"": 0.4328857660293579, ""value"": 0.547008547008547, ""model_input"": 0.547008547008547}, {""feature"": ""name_token_overlap_max"", ""shap"": -0.42119094729423523, ""value"": 0.0, ""model_input"": 0.0}, {""feature"": ""addr_token_overlap"", ""shap"": -0.4120054244995117, ""value"": 0.0, ""model_input"": 0.0}, {""feature"": ""name_count"", ""shap"": 0.4002731144428253, ""value"": 2.0, ""model_input"": 2.0}, {""feature"": ""name_semantic_gap"", ""shap"": 0.32529333233833313, ""value"": 0.05624622106552124, ""model_input"": 0.05624622106552124}]}"
BUFAB FRANCE,21 Avenue du 24 Août 1944,69960,CORBAS,53027192300027,0.7711120247840881,FCB,4 RUE DU MONT BLANC,CORBAS,69960,69273,4,"{""bias"": 1.1616770029067993, ""margin"": 1.2146023511886597, ""prob_from_margin"": 0.7711122688476626, ""top"": [{""feature"": ""name_semantic_max"", ""shap"": 1.791831135749817, ""value"": 0.6826733350753784, ""model_input"": 0.6826733350753784}, {""feature"": ""street_number_diff"", ""shap"": -1.053520679473877, ""value"": 17.0, ""model_input"": 17.0}, {""feature"": ""name_semantic_second"", ""shap"": 0.7770618796348572, ""value"": 0.6826733350753784, ""model_input"": 0.6826733350753784}, {""feature"": ""name_sim_max_pm_dirigeant"", ""shap"": 0.7761200070381165, ""value"": 0.5907407407407408, ""model_input"": 0.5907407407407408}, {""feature"": ""name_semantic_gap"", ""shap"": -0.77383953332901, ""value"": 0.0, ""model_input"": 0.0}, {""feature"": ""addr_token_overlap"", ""shap"": -0.6166447401046753, ""value"": 0.1, ""model_input"": 0.1}, {""feature"": ""name_count"", ""shap"": -0.5315234661102295, ""value"": 5.0, ""model_input"": 5.0}, {""feature"": ""token_overlap_ul"", ""shap"": 0.4889660179615021, ""value"": 0.5, ""model_input"": 0.5}, {""feature"": ""addr_levenshtein"", ""shap"": -0.46419262886047363, ""value"": 0.36, ""model_input"": 0.36}, {""feature"": ""name_length_max"", ""shap"": -0.27814018726348877, ""value"": 9.0, ""model_input"": 9.0}]}"
BUFAB FRANCE,21 Avenue du 24 Août 1944,69960,CORBAS,97855983900045,0.7211455702781677,GOFO FRANCE,24 AVENUE DU 24 AOUT 1944,CORBAS,69960,69273,5,"{""bias"": 1.1616770029067993, ""margin"": 0.9501514434814453, ""prob_from_margin"": 0.721145633510445, ""top"": [{""feature"": ""name_semantic_max"", ""shap"": -2.44351863861084, ""value"": 0.421904981136322, ""model_input"": 0.421904981136322}, {""feature"": ""addr_token_overlap"", ""shap"": 1.0307888984680176, ""value"": 0.8333333333333334, ""model_input"": 0.8333333333333334}, {""feature"": ""name_sim_max_pm_dirigeant"", ""shap"": 0.8965186476707458, ""value"": 0.48888888888888893, ""model_input"": 0.48888888888888893}, {""feature"": ""street_number_diff"", ""shap"": -0.8433585166931152, ""value"": 3.0, ""model_input"": 3.0}, {""feature"": ""name_token_overlap_max"", ""shap"": 0.7825464606285095, ""value"": 0.3333333333333333, ""model_input"": 0.3333333333333333}, {""feature"": ""token_overlap_ul"", ""shap"": 0.5178347229957581, ""value"": 0.5, ""model_input"": 0.5}, {""feature"": ""name_sim_max_etab"", ""shap"": 0.3460138738155365, ""value"": 0.48888888888888893, ""model_input"": 0.48888888888888893}, {""feature"": ""name_semantic_second"", ""shap"": -0.3035314083099365, ""value"": 0.38208726048469543, ""model_input"": 0.38208726048469543}, {""feature"": ""addr_levenshtein"", ""shap"": 0.2927892506122589, ""value"": 0.96, ""model_input"": 0.96}, {""feature"": ""name_count"", ""shap"": 0.28082525730133057, ""value"": 2.0, ""model_input"": 2.0}]}"
Babolat Corbas,1 avenue du 24 Aout 1944,69960,CORBAS,55213140100101,0.9990739822387695,BABOLAT VS,1 AVENUE DU 24 AOUT 1944,CORBAS,69960,69273,1,"{""bias"": 1.1616770029067993, ""margin"": 6.983664512634277, ""prob_from_margin"": 0.9990739580145263, ""top"": [{""feature"": ""name_sim_max_pm_dirigeant"", ""shap"": 1.1566503047943115, ""value"": 0.5595238095238095, ""model_input"": 0.5595238095238095}, {""feature"": ""name_semantic_max"", ""shap"": 0.9820799231529236, ""value"": 0.6556079387664795, ""model_input"": 0.6556079387664795}, {""feature"": ""name_token_overlap_max"", ""shap"": 0.8946316242218018, ""value"": 0.5, ""model_input"": 0.5}, {""feature"": ""token_overlap_ul"", ""shap"": 0.8735973834991455, ""value"": 1.0, ""model_input"": 1.0}, {""feature"": ""addr_token_overlap"", ""shap"": 0.867607831954956, ""value"": 1.0, ""model_input"": 1.0}, {""feature"": ""street_number_diff"", ""shap"": 0.6022494435310364, ""value"": 0.0, ""model_input"": 0.0}, {""feature"": ""name_semantic_second"", ""shap"": -0.35776981711387634, ""value"": 0.3807139992713928, ""model_input"": 0.3807139992713928}, {""feature"": ""name_sim_max_ul"", ""shap"": 0.3192043900489807, ""value"": 0.9400000000000001, ""model_input"": 0.9400000000000001}, {""feature"": ""name_addr_consistency"", ""shap"": 0.27844753861427307, ""value"": 0.9400000000000001, ""model_input"": 0.9400000000000001}, {""feature"": ""name_contains_crm_max"", ""shap"": 0.27223634719848633, ""value"": 1.0, ""model_input"": 1.0}]}"
Babolat Corbas,1 avenue du 24 Aout 1944,69960,CORBAS,55213140100101,0.9990739822387695,BABOLAT VS,1 AVENUE DU 24 AOUT 1944,CORBAS,69960,69273,1,"{""bias"": 1.1616770029067993, ""margin"": 6.983664512634277, ""prob_from_margin"": 0.9990739580145263, ""top"": [{""feature"": ""name_sim_max_pm_dirigeant"", ""shap"": 1.1566503047943115, ""value"": 0.5595238095238095, ""model_input"": 0.5595238095238095}, {""feature"": ""name_semantic_max"", ""shap"": 0.9820799231529236, ""value"": 0.6556079387664795, ""model_input"": 0.6556079387664795}, {""feature"": ""name_token_overlap_max"", ""shap"": 0.8946316242218018, ""value"": 0.5, ""model_input"": 0.5}, {""feature"": ""token_overlap_ul"", ""shap"": 0.8735973834991455, ""value"": 1.0, ""model_input"": 1.0}, {""feature"": ""addr_token_overlap"", ""shap"": 0.867607831954956, ""value"": 1.0, ""model_input"": 1.0}, {""feature"": ""street_number_diff"", ""shap"": 0.6022494435310364, ""value"": 0.0, ""model_input"": 0.0}, {""feature"": ""name_semantic_second"", ""shap"": -0.35776981711387634, ""value"": 0.3807139992713928, ""model_input"": 0.3807139992713928}, {""feature"": ""name_sim_max_ul"", ""shap"": 0.3192043900489807, ""value"": 0.9400000000000001, ""model_input"": 0.9400000000000001}, {""feature"": ""name_addr_consistency"", ""shap"": 0.27844753861427307, ""value"": 0.9400000000000001, ""model_input"": 0.9400000000000001}, {""feature"": ""name_contains_crm_max"", ""shap"": 0.27223634719848633, ""value"": 1.0, ""model_input"": 1.0}]}"
Babolat Corbas,1 avenue du 24 Aout 1944,69960,CORBAS,55213140100101,0.9990739822387695,BABOLAT VS,1 AVENUE DU 24 AOUT 1944,CORBAS,69960,69273,1,"{""bias"": 1.1616770029067993, ""margin"": 6.983664512634277, ""prob_from_margin"": 0.9990739580145263, ""top"": [{""feature"": ""name_sim_max_pm_dirigeant"", ""shap"": 1.1566503047943115, ""value"": 0.5595238095238095, ""model_input"": 0.5595238095238095}, {""feature"": ""name_semantic_max"", ""shap"": 0.9820799231529236, ""value"": 0.6556079387664795, ""model_input"": 0.6556079387664795}, {""feature"": ""name_token_overlap_max"", ""shap"": 0.8946316242218018, ""value"": 0.5, ""model_input"": 0.5}, {""feature"": ""token_overlap_ul"", ""shap"": 0.8735973834991455, ""value"": 1.0, ""model_input"": 1.0}, {""feature"": ""addr_token_overlap"", ""shap"": 0.867607831954956, ""value"": 1.0, ""model_input"": 1.0}, {""feature"": ""street_number_diff"", ""shap"": 0.6022494435310364, ""value"": 0.0, ""model_input"": 0.0}, {""feature"": ""name_semantic_second"", ""shap"": -0.35776981711387634, ""value"": 0.3807139992713928, ""model_input"": 0.3807139992713928}, {""feature"": ""name_sim_max_ul"", ""shap"": 0.3192043900489807, ""value"": 0.9400000000000001, ""model_input"": 0.9400000000000001}, {""feature"": ""name_addr_consistency"", ""shap"": 0.27844753861427307, ""value"": 0.9400000000000001, ""model_input"": 0.9400000000000001}, {""feature"": ""name_contains_crm_max"", ""shap"": 0.27223634719848633, ""value"": 1.0, ""model_input"": 1.0}]}"
Babolat Corbas,1 avenue du 24 Aout 1944,69960,CORBAS,37932444500012,0.7820568084716797,COMITE D'ENTREPRISE DUMSCHMIDT,1 AVENUE DU 24 AOUT 1944,CORBAS,69960,69273,2,"{""bias"": 1.1616770029067993, ""margin"": 1.2776917219161987, ""prob_from_margin"": 0.7820566002598485, ""top"": [{""feature"": ""name_semantic_max"", ""shap"": -2.3168413639068604, ""value"": 0.36155372858047485, ""model_input"": 0.36155372858047485}, {""feature"": ""addr_token_overlap"", ""shap"": 1.1733285188674927, ""value"": 1.0, ""model_input"": 1.0}, {""feature"": ""street_number_diff"", ""shap"": 0.981381356716156, ""value"": 0.0, ""model_input"": 0.0}, {""feature"": ""name_sim_max_etab"", ""shap"": 0.7605518698692322, ""value"": 0.0, ""model_input"": 0.0}, {""feature"": ""addr_jaro"", ""shap"": 0.6771701574325562, ""value"": 1.0, ""model_input"": 1.0}, {""feature"": ""addr_levenshtein"", ""shap"": 0.47818422317504883, ""value"": 1.0, ""model_input"": 1.0}, {""feature"": ""name_sim_max_pm_dirigeant"", ""shap"": -0.4115935266017914, ""value"": 0.0, ""model_input"": 0.0}, {""feature"": ""name_semantic_second"", ""shap"": -0.39432185888290405, ""value"": 0.0, ""model_input"": 0.0}, {""feature"": ""type_of_max_name"", ""shap"": 0.36810463666915894, ""value"": 7.0, ""model_input"": 7.0}, {""feature"": ""name_addr_consistency"", ""shap"": -0.3581831753253937, ""value"": 0.4507936507936508, ""model_input"": 0.4507936507936508}]}"
Babolat Corbas,1 avenue du 24 Aout 1944,69960,CORBAS,37932444500012,0.7820568084716797,COMITE D'ENTREPRISE DUMSCHMIDT,1 AVENUE DU 24 AOUT 1944,CORBAS,69960,69273,2,"{""bias"": 1.1616770029067993, ""margin"": 1.2776917219161987, ""prob_from_margin"": 0.7820566002598485, ""top"": [{""feature"": ""name_semantic_max"", ""shap"": -2.3168413639068604, ""value"": 0.36155372858047485, ""model_input"": 0.36155372858047485}, {""feature"": ""addr_token_overlap"", ""shap"": 1.1733285188674927, ""value"": 1.0, ""model_input"": 1.0}, {""feature"": ""street_number_diff"", ""shap"": 0.981381356716156, ""value"": 0.0, ""model_input"": 0.0}, {""feature"": ""name_sim_max_etab"", ""shap"": 0.7605518698692322, ""value"": 0.0, ""model_input"": 0.0}, {""feature"": ""addr_jaro"", ""shap"": 0.6771701574325562, ""value"": 1.0, ""model_input"": 1.0}, {""feature"": ""addr_levenshtein"", ""shap"": 0.47818422317504883, ""value"": 1.0, ""model_input"": 1.0}, {""feature"": ""name_sim_max_pm_dirigeant"", ""shap"": -0.4115935266017914, ""value"": 0.0, ""model_input"": 0.0}, {""feature"": ""name_semantic_second"", ""shap"": -0.39432185888290405, ""value"": 0.0, ""model_input"": 0.0}, {""feature"": ""type_of_max_name"", ""shap"": 0.36810463666915894, ""value"": 7.0, ""model_input"": 7.0}, {""feature"": ""name_addr_consistency"", ""shap"": -0.3581831753253937, ""value"": 0.4507936507936508, ""model_input"": 0.4507936507936508}]}"
Babolat Corbas,1 avenue du 24 Aout 1944,69960,CORBAS,37932444500012,0.7820568084716797,COMITE D'ENTREPRISE DUMSCHMIDT,1 AVENUE DU 24 AOUT 1944,CORBAS,69960,69273,2,"{""bias"": 1.1616770029067993, ""margin"": 1.2776917219161987, ""prob_from_margin"": 0.7820566002598485, ""top"": [{""feature"": ""name_semantic_max"", ""shap"": -2.3168413639068604, ""value"": 0.36155372858047485, ""model_input"": 0.36155372858047485}, {""feature"": ""addr_token_overlap"", ""shap"": 1.1733285188674927, ""value"": 1.0, ""model_input"": 1.0}, {""feature"": ""street_number_diff"", ""shap"": 0.981381356716156, ""value"": 0.0, ""model_input"": 0.0}, {""feature"": ""name_sim_max_etab"", ""shap"": 0.7605518698692322, ""value"": 0.0, ""model_input"": 0.0}, {""feature"": ""addr_jaro"", ""shap"": 0.6771701574325562, ""value"": 1.0, ""model_input"": 1.0}, {""feature"": ""addr_levenshtein"", ""shap"": 0.47818422317504883, ""value"": 1.0, ""model_input"": 1.0}, {""feature"": ""name_sim_max_pm_dirigeant"", ""shap"": -0.4115935266017914, ""value"": 0.0, ""model_input"": 0.0}, {""feature"": ""name_semantic_second"", ""shap"": -0.39432185888290405, ""value"": 0.0, ""model_input"": 0.0}, {""feature"": ""type_of_max_name"", ""shap"": 0.36810463666915894, ""value"": 7.0, ""model_input"": 7.0}, {""feature"": ""name_addr_consistency"", ""shap"": -0.3581831753253937, ""value"": 0.4507936507936508, ""model_input"": 0.4507936507936508}]}"
Babolat Corbas,1 avenue du 24 Aout 1944,69960,CORBAS,91047578900020,0.6506986618041992,BIEN BOIRE A CORBAS,8 RUE DES ROSES,CORBAS,69960,69273,3,"{""bias"": 1.1616770029067993, ""margin"": 0.6221119165420532, ""prob_from_margin"": 0.650698718507447, ""top"": [{""feature"": ""name_semantic_max"", ""shap"": -1.5643041133880615, ""value"": 0.48881393671035767, ""model_input"": 0.48881393671035767}, {""feature"": ""name_city_overlap_max"", ""shap"": 0.7834017872810364, ""value"": 0.25, ""model_input"": 0.25}, {""feature"": ""type_of_max_name"", ""shap"": 0.7326489686965942, ""value"": 7.0, ""model_input"": 7.0}, {""feature"": ""street_number_diff"", ""shap"": -0.6423677802085876, ""value"": 7.0, ""model_input"": 7.0}, {""feature"": ""name_semantic_second"", ""shap"": -0.5600916147232056, ""value"": 0.3200283646583557, ""model_input"": 0.3200283646583557}, {""feature"": ""is_siege"", ""shap"": 0.44498851895332336, ""value"": 1.0, ""model_input"": 1.0}, {""feature"": ""name_token_overlap_max"", ""shap"": -0.39758041501045227, ""value"": 0.0, ""model_input"": 0.0}, {""feature"": ""name_sim_max_pm_dirigeant"", ""shap"": 0.3956279754638672, ""value"": 0.47985347985347987, ""model_input"": 0.47985347985347987}, {""feature"": ""street_name_jaro"", ""shap"": 0.35654765367507935, ""value"": 0.5236430236430237, ""model_input"": 0.5236430236430237}, {""feature"": ""name_count"", ""shap"": 0.3111826479434967, ""value"": 2.0, ""model_input"": 2.0}]}"
Babolat Corbas,1 avenue du 24 Aout 1944,69960,CORBAS,91047578900020,0.6506986618041992,BIEN BOIRE A CORBAS,8 RUE DES ROSES,CORBAS,69960,69273,3,"{""bias"": 1.1616770029067993, ""margin"": 0.6221119165420532, ""prob_from_margin"": 0.650698718507447, ""top"": [{""feature"": ""name_semantic_max"", ""shap"": -1.5643041133880615, ""value"": 0.48881393671035767, ""model_input"": 0.48881393671035767}, {""feature"": ""name_city_overlap_max"", ""shap"": 0.7834017872810364, ""value"": 0.25, ""model_input"": 0.25}, {""feature"": ""type_of_max_name"", ""shap"": 0.7326489686965942, ""value"": 7.0, ""model_input"": 7.0}, {""feature"": ""street_number_diff"", ""shap"": -0.6423677802085876, ""value"": 7.0, ""model_input"": 7.0}, {""feature"": ""name_semantic_second"", ""shap"": -0.5600916147232056, ""value"": 0.3200283646583557, ""model_input"": 0.3200283646583557}, {""feature"": ""is_siege"", ""shap"": 0.44498851895332336, ""value"": 1.0, ""model_input"": 1.0}, {""feature"": ""name_token_overlap_max"", ""shap"": -0.39758041501045227, ""value"": 0.0, ""model_input"": 0.0}, {""feature"": ""name_sim_max_pm_dirigeant"", ""shap"": 0.3956279754638672, ""value"": 0.47985347985347987, ""model_input"": 0.47985347985347987}, {""feature"": ""street_name_jaro"", ""shap"": 0.35654765367507935, ""value"": 0.5236430236430237, ""model_input"": 0.5236430236430237}, {""feature"": ""name_count"", ""shap"": 0.3111826479434967, ""value"": 2.0, ""model_input"": 2.0}]}"
Babolat Corbas,1 avenue du 24 Aout 1944,69960,CORBAS,91047578900020,0.6506986618041992,BIEN BOIRE A CORBAS,8 RUE DES ROSES,CORBAS,69960,69273,3,"{""bias"": 1.1616770029067993, ""margin"": 0.6221119165420532, ""prob_from_margin"": 0.650698718507447, ""top"": [{""feature"": ""name_semantic_max"", ""shap"": -1.5643041133880615, ""value"": 0.48881393671035767, ""model_input"": 0.48881393671035767}, {""feature"": ""name_city_overlap_max"", ""shap"": 0.7834017872810364, ""value"": 0.25, ""model_input"": 0.25}, {""feature"": ""type_of_max_name"", ""shap"": 0.7326489686965942, ""value"": 7.0, ""model_input"": 7.0}, {""feature"": ""street_number_diff"", ""shap"": -0.6423677802085876, ""value"": 7.0, ""model_input"": 7.0}, {""feature"": ""name_semantic_second"", ""shap"": -0.5600916147232056, ""value"": 0.3200283646583557, ""model_input"": 0.3200283646583557}, {""feature"": ""is_siege"", ""shap"": 0.44498851895332336, ""value"": 1.0, ""model_input"": 1.0}, {""feature"": ""name_token_overlap_max"", ""shap"": -0.39758041501045227, ""value"": 0.0, ""model_input"": 0.0}, {""feature"": ""name_sim_max_pm_dirigeant"", ""shap"": 0.3956279754638672, ""value"": 0.47985347985347987, ""model_input"": 0.47985347985347987}, {""feature"": ""street_name_jaro"", ""shap"": 0.35654765367507935, ""value"": 0.5236430236430237, ""model_input"": 0.5236430236430237}, {""feature"": ""name_count"", ""shap"": 0.3111826479434967, ""value"": 2.0, ""model_input"": 2.0}]}"
Babolat Corbas,1 avenue du 24 Aout 1944,69960,CORBAS,30218155700026,0.4637053608894348,SOC BAHADOURIAN,1 RUE DU MONT BLANC,CORBAS,69960,69273,4,"{""bias"": 1.1616770029067993, ""margin"": -0.14543485641479492, ""prob_from_margin"": 0.46370523680002146, ""top"": [{""feature"": ""name_semantic_max"", ""shap"": -1.324601173400879, ""value"": 0.5190200805664062, ""model_input"": 0.5190200805664062}, {""feature"": ""type_of_max_name"", ""shap"": 0.8862848281860352, ""value"": 7.0, ""model_input"": 7.0}, {""feature"": ""street_number_diff"", ""shap"": 0.788578450679779, ""value"": 0.0, ""model_input"": 0.0}, {""feature"": ""name_sim_max_etab"", ""shap"": 0.7839958667755127, ""value"": 0.0, ""model_input"": 0.0}, {""feature"": ""name_addr_consistency"", ""shap"": 0.6003361344337463, ""value"": 0.32489990110604144, ""model_input"": 0.32489990110604144}, {""feature"": ""addr_levenshtein"", ""shap"": -0.5895164012908936, ""value"": 0.41666666666666663, ""model_input"": 0.41666666666666663}, {""feature"": ""name_token_overlap_max"", ""shap"": -0.4847583770751953, ""value"": 0.0, ""model_input"": 0.0}, {""feature"": ""addr_jaro"", ""shap"": -0.4163086712360382, ""value"": 0.6137539361223572, ""model_input"": 0.6137539361223572}, {""feature"": ""name_sim_max_pm_dirigeant"", ""shap"": -0.4099096655845642, ""value"": 0.0, ""model_input"": 0.0}, {""feature"": ""name_semantic_second"", ""shap"": -0.4059309661388397, ""value"": 0.0, ""model_input"": 0.0}]}"
Babolat Corbas,1 avenue du 24 Aout 1944,69960,CORBAS,30218155700026,0.4637053608894348,SOC BAHADOURIAN,1 RUE DU MONT BLANC,CORBAS,69960,69273,4,"{""bias"": 1.1616770029067993, ""margin"": -0.14543485641479492, ""prob_from_margin"": 0.46370523680002146, ""top"": [{""feature"": ""name_semantic_max"", ""shap"": -1.324601173400879, ""value"": 0.5190200805664062, ""model_input"": 0.5190200805664062}, {""feature"": ""type_of_max_name"", ""shap"": 0.8862848281860352, ""value"": 7.0, ""model_input"": 7.0}, {""feature"": ""street_number_diff"", ""shap"": 0.788578450679779, ""value"": 0.0, ""model_input"": 0.0}, {""feature"": ""name_sim_max_etab"", ""shap"": 0.7839958667755127, ""value"": 0.0, ""model_input"": 0.0}, {""feature"": ""name_addr_consistency"", ""shap"": 0.6003361344337463, ""value"": 0.32489990110604144, ""model_input"": 0.32489990110604144}, {""feature"": ""addr_levenshtein"", ""shap"": -0.5895164012908936, ""value"": 0.41666666666666663, ""model_input"": 0.41666666666666663}, {""feature"": ""name_token_overlap_max"", ""shap"": -0.4847583770751953, ""value"": 0.0, ""model_input"": 0.0}, {""feature"": ""addr_jaro"", ""shap"": -0.4163086712360382, ""value"": 0.6137539361223572, ""model_input"": 0.6137539361223572}, {""feature"": ""name_sim_max_pm_dirigeant"", ""shap"": -0.4099096655845642, ""value"": 0.0, ""model_input"": 0.0}, {""feature"": ""name_semantic_second"", ""shap"": -0.4059309661388397, ""value"": 0.0, ""model_input"": 0.0}]}"
Babolat Corbas,1 avenue du 24 Aout 1944,69960,CORBAS,30218155700026,0.4637053608894348,SOC BAHADOURIAN,1 RUE DU MONT BLANC,CORBAS,69960,69273,4,"{""bias"": 1.1616770029067993, ""margin"": -0.14543485641479492, ""prob_from_margin"": 0.46370523680002146, ""top"": [{""feature"": ""name_semantic_max"", ""shap"": -1.324601173400879, ""value"": 0.5190200805664062, ""model_input"": 0.5190200805664062}, {""feature"": ""type_of_max_name"", ""shap"": 0.8862848281860352, ""value"": 7.0, ""model_input"": 7.0}, {""feature"": ""street_number_diff"", ""shap"": 0.788578450679779, ""value"": 0.0, ""model_input"": 0.0}, {""feature"": ""name_sim_max_etab"", ""shap"": 0.7839958667755127, ""value"": 0.0, ""model_input"": 0.0}, {""feature"": ""name_addr_consistency"", ""shap"": 0.6003361344337463, ""value"": 0.32489990110604144, ""model_input"": 0.32489990110604144}, {""feature"": ""addr_levenshtein"", ""shap"": -0.5895164012908936, ""value"": 0.41666666666666663, ""model_input"": 0.41666666666666663}, {""feature"": ""name_token_overlap_max"", ""shap"": -0.4847583770751953, ""value"": 0.0, ""model_input"": 0.0}, {""feature"": ""addr_jaro"", ""shap"": -0.4163086712360382, ""value"": 0.6137539361223572, ""model_input"": 0.6137539361223572}, {""feature"": ""name_sim_max_pm_dirigeant"", ""shap"": -0.4099096655845642, ""value"": 0.0, ""model_input"": 0.0}, {""feature"": ""name_semantic_second"", ""shap"": -0.4059309661388397, ""value"": 0.0, ""model_input"": 0.0}]}"
Babolat Corbas,1 avenue du 24 Aout 1944,69960,CORBAS,38355692500022,0.28647223114967346,QUERCUS,13 AVENUE DU 24 AOUT 1944,CORBAS,69960,69273,5,"{""bias"": 1.1616770029067993, ""margin"": -0.9125798940658569, ""prob_from_margin"": 0.28647220136199464, ""top"": [{""feature"": ""name_semantic_max"", ""shap"": -2.187368154525757, ""value"": 0.39341074228286743, ""model_input"": 0.39341074228286743}, {""feature"": ""street_number_diff"", ""shap"": -1.397444248199463, ""value"": 12.0, ""model_input"": 12.0}, {""feature"": ""name_sim_max_etab"", ""shap"": 0.8701819181442261, ""value"": 0.0, ""model_input"": 0.0}, {""feature"": ""name_addr_consistency"", ""shap"": 0.7765111327171326, ""value"": 0.0, ""model_input"": 0.0}, {""feature"": ""name_jaro_max"", ""shap"": 0.7479530572891235, ""value"": 0.0, ""model_input"": 0.0}, {""feature"": ""name_sim_max_ul"", ""shap"": -0.5978522896766663, ""value"": 0.0, ""model_input"": 0.0}, {""feature"": ""addr_jaro"", ""shap"": 0.5594408512115479, ""value"": 0.988, ""model_input"": 0.988}, {""feature"": ""addr_levenshtein"", ""shap"": 0.5272467136383057, ""value"": 0.96, ""model_input"": 0.96}, {""feature"": ""name_length_max"", ""shap"": -0.4060392677783966, ""value"": 7.0, ""model_input"": 7.0}, {""feature"": ""name_token_overlap_max"", ""shap"": -0.4029046893119812, ""value"": 0.0, ""model_input"": 0.0}]}"
Babolat Corbas,1 avenue du 24 Aout 1944,69960,CORBAS,38355692500022,0.28647223114967346,QUERCUS,13 AVENUE DU 24 AOUT 1944,CORBAS,69960,69273,5,"{""bias"": 1.1616770029067993, ""margin"": -0.9125798940658569, ""prob_from_margin"": 0.28647220136199464, ""top"": [{""feature"": ""name_semantic_max"", ""shap"": -2.187368154525757, ""value"": 0.39341074228286743, ""model_input"": 0.39341074228286743}, {""feature"": ""street_number_diff"", ""shap"": -1.397444248199463, ""value"": 12.0, ""model_input"": 12.0}, {""feature"": ""name_sim_max_etab"", ""shap"": 0.8701819181442261, ""value"": 0.0, ""model_input"": 0.0}, {""feature"": ""name_addr_consistency"", ""shap"": 0.7765111327171326, ""value"": 0.0, ""model_input"": 0.0}, {""feature"": ""name_jaro_max"", ""shap"": 0.7479530572891235, ""value"": 0.0, ""model_input"": 0.0}, {""feature"": ""name_sim_max_ul"", ""shap"": -0.5978522896766663, ""value"": 0.0, ""model_input"": 0.0}, {""feature"": ""addr_jaro"", ""shap"": 0.5594408512115479, ""value"": 0.988, ""model_input"": 0.988}, {""feature"": ""addr_levenshtein"", ""shap"": 0.5272467136383057, ""value"": 0.96, ""model_input"": 0.96}, {""feature"": ""name_length_max"", ""shap"": -0.4060392677783966, ""value"": 7.0, ""model_input"": 7.0}, {""feature"": ""name_token_overlap_max"", ""shap"": -0.4029046893119812, ""value"": 0.0, ""model_input"": 0.0}]}"
Babolat Corbas,1 avenue du 24 Aout 1944,69960,CORBAS,38355692500022,0.28647223114967346,QUERCUS,13 AVENUE DU 24 AOUT 1944,CORBAS,69960,69273,5,"{""bias"": 1.1616770029067993, ""margin"": -0.9125798940658569, ""prob_from_margin"": 0.28647220136199464, ""top"": [{""feature"": ""name_semantic_max"", ""shap"": -2.187368154525757, ""value"": 0.39341074228286743, ""model_input"": 0.39341074228286743}, {""feature"": ""street_number_diff"", ""shap"": -1.397444248199463, ""value"": 12.0, ""model_input"": 12.0}, {""feature"": ""name_sim_max_etab"", ""shap"": 0.8701819181442261, ""value"": 0.0, ""model_input"": 0.0}, {""feature"": ""name_addr_consistency"", ""shap"": 0.7765111327171326, ""value"": 0.0, ""model_input"": 0.0}, {""feature"": ""name_jaro_max"", ""shap"": 0.7479530572891235, ""value"": 0.0, ""model_input"": 0.0}, {""feature"": ""name_sim_max_ul"", ""shap"": -0.5978522896766663, ""value"": 0.0, ""model_input"": 0.0}, {""feature"": ""addr_jaro"", ""shap"": 0.5594408512115479, ""value"": 0.988, ""model_input"": 0.988}, {""feature"": ""addr_levenshtein"", ""shap"": 0.5272467136383057, ""value"": 0.96, ""model_input"": 0.96}, {""feature"": ""name_length_max"", ""shap"": -0.4060392677783966, ""value"": 7.0, ""model_input"": 7.0}, {""feature"": ""name_token_overlap_max"", ""shap"": -0.4029046893119812, ""value"": 0.0, ""model_input"": 0.0}]}"
Blanc-Rosset Lyon,5 RUE DU MONT BLANC,69960,CORBAS,98401778000011,0.9889625906944275,MHT,5 RUE DU MONT BLANC,CORBAS,69960,69273,1,"{""bias"": 1.1616770029067993, ""margin"": 4.495366096496582, ""prob_from_margin"": 0.9889625900387797, ""top"": [{""feature"": ""name_semantic_max"", ""shap"": -2.0492069721221924, ""value"": 0.3371579051017761, ""model_input"": 0.3371579051017761}, {""feature"": ""name_addr_consistency"", ""shap"": 1.2734653949737549, ""value"": 0.0, ""model_input"": 0.0}, {""feature"": ""addr_token_overlap"", ""shap"": 1.2553924322128296, ""value"": 1.0, ""model_input"": 1.0}, {""feature"": ""street_number_diff"", ""shap"": 0.967692494392395, ""value"": 0.0, ""model_input"": 0.0}, {""feature"": ""name_sim_max_etab"", ""shap"": 0.9074303507804871, ""value"": 0.0, ""model_input"": 0.0}, {""feature"": ""addr_jaro"", ""shap"": 0.8908045291900635, ""value"": 1.0, ""model_input"": 1.0}, {""feature"": ""addr_levenshtein"", ""shap"": 0.680961549282074, ""value"": 1.0, ""model_input"": 1.0}, {""feature"": ""name_levenshtein_max"", ""shap"": 0.5918233394622803, ""value"": 0.05882352941176472, ""model_input"": 0.05882352941176472}, {""feature"": ""name_jaro_max"", ""shap"": 0.5789966583251953, ""value"": 0.0, ""model_input"": 0.0}, {""feature"": ""name_sim_max_ul"", ""shap"": -0.422774076461792, ""value"": 0.0, ""model_input"": 0.0}]}"
Blanc-Rosset Lyon,5 RUE DU MONT BLANC,69960,CORBAS,40400979700055,0.8154900670051575,MAISON LANDRIER PERE BLANC,5 RUE DU MONT BLANC,CORBAS,69960,69273,2,"{""bias"": 1.1616770029067993, ""margin"": 1.4860858917236328, ""prob_from_margin"": 0.815490059390035, ""top"": [{""feature"": ""name_semantic_max"", ""shap"": -2.617185115814209, ""value"": 0.38723990321159363, ""model_input"": 0.38723990321159363}, {""feature"": ""addr_token_overlap"", ""shap"": 1.0700459480285645, ""value"": 1.0, ""model_input"": 1.0}, {""feature"": ""street_number_diff"", ""shap"": 0.836251437664032, ""value"": 0.0, ""model_input"": 0.0}, {""feature"": ""name_sim_max_pm_dirigeant"", ""shap"": 0.8165279030799866, ""value"": 0.5410059676044331, ""model_input"": 0.5410059676044331}, {""feature"": ""token_overlap_ul"", ""shap"": 0.6035208702087402, ""value"": 0.3333333333333333, ""model_input"": 0.3333333333333333}, {""feature"": ""addr_jaro"", ""shap"": 0.5231612324714661, ""value"": 1.0, ""model_input"": 1.0}, {""feature"": ""name_semantic_second"", ""shap"": -0.4469749331474304, ""value"": 0.2931358218193054, ""model_input"": 0.2931358218193054}, {""feature"": ""addr_levenshtein"", ""shap"": 0.3963697850704193, ""value"": 1.0, ""model_input"": 1.0}, {""feature"": ""name_addr_consistency"", ""shap"": -0.38731080293655396, ""value"": 0.5410059676044331, ""model_input"": 0.5410059676044331}, {""feature"": ""type_of_max_name"", ""shap"": 0.3694482147693634, ""value"": 4.0, ""model_input"": 4.0}]}"
Blanc-Rosset Lyon,5 RUE DU MONT BLANC,69960,CORBAS,79470553300063,0.774564802646637,RAS 250,5 RUE DU MONT BLANC,CORBAS,69960,69273,3,"{""bias"": 1.1616770029067993, ""margin"": 1.2342674732208252, ""prob_from_margin"": 0.774564609008601, ""top"": [{""feature"": ""name_semantic_max"", ""shap"": -1.9235018491744995, ""value"": 0.42771875858306885, ""model_input"": 0.42771875858306885}, {""feature"": ""addr_token_overlap"", ""shap"": 1.2154045104980469, ""value"": 1.0, ""model_input"": 1.0}, {""feature"": ""street_number_diff"", ""shap"": 1.1121466159820557, ""value"": 0.0, ""model_input"": 0.0}, {""feature"": ""name_sim_max_pm_dirigeant"", ""shap"": 0.894813060760498, ""value"": 0.6143790849673203, ""model_input"": 0.6143790849673203}, {""feature"": ""addr_jaro"", ""shap"": 0.5507700443267822, ""value"": 1.0, ""model_input"": 1.0}, {""feature"": ""addr_levenshtein"", ""shap"": 0.533434271812439, ""value"": 1.0, ""model_input"": 1.0}, {""feature"": ""type_of_max_name"", ""shap"": 0.4842977821826935, ""value"": 4.0, ""model_input"": 4.0}, {""feature"": ""name_length_max"", ""shap"": -0.4390157163143158, ""value"": 3.0, ""model_input"": 3.0}, {""feature"": ""name_sim_max_etab"", ""shap"": -0.369019478559494, ""value"": 0.6143790849673203, ""model_input"": 0.6143790849673203}, {""feature"": ""name_semantic_second"", ""shap"": -0.3642734885215759, ""value"": 0.41036534309387207, ""model_input"": 0.41036534309387207}]}"
Blanc-Rosset Lyon,5 RUE DU MONT BLANC,69960,CORBAS,93841560100013,0.6023880839347839,ECORENOVHABITAT,5 RUE DU MONT BLANC,CORBAS,69960,69273,4,"{""bias"": 1.1616770029067993, ""margin"": 0.4154263734817505, ""prob_from_margin"": 0.6023883048871601, ""top"": [{""feature"": ""name_semantic_max"", ""shap"": -2.800018072128296, ""value"": 0.3358151316642761, ""model_input"": 0.3358151316642761}, {""feature"": ""addr_token_overlap"", ""shap"": 1.0399699211120605, ""value"": 1.0, ""model_input"": 1.0}, {""feature"": ""street_number_diff"", ""shap"": 0.9519737958908081, ""value"": 0.0, ""model_input"": 0.0}, {""feature"": ""name_sim_max_etab"", ""shap"": 0.7830477356910706, ""value"": 0.0, ""model_input"": 0.0}, {""feature"": ""addr_jaro"", ""shap"": 0.7582492828369141, ""value"": 1.0, ""model_input"": 1.0}, {""feature"": ""name_addr_consistency"", ""shap"": -0.6921077370643616, ""value"": 0.48328664799253035, ""model_input"": 0.48328664799253035}, {""feature"": ""addr_levenshtein"", ""shap"": 0.4915311634540558, ""value"": 1.0, ""model_input"": 1.0}, {""feature"": ""name_jaro_gap"", ""shap"": -0.4318723678588867, ""value"": 0.48328664799253035, ""model_input"": 0.48328664799253035}, {""feature"": ""name_sim_max_pm_dirigeant"", ""shap"": -0.40788429975509644, ""value"": 0.0, ""model_input"": 0.0}, {""feature"": ""name_semantic_second"", ""shap"": -0.3833225667476654, ""value"": 0.0, ""model_input"": 0.0}]}"
Blanc-Rosset Lyon,5 RUE DU MONT BLANC,69960,CORBAS,84099688800029,0.5547499060630798,ECOCONSTRUCTIONHABITAT,5 RUE DU MONT BLANC,CORBAS,69960,69273,5,"{""bias"": 1.1616770029067993, ""margin"": 0.21988260746002197, ""prob_from_margin"": 0.5547502390531676, ""top"": [{""feature"": ""name_semantic_max"", ""shap"": -4.341928482055664, ""value"": 0.22347430884838104, ""model_input"": 0.22347430884838104}, {""feature"": ""addr_token_overlap"", ""shap"": 1.1145076751708984, ""value"": 1.0, ""model_input"": 1.0}, {""feature"": ""street_number_diff"", ""shap"": 1.0671483278274536, ""value"": 0.0, ""model_input"": 0.0}, {""feature"": ""addr_jaro"", ""shap"": 0.8962680101394653, ""value"": 1.0, ""model_input"": 1.0}, {""feature"": ""name_sim_max_etab"", ""shap"": 0.7781802415847778, ""value"": 0.0, ""model_input"": 0.0}, {""feature"": ""name_sim_max_pm_dirigeant"", ""shap"": -0.5693436861038208, ""value"": 0.0, ""model_input"": 0.0}, {""feature"": ""addr_levenshtein"", ""shap"": 0.5261155962944031, ""value"": 1.0, ""model_input"": 1.0}, {""feature"": ""name_semantic_second"", ""shap"": -0.3790045976638794, ""value"": 0.0, ""model_input"": 0.0}, {""feature"": ""name_token_overlap_max"", ""shap"": -0.36515122652053833, ""value"": 0.0, ""model_input"": 0.0}, {""feature"": ""name_jaro_gap"", ""shap"": 0.3100302219390869, ""value"": 0.5720934838581897, ""model_input"": 0.5720934838581897}]}"
CAMSP de Décines  APAJH,15 AVENUE FRANKLIN ROOSEVELT,69150,DECINES CHARPIEU,78457968202902,0.9995419979095459,FEDERATION APAJH,15 AVENUE FRANKLIN ROOSEVELT,DECINES-CHARPIEU,69150,69275,1,"{""bias"": 1.1616770029067993, ""margin"": 7.688087463378906, ""prob_from_margin"": 0.9995419561390523, ""top"": [{""feature"": ""name_semantic_max"", ""shap"": 2.5353786945343018, ""value"": 0.8347147703170776, ""model_input"": 0.8347147703170776}, {""feature"": ""name_sim_max_etab"", ""shap"": 1.1143542528152466, ""value"": 0.0, ""model_input"": 0.0}, {""feature"": ""name_semantic_second"", ""shap"": 0.8651469349861145, ""value"": 0.8347147703170776, ""model_input"": 0.8347147703170776}, {""feature"": ""street_number_diff"", ""shap"": 0.7190908789634705, ""value"": 0.0, ""model_input"": 0.0}, {""feature"": ""addr_token_overlap"", ""shap"": 0.6558095812797546, ""value"": 1.0, ""model_input"": 1.0}, {""feature"": ""name_sim_max_pm_dirigeant"", ""shap"": -0.3471629321575165, ""value"": 0.0, ""model_input"": 0.0}, {""feature"": ""type_of_max_name"", ""shap"": 0.27412137389183044, ""value"": 5.0, ""model_input"": 5.0}, {""feature"": ""addr_jaro"", ""shap"": 0.272141695022583, ""value"": 1.0, ""model_input"": 1.0}, {""feature"": ""addr_levenshtein"", ""shap"": 0.26774027943611145, ""value"": 1.0, ""model_input"": 1.0}, {""feature"": ""token_overlap_ul"", ""shap"": 0.2435552477836609, ""value"": 0.5, ""model_input"": 0.5}]}"
CAMSP de Décines  APAJH,15 AVENUE FRANKLIN ROOSEVELT,69150,DECINES CHARPIEU,83042487500029,0.7334791421890259,POSITIF SOLUTION,151 AVENUE FRANKLIN ROOSEVELT,DECINES-CHARPIEU,69150,69275,2,"{""bias"": 1.1616770029067993, ""margin"": 1.0123478174209595, ""prob_from_margin"": 0.7334793694430803, ""top"": [{""feature"": ""name_semantic_max"", ""shap"": -1.4621812105178833, ""value"": 0.5410089492797852, ""model_input"": 0.5410089492797852}, {""feature"": ""street_number_diff"", ""shap"": -0.9739394783973694, ""value"": 136.0, ""model_input"": 136.0}, {""feature"": ""name_sim_max_etab"", ""shap"": 0.8449766635894775, ""value"": 0.0, ""model_input"": 0.0}, {""feature"": ""name_jaro_max"", ""shap"": 0.8082699179649353, ""value"": 0.35615079365079366, ""model_input"": 0.35615079365079366}, {""feature"": ""type_of_max_name"", ""shap"": 0.6542245149612427, ""value"": 7.0, ""model_input"": 7.0}, {""feature"": ""addr_token_overlap"", ""shap"": 0.6228297352790833, ""value"": 0.6, ""model_input"": 0.6}, {""feature"": ""addr_jaro"", ""shap"": 0.5576623678207397, ""value"": 0.9908045977011495, ""model_input"": 0.9908045977011495}, {""feature"": ""addr_levenshtein"", ""shap"": 0.5010762214660645, ""value"": 0.9655172413793104, ""model_input"": 0.9655172413793104}, {""feature"": ""name_addr_consistency"", ""shap"": 0.45862212777137756, ""value"": 0.35287584382411974, ""model_input"": 0.35287584382411974}, {""feature"": ""name_token_overlap_max"", ""shap"": -0.4162498414516449, ""value"": 0.0, ""model_input"": 0.0}]}"
CAMSP de Décines  APAJH,15 AVENUE FRANKLIN ROOSEVELT,69150,DECINES CHARPIEU,44303932600022,0.5985718369483948,DITIB,127 AVENUE FRANKLIN ROOSEVELT,DECINES-CHARPIEU,69150,69275,3,"{""bias"": 1.1616770029067993, ""margin"": 0.39952003955841064, ""prob_from_margin"": 0.5985723389987233, ""top"": [{""feature"": ""name_semantic_max"", ""shap"": -2.410898208618164, ""value"": 0.4047476053237915, ""model_input"": 0.4047476053237915}, {""feature"": ""name_sim_max_etab"", ""shap"": 0.9277927875518799, ""value"": 0.0, ""model_input"": 0.0}, {""feature"": ""street_number_diff"", ""shap"": -0.7071425318717957, ""value"": 112.0, ""model_input"": 112.0}, {""feature"": ""addr_token_overlap"", ""shap"": 0.6584097743034363, ""value"": 0.6, ""model_input"": 0.6}, {""feature"": ""name_levenshtein_max"", ""shap"": 0.5691320300102234, ""value"": 0.0714285714285714, ""model_input"": 0.0714285714285714}, {""feature"": ""name_token_overlap_max"", ""shap"": -0.45892319083213806, ""value"": 0.0, ""model_input"": 0.0}, {""feature"": ""name_jaro_max"", ""shap"": 0.4539722502231598, ""value"": 0.4238095238095238, ""model_input"": 0.4238095238095238}, {""feature"": ""type_of_max_name"", ""shap"": 0.38787728548049927, ""value"": 7.0, ""model_input"": 7.0}, {""feature"": ""token_overlap_ul"", ""shap"": -0.33315524458885193, ""value"": 0.0, ""model_input"": 0.0}, {""feature"": ""name_sim_max_pm_dirigeant"", ""shap"": -0.3270207941532135, ""value"": 0.0, ""model_input"": 0.0}]}"
CAMSP de Décines  APAJH,15 AVENUE FRANKLIN ROOSEVELT,69150,DECINES CHARPIEU,42510962600019,0.5981853604316711,CLD HOLDING,95 AVENUE FRANKLIN ROOSEVELT,DECINES-CHARPIEU,69150,69275,4,"{""bias"": 1.1616770029067993, ""margin"": 0.3979090452194214, ""prob_from_margin"": 0.5981851822536046, ""top"": [{""feature"": ""name_semantic_max"", ""shap"": -2.4698703289031982, ""value"": 0.3987615704536438, ""model_input"": 0.3987615704536438}, {""feature"": ""name_sim_max_etab"", ""shap"": 0.8698128461837769, ""value"": 0.0, ""model_input"": 0.0}, {""feature"": ""name_jaro_max"", ""shap"": 0.7785270810127258, ""value"": 0.38455988455988455, ""model_input"": 0.38455988455988455}, {""feature"": ""addr_token_overlap"", ""shap"": 0.7594802975654602, ""value"": 0.6, ""model_input"": 0.6}, {""feature"": ""addr_levenshtein"", ""shap"": 0.6652398705482483, ""value"": 0.9642857142857143, ""model_input"": 0.9642857142857143}, {""feature"": ""street_number_diff"", ""shap"": -0.6497873663902283, ""value"": 80.0, ""model_input"": 80.0}, {""feature"": ""name_addr_consistency"", ""shap"": 0.5739417672157288, ""value"": 0.37540369683226826, ""model_input"": 0.37540369683226826}, {""feature"": ""name_token_overlap_max"", ""shap"": -0.4298747479915619, ""value"": 0.0, ""model_input"": 0.0}, {""feature"": ""addr_jaro"", ""shap"": 0.4185240566730499, ""value"": 0.9761904761904763, ""model_input"": 0.9761904761904763}, {""feature"": ""type_of_max_name"", ""shap"": 0.38484370708465576, ""value"": 7.0, ""model_input"": 7.0}]}"
CAMSP de Décines  APAJH,15 AVENUE FRANKLIN ROOSEVELT,69150,DECINES CHARPIEU,44097290900020,0.5882902145385742,SAAK,151 AVENUE FRANKLIN ROOSEVELT,DECINES-CHARPIEU,69150,69275,5,"{""bias"": 1.1616770029067993, ""margin"": 0.35690248012542725, ""prob_from_margin"": 0.5882904055821235, ""top"": [{""feature"": ""name_semantic_max"", ""shap"": -2.17807936668396, ""value"": 0.42228052020072937, ""model_input"": 0.42228052020072937}, {""feature"": ""street_number_diff"", ""shap"": -0.9128548502922058, ""value"": 136.0, ""model_input"": 136.0}, {""feature"": ""name_sim_max_etab"", ""shap"": 0.8751397728919983, ""value"": 0.0, ""model_input"": 0.0}, {""feature"": ""addr_token_overlap"", ""shap"": 0.7622185349464417, ""value"": 0.6, ""model_input"": 0.6}, {""feature"": ""name_jaro_max"", ""shap"": 0.6998171210289001, ""value"": 0.38095238095238093, ""model_input"": 0.38095238095238093}, {""feature"": ""addr_levenshtein"", ""shap"": 0.5773332715034485, ""value"": 0.9655172413793104, ""model_input"": 0.9655172413793104}, {""feature"": ""addr_jaro"", ""shap"": 0.5509831309318542, ""value"": 0.9908045977011495, ""model_input"": 0.9908045977011495}, {""feature"": ""name_addr_consistency"", ""shap"": 0.5334230065345764, ""value"": 0.37744937055281885, ""model_input"": 0.37744937055281885}, {""feature"": ""name_token_overlap_max"", ""shap"": -0.4347018301486969, ""value"": 0.0, ""model_input"": 0.0}, {""feature"": ""type_of_max_name"", ""shap"": 0.3700661063194275, ""value"": 7.0, ""model_input"": 7.0}]}"
CAP VI CORBAS,2 Avenue de l Industrie,69960,CORBAS,31857056100163,0.9989099502563477,CAP V.I,18 AVENUE DE L'INDUSTRIE,CORBAS,69960,69273,1,"{""bias"": 1.1616770029067993, ""margin"": 6.8203887939453125, ""prob_from_margin"": 0.9989098930796247, ""top"": [{""feature"": ""name_semantic_max"", ""shap"": 3.359806537628174, ""value"": 0.8398486375808716, ""model_input"": 0.8398486375808716}, {""feature"": ""token_overlap_ul"", ""shap"": 1.1022775173187256, ""value"": 1.0, ""model_input"": 1.0}, {""feature"": ""name_sim_max_etab"", ""shap"": 0.6951697468757629, ""value"": 0.4222222222222222, ""model_input"": 0.4222222222222222}, {""feature"": ""street_number_diff"", ""shap"": -0.6696380376815796, ""value"": 16.0, ""model_input"": 16.0}, {""feature"": ""name_token_overlap_max"", ""shap"": 0.6300132870674133, ""value"": 0.3333333333333333, ""model_input"": 0.3333333333333333}, {""feature"": ""name_semantic_second"", ""shap"": 0.30603083968162537, ""value"": 0.7656595706939697, ""model_input"": 0.7656595706939697}, {""feature"": ""is_siege"", ""shap"": 0.27801185846328735, ""value"": 1.0, ""model_input"": 1.0}, {""feature"": ""name_addr_consistency"", ""shap"": 0.2608005404472351, ""value"": 0.9027950310559006, ""model_input"": 0.9027950310559006}, {""feature"": ""name_sim_max_ul"", ""shap"": 0.24014024436473846, ""value"": 0.9714285714285714, ""model_input"": 0.9714285714285714}, {""feature"": ""name_sim_max_pm_dirigeant"", ""shap"": 0.22727234661579132, ""value"": 0.4222222222222222, ""model_input"": 0.4222222222222222}]}"
CAP VI CORBAS,2 Avenue de l Industrie,69960,CORBAS,21690273400013,0.9535404443740845,MAIRIE,PL CHARLES JOCTEUR,CORBAS,69960,69273,2,"{""bias"": 1.1616770029067993, ""margin"": 3.021599769592285, ""prob_from_margin"": 0.9535404484203313, ""top"": [{""feature"": ""name_city_overlap_max"", ""shap"": 1.9753742218017578, ""value"": 0.3333333333333333, ""model_input"": 0.3333333333333333}, {""feature"": ""name_semantic_max"", ""shap"": -1.6317700147628784, ""value"": 0.4916696548461914, ""model_input"": 0.4916696548461914}, {""feature"": ""name_length_max"", ""shap"": 0.6568416953086853, ""value"": 6.0, ""model_input"": 6.0}, {""feature"": ""addr_levenshtein"", ""shap"": -0.5854317545890808, ""value"": 0.17391304347826086, ""model_input"": 0.17391304347826086}, {""feature"": ""name_addr_consistency"", ""shap"": 0.5079506039619446, ""value"": 0.3130255859724458, ""model_input"": 0.3130255859724458}, {""feature"": ""name_semantic_second"", ""shap"": 0.4921114146709442, ""value"": 0.4893699586391449, ""model_input"": 0.4893699586391449}, {""feature"": ""is_siege"", ""shap"": 0.4156356453895569, ""value"": 1.0, ""model_input"": 1.0}, {""feature"": ""name_token_overlap_max"", ""shap"": -0.4039517939090729, ""value"": 0.0, ""model_input"": 0.0}, {""feature"": ""name_jaro_gap"", ""shap"": 0.3998851776123047, ""value"": 0.07189542483660122, ""model_input"": 0.07189542483660122}, {""feature"": ""street_number_diff"", ""shap"": 0.3386555314064026, ""value"": 9999.0, ""model_input"": 9999.0}]}"
CAP VI CORBAS,2 Avenue de l Industrie,69960,CORBAS,49303960600022,0.7508809566497803,QUALI SERVICE,2 RUE DU CARREAU,CORBAS,69960,69273,3,"{""bias"": 1.1616770029067993, ""margin"": 1.103316068649292, ""prob_from_margin"": 0.7508809212073486, ""top"": [{""feature"": ""name_sim_max_etab"", ""shap"": 0.9716665744781494, ""value"": 0.0, ""model_input"": 0.0}, {""feature"": ""type_of_max_name"", ""shap"": 0.7450456023216248, ""value"": 7.0, ""model_input"": 7.0}, {""feature"": ""street_number_diff"", ""shap"": 0.611405611038208, ""value"": 0.0, ""model_input"": 0.0}, {""feature"": ""addr_jaro"", ""shap"": -0.5954678654670715, ""value"": 0.6007081686429512, ""model_input"": 0.6007081686429512}, {""feature"": ""addr_token_overlap"", ""shap"": -0.5768706202507019, ""value"": 0.125, ""model_input"": 0.125}, {""feature"": ""name_addr_consistency"", ""shap"": 0.47274312376976013, ""value"": 0.34527884052340574, ""model_input"": 0.34527884052340574}, {""feature"": ""name_token_overlap_max"", ""shap"": -0.46758365631103516, ""value"": 0.0, ""model_input"": 0.0}, {""feature"": ""name_semantic_second"", ""shap"": -0.465339332818985, ""value"": 0.0, ""model_input"": 0.0}, {""feature"": ""addr_levenshtein"", ""shap"": -0.44653141498565674, ""value"": 0.30434782608695654, ""model_input"": 0.30434782608695654}, {""feature"": ""token_overlap_ul"", ""shap"": -0.42353132367134094, ""value"": 0.0, ""model_input"": 0.0}]}"
CAP VI CORBAS,2 Avenue de l Industrie,69960,CORBAS,91505740000011,0.6097745299339294,TIRE REVIVAL,2 RUE COLIERE,CORBAS,69960,69273,4,"{""bias"": 1.1616770029067993, ""margin"": 0.44636356830596924, ""prob_from_margin"": 0.6097742926914393, ""top"": [{""feature"": ""name_semantic_max"", ""shap"": -1.74713134765625, ""value"": 0.45520368218421936, ""model_input"": 0.45520368218421936}, {""feature"": ""name_sim_max_pm_dirigeant"", ""shap"": 0.8695894479751587, ""value"": 0.5444444444444444, ""model_input"": 0.5444444444444444}, {""feature"": ""type_of_max_name"", ""shap"": 0.6542419195175171, ""value"": 4.0, ""model_input"": 4.0}, {""feature"": ""addr_jaro"", ""shap"": -0.6190154552459717, ""value"": 0.6013377926421405, ""model_input"": 0.6013377926421405}, {""feature"": ""addr_levenshtein"", ""shap"": -0.49697792530059814, ""value"": 0.3913043478260869, ""model_input"": 0.3913043478260869}, {""feature"": ""name_addr_consistency"", ""shap"": 0.4664551019668579, ""value"": 0.32739502043849866, ""model_input"": 0.32739502043849866}, {""feature"": ""name_token_overlap_max"", ""shap"": -0.42333653569221497, ""value"": 0.0, ""model_input"": 0.0}, {""feature"": ""addr_token_overlap"", ""shap"": -0.397600382566452, ""value"": 0.14285714285714285, ""model_input"": 0.14285714285714285}, {""feature"": ""token_overlap_ul"", ""shap"": -0.3654058575630188, ""value"": 0.0, ""model_input"": 0.0}, {""feature"": ""name_count"", ""shap"": 0.3129776120185852, ""value"": 2.0, ""model_input"": 2.0}]}"
CAP VI CORBAS,2 Avenue de l Industrie,69960,CORBAS,33894480400024,0.5557453036308289,CTRE CULTUREL LE POLARIS,AVENUE DE CORBETTA,CORBAS,69960,69273,5,"{""bias"": 1.1616770029067993, ""margin"": 0.22391176223754883, ""prob_from_margin"": 0.5557452291607309, ""top"": [{""feature"": ""name_semantic_max"", ""shap"": -1.9229388236999512, ""value"": 0.44201046228408813, ""model_input"": 0.44201046228408813}, {""feature"": ""name_sim_max_etab"", ""shap"": 0.6902889609336853, ""value"": 0.0, ""model_input"": 0.0}, {""feature"": ""name_city_overlap_max"", ""shap"": 0.5553796887397766, ""value"": 0.2, ""model_input"": 0.2}, {""feature"": ""name_token_overlap_max"", ""shap"": -0.5075258612632751, ""value"": 0.0, ""model_input"": 0.0}, {""feature"": ""street_name_jaro"", ""shap"": -0.46418046951293945, ""value"": 0.8528693528693528, ""model_input"": 0.8528693528693528}, {""feature"": ""addr_jaro"", ""shap"": -0.4385758340358734, ""value"": 0.6086337173293694, ""model_input"": 0.6086337173293694}, {""feature"": ""type_of_max_name"", ""shap"": 0.43549999594688416, ""value"": 7.0, ""model_input"": 7.0}, {""feature"": ""street_number_diff"", ""shap"": 0.43285033106803894, ""value"": 9999.0, ""model_input"": 9999.0}, {""feature"": ""name_length_max"", ""shap"": 0.42902377247810364, ""value"": 32.0, ""model_input"": 32.0}, {""feature"": ""name_addr_consistency"", ""shap"": 0.37934252619743347, ""value"": 0.3224913377238256, ""model_input"": 0.3224913377238256}]}"
CHAMPILYON,69 Rue Marcel Merieux,69960,CORBAS,38388325300023,0.9998729228973389,CHAMPILYON,69 RUE MARCEL MERIEUX,CORBAS,69960,69273,1,"{""bias"": 1.1616770029067993, ""margin"": 8.970725059509277, ""prob_from_margin"": 0.9998729401251961, ""top"": [{""feature"": ""name_semantic_max"", ""shap"": 2.312929391860962, ""value"": 1.000000238418579, ""model_input"": 1.000000238418579}, {""feature"": ""token_overlap_ul"", ""shap"": 0.9598187208175659, ""value"": 1.0, ""model_input"": 1.0}, {""feature"": ""name_token_overlap_max"", ""shap"": 0.9439918994903564, ""value"": 1.0, ""model_input"": 1.0}, {""feature"": ""name_crm_contains_cand_max"", ""shap"": 0.7016496658325195, ""value"": 1.0, ""model_input"": 1.0}, {""feature"": ""addr_token_overlap"", ""shap"": 0.5389273166656494, ""value"": 1.0, ""model_input"": 1.0}, {""feature"": ""street_number_diff"", ""shap"": 0.4866918623447418, ""value"": 0.0, ""model_input"": 0.0}, {""feature"": ""name_semantic_second"", ""shap"": 0.4666978716850281, ""value"": 1.000000238418579, ""model_input"": 1.000000238418579}, {""feature"": ""is_siege"", ""shap"": 0.33536484837532043, ""value"": 1.0, ""model_input"": 1.0}, {""feature"": ""name_sim_max_etab"", ""shap"": 0.29086732864379883, ""value"": 0.44761904761904764, ""model_input"": 0.44761904761904764}, {""feature"": ""name_sim_max_pm_dirigeant"", ""shap"": 0.24584883451461792, ""value"": 0.44761904761904764, ""model_input"": 0.44761904761904764}]}"
CHAMPILYON,69 Rue Marcel Merieux,69960,CORBAS,43533987400024,0.997833788394928,CHAMPI TOMM,69 RUE MARCEL MERIEUX,CORBAS,69960,69273,2,"{""bias"": 1.1616770029067993, ""margin"": 6.1326165199279785, ""prob_from_margin"": 0.9978338092317149, ""top"": [{""feature"": ""name_semantic_max"", ""shap"": 1.1447889804840088, ""value"": 0.6519360542297363, ""model_input"": 0.6519360542297363}, {""feature"": ""name_sim_max_etab"", ""shap"": 0.9344404935836792, ""value"": 0.0, ""model_input"": 0.0}, {""feature"": ""addr_token_overlap"", ""shap"": 0.9046821594238281, ""value"": 1.0, ""model_input"": 1.0}, {""feature"": ""token_overlap_ul"", ""shap"": 0.8561961650848389, ""value"": 1.0, ""model_input"": 1.0}, {""feature"": ""street_number_diff"", ""shap"": 0.8263178467750549, ""value"": 0.0, ""model_input"": 0.0}, {""feature"": ""name_jaro_gap"", ""shap"": 0.5122050642967224, ""value"": 0.8672727272727273, ""model_input"": 0.8672727272727273}, {""feature"": ""name_sim_max_pm_dirigeant"", ""shap"": -0.41480252146720886, ""value"": 0.0, ""model_input"": 0.0}, {""feature"": ""name_addr_consistency"", ""shap"": 0.35436388850212097, ""value"": 0.8672727272727273, ""model_input"": 0.8672727272727273}, {""feature"": ""addr_jaro"", ""shap"": 0.346950888633728, ""value"": 1.0, ""model_input"": 1.0}, {""feature"": ""name_token_overlap_max"", ""shap"": -0.3360041379928589, ""value"": 0.0, ""model_input"": 0.0}]}"
CHAMPILYON,69 Rue Marcel Merieux,69960,CORBAS,79249138300016,0.9897407293319702,DU 41,69 RUE MARCEL MERIEUX,CORBAS,69960,69273,3,"{""bias"": 1.1616770029067993, ""margin"": 4.569259166717529, ""prob_from_margin"": 0.9897407080052635, ""top"": [{""feature"": ""name_semantic_max"", ""shap"": -2.1462173461914062, ""value"": 0.3233489394187927, ""model_input"": 0.3233489394187927}, {""feature"": ""addr_token_overlap"", ""shap"": 1.210585355758667, ""value"": 1.0, ""model_input"": 1.0}, {""feature"": ""name_addr_consistency"", ""shap"": 1.209488868713379, ""value"": 0.0, ""model_input"": 0.0}, {""feature"": ""street_number_diff"", ""shap"": 1.0047398805618286, ""value"": 0.0, ""model_input"": 0.0}, {""feature"": ""addr_jaro"", ""shap"": 0.9005143046379089, ""value"": 1.0, ""model_input"": 1.0}, {""feature"": ""name_sim_max_etab"", ""shap"": 0.8781614303588867, ""value"": 0.0, ""model_input"": 0.0}, {""feature"": ""name_jaro_max"", ""shap"": 0.6575483679771423, ""value"": 0.0, ""model_input"": 0.0}, {""feature"": ""addr_levenshtein"", ""shap"": 0.6372861266136169, ""value"": 1.0, ""model_input"": 1.0}, {""feature"": ""name_sim_max_ul"", ""shap"": -0.43411844968795776, ""value"": 0.0, ""model_input"": 0.0}, {""feature"": ""name_semantic_second"", ""shap"": -0.32983681559562683, ""value"": 0.0, ""model_input"": 0.0}]}"
CHAMPILYON,69 Rue Marcel Merieux,69960,CORBAS,84146910900018,0.9892380237579346,VERT FRAMBOISE,69 RUE MARCEL MERIEUX,CORBAS,69960,69273,4,"{""bias"": 1.1616770029067993, ""margin"": 4.520915508270264, ""prob_from_margin"": 0.9892380209681341, ""top"": [{""feature"": ""addr_token_overlap"", ""shap"": 1.2308968305587769, ""value"": 1.0, ""model_input"": 1.0}, {""feature"": ""name_sim_max_pm_dirigeant"", ""shap"": 1.1225907802581787, ""value"": 0.565079365079365, ""model_input"": 0.565079365079365}, {""feature"": ""street_number_diff"", ""shap"": 1.0244624614715576, ""value"": 0.0, ""model_input"": 0.0}, {""feature"": ""name_semantic_max"", ""shap"": 0.589512288570404, ""value"": 0.6070125102996826, ""model_input"": 0.6070125102996826}, {""feature"": ""addr_jaro"", ""shap"": 0.5235800743103027, ""value"": 1.0, ""model_input"": 1.0}, {""feature"": ""addr_levenshtein"", ""shap"": 0.3946852385997772, ""value"": 1.0, ""model_input"": 1.0}, {""feature"": ""name_addr_consistency"", ""shap"": -0.3887757956981659, ""value"": 0.6, ""model_input"": 0.6}, {""feature"": ""type_of_max_name"", ""shap"": 0.3884904980659485, ""value"": 7.0, ""model_input"": 7.0}, {""feature"": ""name_token_overlap_max"", ""shap"": -0.34937024116516113, ""value"": 0.0, ""model_input"": 0.0}, {""feature"": ""token_overlap_ul"", ""shap"": -0.30061373114585876, ""value"": 0.0, ""model_input"": 0.0}]}"
CHAMPILYON,69 Rue Marcel Merieux,69960,CORBAS,79468653500038,0.9866397976875305,LYON SAVEURS,69 RUE MARCEL MERIEUX,CORBAS,69960,69273,5,"{""bias"": 1.1616770029067993, ""margin"": 4.302021503448486, ""prob_from_margin"": 0.9866397553529019, ""top"": [{""feature"": ""addr_token_overlap"", ""shap"": 1.1467721462249756, ""value"": 1.0, ""model_input"": 1.0}, {""feature"": ""street_number_diff"", ""shap"": 1.0800307989120483, ""value"": 0.0, ""model_input"": 0.0}, {""feature"": ""token_overlap_ul"", ""shap"": 0.8531470894813538, ""value"": 1.0, ""model_input"": 1.0}, {""feature"": ""name_sim_max_ul"", ""shap"": -0.5359300374984741, ""value"": 0.39444444444444443, ""model_input"": 0.39444444444444443}, {""feature"": ""addr_jaro"", ""shap"": 0.5045999884605408, ""value"": 1.0, ""model_input"": 1.0}, {""feature"": ""name_sim_max_etab"", ""shap"": 0.4914775788784027, ""value"": 0.44722222222222224, ""model_input"": 0.44722222222222224}, {""feature"": ""name_sim_max_pm_dirigeant"", ""shap"": 0.45974233746528625, ""value"": 0.44722222222222224, ""model_input"": 0.44722222222222224}, {""feature"": ""addr_levenshtein"", ""shap"": 0.3633713126182556, ""value"": 1.0, ""model_input"": 1.0}, {""feature"": ""name_token_overlap_max"", ""shap"": -0.3519118130207062, ""value"": 0.0, ""model_input"": 0.0}, {""feature"": ""type_of_max_name"", ""shap"": 0.338832825422287, ""value"": 4.0, ""model_input"": 4.0}]}"
CHARCUTERIE TRAITEUR SELECTION,7 Avenue de Montmartin,69960,CORBAS,87910748000037,0.9903806447982788,RY2C,7 AVENUE DE MONTMARTIN,CORBAS,69960,69273,1,"{""bias"": 1.1616770029067993, ""margin"": 4.634306907653809, ""prob_from_margin"": 0.9903805951091977, ""top"": [{""feature"": ""name_semantic_max"", ""shap"": -1.9443435668945312, ""value"": 0.36947745084762573, ""model_input"": 0.36947745084762573}, {""feature"": ""addr_token_overlap"", ""shap"": 1.375366449356079, ""value"": 1.0, ""model_input"": 1.0}, {""feature"": ""street_number_diff"", ""shap"": 1.0613502264022827, ""value"": 0.0, ""model_input"": 0.0}, {""feature"": ""name_addr_consistency"", ""shap"": 0.9027212262153625, ""value"": 0.35555555555555557, ""model_input"": 0.35555555555555557}, {""feature"": ""addr_jaro"", ""shap"": 0.8429849147796631, ""value"": 1.0, ""model_input"": 1.0}, {""feature"": ""name_sim_max_etab"", ""shap"": 0.7843918800354004, ""value"": 0.0, ""model_input"": 0.0}, {""feature"": ""addr_levenshtein"", ""shap"": 0.6521310806274414, ""value"": 1.0, ""model_input"": 1.0}, {""feature"": ""name_jaro_max"", ""shap"": 0.5584067702293396, ""value"": 0.35555555555555557, ""model_input"": 0.35555555555555557}, {""feature"": ""name_levenshtein_max"", ""shap"": 0.4543106257915497, ""value"": 0.06666666666666665, ""model_input"": 0.06666666666666665}, {""feature"": ""name_sim_max_pm_dirigeant"", ""shap"": -0.3851337432861328, ""value"": 0.0, ""model_input"": 0.0}]}"
CHARCUTERIE TRAITEUR SELECTION,7 Avenue de Montmartin,69960,CORBAS,31446535200032,0.9174721240997314,CSL,LES TAILLIS,CORBAS,69960,69273,2,"{""bias"": 1.1616770029067993, ""margin"": 2.40848445892334, ""prob_from_margin"": 0.9174720020345492, ""top"": [{""feature"": ""name_sim_max_pm_dirigeant"", ""shap"": 1.0310837030410767, ""value"": 0.5944444444444444, ""model_input"": 0.5944444444444444}, {""feature"": ""type_of_max_name"", ""shap"": 0.6852858066558838, ""value"": 7.0, ""model_input"": 7.0}, {""feature"": ""token_overlap_ul"", ""shap"": 0.6286956667900085, ""value"": 0.3333333333333333, ""model_input"": 0.3333333333333333}, {""feature"": ""addr_token_overlap"", ""shap"": -0.5998280644416809, ""value"": 0.0, ""model_input"": 0.0}, {""feature"": ""street_number_diff"", ""shap"": 0.4652901589870453, ""value"": 9999.0, ""model_input"": 9999.0}, {""feature"": ""addr_levenshtein"", ""shap"": -0.36644211411476135, ""value"": 0.18181818181818177, ""model_input"": 0.18181818181818177}, {""feature"": ""name_sim_max_etab"", ""shap"": -0.3469831049442291, ""value"": 0.5944444444444444, ""model_input"": 0.5944444444444444}, {""feature"": ""name_token_overlap_max"", ""shap"": 0.24245528876781464, ""value"": 0.2, ""model_input"": 0.2}, {""feature"": ""name_sim_max_sigle"", ""shap"": -0.22753804922103882, ""value"": 0.45555555555555555, ""model_input"": 0.45555555555555555}, {""feature"": ""is_siege"", ""shap"": 0.20156192779541016, ""value"": 1.0, ""model_input"": 1.0}]}"
CHARCUTERIE TRAITEUR SELECTION,7 Avenue de Montmartin,69960,CORBAS,92824877200016,0.8521953821182251,FRESH AND PACK,7 AVENUE DE MONTMARTIN,CORBAS,69960,69273,3,"{""bias"": 1.1616770029067993, ""margin"": 1.7519251108169556, ""prob_from_margin"": 0.8521954502232374, ""top"": [{""feature"": ""name_semantic_max"", ""shap"": -1.9409334659576416, ""value"": 0.43322739005088806, ""model_input"": 0.43322739005088806}, {""feature"": ""street_number_diff"", ""shap"": 1.2209246158599854, ""value"": 0.0, ""model_input"": 0.0}, {""feature"": ""addr_token_overlap"", ""shap"": 1.1165827512741089, ""value"": 1.0, ""model_input"": 1.0}, {""feature"": ""name_sim_max_etab"", ""shap"": 0.6999613046646118, ""value"": 0.0, ""model_input"": 0.0}, {""feature"": ""addr_jaro"", ""shap"": 0.6705707311630249, ""value"": 1.0, ""model_input"": 1.0}, {""feature"": ""addr_levenshtein"", ""shap"": 0.5547100901603699, ""value"": 1.0, ""model_input"": 1.0}, {""feature"": ""type_of_max_name"", ""shap"": 0.45405134558677673, ""value"": 7.0, ""model_input"": 7.0}, {""feature"": ""name_addr_consistency"", ""shap"": -0.4522606432437897, ""value"": 0.4876984126984127, ""model_input"": 0.4876984126984127}, {""feature"": ""name_semantic_second"", ""shap"": -0.39507627487182617, ""value"": 0.0, ""model_input"": 0.0}, {""feature"": ""name_sim_max_pm_dirigeant"", ""shap"": -0.3318672478199005, ""value"": 0.0, ""model_input"": 0.0}]}"
CHARCUTERIE TRAITEUR SELECTION,7 Avenue de Montmartin,69960,CORBAS,89978959800013,0.8336086273193359,LES ESSARTS,7 AVENUE DE MONTMARTIN,CORBAS,69960,69273,4,"{""bias"": 1.1616770029067993, ""margin"": 1.6114208698272705, ""prob_from_margin"": 0.8336085620699127, ""top"": [{""feature"": ""name_semantic_max"", ""shap"": -2.413787364959717, ""value"": 0.3987364172935486, ""model_input"": 0.3987364172935486}, {""feature"": ""addr_token_overlap"", ""shap"": 1.1542240381240845, ""value"": 1.0, ""model_input"": 1.0}, {""feature"": ""street_number_diff"", ""shap"": 1.0953361988067627, ""value"": 0.0, ""model_input"": 0.0}, {""feature"": ""addr_jaro"", ""shap"": 0.675969123840332, ""value"": 1.0, ""model_input"": 1.0}, {""feature"": ""name_sim_max_pm_dirigeant"", ""shap"": 0.6507336497306824, ""value"": 0.5074074074074074, ""model_input"": 0.5074074074074074}, {""feature"": ""addr_levenshtein"", ""shap"": 0.5178695321083069, ""value"": 1.0, ""model_input"": 1.0}, {""feature"": ""name_addr_consistency"", ""shap"": -0.47584351897239685, ""value"": 0.5074074074074074, ""model_input"": 0.5074074074074074}, {""feature"": ""type_of_max_name"", ""shap"": 0.42241916060447693, ""value"": 4.0, ""model_input"": 4.0}, {""feature"": ""name_semantic_gap"", ""shap"": 0.3796016573905945, ""value"": 0.019605815410614014, ""model_input"": 0.019605815410614014}, {""feature"": ""name_count"", ""shap"": 0.3532644212245941, ""value"": 2.0, ""model_input"": 2.0}]}"
CHARCUTERIE TRAITEUR SELECTION,7 Avenue de Montmartin,69960,CORBAS,89235029900012,0.8101871609687805,D BRO,7 AVENUE DE MONTMARTIN,CORBAS,69960,69273,5,"{""bias"": 1.1616770029067993, ""margin"": 1.4512261152267456, ""prob_from_margin"": 0.8101870625883574, ""top"": [{""feature"": ""name_semantic_max"", ""shap"": -1.8625595569610596, ""value"": 0.4185172915458679, ""model_input"": 0.4185172915458679}, {""feature"": ""street_number_diff"", ""shap"": 1.1292977333068848, ""value"": 0.0, ""model_input"": 0.0}, {""feature"": ""addr_token_overlap"", ""shap"": 0.9490388035774231, ""value"": 1.0, ""model_input"": 1.0}, {""feature"": ""name_sim_max_pm_dirigeant"", ""shap"": 0.8163338303565979, ""value"": 0.5333333333333333, ""model_input"": 0.5333333333333333}, {""feature"": ""addr_jaro"", ""shap"": 0.6726451516151428, ""value"": 1.0, ""model_input"": 1.0}, {""feature"": ""name_sim_max_ul"", ""shap"": -0.536483645439148, ""value"": 0.32222222222222224, ""model_input"": 0.32222222222222224}, {""feature"": ""addr_levenshtein"", ""shap"": 0.48278647661209106, ""value"": 1.0, ""model_input"": 1.0}, {""feature"": ""type_of_max_name"", ""shap"": 0.47035160660743713, ""value"": 4.0, ""model_input"": 4.0}, {""feature"": ""name_semantic_second"", ""shap"": -0.3167235553264618, ""value"": 0.3728798031806946, ""model_input"": 0.3728798031806946}, {""feature"": ""name_addr_consistency"", ""shap"": -0.294084757566452, ""value"": 0.5333333333333333, ""model_input"": 0.5333333333333333}]}"
CHRONOPOST - Agence  LYON SANTE FRESH,42 BOULEVARD DES NATIONS,69960,CORBAS,38396013502974,0.9990718364715576,CHRONOPOST,42 BOULEVARD DES NATIONS,CORBAS,69960,69273,1,"{""bias"": 1.1616770029067993, ""margin"": 6.981417655944824, ""prob_from_margin"": 0.9990718769249474, ""top"": [{""feature"": ""name_semantic_max"", ""shap"": 2.330519199371338, ""value"": 0.8360503911972046, ""model_input"": 0.8360503911972046}, {""feature"": ""name_sim_max_pm_dirigeant"", ""shap"": 0.7893879413604736, ""value"": 0.5008714596949891, ""model_input"": 0.5008714596949891}, {""feature"": ""street_number_diff"", ""shap"": 0.6730796098709106, ""value"": 0.0, ""model_input"": 0.0}, {""feature"": ""addr_token_overlap"", ""shap"": 0.6693646311759949, ""value"": 1.0, ""model_input"": 1.0}, {""feature"": ""name_crm_contains_cand_max"", ""shap"": 0.5698895454406738, ""value"": 1.0, ""model_input"": 1.0}, {""feature"": ""token_overlap_ul"", ""shap"": 0.3978063762187958, ""value"": 0.2, ""model_input"": 0.2}, {""feature"": ""addr_jaro"", ""shap"": 0.3846714496612549, ""value"": 1.0, ""model_input"": 1.0}, {""feature"": ""name_levenshtein_max"", ""shap"": -0.20896069705486298, ""value"": 0.2941176470588235, ""model_input"": 0.2941176470588235}, {""feature"": ""is_siege"", ""shap"": -0.2055724561214447, ""value"": 0.0, ""model_input"": 0.0}, {""feature"": ""addr_levenshtein"", ""shap"": 0.18469224870204926, ""value"": 1.0, ""model_input"": 1.0}]}"
CHRONOPOST - Agence  LYON SANTE FRESH,42 BOULEVARD DES NATIONS,69960,CORBAS,50921047200155,0.9961519837379456,CHRONOFRESH,42 BOULEVARD DES NATIONS,CORBAS,69960,69273,2,"{""bias"": 1.1616770029067993, ""margin"": 5.556335926055908, ""prob_from_margin"": 0.9961519601440824, ""top"": [{""feature"": ""name_semantic_max"", ""shap"": 1.6947678327560425, ""value"": 0.6835674047470093, ""model_input"": 0.6835674047470093}, {""feature"": ""addr_token_overlap"", ""shap"": 0.9147487282752991, ""value"": 1.0, ""model_input"": 1.0}, {""feature"": ""street_number_diff"", ""shap"": 0.8543856143951416, ""value"": 0.0, ""model_input"": 0.0}, {""feature"": ""name_sim_max_pm_dirigeant"", ""shap"": 0.8035910129547119, ""value"": 0.5008714596949891, ""model_input"": 0.5008714596949891}, {""feature"": ""name_addr_consistency"", ""shap"": -0.39786261320114136, ""value"": 0.6125222816399287, ""model_input"": 0.6125222816399287}, {""feature"": ""token_overlap_ul"", ""shap"": 0.3913906514644623, ""value"": 0.2, ""model_input"": 0.2}, {""feature"": ""addr_jaro"", ""shap"": 0.3606783151626587, ""value"": 1.0, ""model_input"": 1.0}, {""feature"": ""name_token_overlap_max"", ""shap"": -0.32138359546661377, ""value"": 0.0, ""model_input"": 0.0}, {""feature"": ""addr_levenshtein"", ""shap"": 0.25366270542144775, ""value"": 1.0, ""model_input"": 1.0}, {""feature"": ""name_count"", ""shap"": 0.23811116814613342, ""value"": 2.0, ""model_input"": 2.0}]}"
CHRONOPOST - Agence  LYON SANTE FRESH,42 BOULEVARD DES NATIONS,69960,CORBAS,38469201800086,0.9843829274177551,STERNE CARE,42 BOULEVARD DES NATIONS,CORBAS,69960,69273,3,"{""bias"": 1.1616770029067993, ""margin"": 4.14364767074585, ""prob_from_margin"": 0.9843828875650839, ""top"": [{""feature"": ""addr_token_overlap"", ""shap"": 1.4415628910064697, ""value"": 1.0, ""model_input"": 1.0}, {""feature"": ""street_number_diff"", ""shap"": 1.1506052017211914, ""value"": 0.0, ""model_input"": 0.0}, {""feature"": ""name_semantic_second"", ""shap"": 0.8562861680984497, ""value"": 0.6068774461746216, ""model_input"": 0.6068774461746216}, {""feature"": ""name_sim_max_etab"", ""shap"": -0.8523470163345337, ""value"": 0.6897070040830977, ""model_input"": 0.6897070040830977}, {""feature"": ""name_sim_max_pm_dirigeant"", ""shap"": 0.6369217038154602, ""value"": 0.6897070040830977, ""model_input"": 0.6897070040830977}, {""feature"": ""addr_levenshtein"", ""shap"": 0.4818437397480011, ""value"": 1.0, ""model_input"": 1.0}, {""feature"": ""addr_jaro"", ""shap"": 0.42535436153411865, ""value"": 1.0, ""model_input"": 1.0}, {""feature"": ""name_token_overlap_max"", ""shap"": -0.34120485186576843, ""value"": 0.0, ""model_input"": 0.0}, {""feature"": ""name_semantic_max"", ""shap"": 0.3294246792793274, ""value"": 0.6068774461746216, ""model_input"": 0.6068774461746216}, {""feature"": ""name_sim_max_sigle"", ""shap"": 0.2994227111339569, ""value"": 0.546147752030105, ""model_input"": 0.546147752030105}]}"
CHRONOPOST - Agence  LYON SANTE FRESH,42 BOULEVARD DES NATIONS,69960,CORBAS,50921047200122,0.9776396751403809,CHRONOFRESH,6 AVENUE GABRIEL PERI,CORBAS,69960,69273,4,"{""bias"": 1.1616770029067993, ""margin"": 3.7778515815734863, ""prob_from_margin"": 0.9776396442416313, ""top"": [{""feature"": ""name_semantic_max"", ""shap"": 2.048546314239502, ""value"": 0.6835674047470093, ""model_input"": 0.6835674047470093}, {""feature"": ""name_sim_max_pm_dirigeant"", ""shap"": 0.783419132232666, ""value"": 0.5008714596949891, ""model_input"": 0.5008714596949891}, {""feature"": ""token_overlap_ul"", ""shap"": 0.586557924747467, ""value"": 0.2, ""model_input"": 0.2}, {""feature"": ""street_number_diff"", ""shap"": -0.5571339130401611, ""value"": 36.0, ""model_input"": 36.0}, {""feature"": ""name_sim_max_etab"", ""shap"": 0.5453973412513733, ""value"": 0.5008714596949891, ""model_input"": 0.5008714596949891}, {""feature"": ""addr_token_overlap"", ""shap"": -0.5235592126846313, ""value"": 0.0, ""model_input"": 0.0}, {""feature"": ""name_addr_consistency"", ""shap"": 0.48672154545783997, ""value"": 0.34692768424386067, ""model_input"": 0.34692768424386067}, {""feature"": ""name_token_overlap_max"", ""shap"": -0.4594399333000183, ""value"": 0.0, ""model_input"": 0.0}, {""feature"": ""addr_levenshtein"", ""shap"": -0.4043026864528656, ""value"": 0.16666666666666663, ""model_input"": 0.16666666666666663}, {""feature"": ""name_count"", ""shap"": 0.33290427923202515, ""value"": 2.0, ""model_input"": 2.0}]}"
CHRONOPOST - Agence  LYON SANTE FRESH,42 BOULEVARD DES NATIONS,69960,CORBAS,38396013501554,0.9637089967727661,CHRONOPOST,6 AVENUE GABRIEL PERI,CORBAS,69960,69273,5,"{""bias"": 1.1616770029067993, ""margin"": 3.2792201042175293, ""prob_from_margin"": 0.9637090174535355, ""top"": [{""feature"": ""name_semantic_max"", ""shap"": 3.000974655151367, ""value"": 0.8360503911972046, ""model_input"": 0.8360503911972046}, {""feature"": ""name_sim_max_pm_dirigeant"", ""shap"": 0.8690829873085022, ""value"": 0.5008714596949891, ""model_input"": 0.5008714596949891}, {""feature"": ""street_number_diff"", ""shap"": -0.7182633876800537, ""value"": 36.0, ""model_input"": 36.0}, {""feature"": ""name_addr_consistency"", ""shap"": -0.6497147083282471, ""value"": 0.48643072613660837, ""model_input"": 0.48643072613660837}, {""feature"": ""addr_token_overlap"", ""shap"": -0.582804799079895, ""value"": 0.0, ""model_input"": 0.0}, {""feature"": ""name_crm_contains_cand_max"", ""shap"": 0.5279377102851868, ""value"": 1.0, ""model_input"": 1.0}, {""feature"": ""is_siege"", ""shap"": -0.4292350113391876, ""value"": 0.0, ""model_input"": 0.0}, {""feature"": ""token_overlap_ul"", ""shap"": 0.4016273617744446, ""value"": 0.2, ""model_input"": 0.2}, {""feature"": ""addr_levenshtein"", ""shap"": -0.3555215895175934, ""value"": 0.16666666666666663, ""model_input"": 0.16666666666666663}, {""feature"": ""name_length_max"", ""shap"": -0.24919363856315613, ""value"": 10.0, ""model_input"": 10.0}]}"
CHRONOPOST - Agence DE CORBAS,6 Avenue Gabriel Péri ,69960,CORBAS,38396013501554,0.9992033839225769,CHRONOPOST,6 AVENUE GABRIEL PERI,CORBAS,69960,69273,1,"{""bias"": 1.1616770029067993, ""margin"": 7.134326457977295, ""prob_from_margin"": 0.9992033725293391, ""top"": [{""feature"": ""name_semantic_max"", ""shap"": 2.3307716846466064, ""value"": 0.917206883430481, ""model_input"": 0.917206883430481}, {""feature"": ""name_sim_max_pm_dirigeant"", ""shap"": 0.9054176211357117, ""value"": 0.5351851851851852, ""model_input"": 0.5351851851851852}, {""feature"": ""addr_token_overlap"", ""shap"": 0.7139630913734436, ""value"": 1.0, ""model_input"": 1.0}, {""feature"": ""name_crm_contains_cand_max"", ""shap"": 0.5742219090461731, ""value"": 1.0, ""model_input"": 1.0}, {""feature"": ""name_token_overlap_max"", ""shap"": 0.5740441679954529, ""value"": 0.3333333333333333, ""model_input"": 0.3333333333333333}, {""feature"": ""street_number_diff"", ""shap"": 0.5051360130310059, ""value"": 0.0, ""model_input"": 0.0}, {""feature"": ""token_overlap_ul"", ""shap"": 0.3807987570762634, ""value"": 0.5, ""model_input"": 0.5}, {""feature"": ""addr_jaro"", ""shap"": 0.3462740182876587, ""value"": 1.0, ""model_input"": 1.0}, {""feature"": ""name_semantic_second"", ""shap"": -0.26772341132164, ""value"": 0.4048053026199341, ""model_input"": 0.4048053026199341}, {""feature"": ""is_siege"", ""shap"": -0.2087876945734024, ""value"": 0.0, ""model_input"": 0.0}]}"
CHRONOPOST - Agence DE CORBAS,6 Avenue Gabriel Péri ,69960,CORBAS,50921047200122,0.986850380897522,CHRONOFRESH,6 AVENUE GABRIEL PERI,CORBAS,69960,69273,2,"{""bias"": 1.1616770029067993, ""margin"": 4.318120956420898, ""prob_from_margin"": 0.9868503200478024, ""top"": [{""feature"": ""name_semantic_max"", ""shap"": 1.9001219272613525, ""value"": 0.730670690536499, ""model_input"": 0.730670690536499}, {""feature"": ""addr_token_overlap"", ""shap"": 0.9461932182312012, ""value"": 1.0, ""model_input"": 1.0}, {""feature"": ""name_sim_max_pm_dirigeant"", ""shap"": 0.8977776169776917, ""value"": 0.5351851851851852, ""model_input"": 0.5351851851851852}, {""feature"": ""street_number_diff"", ""shap"": 0.8118690252304077, ""value"": 0.0, ""model_input"": 0.0}, {""feature"": ""addr_jaro"", ""shap"": 0.38719436526298523, ""value"": 1.0, ""model_input"": 1.0}, {""feature"": ""name_semantic_second"", ""shap"": -0.3665676712989807, ""value"": 0.4048053026199341, ""model_input"": 0.4048053026199341}, {""feature"": ""name_token_overlap_max"", ""shap"": -0.3448188900947571, ""value"": 0.0, ""model_input"": 0.0}, {""feature"": ""token_overlap_ul"", ""shap"": -0.3397989571094513, ""value"": 0.0, ""model_input"": 0.0}, {""feature"": ""addr_levenshtein"", ""shap"": 0.2758629024028778, ""value"": 1.0, ""model_input"": 1.0}, {""feature"": ""name_count"", ""shap"": 0.2585730254650116, ""value"": 2.0, ""model_input"": 2.0}]}"
CHRONOPOST - Agence DE CORBAS,6 Avenue Gabriel Péri ,69960,CORBAS,38396013502974,0.9829077124595642,CHRONOPOST,42 BOULEVARD DES NATIONS,CORBAS,69960,69273,3,"{""bias"": 1.1616770029067993, ""margin"": 4.051887035369873, ""prob_from_margin"": 0.9829076980774933, ""top"": [{""feature"": ""name_semantic_max"", ""shap"": 3.052391529083252, ""value"": 0.917206883430481, ""model_input"": 0.917206883430481}, {""feature"": ""name_sim_max_pm_dirigeant"", ""shap"": 0.9491034150123596, ""value"": 0.5351851851851852, ""model_input"": 0.5351851851851852}, {""feature"": ""addr_token_overlap"", ""shap"": -0.7895955443382263, ""value"": 0.0, ""model_input"": 0.0}, {""feature"": ""name_token_overlap_max"", ""shap"": 0.6667148470878601, ""value"": 0.3333333333333333, ""model_input"": 0.3333333333333333}, {""feature"": ""street_number_diff"", ""shap"": -0.6520615816116333, ""value"": 36.0, ""model_input"": 36.0}, {""feature"": ""name_crm_contains_cand_max"", ""shap"": 0.4919142723083496, ""value"": 1.0, ""model_input"": 1.0}, {""feature"": ""name_addr_consistency"", ""shap"": -0.4612652659416199, ""value"": 0.5097527472527471, ""model_input"": 0.5097527472527471}, {""feature"": ""is_siege"", ""shap"": -0.4509093761444092, ""value"": 0.0, ""model_input"": 0.0}, {""feature"": ""token_overlap_ul"", ""shap"": 0.4375644326210022, ""value"": 0.5, ""model_input"": 0.5}, {""feature"": ""addr_levenshtein"", ""shap"": -0.3019961714744568, ""value"": 0.16666666666666663, ""model_input"": 0.16666666666666663}]}"
CHRONOPOST - Agence DE CORBAS,6 Avenue Gabriel Péri ,69960,CORBAS,39950664100766,0.8266111612319946,ATALIAN PROPRETE,6 AVENUE GABRIEL PERI,CORBAS,69960,69273,4,"{""bias"": 1.1616770029067993, ""margin"": 1.561798334121704, ""prob_from_margin"": 0.8266112507907422, ""top"": [{""feature"": ""name_semantic_max"", ""shap"": -1.5142766237258911, ""value"": 0.4894827604293823, ""model_input"": 0.4894827604293823}, {""feature"": ""addr_token_overlap"", ""shap"": 1.4360381364822388, ""value"": 1.0, ""model_input"": 1.0}, {""feature"": ""street_number_diff"", ""shap"": 0.9606000185012817, ""value"": 0.0, ""model_input"": 0.0}, {""feature"": ""name_sim_max_pm_dirigeant"", ""shap"": 0.8152452707290649, ""value"": 0.5884370015948964, ""model_input"": 0.5884370015948964}, {""feature"": ""addr_levenshtein"", ""shap"": 0.516302227973938, ""value"": 1.0, ""model_input"": 1.0}, {""feature"": ""type_of_max_name"", ""shap"": 0.5039082169532776, ""value"": 4.0, ""model_input"": 4.0}, {""feature"": ""addr_jaro"", ""shap"": 0.482512891292572, ""value"": 1.0, ""model_input"": 1.0}, {""feature"": ""name_sim_max_etab"", ""shap"": -0.4092310667037964, ""value"": 0.5884370015948964, ""model_input"": 0.5884370015948964}, {""feature"": ""name_token_overlap_max"", ""shap"": -0.3282568156719208, ""value"": 0.0, ""model_input"": 0.0}, {""feature"": ""name_addr_consistency"", ""shap"": -0.2928937077522278, ""value"": 0.5884370015948964, ""model_input"": 0.5884370015948964}]}"
CHRONOPOST - Agence DE CORBAS,6 Avenue Gabriel Péri ,69960,CORBAS,88114683100014,0.7980795502662659,GENERATION AGENCEMENTS,33 RUE DU PETIT BOIS,CORBAS,69960,69273,5,"{""bias"": 1.1616770029067993, ""margin"": 1.3743356466293335, ""prob_from_margin"": 0.7980797394118619, ""top"": [{""feature"": ""name_semantic_max"", ""shap"": -1.631941318511963, ""value"": 0.5160387754440308, ""model_input"": 0.5160387754440308}, {""feature"": ""name_sim_max_etab"", ""shap"": 0.9970754384994507, ""value"": 0.0, ""model_input"": 0.0}, {""feature"": ""token_overlap_ul"", ""shap"": 0.9231956601142883, ""value"": 0.5, ""model_input"": 0.5}, {""feature"": ""type_of_max_name"", ""shap"": 0.8880591988563538, ""value"": 7.0, ""model_input"": 7.0}, {""feature"": ""name_addr_consistency"", ""shap"": 0.4863225817680359, ""value"": 0.34596546270788703, ""model_input"": 0.34596546270788703}, {""feature"": ""street_number_diff"", ""shap"": -0.4237668216228485, ""value"": 27.0, ""model_input"": 27.0}, {""feature"": ""name_token_overlap_max"", ""shap"": -0.4158819913864136, ""value"": 0.0, ""model_input"": 0.0}, {""feature"": ""name_sim_max_pm_dirigeant"", ""shap"": -0.41549745202064514, ""value"": 0.0, ""model_input"": 0.0}, {""feature"": ""addr_jaro"", ""shap"": -0.41148844361305237, ""value"": 0.6003607503607504, ""model_input"": 0.6003607503607504}, {""feature"": ""addr_levenshtein"", ""shap"": -0.33191147446632385, ""value"": 0.19047619047619047, ""model_input"": 0.19047619047619047}]}"
CMR LOCATION,8 Avenue de l'Industrie,69960,CORBAS,49069921200026,0.999869704246521,CMR LOCATION,8 AVENUE DE L'INDUSTRIE,CORBAS,69960,69273,1,"{""bias"": 1.1616770029067993, ""margin"": 8.945847511291504, ""prob_from_margin"": 0.999869739957662, ""top"": [{""feature"": ""name_semantic_max"", ""shap"": 2.2858498096466064, ""value"": 1.0, ""model_input"": 1.0}, {""feature"": ""token_overlap_ul"", ""shap"": 0.9767550230026245, ""value"": 1.0, ""model_input"": 1.0}, {""feature"": ""name_token_overlap_max"", ""shap"": 0.955021858215332, ""value"": 1.0, ""model_input"": 1.0}, {""feature"": ""name_sim_max_pm_dirigeant"", ""shap"": 0.8396382331848145, ""value"": 0.6120268620268621, ""model_input"": 0.6120268620268621}, {""feature"": ""name_crm_contains_cand_max"", ""shap"": 0.6847533583641052, ""value"": 1.0, ""model_input"": 1.0}, {""feature"": ""addr_token_overlap"", ""shap"": 0.5870981812477112, ""value"": 1.0, ""model_input"": 1.0}, {""feature"": ""name_semantic_second"", ""shap"": 0.439998596906662, ""value"": 1.0, ""model_input"": 1.0}, {""feature"": ""street_number_diff"", ""shap"": 0.41746410727500916, ""value"": 0.0, ""model_input"": 0.0}, {""feature"": ""is_siege"", ""shap"": 0.31828737258911133, ""value"": 1.0, ""model_input"": 1.0}, {""feature"": ""name_sim_max_etab"", ""shap"": -0.30589866638183594, ""value"": 0.6120268620268621, ""model_input"": 0.6120268620268621}]}"
CMR LOCATION,8 Avenue de l'Industrie,69960,CORBAS,43916488000023,0.9337772130966187,C B L F R,8 AVENUE DE L'INDUSTRIE,CORBAS,69960,69273,2,"{""bias"": 1.1616770029067993, ""margin"": 2.646212577819824, ""prob_from_margin"": 0.9337771707180097, ""top"": [{""feature"": ""addr_token_overlap"", ""shap"": 1.3429896831512451, ""value"": 1.0, ""model_input"": 1.0}, {""feature"": ""street_number_diff"", ""shap"": 1.1507680416107178, ""value"": 0.0, ""model_input"": 0.0}, {""feature"": ""name_semantic_max"", ""shap"": -1.1309773921966553, ""value"": 0.5119675993919373, ""model_input"": 0.5119675993919373}, {""feature"": ""name_sim_max_etab"", ""shap"": 0.7683820128440857, ""value"": 0.0, ""model_input"": 0.0}, {""feature"": ""addr_jaro"", ""shap"": 0.6018504500389099, ""value"": 1.0, ""model_input"": 1.0}, {""feature"": ""addr_levenshtein"", ""shap"": 0.527157723903656, ""value"": 1.0, ""model_input"": 1.0}, {""feature"": ""type_of_max_name"", ""shap"": 0.5220316052436829, ""value"": 7.0, ""model_input"": 7.0}, {""feature"": ""name_sim_max_pm_dirigeant"", ""shap"": -0.4419479966163635, ""value"": 0.0, ""model_input"": 0.0}, {""feature"": ""name_semantic_second"", ""shap"": -0.37212324142456055, ""value"": 0.0, ""model_input"": 0.0}, {""feature"": ""name_addr_consistency"", ""shap"": -0.3314027786254883, ""value"": 0.5277777777777778, ""model_input"": 0.5277777777777778}]}"
CMR LOCATION,8 Avenue de l'Industrie,69960,CORBAS,33902484600042,0.9074200987815857,HEXATRANS,8 AVENUE DE L'INDUSTRIE,CORBAS,69960,69273,3,"{""bias"": 1.1616770029067993, ""margin"": 2.282534599304199, ""prob_from_margin"": 0.9074201954822506, ""top"": [{""feature"": ""addr_token_overlap"", ""shap"": 1.3880436420440674, ""value"": 1.0, ""model_input"": 1.0}, {""feature"": ""name_semantic_max"", ""shap"": -1.3059461116790771, ""value"": 0.4842451810836792, ""model_input"": 0.4842451810836792}, {""feature"": ""street_number_diff"", ""shap"": 0.964362382888794, ""value"": 0.0, ""model_input"": 0.0}, {""feature"": ""name_sim_max_pm_dirigeant"", ""shap"": 0.7255855798721313, ""value"": 0.5222222222222223, ""model_input"": 0.5222222222222223}, {""feature"": ""addr_jaro"", ""shap"": 0.5425137281417847, ""value"": 1.0, ""model_input"": 1.0}, {""feature"": ""addr_levenshtein"", ""shap"": 0.5068800449371338, ""value"": 1.0, ""model_input"": 1.0}, {""feature"": ""type_of_max_name"", ""shap"": 0.4873764216899872, ""value"": 4.0, ""model_input"": 4.0}, {""feature"": ""name_token_overlap_max"", ""shap"": -0.325987309217453, ""value"": 0.0, ""model_input"": 0.0}, {""feature"": ""token_overlap_ul"", ""shap"": -0.27750876545906067, ""value"": 0.0, ""model_input"": 0.0}, {""feature"": ""name_addr_consistency"", ""shap"": -0.25555622577667236, ""value"": 0.5222222222222223, ""model_input"": 0.5222222222222223}]}"
CMR LOCATION,8 Avenue de l'Industrie,69960,CORBAS,84308328800020,0.888816773891449,OUITRANS,8 AVENUE DE L'INDUSTRIE,CORBAS,69960,69273,4,"{""bias"": 1.1616770029067993, ""margin"": 2.078712224960327, ""prob_from_margin"": 0.8888168371756081, ""top"": [{""feature"": ""name_semantic_max"", ""shap"": -1.4327610731124878, ""value"": 0.4813315272331238, ""model_input"": 0.4813315272331238}, {""feature"": ""addr_token_overlap"", ""shap"": 1.3824743032455444, ""value"": 1.0, ""model_input"": 1.0}, {""feature"": ""street_number_diff"", ""shap"": 1.0517507791519165, ""value"": 0.0, ""model_input"": 0.0}, {""feature"": ""name_sim_max_etab"", ""shap"": 0.7495614886283875, ""value"": 0.0, ""model_input"": 0.0}, {""feature"": ""addr_jaro"", ""shap"": 0.5962004065513611, ""value"": 1.0, ""model_input"": 1.0}, {""feature"": ""addr_levenshtein"", ""shap"": 0.5363887548446655, ""value"": 1.0, ""model_input"": 1.0}, {""feature"": ""type_of_max_name"", ""shap"": 0.4745451807975769, ""value"": 7.0, ""model_input"": 7.0}, {""feature"": ""name_sim_max_pm_dirigeant"", ""shap"": -0.4575626254081726, ""value"": 0.0, ""model_input"": 0.0}, {""feature"": ""name_length_max"", ""shap"": -0.3895851969718933, ""value"": 8.0, ""model_input"": 8.0}, {""feature"": ""name_addr_consistency"", ""shap"": -0.36776983737945557, ""value"": 0.5472222222222222, ""model_input"": 0.5472222222222222}]}"
CMR LOCATION,8 Avenue de l'Industrie,69960,CORBAS,87998905100013,0.8858097791671753,ROAD LINE TRANSPORTS,8 AVENUE DE L'INDUSTRIE,CORBAS,69960,69273,5,"{""bias"": 1.1616770029067993, ""margin"": 2.048638105392456, ""prob_from_margin"": 0.8858099344999412, ""top"": [{""feature"": ""name_semantic_max"", ""shap"": -1.9214303493499756, ""value"": 0.4287821352481842, ""model_input"": 0.4287821352481842}, {""feature"": ""addr_token_overlap"", ""shap"": 1.1961898803710938, ""value"": 1.0, ""model_input"": 1.0}, {""feature"": ""street_number_diff"", ""shap"": 1.1441175937652588, ""value"": 0.0, ""model_input"": 0.0}, {""feature"": ""name_sim_max_etab"", ""shap"": 0.794653058052063, ""value"": 0.0, ""model_input"": 0.0}, {""feature"": ""addr_jaro"", ""shap"": 0.5939983129501343, ""value"": 1.0, ""model_input"": 1.0}, {""feature"": ""addr_levenshtein"", ""shap"": 0.5104488134384155, ""value"": 1.0, ""model_input"": 1.0}, {""feature"": ""name_sim_max_pm_dirigeant"", ""shap"": -0.4656710624694824, ""value"": 0.0, ""model_input"": 0.0}, {""feature"": ""type_of_max_name"", ""shap"": 0.449223130941391, ""value"": 7.0, ""model_input"": 7.0}, {""feature"": ""name_semantic_second"", ""shap"": -0.40972796082496643, ""value"": 0.0, ""model_input"": 0.0}, {""feature"": ""name_addr_consistency"", ""shap"": -0.3996116518974304, ""value"": 0.5851851851851851, ""model_input"": 0.5851851851851851}]}"
CMT,76 Rue Paul et Marc Barbezat,69150,DECINES-CHARPIEU,30742038000023,0.9998462200164795,CMT,76 RUE PAUL ET MARC BARBEZAT,DECINES-CHARPIEU,69150,69275,1,"{""bias"": 1.1616770029067993, ""margin"": 8.780200958251953, ""prob_from_margin"": 0.9998462764492346, ""top"": [{""feature"": ""name_semantic_max"", ""shap"": 2.3874194622039795, ""value"": 1.0, ""model_input"": 1.0}, {""feature"": ""name_token_overlap_max"", ""shap"": 0.9445927143096924, ""value"": 1.0, ""model_input"": 1.0}, {""feature"": ""name_sim_max_pm_dirigeant"", ""shap"": 0.8968585729598999, ""value"": 0.611111111111111, ""model_input"": 0.611111111111111}, {""feature"": ""token_overlap_ul"", ""shap"": 0.8515952229499817, ""value"": 1.0, ""model_input"": 1.0}, {""feature"": ""acronym_match_max"", ""shap"": 0.7701419591903687, ""value"": 1.0, ""model_input"": 1.0}, {""feature"": ""name_crm_contains_cand_max"", ""shap"": 0.5732532739639282, ""value"": 1.0, ""model_input"": 1.0}, {""feature"": ""name_count"", ""shap"": -0.5225238800048828, ""value"": 6.0, ""model_input"": 6.0}, {""feature"": ""name_length_max"", ""shap"": -0.5152013301849365, ""value"": 3.0, ""model_input"": 3.0}, {""feature"": ""street_number_diff"", ""shap"": 0.46472635865211487, ""value"": 0.0, ""model_input"": 0.0}, {""feature"": ""name_semantic_second"", ""shap"": 0.45735156536102295, ""value"": 0.6331474781036377, ""model_input"": 0.6331474781036377}]}"
CMT,76 Rue Paul et Marc Barbezat,69150,DECINES-CHARPIEU,99181968100016,0.9987308382987976,CMT BIAX,76 RUE PAUL ET MARC BARBEZAT,DECINES-CHARPIEU,69150,69275,2,"{""bias"": 1.1616770029067993, ""margin"": 6.668105125427246, ""prob_from_margin"": 0.9987308084082565, ""top"": [{""feature"": ""name_semantic_max"", ""shap"": 1.503514289855957, ""value"": 0.7169286012649536, ""model_input"": 0.7169286012649536}, {""feature"": ""name_sim_max_pm_dirigeant"", ""shap"": 0.9093381762504578, ""value"": 0.5868055555555555, ""model_input"": 0.5868055555555555}, {""feature"": ""name_token_overlap_max"", ""shap"": 0.8291606903076172, ""value"": 0.5, ""model_input"": 0.5}, {""feature"": ""token_overlap_ul"", ""shap"": 0.7482993602752686, ""value"": 1.0, ""model_input"": 1.0}, {""feature"": ""addr_token_overlap"", ""shap"": 0.6987334489822388, ""value"": 1.0, ""model_input"": 1.0}, {""feature"": ""street_number_diff"", ""shap"": 0.5624614953994751, ""value"": 0.0, ""model_input"": 0.0}, {""feature"": ""name_semantic_second"", ""shap"": 0.39759331941604614, ""value"": 0.6313365697860718, ""model_input"": 0.6313365697860718}, {""feature"": ""addr_levenshtein"", ""shap"": 0.21949966251850128, ""value"": 1.0, ""model_input"": 1.0}, {""feature"": ""addr_jaro"", ""shap"": 0.20206566154956818, ""value"": 1.0, ""model_input"": 1.0}, {""feature"": ""is_siege"", ""shap"": 0.1887183040380478, ""value"": 1.0, ""model_input"": 1.0}]}"
CMT,76 Rue Paul et Marc Barbezat,69150,DECINES-CHARPIEU,91136328100013,0.9149097204208374,ESOPP GROUP MANAGEMENT COMPANY,76 RUE PAUL ET MARC BARBEZAT,DECINES-CHARPIEU,69150,69275,3,"{""bias"": 1.1616770029067993, ""margin"": 2.3751139640808105, ""prob_from_margin"": 0.9149098274973971, ""top"": [{""feature"": ""name_semantic_max"", ""shap"": -2.2017791271209717, ""value"": 0.38210558891296387, ""model_input"": 0.38210558891296387}, {""feature"": ""addr_token_overlap"", ""shap"": 1.169844150543213, ""value"": 1.0, ""model_input"": 1.0}, {""feature"": ""street_number_diff"", ""shap"": 1.015421748161316, ""value"": 0.0, ""model_input"": 0.0}, {""feature"": ""name_sim_max_etab"", ""shap"": 0.7748851776123047, ""value"": 0.0, ""model_input"": 0.0}, {""feature"": ""addr_jaro"", ""shap"": 0.7187329530715942, ""value"": 1.0, ""model_input"": 1.0}, {""feature"": ""addr_levenshtein"", ""shap"": 0.48434174060821533, ""value"": 1.0, ""model_input"": 1.0}, {""feature"": ""type_of_max_name"", ""shap"": 0.43056923151016235, ""value"": 7.0, ""model_input"": 7.0}, {""feature"": ""name_levenshtein_max"", ""shap"": 0.4263858199119568, ""value"": 0.06666666666666665, ""model_input"": 0.06666666666666665}, {""feature"": ""name_sim_max_pm_dirigeant"", ""shap"": -0.3879995048046112, ""value"": 0.0, ""model_input"": 0.0}, {""feature"": ""name_semantic_second"", ""shap"": -0.3704138398170471, ""value"": 0.0, ""model_input"": 0.0}]}"
CMT,76 Rue Paul et Marc Barbezat,69150,DECINES-CHARPIEU,91303082100015,0.8110341429710388,A TP,77 RUE PAUL ET MARC BARBEZAT,DECINES-CHARPIEU,69150,69275,4,"{""bias"": 1.1616770029067993, ""margin"": 1.4567430019378662, ""prob_from_margin"": 0.8110340199000559, ""top"": [{""feature"": ""name_semantic_max"", ""shap"": 2.0163168907165527, ""value"": 0.6954491138458252, ""model_input"": 0.6954491138458252}, {""feature"": ""name_sim_max_etab"", ""shap"": 0.9808210134506226, ""value"": 0.0, ""model_input"": 0.0}, {""feature"": ""name_length_max"", ""shap"": -0.7383909225463867, ""value"": 4.0, ""model_input"": 4.0}, {""feature"": ""street_number_diff"", ""shap"": -0.5513035655021667, ""value"": 1.0, ""model_input"": 1.0}, {""feature"": ""addr_levenshtein"", ""shap"": 0.5411040186882019, ""value"": 0.9642857142857143, ""model_input"": 0.9642857142857143}, {""feature"": ""name_addr_consistency"", ""shap"": -0.5120252966880798, ""value"": 0.516468253968254, ""model_input"": 0.516468253968254}, {""feature"": ""name_semantic_second"", ""shap"": -0.431234210729599, ""value"": 0.0, ""model_input"": 0.0}, {""feature"": ""name_token_overlap_max"", ""shap"": -0.42992088198661804, ""value"": 0.0, ""model_input"": 0.0}, {""feature"": ""name_sim_max_pm_dirigeant"", ""shap"": -0.41813263297080994, ""value"": 0.0, ""model_input"": 0.0}, {""feature"": ""token_overlap_ul"", ""shap"": -0.4084934592247009, ""value"": 0.0, ""model_input"": 0.0}]}"
CMT,76 Rue Paul et Marc Barbezat,69150,DECINES-CHARPIEU,53829224400026,0.6978525519371033,TMD MENUISERIE,73 RUE PAUL ET MARC BARBEZAT,DECINES-CHARPIEU,69150,69275,5,"{""bias"": 1.1616770029067993, ""margin"": 0.8370933532714844, ""prob_from_margin"": 0.6978526896906372, ""top"": [{""feature"": ""street_number_diff"", ""shap"": -0.956770658493042, ""value"": 3.0, ""model_input"": 3.0}, {""feature"": ""name_sim_max_etab"", ""shap"": 0.894135057926178, ""value"": 0.0, ""model_input"": 0.0}, {""feature"": ""type_of_max_name"", ""shap"": 0.5296015739440918, ""value"": 7.0, ""model_input"": 7.0}, {""feature"": ""addr_levenshtein"", ""shap"": 0.5052200555801392, ""value"": 0.9642857142857143, ""model_input"": 0.9642857142857143}, {""feature"": ""name_token_overlap_max"", ""shap"": -0.4835197329521179, ""value"": 0.0, ""model_input"": 0.0}, {""feature"": ""name_addr_consistency"", ""shap"": -0.4475191533565521, ""value"": 0.4271541950113379, ""model_input"": 0.4271541950113379}, {""feature"": ""name_sim_max_pm_dirigeant"", ""shap"": -0.3761502504348755, ""value"": 0.0, ""model_input"": 0.0}, {""feature"": ""token_overlap_ul"", ""shap"": -0.35756736993789673, ""value"": 0.0, ""model_input"": 0.0}, {""feature"": ""name_semantic_max"", ""shap"": 0.3408869802951813, ""value"": 0.608210563659668, ""model_input"": 0.608210563659668}, {""feature"": ""name_levenshtein_max"", ""shap"": 0.33945465087890625, ""value"": 0.0714285714285714, ""model_input"": 0.0714285714285714}]}"
COFRULY,69 Rue Marcel Merieux,69960,CORBAS,38230906000020,0.9998241066932678,COFRULY,69 RUE MARCEL MERIEUX,CORBAS,69960,69273,1,"{""bias"": 1.1616770029067993, ""margin"": 8.645254135131836, ""prob_from_margin"": 0.9998240710046086, ""top"": [{""feature"": ""name_semantic_max"", ""shap"": 2.3680334091186523, ""value"": 1.0000001192092896, ""model_input"": 1.0000001192092896}, {""feature"": ""token_overlap_ul"", ""shap"": 0.9949386119842529, ""value"": 1.0, ""model_input"": 1.0}, {""feature"": ""name_token_overlap_max"", ""shap"": 0.9648439884185791, ""value"": 1.0, ""model_input"": 1.0}, {""feature"": ""name_sim_max_pm_dirigeant"", ""shap"": 0.7877582311630249, ""value"": 0.6438923395445134, ""model_input"": 0.6438923395445134}, {""feature"": ""name_crm_contains_cand_max"", ""shap"": 0.6551747918128967, ""value"": 1.0, ""model_input"": 1.0}, {""feature"": ""name_semantic_second"", ""shap"": 0.5419947504997253, ""value"": 0.6702060699462891, ""model_input"": 0.6702060699462891}, {""feature"": ""addr_token_overlap"", ""shap"": 0.5193135738372803, ""value"": 1.0, ""model_input"": 1.0}, {""feature"": ""name_sim_max_etab"", ""shap"": -0.5025759339332581, ""value"": 0.6438923395445134, ""model_input"": 0.6438923395445134}, {""feature"": ""name_count"", ""shap"": -0.48218104243278503, ""value"": 6.0, ""model_input"": 6.0}, {""feature"": ""street_number_diff"", ""shap"": 0.43221455812454224, ""value"": 0.0, ""model_input"": 0.0}]}"
COFRULY,69 Rue Marcel Merieux,69960,CORBAS,42037022300034,0.981704592704773,COULEURS PRIMEURS,69 RUE MARCEL MERIEUX,CORBAS,69960,69273,2,"{""bias"": 1.1616770029067993, ""margin"": 3.9826388359069824, ""prob_from_margin"": 0.9817045649694542, ""top"": [{""feature"": ""addr_token_overlap"", ""shap"": 1.0966317653656006, ""value"": 1.0, ""model_input"": 1.0}, {""feature"": ""street_number_diff"", ""shap"": 0.941502571105957, ""value"": 0.0, ""model_input"": 0.0}, {""feature"": ""name_semantic_max"", ""shap"": 0.7055188417434692, ""value"": 0.6258262991905212, ""model_input"": 0.6258262991905212}, {""feature"": ""name_sim_max_pm_dirigeant"", ""shap"": 0.4799020290374756, ""value"": 0.47985347985347987, ""model_input"": 0.47985347985347987}, {""feature"": ""addr_jaro"", ""shap"": 0.4586729407310486, ""value"": 1.0, ""model_input"": 1.0}, {""feature"": ""type_of_max_name"", ""shap"": 0.3732575476169586, ""value"": 7.0, ""model_input"": 7.0}, {""feature"": ""name_addr_consistency"", ""shap"": -0.33407631516456604, ""value"": 0.6028011204481792, ""model_input"": 0.6028011204481792}, {""feature"": ""name_token_overlap_max"", ""shap"": -0.32733649015426636, ""value"": 0.0, ""model_input"": 0.0}, {""feature"": ""addr_levenshtein"", ""shap"": 0.31494641304016113, ""value"": 1.0, ""model_input"": 1.0}, {""feature"": ""token_overlap_ul"", ""shap"": -0.27327609062194824, ""value"": 0.0, ""model_input"": 0.0}]}"
COFRULY,69 Rue Marcel Merieux,69960,CORBAS,79249138300016,0.9790152311325073,DU 41,69 RUE MARCEL MERIEUX,CORBAS,69960,69273,3,"{""bias"": 1.1616770029067993, ""margin"": 3.842754364013672, ""prob_from_margin"": 0.9790153142612809, ""top"": [{""feature"": ""name_semantic_max"", ""shap"": -2.4287328720092773, ""value"": 0.30459922552108765, ""model_input"": 0.30459922552108765}, {""feature"": ""addr_token_overlap"", ""shap"": 1.1959807872772217, ""value"": 1.0, ""model_input"": 1.0}, {""feature"": ""street_number_diff"", ""shap"": 1.0275218486785889, ""value"": 0.0, ""model_input"": 0.0}, {""feature"": ""name_addr_consistency"", ""shap"": 0.9705262780189514, ""value"": 0.0, ""model_input"": 0.0}, {""feature"": ""addr_jaro"", ""shap"": 0.9252607226371765, ""value"": 1.0, ""model_input"": 1.0}, {""feature"": ""name_sim_max_etab"", ""shap"": 0.8800169825553894, ""value"": 0.0, ""model_input"": 0.0}, {""feature"": ""name_jaro_max"", ""shap"": 0.5739113688468933, ""value"": 0.0, ""model_input"": 0.0}, {""feature"": ""addr_levenshtein"", ""shap"": 0.49416637420654297, ""value"": 1.0, ""model_input"": 1.0}, {""feature"": ""name_sim_max_ul"", ""shap"": -0.4615166485309601, ""value"": 0.0, ""model_input"": 0.0}, {""feature"": ""name_semantic_second"", ""shap"": -0.32578566670417786, ""value"": 0.0, ""model_input"": 0.0}]}"
COFRULY,69 Rue Marcel Merieux,69960,CORBAS,53325979200018,0.9787406325340271,CORBAS F & E,69 RUE MARCEL MERIEUX,CORBAS,69960,69273,4,"{""bias"": 1.1616770029067993, ""margin"": 3.829472064971924, ""prob_from_margin"": 0.978740695137687, ""top"": [{""feature"": ""addr_token_overlap"", ""shap"": 1.0175566673278809, ""value"": 1.0, ""model_input"": 1.0}, {""feature"": ""street_number_diff"", ""shap"": 0.8254897594451904, ""value"": 0.0, ""model_input"": 0.0}, {""feature"": ""name_sim_max_etab"", ""shap"": 0.7906753420829773, ""value"": 0.0, ""model_input"": 0.0}, {""feature"": ""name_semantic_max"", ""shap"": 0.5770358443260193, ""value"": 0.6194604635238647, ""model_input"": 0.6194604635238647}, {""feature"": ""name_semantic_second"", ""shap"": -0.5415461659431458, ""value"": 0.0, ""model_input"": 0.0}, {""feature"": ""type_of_max_name"", ""shap"": 0.461103618144989, ""value"": 7.0, ""model_input"": 7.0}, {""feature"": ""name_sim_max_pm_dirigeant"", ""shap"": -0.45879116654396057, ""value"": 0.0, ""model_input"": 0.0}, {""feature"": ""addr_jaro"", ""shap"": 0.4499351978302002, ""value"": 1.0, ""model_input"": 1.0}, {""feature"": ""addr_levenshtein"", ""shap"": 0.43489834666252136, ""value"": 1.0, ""model_input"": 1.0}, {""feature"": ""name_token_overlap_max"", ""shap"": -0.3123866617679596, ""value"": 0.0, ""model_input"": 0.0}]}"
COFRULY,69 Rue Marcel Merieux,69960,CORBAS,89804329400013,0.9743599891662598,LA MAISON BLANCHE,69 RUE MARCEL MERIEUX,CORBAS,69960,69273,5,"{""bias"": 1.1616770029067993, ""margin"": 3.637627124786377, ""prob_from_margin"": 0.974359997792262, ""top"": [{""feature"": ""name_semantic_max"", ""shap"": -2.005035877227783, ""value"": 0.35355445742607117, ""model_input"": 0.35355445742607117}, {""feature"": ""addr_token_overlap"", ""shap"": 1.2922947406768799, ""value"": 1.0, ""model_input"": 1.0}, {""feature"": ""street_number_diff"", ""shap"": 0.9519280791282654, ""value"": 0.0, ""model_input"": 0.0}, {""feature"": ""addr_jaro"", ""shap"": 0.8612938523292542, ""value"": 1.0, ""model_input"": 1.0}, {""feature"": ""name_sim_max_etab"", ""shap"": 0.8237383961677551, ""value"": 0.3063492063492063, ""model_input"": 0.3063492063492063}, {""feature"": ""addr_levenshtein"", ""shap"": 0.7235222458839417, ""value"": 1.0, ""model_input"": 1.0}, {""feature"": ""name_addr_consistency"", ""shap"": 0.5672793984413147, ""value"": 0.3063492063492063, ""model_input"": 0.3063492063492063}, {""feature"": ""name_levenshtein_max"", ""shap"": 0.5170115828514099, ""value"": 0.06666666666666665, ""model_input"": 0.06666666666666665}, {""feature"": ""name_jaro_max"", ""shap"": 0.5074180960655212, ""value"": 0.3063492063492063, ""model_input"": 0.3063492063492063}, {""feature"": ""name_semantic_second"", ""shap"": -0.4000481367111206, ""value"": 0.26906269788742065, ""model_input"": 0.26906269788742065}]}"
COMPTOIR DE L AIL,69 Rue Marcel Merieux,69960,CORBAS,40091271300023,0.9998481273651123,COMPTOIR DE L AIL,69 RUE MARCEL MERIEUX,CORBAS,69960,69273,1,"{""bias"": 1.1616770029067993, ""margin"": 8.792638778686523, ""prob_from_margin"": 0.9998481763053443, ""top"": [{""feature"": ""name_semantic_max"", ""shap"": 2.274108648300171, ""value"": 1.0000001192092896, ""model_input"": 1.0000001192092896}, {""feature"": ""token_overlap_ul"", ""shap"": 0.9073959589004517, ""value"": 1.0, ""model_input"": 1.0}, {""feature"": ""name_sim_max_etab"", ""shap"": 0.8826032280921936, ""value"": 0.0, ""model_input"": 0.0}, {""feature"": ""name_token_overlap_max"", ""shap"": 0.8214005827903748, ""value"": 1.0, ""model_input"": 1.0}, {""feature"": ""name_crm_contains_cand_max"", ""shap"": 0.6183577179908752, ""value"": 1.0, ""model_input"": 1.0}, {""feature"": ""street_number_diff"", ""shap"": 0.5054163336753845, ""value"": 0.0, ""model_input"": 0.0}, {""feature"": ""addr_token_overlap"", ""shap"": 0.4980923533439636, ""value"": 1.0, ""model_input"": 1.0}, {""feature"": ""is_siege"", ""shap"": 0.37239742279052734, ""value"": 1.0, ""model_input"": 1.0}, {""feature"": ""name_addr_consistency"", ""shap"": 0.35961946845054626, ""value"": 1.0, ""model_input"": 1.0}, {""feature"": ""name_sim_max_pm_dirigeant"", ""shap"": -0.3331054747104645, ""value"": 0.0, ""model_input"": 0.0}]}"
COMPTOIR DE L AIL,69 Rue Marcel Merieux,69960,CORBAS,96550106700056,0.9775906801223755,CLEDOR LA PROVENCE,69 RUE MARCEL MERIEUX,CORBAS,69960,69273,2,"{""bias"": 1.1616770029067993, ""margin"": 3.77561616897583, ""prob_from_margin"": 0.9775907250829126, ""top"": [{""feature"": ""addr_token_overlap"", ""shap"": 1.2054024934768677, ""value"": 1.0, ""model_input"": 1.0}, {""feature"": ""street_number_diff"", ""shap"": 1.0502893924713135, ""value"": 0.0, ""model_input"": 0.0}, {""feature"": ""name_sim_max_pm_dirigeant"", ""shap"": 0.8092362284660339, ""value"": 0.5098039215686274, ""model_input"": 0.5098039215686274}, {""feature"": ""name_semantic_max"", ""shap"": -0.6639907360076904, ""value"": 0.5446630120277405, ""model_input"": 0.5446630120277405}, {""feature"": ""addr_jaro"", ""shap"": 0.5867723226547241, ""value"": 1.0, ""model_input"": 1.0}, {""feature"": ""type_of_max_name"", ""shap"": 0.5495220422744751, ""value"": 7.0, ""model_input"": 7.0}, {""feature"": ""addr_levenshtein"", ""shap"": 0.3911631405353546, ""value"": 1.0, ""model_input"": 1.0}, {""feature"": ""name_semantic_second"", ""shap"": -0.38299691677093506, ""value"": 0.33750104904174805, ""model_input"": 0.33750104904174805}, {""feature"": ""name_token_overlap_max"", ""shap"": -0.3491973280906677, ""value"": 0.0, ""model_input"": 0.0}, {""feature"": ""token_overlap_ul"", ""shap"": -0.23944103717803955, ""value"": 0.0, ""model_input"": 0.0}]}"
COMPTOIR DE L AIL,69 Rue Marcel Merieux,69960,CORBAS,44209549300049,0.9761584401130676,JABRI,69 RUE MARCEL MERIEUX,CORBAS,69960,69273,3,"{""bias"": 1.1616770029067993, ""margin"": 3.7121973037719727, ""prob_from_margin"": 0.9761585021570386, ""top"": [{""feature"": ""name_semantic_max"", ""shap"": -2.207829475402832, ""value"": 0.38824185729026794, ""model_input"": 0.38824185729026794}, {""feature"": ""addr_token_overlap"", ""shap"": 1.3402070999145508, ""value"": 1.0, ""model_input"": 1.0}, {""feature"": ""street_number_diff"", ""shap"": 0.9756411910057068, ""value"": 0.0, ""model_input"": 0.0}, {""feature"": ""addr_jaro"", ""shap"": 0.8336443305015564, ""value"": 1.0, ""model_input"": 1.0}, {""feature"": ""name_addr_consistency"", ""shap"": 0.7660086750984192, ""value"": 0.33921568627450976, ""model_input"": 0.33921568627450976}, {""feature"": ""name_sim_max_etab"", ""shap"": 0.7650344967842102, ""value"": 0.0, ""model_input"": 0.0}, {""feature"": ""addr_levenshtein"", ""shap"": 0.6077761054039001, ""value"": 1.0, ""model_input"": 1.0}, {""feature"": ""name_jaro_max"", ""shap"": 0.5573878884315491, ""value"": 0.33921568627450976, ""model_input"": 0.33921568627450976}, {""feature"": ""name_semantic_second"", ""shap"": -0.364989697933197, ""value"": 0.0, ""model_input"": 0.0}, {""feature"": ""name_sim_max_pm_dirigeant"", ""shap"": -0.35196974873542786, ""value"": 0.0, ""model_input"": 0.0}]}"
COMPTOIR DE L AIL,69 Rue Marcel Merieux,69960,CORBAS,89067198500012,0.9748705625534058,4CFJ,69 RUE MARCEL MERIEUX,CORBAS,69960,69273,4,"{""bias"": 1.1616770029067993, ""margin"": 3.6582651138305664, ""prob_from_margin"": 0.9748705717052403, ""top"": [{""feature"": ""street_number_diff"", ""shap"": 1.25438392162323, ""value"": 0.0, ""model_input"": 0.0}, {""feature"": ""addr_token_overlap"", ""shap"": 1.139215111732483, ""value"": 1.0, ""model_input"": 1.0}, {""feature"": ""name_sim_max_pm_dirigeant"", ""shap"": 0.7082061171531677, ""value"": 0.5036053130929791, ""model_input"": 0.5036053130929791}, {""feature"": ""addr_jaro"", ""shap"": 0.6348187923431396, ""value"": 1.0, ""model_input"": 1.0}, {""feature"": ""name_semantic_max"", ""shap"": -0.5033034086227417, ""value"": 0.5573546290397644, ""model_input"": 0.5573546290397644}, {""feature"": ""type_of_max_name"", ""shap"": 0.49348336458206177, ""value"": 4.0, ""model_input"": 4.0}, {""feature"": ""addr_levenshtein"", ""shap"": 0.4143754839897156, ""value"": 1.0, ""model_input"": 1.0}, {""feature"": ""name_semantic_second"", ""shap"": -0.34401917457580566, ""value"": 0.39101487398147583, ""model_input"": 0.39101487398147583}, {""feature"": ""name_count"", ""shap"": 0.3176143169403076, ""value"": 2.0, ""model_input"": 2.0}, {""feature"": ""name_addr_consistency"", ""shap"": -0.3131077289581299, ""value"": 0.5036053130929791, ""model_input"": 0.5036053130929791}]}"
COMPTOIR DE L AIL,69 Rue Marcel Merieux,69960,CORBAS,77983234400088,0.9728108048439026,SOLY IMPORT,69 RUE MARCEL MERIEUX,CORBAS,69960,69273,5,"{""bias"": 1.1616770029067993, ""margin"": 3.5773706436157227, ""prob_from_margin"": 0.9728108229088576, ""top"": [{""feature"": ""addr_token_overlap"", ""shap"": 1.2864718437194824, ""value"": 1.0, ""model_input"": 1.0}, {""feature"": ""street_number_diff"", ""shap"": 1.2112396955490112, ""value"": 0.0, ""model_input"": 0.0}, {""feature"": ""name_semantic_max"", ""shap"": -0.6792712807655334, ""value"": 0.5373782515525818, ""model_input"": 0.5373782515525818}, {""feature"": ""addr_jaro"", ""shap"": 0.6450743079185486, ""value"": 1.0, ""model_input"": 1.0}, {""feature"": ""type_of_max_name"", ""shap"": 0.5497849583625793, ""value"": 7.0, ""model_input"": 7.0}, {""feature"": ""name_sim_max_etab"", ""shap"": 0.4217929542064667, ""value"": 0.4477124183006536, ""model_input"": 0.4477124183006536}, {""feature"": ""name_sim_max_pm_dirigeant"", ""shap"": 0.3783096671104431, ""value"": 0.4477124183006536, ""model_input"": 0.4477124183006536}, {""feature"": ""addr_levenshtein"", ""shap"": 0.36307841539382935, ""value"": 1.0, ""model_input"": 1.0}, {""feature"": ""name_addr_consistency"", ""shap"": -0.34870338439941406, ""value"": 0.6076203208556149, ""model_input"": 0.6076203208556149}, {""feature"": ""name_token_overlap_max"", ""shap"": -0.3221565783023834, ""value"": 0.0, ""model_input"": 0.0}]}"
CORALLIS,6 Rue du Dauphiné,69960,CORBAS,42152046100367,0.950207531452179,CORALLIS FORMATION PROFESSIONNELLE,6 RUE DU DAUPHINE,CORBAS,69960,69273,1,"{""bias"": 1.1616770029067993, ""margin"": 2.9488162994384766, ""prob_from_margin"": 0.9502075136224618, ""top"": [{""feature"": ""name_semantic_max"", ""shap"": 2.589423418045044, ""value"": 0.7948476076126099, ""model_input"": 0.7948476076126099}, {""feature"": ""addr_token_overlap"", ""shap"": 0.8028878569602966, ""value"": 1.0, ""model_input"": 1.0}, {""feature"": ""name_count"", ""shap"": -0.7831512093544006, ""value"": 5.0, ""model_input"": 5.0}, {""feature"": ""street_number_diff"", ""shap"": 0.7523157000541687, ""value"": 0.0, ""model_input"": 0.0}, {""feature"": ""name_sim_max_etab"", ""shap"": -0.7000438570976257, ""value"": 0.8470588235294118, ""model_input"": 0.8470588235294118}, {""feature"": ""name_token_overlap_max"", ""shap"": 0.6483224630355835, ""value"": 0.3333333333333333, ""model_input"": 0.3333333333333333}, {""feature"": ""name_sim_max_ul"", ""shap"": -0.6285449862480164, ""value"": 0.40972222222222215, ""model_input"": 0.40972222222222215}, {""feature"": ""name_sim_max_pm_dirigeant"", ""shap"": 0.46101412177085876, ""value"": 0.5648148148148148, ""model_input"": 0.5648148148148148}, {""feature"": ""type_of_max_name"", ""shap"": -0.45762506127357483, ""value"": 2.0, ""model_input"": 2.0}, {""feature"": ""token_overlap_ul"", ""shap"": -0.4206846058368683, ""value"": 0.0, ""model_input"": 0.0}]}"
CORALLIS,6 Rue du Dauphiné,69960,CORBAS,84357049000022,0.8671539425849915,RORI CORBAS,69 RUE MARCEL MERIEUX,CORBAS,69960,69273,2,"{""bias"": 1.1616770029067993, ""margin"": 1.8760261535644531, ""prob_from_margin"": 0.8671540151108923, ""top"": [{""feature"": ""name_city_overlap_max"", ""shap"": 1.7262345552444458, ""value"": 0.5, ""model_input"": 0.5}, {""feature"": ""name_semantic_max"", ""shap"": -1.1539775133132935, ""value"": 0.521480917930603, ""model_input"": 0.521480917930603}, {""feature"": ""name_sim_max_pm_dirigeant"", ""shap"": 0.775017261505127, ""value"": 0.4950980392156863, ""model_input"": 0.4950980392156863}, {""feature"": ""street_number_diff"", ""shap"": -0.6131996512413025, ""value"": 63.0, ""model_input"": 63.0}, {""feature"": ""type_of_max_name"", ""shap"": 0.5669549703598022, ""value"": 7.0, ""model_input"": 7.0}, {""feature"": ""is_siege"", ""shap"": 0.46014904975891113, ""value"": 1.0, ""model_input"": 1.0}, {""feature"": ""name_token_overlap_max"", ""shap"": -0.4531268775463104, ""value"": 0.0, ""model_input"": 0.0}, {""feature"": ""name_count"", ""shap"": 0.38847389817237854, ""value"": 2.0, ""model_input"": 2.0}, {""feature"": ""name_length_max"", ""shap"": -0.35153546929359436, ""value"": 11.0, ""model_input"": 11.0}, {""feature"": ""name_addr_consistency"", ""shap"": 0.3026930093765259, ""value"": 0.3566226306868019, ""model_input"": 0.3566226306868019}]}"
CORALLIS,6 Rue du Dauphiné,69960,CORBAS,60612032700030,0.8308210372924805,ROBERT MERMET,6 RUE DU DAUPHINE,CORBAS,69960,69273,3,"{""bias"": 1.1616770029067993, ""margin"": 1.5914568901062012, ""prob_from_margin"": 0.8308209785757141, ""top"": [{""feature"": ""name_semantic_max"", ""shap"": -2.3220202922821045, ""value"": 0.34565943479537964, ""model_input"": 0.34565943479537964}, {""feature"": ""street_number_diff"", ""shap"": 1.150415062904358, ""value"": 0.0, ""model_input"": 0.0}, {""feature"": ""addr_token_overlap"", ""shap"": 1.1260727643966675, ""value"": 1.0, ""model_input"": 1.0}, {""feature"": ""addr_jaro"", ""shap"": 0.6719268560409546, ""value"": 1.0, ""model_input"": 1.0}, {""feature"": ""name_semantic_second"", ""shap"": -0.5996189713478088, ""value"": 0.25877267122268677, ""model_input"": 0.25877267122268677}, {""feature"": ""addr_levenshtein"", ""shap"": 0.4899670481681824, ""value"": 1.0, ""model_input"": 1.0}, {""feature"": ""type_of_max_name"", ""shap"": 0.4507758915424347, ""value"": 4.0, ""model_input"": 4.0}, {""feature"": ""name_sim_max_ul"", ""shap"": -0.3918505012989044, ""value"": 0.30128205128205127, ""model_input"": 0.30128205128205127}, {""feature"": ""name_sim_max_etab"", ""shap"": 0.34444040060043335, ""value"": 0.44166666666666665, ""model_input"": 0.44166666666666665}, {""feature"": ""name_sim_max_pm_dirigeant"", ""shap"": 0.34062737226486206, ""value"": 0.44166666666666665, ""model_input"": 0.44166666666666665}]}"
CORALLIS,6 Rue du Dauphiné,69960,CORBAS,39937378600132,0.7723388075828552,AGROLOGIS,6 RUE DU DAUPHINE,CORBAS,69960,69273,4,"{""bias"": 1.1616770029067993, ""margin"": 1.2215640544891357, ""prob_from_margin"": 0.7723386768357632, ""top"": [{""feature"": ""name_semantic_max"", ""shap"": -2.131152391433716, ""value"": 0.4370485842227936, ""model_input"": 0.4370485842227936}, {""feature"": ""addr_token_overlap"", ""shap"": 1.3250027894973755, ""value"": 1.0, ""model_input"": 1.0}, {""feature"": ""street_number_diff"", ""shap"": 1.2024770975112915, ""value"": 0.0, ""model_input"": 0.0}, {""feature"": ""addr_jaro"", ""shap"": 0.6711853742599487, ""value"": 1.0, ""model_input"": 1.0}, {""feature"": ""name_sim_max_etab"", ""shap"": 0.6368077397346497, ""value"": 0.0, ""model_input"": 0.0}, {""feature"": ""addr_levenshtein"", ""shap"": 0.5551069974899292, ""value"": 1.0, ""model_input"": 1.0}, {""feature"": ""name_sim_max_pm_dirigeant"", ""shap"": -0.4646996259689331, ""value"": 0.0, ""model_input"": 0.0}, {""feature"": ""type_of_max_name"", ""shap"": 0.4329131841659546, ""value"": 7.0, ""model_input"": 7.0}, {""feature"": ""name_levenshtein_max"", ""shap"": -0.4072117805480957, ""value"": 0.4444444444444444, ""model_input"": 0.4444444444444444}, {""feature"": ""name_semantic_second"", ""shap"": -0.3939482569694519, ""value"": 0.0, ""model_input"": 0.0}]}"
CORALLIS,6 Rue du Dauphiné,69960,CORBAS,50981899300024,0.7622852921485901,COMALIS,4 RUE DU MONT BLANC,CORBAS,69960,69273,5,"{""bias"": 1.1616770029067993, ""margin"": 1.165248990058899, ""prob_from_margin"": 0.7622851749874693, ""top"": [{""feature"": ""name_semantic_max"", ""shap"": 1.9937876462936401, ""value"": 0.6983509063720703, ""model_input"": 0.6983509063720703}, {""feature"": ""name_sim_max_pm_dirigeant"", ""shap"": 0.9485536217689514, ""value"": 0.5, ""model_input"": 0.5}, {""feature"": ""token_overlap_ul"", ""shap"": -0.5941317677497864, ""value"": 0.0, ""model_input"": 0.0}, {""feature"": ""addr_levenshtein"", ""shap"": -0.534330427646637, ""value"": 0.4736842105263158, ""model_input"": 0.4736842105263158}, {""feature"": ""street_number_diff"", ""shap"": -0.5070955753326416, ""value"": 2.0, ""model_input"": 2.0}, {""feature"": ""name_token_overlap_max"", ""shap"": -0.4334912896156311, ""value"": 0.0, ""model_input"": 0.0}, {""feature"": ""name_addr_consistency"", ""shap"": -0.3921454846858978, ""value"": 0.6011676249447148, ""model_input"": 0.6011676249447148}, {""feature"": ""name_semantic_second"", ""shap"": -0.28089088201522827, ""value"": 0.2419271469116211, ""model_input"": 0.2419271469116211}, {""feature"": ""name_levenshtein_max"", ""shap"": 0.2801392376422882, ""value"": 0.75, ""model_input"": 0.75}, {""feature"": ""type_of_max_name"", ""shap"": 0.26581040024757385, ""value"": 7.0, ""model_input"": 7.0}]}"
CORBAS - ALLENDE,38 avenue Salvador Allende,69960,CORBAS,21690273400013,0.800351619720459,MAIRIE,PL CHARLES JOCTEUR,CORBAS,69960,69273,1,"{""bias"": 1.1616770029067993, ""margin"": 1.3884943723678589, ""prob_from_margin"": 0.8003517694887435, ""top"": [{""feature"": ""name_semantic_max"", ""shap"": -2.211148500442505, ""value"": 0.406052827835083, ""model_input"": 0.406052827835083}, {""feature"": ""name_city_overlap_max"", ""shap"": 1.7094080448150635, ""value"": 0.3333333333333333, ""model_input"": 0.3333333333333333}, {""feature"": ""name_length_max"", ""shap"": 0.5480498671531677, ""value"": 6.0, ""model_input"": 6.0}, {""feature"": ""name_token_overlap_max"", ""shap"": -0.4696747660636902, ""value"": 0.0, ""model_input"": 0.0}, {""feature"": ""is_siege"", ""shap"": 0.4258391857147217, ""value"": 1.0, ""model_input"": 1.0}, {""feature"": ""street_number_diff"", ""shap"": 0.41845008730888367, ""value"": 9999.0, ""model_input"": 9999.0}, {""feature"": ""name_count"", ""shap"": 0.4103648364543915, ""value"": 2.0, ""model_input"": 2.0}, {""feature"": ""addr_jaro"", ""shap"": -0.36159977316856384, ""value"": 0.5133903133903134, ""model_input"": 0.5133903133903134}, {""feature"": ""name_semantic_second"", ""shap"": -0.34318244457244873, ""value"": 0.3904540538787842, ""model_input"": 0.3904540538787842}, {""feature"": ""addr_levenshtein"", ""shap"": -0.3296864330768585, ""value"": 0.1923076923076923, ""model_input"": 0.1923076923076923}]}"
CORBAS - ALLENDE,38 avenue Salvador Allende,69960,CORBAS,22690001701186,0.795743465423584,MDR MEDICO SOCIAL,38 AVENUE SALVADOR ALLENDE,CORBAS,69960,69273,2,"{""bias"": 1.1616770029067993, ""margin"": 1.3598994016647339, ""prob_from_margin"": 0.7957433473641726, ""top"": [{""feature"": ""name_semantic_max"", ""shap"": -2.110974073410034, ""value"": 0.41722390055656433, ""model_input"": 0.41722390055656433}, {""feature"": ""addr_token_overlap"", ""shap"": 1.2950764894485474, ""value"": 1.0, ""model_input"": 1.0}, {""feature"": ""street_number_diff"", ""shap"": 1.1529895067214966, ""value"": 0.0, ""model_input"": 0.0}, {""feature"": ""name_sim_max_etab"", ""shap"": 0.8301789164543152, ""value"": 0.3011204481792717, ""model_input"": 0.3011204481792717}, {""feature"": ""addr_jaro"", ""shap"": 0.6604642271995544, ""value"": 1.0, ""model_input"": 1.0}, {""feature"": ""addr_levenshtein"", ""shap"": 0.5373802185058594, ""value"": 1.0, ""model_input"": 1.0}, {""feature"": ""name_sim_max_pm_dirigeant"", ""shap"": -0.44916820526123047, ""value"": 0.0, ""model_input"": 0.0}, {""feature"": ""name_semantic_second"", ""shap"": -0.3556368052959442, ""value"": 0.3661370277404785, ""model_input"": 0.3661370277404785}, {""feature"": ""name_count"", ""shap"": 0.35000887513160706, ""value"": 2.0, ""model_input"": 2.0}, {""feature"": ""type_of_max_name"", ""shap"": 0.34910258650779724, ""value"": 7.0, ""model_input"": 7.0}]}"
CORBAS - ALLENDE,38 avenue Salvador Allende,69960,CORBAS,43316787100014,0.6913183927536011,ASS ENTENTE BADMINTON CORBAS,PL CHARLES JOCTEUR,CORBAS,69960,69273,3,"{""bias"": 1.1616770029067993, ""margin"": 0.8062896132469177, ""prob_from_margin"": 0.6913182802985635, ""top"": [{""feature"": ""name_semantic_max"", ""shap"": -1.1563807725906372, ""value"": 0.556818962097168, ""model_input"": 0.556818962097168}, {""feature"": ""type_of_max_name"", ""shap"": 0.9031191468238831, ""value"": 7.0, ""model_input"": 7.0}, {""feature"": ""name_city_overlap_max"", ""shap"": 0.9007218480110168, ""value"": 0.25, ""model_input"": 0.25}, {""feature"": ""name_semantic_second"", ""shap"": -0.5805488228797913, ""value"": 0.0, ""model_input"": 0.0}, {""feature"": ""name_sim_max_etab"", ""shap"": 0.5705128908157349, ""value"": 0.0, ""model_input"": 0.0}, {""feature"": ""name_length_max"", ""shap"": 0.45865607261657715, ""value"": 28.0, ""model_input"": 28.0}, {""feature"": ""name_jaro_gap"", ""shap"": -0.4295491576194763, ""value"": 0.5642857142857144, ""model_input"": 0.5642857142857144}, {""feature"": ""is_siege"", ""shap"": 0.41459399461746216, ""value"": 1.0, ""model_input"": 1.0}, {""feature"": ""name_token_overlap_max"", ""shap"": -0.4002242386341095, ""value"": 0.0, ""model_input"": 0.0}, {""feature"": ""addr_levenshtein"", ""shap"": -0.3965691328048706, ""value"": 0.1923076923076923, ""model_input"": 0.1923076923076923}]}"
CORBAS - ALLENDE,38 avenue Salvador Allende,69960,CORBAS,40364635900014,0.6534300446510315,CORBAS FULL CONTACT,PL CHARLES JOCTEUR,CORBAS,69960,69273,4,"{""bias"": 1.1616770029067993, ""margin"": 0.6341512203216553, ""prob_from_margin"": 0.6534301419797484, ""top"": [{""feature"": ""name_semantic_max"", ""shap"": -1.6724603176116943, ""value"": 0.4772309362888336, ""model_input"": 0.4772309362888336}, {""feature"": ""name_city_overlap_max"", ""shap"": 1.014000654220581, ""value"": 0.3333333333333333, ""model_input"": 0.3333333333333333}, {""feature"": ""type_of_max_name"", ""shap"": 0.7195496559143066, ""value"": 7.0, ""model_input"": 7.0}, {""feature"": ""name_sim_max_etab"", ""shap"": 0.6742280125617981, ""value"": 0.0, ""model_input"": 0.0}, {""feature"": ""name_semantic_second"", ""shap"": -0.5884752869606018, ""value"": 0.0, ""model_input"": 0.0}, {""feature"": ""addr_jaro"", ""shap"": -0.3978809416294098, ""value"": 0.5133903133903134, ""model_input"": 0.5133903133903134}, {""feature"": ""is_siege"", ""shap"": 0.3934665024280548, ""value"": 1.0, ""model_input"": 1.0}, {""feature"": ""name_token_overlap_max"", ""shap"": -0.36679932475090027, ""value"": 0.0, ""model_input"": 0.0}, {""feature"": ""street_number_diff"", ""shap"": 0.3428051173686981, ""value"": 9999.0, ""model_input"": 9999.0}, {""feature"": ""addr_levenshtein"", ""shap"": -0.3338713049888611, ""value"": 0.1923076923076923, ""model_input"": 0.1923076923076923}]}"
CORBAS - ALLENDE,38 avenue Salvador Allende,69960,CORBAS,91047578900020,0.5953892469406128,BIEN BOIRE A CORBAS,8 RUE DES ROSES,CORBAS,69960,69273,5,"{""bias"": 1.1616770029067993, ""margin"": 0.38628995418548584, ""prob_from_margin"": 0.5953892631743432, ""top"": [{""feature"": ""name_semantic_max"", ""shap"": -1.8397825956344604, ""value"": 0.47868770360946655, ""model_input"": 0.47868770360946655}, {""feature"": ""street_number_diff"", ""shap"": -0.7253119945526123, ""value"": 30.0, ""model_input"": 30.0}, {""feature"": ""name_city_overlap_max"", ""shap"": 0.6815561056137085, ""value"": 0.25, ""model_input"": 0.25}, {""feature"": ""type_of_max_name"", ""shap"": 0.48327258229255676, ""value"": 7.0, ""model_input"": 7.0}, {""feature"": ""name_sim_max_pm_dirigeant"", ""shap"": 0.46445396542549133, ""value"": 0.47985347985347987, ""model_input"": 0.47985347985347987}, {""feature"": ""name_token_overlap_max"", ""shap"": -0.4301229417324066, ""value"": 0.0, ""model_input"": 0.0}, {""feature"": ""is_siege"", ""shap"": 0.41337355971336365, ""value"": 1.0, ""model_input"": 1.0}, {""feature"": ""name_addr_consistency"", ""shap"": 0.36617913842201233, ""value"": 0.3398924662082556, ""model_input"": 0.3398924662082556}, {""feature"": ""name_count"", ""shap"": 0.3505472242832184, ""value"": 2.0, ""model_input"": 2.0}, {""feature"": ""addr_token_overlap"", ""shap"": -0.2960500121116638, ""value"": 0.0, ""model_input"": 0.0}]}"
CORBAS - COLLEGE CASSIN,chemin des Romanettes,69960,CORBAS,19692898000016,0.9993836879730225,CLG,CHEMIN DES ROMANETTES,CORBAS,69960,69273,1,"{""bias"": 1.1616770029067993, ""margin"": 7.3911662101745605, ""prob_from_margin"": 0.9993837036956142, ""top"": [{""feature"": ""name_semantic_max"", ""shap"": 2.0857765674591064, ""value"": 0.7455765008926392, ""model_input"": 0.7455765008926392}, {""feature"": ""name_token_overlap_max"", ""shap"": 1.2341574430465698, ""value"": 0.6666666666666666, ""model_input"": 0.6666666666666666}, {""feature"": ""person_name_jaro_max"", ""shap"": 1.0485984086990356, ""value"": 0.9187969924812031, ""model_input"": 0.9187969924812031}, {""feature"": ""token_overlap_ul"", ""shap"": 0.9825102090835571, ""value"": 1.0, ""model_input"": 1.0}, {""feature"": ""name_sim_max_etab"", ""shap"": 0.7713522911071777, ""value"": 0.0, ""model_input"": 0.0}, {""feature"": ""addr_token_overlap"", ""shap"": 0.5143815279006958, ""value"": 1.0, ""model_input"": 1.0}, {""feature"": ""name_sim_max_pm_dirigeant"", ""shap"": -0.5074549913406372, ""value"": 0.0, ""model_input"": 0.0}, {""feature"": ""name_addr_consistency"", ""shap"": 0.3725750148296356, ""value"": 0.9187969924812031, ""model_input"": 0.9187969924812031}, {""feature"": ""is_siege"", ""shap"": 0.35546600818634033, ""value"": 1.0, ""model_input"": 1.0}, {""feature"": ""name_semantic_second"", ""shap"": -0.340798944234848, ""value"": 0.0, ""model_input"": 0.0}]}"
CORBAS - COLLEGE CASSIN,chemin des Romanettes,69960,CORBAS,19692898000016,0.9993836879730225,CLG,CHEMIN DES ROMANETTES,CORBAS,69960,69273,1,"{""bias"": 1.1616770029067993, ""margin"": 7.3911662101745605, ""prob_from_margin"": 0.9993837036956142, ""top"": [{""feature"": ""name_semantic_max"", ""shap"": 2.0857765674591064, ""value"": 0.7455765008926392, ""model_input"": 0.7455765008926392}, {""feature"": ""name_token_overlap_max"", ""shap"": 1.2341574430465698, ""value"": 0.6666666666666666, ""model_input"": 0.6666666666666666}, {""feature"": ""person_name_jaro_max"", ""shap"": 1.0485984086990356, ""value"": 0.9187969924812031, ""model_input"": 0.9187969924812031}, {""feature"": ""token_overlap_ul"", ""shap"": 0.9825102090835571, ""value"": 1.0, ""model_input"": 1.0}, {""feature"": ""name_sim_max_etab"", ""shap"": 0.7713522911071777, ""value"": 0.0, ""model_input"": 0.0}, {""feature"": ""addr_token_overlap"", ""shap"": 0.5143815279006958, ""value"": 1.0, ""model_input"": 1.0}, {""feature"": ""name_sim_max_pm_dirigeant"", ""shap"": -0.5074549913406372, ""value"": 0.0, ""model_input"": 0.0}, {""feature"": ""name_addr_consistency"", ""shap"": 0.3725750148296356, ""value"": 0.9187969924812031, ""model_input"": 0.9187969924812031}, {""feature"": ""is_siege"", ""shap"": 0.35546600818634033, ""value"": 1.0, ""model_input"": 1.0}, {""feature"": ""name_semantic_second"", ""shap"": -0.340798944234848, ""value"": 0.0, ""model_input"": 0.0}]}"
CORBAS - COLLEGE CASSIN,chemin des Romanettes,69960,CORBAS,32099119300014,0.9686691761016846,ASS SPORTIVE COLLEGE RENE CASSIN,CHEMIN DES ROMANETTES,CORBAS,69960,69273,2,"{""bias"": 1.1616770029067993, ""margin"": 3.431319236755371, ""prob_from_margin"": 0.9686691303572764, ""top"": [{""feature"": ""name_semantic_max"", ""shap"": 1.5110371112823486, ""value"": 0.6971032023429871, ""model_input"": 0.6971032023429871}, {""feature"": ""name_sim_max_etab"", ""shap"": 0.8569889068603516, ""value"": 0.0, ""model_input"": 0.0}, {""feature"": ""token_overlap_ul"", ""shap"": 0.7762006521224976, ""value"": 1.0, ""model_input"": 1.0}, {""feature"": ""name_token_overlap_max"", ""shap"": 0.7400222420692444, ""value"": 0.4, ""model_input"": 0.4}, {""feature"": ""addr_token_overlap"", ""shap"": 0.6899154186248779, ""value"": 1.0, ""model_input"": 1.0}, {""feature"": ""is_association"", ""shap"": -0.6242247223854065, ""value"": 1.0, ""model_input"": 1.0}, {""feature"": ""name_sim_max_pm_dirigeant"", ""shap"": -0.44558995962142944, ""value"": 0.0, ""model_input"": 0.0}, {""feature"": ""name_semantic_second"", ""shap"": -0.33909186720848083, ""value"": 0.0, ""model_input"": 0.0}, {""feature"": ""street_number_diff"", ""shap"": -0.3032180368900299, ""value"": 9999.0, ""model_input"": 9999.0}, {""feature"": ""name_jaro_max"", ""shap"": -0.28820711374282837, ""value"": 0.6500686813186813, ""model_input"": 0.6500686813186813}]}"
CORBAS - COLLEGE CASSIN,chemin des Romanettes,69960,CORBAS,32099119300014,0.9686691761016846,ASS SPORTIVE COLLEGE RENE CASSIN,CHEMIN DES ROMANETTES,CORBAS,69960,69273,2,"{""bias"": 1.1616770029067993, ""margin"": 3.431319236755371, ""prob_from_margin"": 0.9686691303572764, ""top"": [{""feature"": ""name_semantic_max"", ""shap"": 1.5110371112823486, ""value"": 0.6971032023429871, ""model_input"": 0.6971032023429871}, {""feature"": ""name_sim_max_etab"", ""shap"": 0.8569889068603516, ""value"": 0.0, ""model_input"": 0.0}, {""feature"": ""token_overlap_ul"", ""shap"": 0.7762006521224976, ""value"": 1.0, ""model_input"": 1.0}, {""feature"": ""name_token_overlap_max"", ""shap"": 0.7400222420692444, ""value"": 0.4, ""model_input"": 0.4}, {""feature"": ""addr_token_overlap"", ""shap"": 0.6899154186248779, ""value"": 1.0, ""model_input"": 1.0}, {""feature"": ""is_association"", ""shap"": -0.6242247223854065, ""value"": 1.0, ""model_input"": 1.0}, {""feature"": ""name_sim_max_pm_dirigeant"", ""shap"": -0.44558995962142944, ""value"": 0.0, ""model_input"": 0.0}, {""feature"": ""name_semantic_second"", ""shap"": -0.33909186720848083, ""value"": 0.0, ""model_input"": 0.0}, {""feature"": ""street_number_diff"", ""shap"": -0.3032180368900299, ""value"": 9999.0, ""model_input"": 9999.0}, {""feature"": ""name_jaro_max"", ""shap"": -0.28820711374282837, ""value"": 0.6500686813186813, ""model_input"": 0.6500686813186813}]}"
CORBAS - COLLEGE CASSIN,chemin des Romanettes,69960,CORBAS,48392159900013,0.9281570315361023,16 R DU COLLEGE,19 ROUTE DE SAINT SYMPHORIEN D'OZON,CORBAS,69960,69273,3,"{""bias"": 1.1616770029067993, ""margin"": 2.558716058731079, ""prob_from_margin"": 0.9281568894290143, ""top"": [{""feature"": ""name_jaro_max"", ""shap"": 1.0299220085144043, ""value"": 0.3603174603174603, ""model_input"": 0.3603174603174603}, {""feature"": ""type_of_max_name"", ""shap"": 0.8041796088218689, ""value"": 7.0, ""model_input"": 7.0}, {""feature"": ""name_sim_max_etab"", ""shap"": 0.7383348345756531, ""value"": 0.0, ""model_input"": 0.0}, {""feature"": ""token_overlap_ul"", ""shap"": 0.7255258560180664, ""value"": 0.5, ""model_input"": 0.5}, {""feature"": ""addr_token_overlap"", ""shap"": -0.5234894156455994, ""value"": 0.0, ""model_input"": 0.0}, {""feature"": ""name_sim_max_ul"", ""shap"": -0.4068523347377777, ""value"": 0.3603174603174603, ""model_input"": 0.3603174603174603}, {""feature"": ""name_semantic_second"", ""shap"": -0.4003984034061432, ""value"": 0.0, ""model_input"": 0.0}, {""feature"": ""name_sim_max_pm_dirigeant"", ""shap"": -0.3166263997554779, ""value"": 0.0, ""model_input"": 0.0}, {""feature"": ""addr_levenshtein"", ""shap"": -0.3140195608139038, ""value"": 0.19999999999999996, ""model_input"": 0.19999999999999996}, {""feature"": ""is_crm_school"", ""shap"": -0.2591564953327179, ""value"": 1.0, ""model_input"": 1.0}]}"
CORBAS - COLLEGE CASSIN,chemin des Romanettes,69960,CORBAS,48392159900013,0.9281570315361023,16 R DU COLLEGE,19 ROUTE DE SAINT SYMPHORIEN D'OZON,CORBAS,69960,69273,3,"{""bias"": 1.1616770029067993, ""margin"": 2.558716058731079, ""prob_from_margin"": 0.9281568894290143, ""top"": [{""feature"": ""name_jaro_max"", ""shap"": 1.0299220085144043, ""value"": 0.3603174603174603, ""model_input"": 0.3603174603174603}, {""feature"": ""type_of_max_name"", ""shap"": 0.8041796088218689, ""value"": 7.0, ""model_input"": 7.0}, {""feature"": ""name_sim_max_etab"", ""shap"": 0.7383348345756531, ""value"": 0.0, ""model_input"": 0.0}, {""feature"": ""token_overlap_ul"", ""shap"": 0.7255258560180664, ""value"": 0.5, ""model_input"": 0.5}, {""feature"": ""addr_token_overlap"", ""shap"": -0.5234894156455994, ""value"": 0.0, ""model_input"": 0.0}, {""feature"": ""name_sim_max_ul"", ""shap"": -0.4068523347377777, ""value"": 0.3603174603174603, ""model_input"": 0.3603174603174603}, {""feature"": ""name_semantic_second"", ""shap"": -0.4003984034061432, ""value"": 0.0, ""model_input"": 0.0}, {""feature"": ""name_sim_max_pm_dirigeant"", ""shap"": -0.3166263997554779, ""value"": 0.0, ""model_input"": 0.0}, {""feature"": ""addr_levenshtein"", ""shap"": -0.3140195608139038, ""value"": 0.19999999999999996, ""model_input"": 0.19999999999999996}, {""feature"": ""is_crm_school"", ""shap"": -0.2591564953327179, ""value"": 1.0, ""model_input"": 1.0}]}"
CORBAS - COLLEGE CASSIN,chemin des Romanettes,69960,CORBAS,32099120100015,0.8826672434806824,FOYER SOCIO EDUCATIF DU COLLEGE RENE CASSIN,CHEMIN DES ROMANETTES,CORBAS,69960,69273,4,"{""bias"": 1.1616770029067993, ""margin"": 2.017932891845703, ""prob_from_margin"": 0.8826670965058762, ""top"": [{""feature"": ""name_semantic_max"", ""shap"": 2.091916799545288, ""value"": 0.7435810565948486, ""model_input"": 0.7435810565948486}, {""feature"": ""is_association"", ""shap"": -0.9095232486724854, ""value"": 1.0, ""model_input"": 1.0}, {""feature"": ""name_sim_max_etab"", ""shap"": 0.7753451466560364, ""value"": 0.0, ""model_input"": 0.0}, {""feature"": ""token_overlap_ul"", ""shap"": 0.6365652680397034, ""value"": 1.0, ""model_input"": 1.0}, {""feature"": ""name_addr_consistency"", ""shap"": -0.6063095927238464, ""value"": 0.4692383413313646, ""model_input"": 0.4692383413313646}, {""feature"": ""addr_token_overlap"", ""shap"": 0.47935763001441956, ""value"": 1.0, ""model_input"": 1.0}, {""feature"": ""name_token_overlap_max"", ""shap"": 0.4441938102245331, ""value"": 0.2857142857142857, ""model_input"": 0.2857142857142857}, {""feature"": ""name_length_max"", ""shap"": -0.4242841303348541, ""value"": 43.0, ""model_input"": 43.0}, {""feature"": ""name_sim_max_ul"", ""shap"": -0.40243515372276306, ""value"": 0.4692383413313646, ""model_input"": 0.4692383413313646}, {""feature"": ""name_sim_max_pm_dirigeant"", ""shap"": -0.3800570070743561, ""value"": 0.0, ""model_input"": 0.0}]}"
CORBAS - COLLEGE CASSIN,chemin des Romanettes,69960,CORBAS,32099120100015,0.8826672434806824,FOYER SOCIO EDUCATIF DU COLLEGE RENE CASSIN,CHEMIN DES ROMANETTES,CORBAS,69960,69273,4,"{""bias"": 1.1616770029067993, ""margin"": 2.017932891845703, ""prob_from_margin"": 0.8826670965058762, ""top"": [{""feature"": ""name_semantic_max"", ""shap"": 2.091916799545288, ""value"": 0.7435810565948486, ""model_input"": 0.7435810565948486}, {""feature"": ""is_association"", ""shap"": -0.9095232486724854, ""value"": 1.0, ""model_input"": 1.0}, {""feature"": ""name_sim_max_etab"", ""shap"": 0.7753451466560364, ""value"": 0.0, ""model_input"": 0.0}, {""feature"": ""token_overlap_ul"", ""shap"": 0.6365652680397034, ""value"": 1.0, ""model_input"": 1.0}, {""feature"": ""name_addr_consistency"", ""shap"": -0.6063095927238464, ""value"": 0.4692383413313646, ""model_input"": 0.4692383413313646}, {""feature"": ""addr_token_overlap"", ""shap"": 0.47935763001441956, ""value"": 1.0, ""model_input"": 1.0}, {""feature"": ""name_token_overlap_max"", ""shap"": 0.4441938102245331, ""value"": 0.2857142857142857, ""model_input"": 0.2857142857142857}, {""feature"": ""name_length_max"", ""shap"": -0.4242841303348541, ""value"": 43.0, ""model_input"": 43.0}, {""feature"": ""name_sim_max_ul"", ""shap"": -0.40243515372276306, ""value"": 0.4692383413313646, ""model_input"": 0.4692383413313646}, {""feature"": ""name_sim_max_pm_dirigeant"", ""shap"": -0.3800570070743561, ""value"": 0.0, ""model_input"": 0.0}]}"
CORBAS - COLLEGE CASSIN,chemin des Romanettes,69960,CORBAS,90388573900016,0.3257840871810913,ASSOCIATION SPORTIVE DU COLLEGE DE CORBAS,CHEMIN DES ROMANETTES,CORBAS,69960,69273,5,"{""bias"": 1.1616770029067993, ""margin"": -0.7273164987564087, ""prob_from_margin"": 0.3257838793059962, ""top"": [{""feature"": ""name_semantic_max"", ""shap"": -1.7898281812667847, ""value"": 0.4633393883705139, ""model_input"": 0.4633393883705139}, {""feature"": ""addr_token_overlap"", ""shap"": 0.9251436591148376, ""value"": 1.0, ""model_input"": 1.0}, {""feature"": ""name_sim_max_etab"", ""shap"": 0.8424928188323975, ""value"": 0.0, ""model_input"": 0.0}, {""feature"": ""name_semantic_second"", ""shap"": -0.44717535376548767, ""value"": 0.0, ""model_input"": 0.0}, {""feature"": ""name_addr_consistency"", ""shap"": -0.4414699971675873, ""value"": 0.5193960511033682, ""model_input"": 0.5193960511033682}, {""feature"": ""street_number_diff"", ""shap"": -0.401873916387558, ""value"": 9999.0, ""model_input"": 9999.0}, {""feature"": ""name_levenshtein_max"", ""shap"": -0.3935370445251465, ""value"": 0.2195121951219512, ""model_input"": 0.2195121951219512}, {""feature"": ""name_sim_max_pm_dirigeant"", ""shap"": -0.36567866802215576, ""value"": 0.0, ""model_input"": 0.0}, {""feature"": ""token_overlap_ul"", ""shap"": 0.35565710067749023, ""value"": 0.5, ""model_input"": 0.5}, {""feature"": ""type_of_max_name"", ""shap"": 0.3189770579338074, ""value"": 7.0, ""model_input"": 7.0}]}"
CORBAS - COLLEGE CASSIN,chemin des Romanettes,69960,CORBAS,90388573900016,0.3257840871810913,ASSOCIATION SPORTIVE DU COLLEGE DE CORBAS,CHEMIN DES ROMANETTES,CORBAS,69960,69273,5,"{""bias"": 1.1616770029067993, ""margin"": -0.7273164987564087, ""prob_from_margin"": 0.3257838793059962, ""top"": [{""feature"": ""name_semantic_max"", ""shap"": -1.7898281812667847, ""value"": 0.4633393883705139, ""model_input"": 0.4633393883705139}, {""feature"": ""addr_token_overlap"", ""shap"": 0.9251436591148376, ""value"": 1.0, ""model_input"": 1.0}, {""feature"": ""name_sim_max_etab"", ""shap"": 0.8424928188323975, ""value"": 0.0, ""model_input"": 0.0}, {""feature"": ""name_semantic_second"", ""shap"": -0.44717535376548767, ""value"": 0.0, ""model_input"": 0.0}, {""feature"": ""name_addr_consistency"", ""shap"": -0.4414699971675873, ""value"": 0.5193960511033682, ""model_input"": 0.5193960511033682}, {""feature"": ""street_number_diff"", ""shap"": -0.401873916387558, ""value"": 9999.0, ""model_input"": 9999.0}, {""feature"": ""name_levenshtein_max"", ""shap"": -0.3935370445251465, ""value"": 0.2195121951219512, ""model_input"": 0.2195121951219512}, {""feature"": ""name_sim_max_pm_dirigeant"", ""shap"": -0.36567866802215576, ""value"": 0.0, ""model_input"": 0.0}, {""feature"": ""token_overlap_ul"", ""shap"": 0.35565710067749023, ""value"": 0.5, ""model_input"": 0.5}, {""feature"": ""type_of_max_name"", ""shap"": 0.3189770579338074, ""value"": 7.0, ""model_input"": 7.0}]}"
CORETEC CONCEPTION REALISAT,64 Avenue des Bruyères,69150,DECINES-CHARPIEU,41940199700038,0.9994169473648071,CORETEC,64 AVENUE DES BRUYERES,DECINES-CHARPIEU,69150,69275,1,"{""bias"": 1.1616770029067993, ""margin"": 7.4465460777282715, ""prob_from_margin"": 0.9994168868807951, ""top"": [{""feature"": ""name_semantic_max"", ""shap"": 2.4270997047424316, ""value"": 0.9279403686523438, ""model_input"": 0.9279403686523438}, {""feature"": ""token_overlap_ul"", ""shap"": 1.017940878868103, ""value"": 1.3333333333333333, ""model_input"": 1.3333333333333333}, {""feature"": ""name_token_overlap_max"", ""shap"": 0.9064620137214661, ""value"": 0.5, ""model_input"": 0.5}, {""feature"": ""name_sim_max_etab"", ""shap"": -0.81144779920578, ""value"": 0.851851851851852, ""model_input"": 0.851851851851852}, {""feature"": ""name_sim_max_pm_dirigeant"", ""shap"": 0.6550126075744629, ""value"": 0.615831517792302, ""model_input"": 0.615831517792302}, {""feature"": ""name_crm_contains_cand_max"", ""shap"": 0.5826758742332458, ""value"": 1.0, ""model_input"": 1.0}, {""feature"": ""name_count"", ""shap"": -0.5665212869644165, ""value"": 6.0, ""model_input"": 6.0}, {""feature"": ""addr_token_overlap"", ""shap"": 0.5511479377746582, ""value"": 1.0, ""model_input"": 1.0}, {""feature"": ""name_semantic_second"", ""shap"": 0.49166467785835266, ""value"": 0.8164473176002502, ""model_input"": 0.8164473176002502}, {""feature"": ""street_number_diff"", ""shap"": 0.4199543297290802, ""value"": 0.0, ""model_input"": 0.0}]}"
CORETEC CONCEPTION REALISAT,64 Avenue des Bruyères,69150,DECINES-CHARPIEU,41940199700046,0.9935358762741089,CORETEC,47 AVENUE DES BRUYERES,DECINES-CHARPIEU,69150,69275,2,"{""bias"": 1.1616770029067993, ""margin"": 5.034988880157471, ""prob_from_margin"": 0.9935357874501193, ""top"": [{""feature"": ""name_semantic_max"", ""shap"": 2.634904623031616, ""value"": 0.9279403686523438, ""model_input"": 0.9279403686523438}, {""feature"": ""name_token_overlap_max"", ""shap"": 1.134451150894165, ""value"": 0.5, ""model_input"": 0.5}, {""feature"": ""token_overlap_ul"", ""shap"": 1.039742350578308, ""value"": 1.3333333333333333, ""model_input"": 1.3333333333333333}, {""feature"": ""name_sim_max_pm_dirigeant"", ""shap"": 0.9015004634857178, ""value"": 0.615831517792302, ""model_input"": 0.615831517792302}, {""feature"": ""street_number_diff"", ""shap"": -0.8746085166931152, ""value"": 17.0, ""model_input"": 17.0}, {""feature"": ""name_sim_max_etab"", ""shap"": -0.8293589949607849, ""value"": 0.851851851851852, ""model_input"": 0.851851851851852}, {""feature"": ""is_siege"", ""shap"": -0.5126292705535889, ""value"": 0.0, ""model_input"": 0.0}, {""feature"": ""name_count"", ""shap"": -0.4974771738052368, ""value"": 5.0, ""model_input"": 5.0}, {""feature"": ""addr_token_overlap"", ""shap"": 0.42158281803131104, ""value"": 0.6, ""model_input"": 0.6}, {""feature"": ""name_semantic_second"", ""shap"": 0.3624863922595978, ""value"": 0.8164473176002502, ""model_input"": 0.8164473176002502}]}"
CORETEC CONCEPTION REALISAT,64 Avenue des Bruyères,69150,DECINES-CHARPIEU,39479066100018,0.9585850834846497,PUBLI CONCEPT COMMUNICATION GRAPHIQUE,54 RUE RASPAIL,DECINES-CHARPIEU,69150,69275,3,"{""bias"": 1.1616770029067993, ""margin"": 3.141819953918457, ""prob_from_margin"": 0.9585851925112484, ""top"": [{""feature"": ""name_sim_max_etab"", ""shap"": 1.1967891454696655, ""value"": 0.0, ""model_input"": 0.0}, {""feature"": ""type_of_max_name"", ""shap"": 0.9334142208099365, ""value"": 7.0, ""model_input"": 7.0}, {""feature"": ""token_overlap_ul"", ""shap"": 0.7410549521446228, ""value"": 0.3333333333333333, ""model_input"": 0.3333333333333333}, {""feature"": ""name_semantic_max"", ""shap"": 0.6241222023963928, ""value"": 0.6255104541778564, ""model_input"": 0.6255104541778564}, {""feature"": ""name_length_max"", ""shap"": 0.551972508430481, ""value"": 37.0, ""model_input"": 37.0}, {""feature"": ""name_sim_max_pm_dirigeant"", ""shap"": -0.4627310037612915, ""value"": 0.0, ""model_input"": 0.0}, {""feature"": ""name_token_overlap_max"", ""shap"": -0.43382760882377625, ""value"": 0.0, ""model_input"": 0.0}, {""feature"": ""addr_token_overlap"", ""shap"": -0.3922613263130188, ""value"": 0.0, ""model_input"": 0.0}, {""feature"": ""name_semantic_second"", ""shap"": -0.3503265380859375, ""value"": 0.0, ""model_input"": 0.0}, {""feature"": ""street_number_diff"", ""shap"": -0.29711854457855225, ""value"": 10.0, ""model_input"": 10.0}]}"
CORETEC CONCEPTION REALISAT,64 Avenue des Bruyères,69150,DECINES-CHARPIEU,83057263200016,0.9188944101333618,INOVIA CONCEPT,42 RUE VAUCANSON,DECINES-CHARPIEU,69150,69275,4,"{""bias"": 1.1616770029067993, ""margin"": 2.427417755126953, ""prob_from_margin"": 0.9188942923952309, ""top"": [{""feature"": ""name_sim_max_pm_dirigeant"", ""shap"": 0.9660584926605225, ""value"": 0.5392416225749559, ""model_input"": 0.5392416225749559}, {""feature"": ""type_of_max_name"", ""shap"": 0.7730156779289246, ""value"": 7.0, ""model_input"": 7.0}, {""feature"": ""token_overlap_ul"", ""shap"": 0.7578046917915344, ""value"": 0.3333333333333333, ""model_input"": 0.3333333333333333}, {""feature"": ""street_number_diff"", ""shap"": -0.6835180521011353, ""value"": 22.0, ""model_input"": 22.0}, {""feature"": ""name_semantic_max"", ""shap"": 0.6692284345626831, ""value"": 0.6289420127868652, ""model_input"": 0.6289420127868652}, {""feature"": ""name_token_overlap_max"", ""shap"": -0.5282290577888489, ""value"": 0.0, ""model_input"": 0.0}, {""feature"": ""addr_token_overlap"", ""shap"": -0.4265826344490051, ""value"": 0.0, ""model_input"": 0.0}, {""feature"": ""name_addr_consistency"", ""shap"": 0.417161762714386, ""value"": 0.34141152992163093, ""model_input"": 0.34141152992163093}, {""feature"": ""name_count"", ""shap"": 0.37855327129364014, ""value"": 2.0, ""model_input"": 2.0}, {""feature"": ""name_semantic_second"", ""shap"": -0.3025767505168915, ""value"": 0.32339537143707275, ""model_input"": 0.32339537143707275}]}"
CORETEC CONCEPTION REALISAT,64 Avenue des Bruyères,69150,DECINES-CHARPIEU,82148118100021,0.8527899980545044,PAYSAGE CONCEPT,34 RUE FRANCISCO FERRER,DECINES-CHARPIEU,69150,69275,5,"{""bias"": 1.1616770029067993, ""margin"": 1.75665283203125, ""prob_from_margin"": 0.8527899552499267, ""top"": [{""feature"": ""name_sim_max_etab"", ""shap"": 1.1330924034118652, ""value"": 0.0, ""model_input"": 0.0}, {""feature"": ""token_overlap_ul"", ""shap"": 0.9296344518661499, ""value"": 0.3333333333333333, ""model_input"": 0.3333333333333333}, {""feature"": ""type_of_max_name"", ""shap"": 0.7754126787185669, ""value"": 7.0, ""model_input"": 7.0}, {""feature"": ""name_semantic_max"", ""shap"": 0.5496689677238464, ""value"": 0.6187933683395386, ""model_input"": 0.6187933683395386}, {""feature"": ""street_number_diff"", ""shap"": -0.5065982937812805, ""value"": 30.0, ""model_input"": 30.0}, {""feature"": ""name_token_overlap_max"", ""shap"": -0.4385223984718323, ""value"": 0.0, ""model_input"": 0.0}, {""feature"": ""addr_token_overlap"", ""shap"": -0.3742489218711853, ""value"": 0.0, ""model_input"": 0.0}, {""feature"": ""name_sim_max_pm_dirigeant"", ""shap"": -0.35320132970809937, ""value"": 0.0, ""model_input"": 0.0}, {""feature"": ""name_semantic_second"", ""shap"": -0.3467026352882385, ""value"": 0.0, ""model_input"": 0.0}, {""feature"": ""addr_levenshtein"", ""shap"": -0.3027838468551636, ""value"": 0.26086956521739135, ""model_input"": 0.26086956521739135}]}"
COTE FRAIS DISTRIBUTION,17 Rue Du Vercors,69960,CORBAS,79143049900032,0.9997391104698181,COTE FRAIS DISTRIBUTION LYON,17 RUE DU VERCORS,CORBAS,69960,69273,1,"{""bias"": 1.1616770029067993, ""margin"": 8.251367568969727, ""prob_from_margin"": 0.9997391665394413, ""top"": [{""feature"": ""name_semantic_max"", ""shap"": 2.3118643760681152, ""value"": 0.9521743059158325, ""model_input"": 0.9521743059158325}, {""feature"": ""token_overlap_ul"", ""shap"": 0.96330726146698, ""value"": 1.0, ""model_input"": 1.0}, {""feature"": ""name_token_overlap_max"", ""shap"": 0.9249771237373352, ""value"": 0.75, ""model_input"": 0.75}, {""feature"": ""addr_token_overlap"", ""shap"": 0.5942981839179993, ""value"": 1.0, ""model_input"": 1.0}, {""feature"": ""name_sim_max_pm_dirigeant"", ""shap"": 0.5488628149032593, ""value"": 0.5532608695652174, ""model_input"": 0.5532608695652174}, {""feature"": ""street_number_diff"", ""shap"": 0.5283112525939941, ""value"": 0.0, ""model_input"": 0.0}, {""feature"": ""name_semantic_second"", ""shap"": 0.47407692670822144, ""value"": 0.9521743059158325, ""model_input"": 0.9521743059158325}, {""feature"": ""is_siege"", ""shap"": 0.29554611444473267, ""value"": 1.0, ""model_input"": 1.0}, {""feature"": ""name_addr_consistency"", ""shap"": 0.2459898442029953, ""value"": 0.9642857142857142, ""model_input"": 0.9642857142857142}, {""feature"": ""addr_jaro"", ""shap"": 0.22850993275642395, ""value"": 1.0, ""model_input"": 1.0}]}"
COTE FRAIS DISTRIBUTION,17 Rue Du Vercors,69960,CORBAS,49246772500056,0.9993751645088196,COTE FRAIS DISTRIBUTION,17 RUE DU VERCORS,CORBAS,69960,69273,2,"{""bias"": 1.1616770029067993, ""margin"": 7.377364635467529, ""prob_from_margin"": 0.9993751442198101, ""top"": [{""feature"": ""name_semantic_max"", ""shap"": 2.0749356746673584, ""value"": 0.9999999403953552, ""model_input"": 0.9999999403953552}, {""feature"": ""name_sim_max_pm_dirigeant"", ""shap"": 1.278540015220642, ""value"": 0.6682769726247987, ""model_input"": 0.6682769726247987}, {""feature"": ""name_token_overlap_max"", ""shap"": 0.8271545767784119, ""value"": 1.0, ""model_input"": 1.0}, {""feature"": ""token_overlap_ul"", ""shap"": 0.7695525884628296, ""value"": 1.0, ""model_input"": 1.0}, {""feature"": ""name_sim_max_etab"", ""shap"": -0.7283413410186768, ""value"": 0.6682769726247987, ""model_input"": 0.6682769726247987}, {""feature"": ""addr_token_overlap"", ""shap"": 0.6687899827957153, ""value"": 1.0, ""model_input"": 1.0}, {""feature"": ""name_crm_contains_cand_max"", ""shap"": 0.5754328370094299, ""value"": 1.0, ""model_input"": 1.0}, {""feature"": ""is_siege"", ""shap"": -0.4386880397796631, ""value"": 0.0, ""model_input"": 0.0}, {""feature"": ""street_number_diff"", ""shap"": 0.4323883652687073, ""value"": 0.0, ""model_input"": 0.0}, {""feature"": ""name_addr_consistency"", ""shap"": 0.3472493588924408, ""value"": 1.0, ""model_input"": 1.0}]}"
COTE FRAIS DISTRIBUTION,17 Rue Du Vercors,69960,CORBAS,97951603600030,0.9922153353691101,FRESH DISTRIBUTION,17 RUE DU VERCORS,CORBAS,69960,69273,3,"{""bias"": 1.1616770029067993, ""margin"": 4.847781658172607, ""prob_from_margin"": 0.9922153139577761, ""top"": [{""feature"": ""addr_token_overlap"", ""shap"": 0.9740559458732605, ""value"": 1.0, ""model_input"": 1.0}, {""feature"": ""street_number_diff"", ""shap"": 0.8220681548118591, ""value"": 0.0, ""model_input"": 0.0}, {""feature"": ""name_sim_max_pm_dirigeant"", ""shap"": 0.5864895582199097, ""value"": 0.5532608695652174, ""model_input"": 0.5532608695652174}, {""feature"": ""name_semantic_max"", ""shap"": 0.5805222392082214, ""value"": 0.6184923052787781, ""model_input"": 0.6184923052787781}, {""feature"": ""token_overlap_ul"", ""shap"": 0.36864975094795227, ""value"": 0.3333333333333333, ""model_input"": 0.3333333333333333}, {""feature"": ""addr_jaro"", ""shap"": 0.332936555147171, ""value"": 1.0, ""model_input"": 1.0}, {""feature"": ""name_semantic_second"", ""shap"": 0.31144002079963684, ""value"": 0.5683647394180298, ""model_input"": 0.5683647394180298}, {""feature"": ""type_of_max_name"", ""shap"": 0.31020817160606384, ""value"": 7.0, ""model_input"": 7.0}, {""feature"": ""addr_levenshtein"", ""shap"": 0.2811030149459839, ""value"": 1.0, ""model_input"": 1.0}, {""feature"": ""name_count"", ""shap"": -0.25900033116340637, ""value"": 4.0, ""model_input"": 4.0}]}"
COTE FRAIS DISTRIBUTION,17 Rue Du Vercors,69960,CORBAS,38760403600013,0.9392102360725403,DU CHEMIN DE LA COTE,11 RUE FREDERIC CHOPIN,CORBAS,69960,69273,4,"{""bias"": 1.1616770029067993, ""margin"": 2.737617015838623, ""prob_from_margin"": 0.939210183914081, ""top"": [{""feature"": ""name_sim_max_etab"", ""shap"": 1.0375635623931885, ""value"": 0.0, ""model_input"": 0.0}, {""feature"": ""type_of_max_name"", ""shap"": 0.8225325345993042, ""value"": 7.0, ""model_input"": 7.0}, {""feature"": ""token_overlap_ul"", ""shap"": 0.6906659603118896, ""value"": 0.3333333333333333, ""model_input"": 0.3333333333333333}, {""feature"": ""street_number_diff"", ""shap"": -0.6453406810760498, ""value"": 6.0, ""model_input"": 6.0}, {""feature"": ""name_addr_consistency"", ""shap"": 0.4331262409687042, ""value"": 0.3541182548151858, ""model_input"": 0.3541182548151858}, {""feature"": ""name_semantic_max"", ""shap"": 0.37738749384880066, ""value"": 0.6082108616828918, ""model_input"": 0.6082108616828918}, {""feature"": ""name_sim_max_pm_dirigeant"", ""shap"": -0.35295939445495605, ""value"": 0.0, ""model_input"": 0.0}, {""feature"": ""addr_token_overlap"", ""shap"": -0.27173885703086853, ""value"": 0.14285714285714285, ""model_input"": 0.14285714285714285}, {""feature"": ""name_semantic_second"", ""shap"": -0.2501877248287201, ""value"": 0.0, ""model_input"": 0.0}, {""feature"": ""addr_jaro"", ""shap"": -0.244534432888031, ""value"": 0.7605306458247635, ""model_input"": 0.7605306458247635}]}"
COTE FRAIS DISTRIBUTION,17 Rue Du Vercors,69960,CORBAS,80385563400025,0.8564097285270691,DUPESSEY DISTRIBUTION,3 AVENUE DU 24 AOUT 1944,CORBAS,69960,69273,5,"{""bias"": 1.1616770029067993, ""margin"": 1.7857847213745117, ""prob_from_margin"": 0.856409693092196, ""top"": [{""feature"": ""street_number_diff"", ""shap"": -0.7696494460105896, ""value"": 14.0, ""model_input"": 14.0}, {""feature"": ""token_overlap_ul"", ""shap"": 0.7061633467674255, ""value"": 0.3333333333333333, ""model_input"": 0.3333333333333333}, {""feature"": ""type_of_max_name"", ""shap"": 0.6503073573112488, ""value"": 7.0, ""model_input"": 7.0}, {""feature"": ""name_sim_max_pm_dirigeant"", ""shap"": 0.634165346622467, ""value"": 0.47584541062801927, ""model_input"": 0.47584541062801927}, {""feature"": ""name_sim_max_etab"", ""shap"": 0.4372352063655853, ""value"": 0.47584541062801927, ""model_input"": 0.47584541062801927}, {""feature"": ""addr_token_overlap"", ""shap"": -0.40321627259254456, ""value"": 0.1111111111111111, ""model_input"": 0.1111111111111111}, {""feature"": ""name_count"", ""shap"": 0.2620517611503601, ""value"": 2.0, ""model_input"": 2.0}, {""feature"": ""is_siege"", ""shap"": -0.26109737157821655, ""value"": 0.0, ""model_input"": 0.0}, {""feature"": ""name_token_overlap_max"", ""shap"": 0.22309806942939758, ""value"": 0.25, ""model_input"": 0.25}, {""feature"": ""addr_levenshtein"", ""shap"": -0.21462874114513397, ""value"": 0.29166666666666663, ""model_input"": 0.29166666666666663}]}"
COULEUR PRIMEUR,69 Rue Marcel Merieux,69960,CORBAS,42037022300034,0.9993863105773926,COULEURS PRIMEURS,69 RUE MARCEL MERIEUX,CORBAS,69960,69273,1,"{""bias"": 1.1616770029067993, ""margin"": 7.3954620361328125, ""prob_from_margin"": 0.9993863438976367, ""top"": [{""feature"": ""name_semantic_max"", ""shap"": 2.4400458335876465, ""value"": 0.8859927654266357, ""model_input"": 0.8859927654266357}, {""feature"": ""token_overlap_ul"", ""shap"": 0.9245171546936035, ""value"": 1.0, ""model_input"": 1.0}, {""feature"": ""name_sim_max_pm_dirigeant"", ""shap"": 0.6350972652435303, ""value"": 0.4393162393162393, ""model_input"": 0.4393162393162393}, {""feature"": ""street_number_diff"", ""shap"": 0.6149557828903198, ""value"": 0.0, ""model_input"": 0.0}, {""feature"": ""addr_token_overlap"", ""shap"": 0.5719242095947266, ""value"": 1.0, ""model_input"": 1.0}, {""feature"": ""name_addr_consistency"", ""shap"": 0.35262736678123474, ""value"": 0.9764705882352941, ""model_input"": 0.9764705882352941}, {""feature"": ""addr_jaro"", ""shap"": 0.3209202289581299, ""value"": 1.0, ""model_input"": 1.0}, {""feature"": ""name_semantic_second"", ""shap"": -0.316983163356781, ""value"": 0.38262566924095154, ""model_input"": 0.38262566924095154}, {""feature"": ""name_token_overlap_max"", ""shap"": -0.30519306659698486, ""value"": 0.0, ""model_input"": 0.0}, {""feature"": ""name_sim_max_etab"", ""shap"": 0.2636301517486572, ""value"": 0.4393162393162393, ""model_input"": 0.4393162393162393}]}"
COULEUR PRIMEUR,69 Rue Marcel Merieux,69960,CORBAS,50062848200027,0.9942817687988281,MARCHE DE CORBAS,69 RUE MARCEL MERIEUX,CORBAS,69960,69273,2,"{""bias"": 1.1616770029067993, ""margin"": 5.158349990844727, ""prob_from_margin"": 0.9942817055852874, ""top"": [{""feature"": ""addr_token_overlap"", ""shap"": 0.9410697221755981, ""value"": 1.0, ""model_input"": 1.0}, {""feature"": ""street_number_diff"", ""shap"": 0.8857751488685608, ""value"": 0.0, ""model_input"": 0.0}, {""feature"": ""name_semantic_max"", ""shap"": 0.6648948192596436, ""value"": 0.6253924369812012, ""model_input"": 0.6253924369812012}, {""feature"": ""name_sim_max_etab"", ""shap"": 0.6362695097923279, ""value"": 0.37777777777777777, ""model_input"": 0.37777777777777777}, {""feature"": ""name_city_overlap_max"", ""shap"": 0.48691853880882263, ""value"": 0.3333333333333333, ""model_input"": 0.3333333333333333}, {""feature"": ""addr_jaro"", ""shap"": 0.46580538153648376, ""value"": 1.0, ""model_input"": 1.0}, {""feature"": ""name_addr_consistency"", ""shap"": -0.42020636796951294, ""value"": 0.48055555555555557, ""model_input"": 0.48055555555555557}, {""feature"": ""name_levenshtein_max"", ""shap"": 0.39375412464141846, ""value"": 0.0625, ""model_input"": 0.0625}, {""feature"": ""name_token_overlap_max"", ""shap"": -0.3237212896347046, ""value"": 0.0, ""model_input"": 0.0}, {""feature"": ""addr_levenshtein"", ""shap"": 0.30813342332839966, ""value"": 1.0, ""model_input"": 1.0}]}"
COULEUR PRIMEUR,69 Rue Marcel Merieux,69960,CORBAS,97250554900022,0.9931818842887878,MILAN PRIMEURS,69 RUE MARCEL MERIEUX,CORBAS,69960,69273,3,"{""bias"": 1.1616770029067993, ""margin"": 4.98133659362793, ""prob_from_margin"": 0.9931819244099208, ""top"": [{""feature"": ""name_semantic_max"", ""shap"": 1.119420051574707, ""value"": 0.6553876399993896, ""model_input"": 0.6553876399993896}, {""feature"": ""addr_token_overlap"", ""shap"": 1.0350373983383179, ""value"": 1.0, ""model_input"": 1.0}, {""feature"": ""name_sim_max_pm_dirigeant"", ""shap"": 0.9564513564109802, ""value"": 0.5292929292929293, ""model_input"": 0.5292929292929293}, {""feature"": ""street_number_diff"", ""shap"": 0.8641687631607056, ""value"": 0.0, ""model_input"": 0.0}, {""feature"": ""token_overlap_ul"", ""shap"": 0.5311189293861389, ""value"": 0.5, ""model_input"": 0.5}, {""feature"": ""name_token_overlap_max"", ""shap"": -0.3555692434310913, ""value"": 0.0, ""model_input"": 0.0}, {""feature"": ""addr_jaro"", ""shap"": 0.3141201436519623, ""value"": 1.0, ""model_input"": 1.0}, {""feature"": ""type_of_max_name"", ""shap"": 0.3121151328086853, ""value"": 7.0, ""model_input"": 7.0}, {""feature"": ""addr_levenshtein"", ""shap"": 0.2622706890106201, ""value"": 1.0, ""model_input"": 1.0}, {""feature"": ""name_addr_consistency"", ""shap"": -0.2303934246301651, ""value"": 0.6365079365079365, ""model_input"": 0.6365079365079365}]}"
COULEUR PRIMEUR,69 Rue Marcel Merieux,69960,CORBAS,78015368000076,0.9928230047225952,VINDRY,69 RUE MARCEL MERIEUX,CORBAS,69960,69273,4,"{""bias"": 1.1616770029067993, ""margin"": 4.929679870605469, ""prob_from_margin"": 0.9928230636918468, ""top"": [{""feature"": ""name_semantic_max"", ""shap"": 1.8180216550827026, ""value"": 0.6896588206291199, ""model_input"": 0.6896588206291199}, {""feature"": ""street_number_diff"", ""shap"": 0.8849382996559143, ""value"": 0.0, ""model_input"": 0.0}, {""feature"": ""addr_token_overlap"", ""shap"": 0.8142051696777344, ""value"": 1.0, ""model_input"": 1.0}, {""feature"": ""name_sim_max_etab"", ""shap"": 0.6141155362129211, ""value"": 0.39090909090909093, ""model_input"": 0.39090909090909093}, {""feature"": ""token_overlap_ul"", ""shap"": 0.4505685269832611, ""value"": 0.5, ""model_input"": 0.5}, {""feature"": ""addr_levenshtein"", ""shap"": 0.390071839094162, ""value"": 1.0, ""model_input"": 1.0}, {""feature"": ""addr_jaro"", ""shap"": 0.34212726354599, ""value"": 1.0, ""model_input"": 1.0}, {""feature"": ""name_token_overlap_max"", ""shap"": -0.32941436767578125, ""value"": 0.0, ""model_input"": 0.0}, {""feature"": ""name_addr_consistency"", ""shap"": -0.32582664489746094, ""value"": 0.6192450824029772, ""model_input"": 0.6192450824029772}, {""feature"": ""name_jaro_max"", ""shap"": -0.25672879815101624, ""value"": 0.6192450824029772, ""model_input"": 0.6192450824029772}]}"
COULEUR PRIMEUR,69 Rue Marcel Merieux,69960,CORBAS,83946918600010,0.9845225811004639,ELYA,69 RUE MARCEL MERIEUX,CORBAS,69960,69273,5,"{""bias"": 1.1616770029067993, ""margin"": 4.152773857116699, ""prob_from_margin"": 0.9845225679834841, ""top"": [{""feature"": ""name_semantic_max"", ""shap"": -1.613726258277893, ""value"": 0.423273503780365, ""model_input"": 0.423273503780365}, {""feature"": ""addr_token_overlap"", ""shap"": 1.4338459968566895, ""value"": 1.0, ""model_input"": 1.0}, {""feature"": ""street_number_diff"", ""shap"": 0.9864751100540161, ""value"": 0.0, ""model_input"": 0.0}, {""feature"": ""addr_jaro"", ""shap"": 0.7827560901641846, ""value"": 1.0, ""model_input"": 1.0}, {""feature"": ""name_sim_max_etab"", ""shap"": 0.7665953040122986, ""value"": 0.0, ""model_input"": 0.0}, {""feature"": ""addr_levenshtein"", ""shap"": 0.5990025997161865, ""value"": 1.0, ""model_input"": 1.0}, {""feature"": ""name_addr_consistency"", ""shap"": 0.5440387725830078, ""value"": 0.37777777777777777, ""model_input"": 0.37777777777777777}, {""feature"": ""name_levenshtein_max"", ""shap"": 0.5251353979110718, ""value"": 0.06666666666666665, ""model_input"": 0.06666666666666665}, {""feature"": ""name_semantic_second"", ""shap"": -0.35869359970092773, ""value"": 0.0, ""model_input"": 0.0}, {""feature"": ""name_sim_max_pm_dirigeant"", ""shap"": -0.34390124678611755, ""value"": 0.0, ""model_input"": 0.0}]}"
DAD,7 Avenue de Montmartin,69960,CORBAS,89766474400025,0.9989734888076782,DAD,7 AVENUE DE MONTMARTIN,CORBAS,69960,69273,1,"{""bias"": 1.1616770029067993, ""margin"": 6.8805108070373535, ""prob_from_margin"": 0.9989734359206768, ""top"": [{""feature"": ""name_semantic_max"", ""shap"": 2.4351515769958496, ""value"": 0.9999998807907104, ""model_input"": 0.9999998807907104}, {""feature"": ""name_token_overlap_max"", ""shap"": 1.1271538734436035, ""value"": 1.0, ""model_input"": 1.0}, {""feature"": ""token_overlap_ul"", ""shap"": 0.8556904792785645, ""value"": 1.0, ""model_input"": 1.0}, {""feature"": ""name_length_max"", ""shap"": -0.5690913796424866, ""value"": 3.0, ""model_input"": 3.0}, {""feature"": ""addr_token_overlap"", ""shap"": 0.5621576905250549, ""value"": 1.0, ""model_input"": 1.0}, {""feature"": ""name_sim_max_etab"", ""shap"": -0.546687126159668, ""value"": 1.0, ""model_input"": 1.0}, {""feature"": ""name_crm_contains_cand_max"", ""shap"": 0.5401129722595215, ""value"": 1.0, ""model_input"": 1.0}, {""feature"": ""street_number_diff"", ""shap"": 0.4936096966266632, ""value"": 0.0, ""model_input"": 0.0}, {""feature"": ""name_semantic_second"", ""shap"": 0.44757845997810364, ""value"": 0.9999998807907104, ""model_input"": 0.9999998807907104}, {""feature"": ""name_addr_consistency"", ""shap"": 0.3662075698375702, ""value"": 1.0, ""model_input"": 1.0}]}"
DAD,7 Avenue de Montmartin,69960,CORBAS,51359179200058,0.9553013443946838,MY INVEST CONSULTING,7 AVENUE DE MONTMARTIN,CORBAS,69960,69273,2,"{""bias"": 1.1616770029067993, ""margin"": 3.0620837211608887, ""prob_from_margin"": 0.9553013577091144, ""top"": [{""feature"": ""name_semantic_max"", ""shap"": -2.309199810028076, ""value"": 0.31680744886398315, ""model_input"": 0.31680744886398315}, {""feature"": ""addr_token_overlap"", ""shap"": 1.2472654581069946, ""value"": 1.0, ""model_input"": 1.0}, {""feature"": ""name_addr_consistency"", ""shap"": 1.049443006515503, ""value"": 0.0, ""model_input"": 0.0}, {""feature"": ""street_number_diff"", ""shap"": 0.9423408508300781, ""value"": 0.0, ""model_input"": 0.0}, {""feature"": ""addr_jaro"", ""shap"": 0.904666006565094, ""value"": 1.0, ""model_input"": 1.0}, {""feature"": ""name_sim_max_etab"", ""shap"": 0.8854154348373413, ""value"": 0.0, ""model_input"": 0.0}, {""feature"": ""name_sim_max_ul"", ""shap"": -0.5584040284156799, ""value"": 0.0, ""model_input"": 0.0}, {""feature"": ""addr_levenshtein"", ""shap"": 0.5195804834365845, ""value"": 1.0, ""model_input"": 1.0}, {""feature"": ""name_jaro_max"", ""shap"": 0.4603141248226166, ""value"": 0.0, ""model_input"": 0.0}, {""feature"": ""name_semantic_second"", ""shap"": -0.37483924627304077, ""value"": 0.0, ""model_input"": 0.0}]}"
DAD,7 Avenue de Montmartin,69960,CORBAS,52224113200037,0.9528307914733887,DENERGIE,7 AVENUE DE MONTMARTIN,CORBAS,69960,69273,3,"{""bias"": 1.1616770029067993, ""margin"": 3.005695343017578, ""prob_from_margin"": 0.9528307612104978, ""top"": [{""feature"": ""addr_token_overlap"", ""shap"": 1.1325017213821411, ""value"": 1.0, ""model_input"": 1.0}, {""feature"": ""street_number_diff"", ""shap"": 1.0109777450561523, ""value"": 0.0, ""model_input"": 0.0}, {""feature"": ""name_sim_max_etab"", ""shap"": 0.7473483085632324, ""value"": 0.0, ""model_input"": 0.0}, {""feature"": ""addr_jaro"", ""shap"": 0.5751738548278809, ""value"": 1.0, ""model_input"": 1.0}, {""feature"": ""name_addr_consistency"", ""shap"": -0.5421779751777649, ""value"": 0.4861111111111111, ""model_input"": 0.4861111111111111}, {""feature"": ""name_length_max"", ""shap"": -0.47269442677497864, ""value"": 8.0, ""model_input"": 8.0}, {""feature"": ""addr_levenshtein"", ""shap"": 0.4559667408466339, ""value"": 1.0, ""model_input"": 1.0}, {""feature"": ""type_of_max_name"", ""shap"": 0.4414803087711334, ""value"": 7.0, ""model_input"": 7.0}, {""feature"": ""name_semantic_second"", ""shap"": -0.3792249858379364, ""value"": 0.0, ""model_input"": 0.0}, {""feature"": ""name_sim_max_pm_dirigeant"", ""shap"": -0.37860769033432007, ""value"": 0.0, ""model_input"": 0.0}]}"
DAD,7 Avenue de Montmartin,69960,CORBAS,87910748000037,0.9328746795654297,RY2C,7 AVENUE DE MONTMARTIN,CORBAS,69960,69273,4,"{""bias"": 1.1616770029067993, ""margin"": 2.6317124366760254, ""prob_from_margin"": 0.9328748606128003, ""top"": [{""feature"": ""name_semantic_max"", ""shap"": -3.4459590911865234, ""value"": 0.2675451934337616, ""model_input"": 0.2675451934337616}, {""feature"": ""addr_token_overlap"", ""shap"": 1.1482712030410767, ""value"": 1.0, ""model_input"": 1.0}, {""feature"": ""name_addr_consistency"", ""shap"": 1.0995585918426514, ""value"": 0.0, ""model_input"": 0.0}, {""feature"": ""street_number_diff"", ""shap"": 1.024298071861267, ""value"": 0.0, ""model_input"": 0.0}, {""feature"": ""addr_jaro"", ""shap"": 0.9409103989601135, ""value"": 1.0, ""model_input"": 1.0}, {""feature"": ""name_sim_max_etab"", ""shap"": 0.8321323394775391, ""value"": 0.0, ""model_input"": 0.0}, {""feature"": ""addr_levenshtein"", ""shap"": 0.6114591956138611, ""value"": 1.0, ""model_input"": 1.0}, {""feature"": ""name_jaro_max"", ""shap"": 0.488604873418808, ""value"": 0.0, ""model_input"": 0.0}, {""feature"": ""name_sim_max_ul"", ""shap"": -0.43519994616508484, ""value"": 0.0, ""model_input"": 0.0}, {""feature"": ""name_levenshtein_max"", ""shap"": 0.3765052258968353, ""value"": 0.0, ""model_input"": 0.0}]}"
DAD,7 Avenue de Montmartin,69960,CORBAS,89235029900012,0.9299297332763672,D BRO,7 AVENUE DE MONTMARTIN,CORBAS,69960,69273,5,"{""bias"": 1.1616770029067993, ""margin"": 2.5856103897094727, ""prob_from_margin"": 0.9299297274731618, ""top"": [{""feature"": ""addr_token_overlap"", ""shap"": 1.2863824367523193, ""value"": 1.0, ""model_input"": 1.0}, {""feature"": ""name_sim_max_etab"", ""shap"": -0.9370458126068115, ""value"": 0.6666666666666666, ""model_input"": 0.6666666666666666}, {""feature"": ""street_number_diff"", ""shap"": 0.9297046661376953, ""value"": 0.0, ""model_input"": 0.0}, {""feature"": ""name_semantic_max"", ""shap"": 0.6522934436798096, ""value"": 0.6247513294219971, ""model_input"": 0.6247513294219971}, {""feature"": ""name_sim_max_pm_dirigeant"", ""shap"": 0.6476794481277466, ""value"": 0.6666666666666666, ""model_input"": 0.6666666666666666}, {""feature"": ""name_semantic_second"", ""shap"": -0.3945738971233368, ""value"": 0.41395169496536255, ""model_input"": 0.41395169496536255}, {""feature"": ""addr_jaro"", ""shap"": 0.39115461707115173, ""value"": 1.0, ""model_input"": 1.0}, {""feature"": ""name_token_overlap_max"", ""shap"": -0.3694944381713867, ""value"": 0.0, ""model_input"": 0.0}, {""feature"": ""token_overlap_ul"", ""shap"": -0.3645173907279968, ""value"": 0.0, ""model_input"": 0.0}, {""feature"": ""addr_levenshtein"", ""shap"": 0.3636236786842346, ""value"": 1.0, ""model_input"": 1.0}]}"
DASIR (Dépot Auto Sport Industrie Rhodanien),5 Rue de Catalogne,69150,DECINES CHARPIEU,30327422900051,0.9997352957725525,DASIR,5 RUE DE CATALOGNE,DECINES-CHARPIEU,69150,69275,1,"{""bias"": 1.1616770029067993, ""margin"": 8.236454010009766, ""prob_from_margin"": 0.9997352484705638, ""top"": [{""feature"": ""name_semantic_max"", ""shap"": 2.0320510864257812, ""value"": 0.7658998966217041, ""model_input"": 0.7658998966217041}, {""feature"": ""token_overlap_ul"", ""shap"": 0.9532900452613831, ""value"": 0.8333333333333334, ""model_input"": 0.8333333333333334}, {""feature"": ""name_crm_contains_cand_max"", ""shap"": 0.7287887930870056, ""value"": 1.0, ""model_input"": 1.0}, {""feature"": ""addr_token_overlap"", ""shap"": 0.661742627620697, ""value"": 1.0, ""model_input"": 1.0}, {""feature"": ""name_token_overlap_max"", ""shap"": 0.6268877983093262, ""value"": 0.375, ""model_input"": 0.375}, {""feature"": ""name_semantic_second"", ""shap"": 0.5881692171096802, ""value"": 0.7557471990585327, ""model_input"": 0.7557471990585327}, {""feature"": ""street_number_diff"", ""shap"": 0.5385417938232422, ""value"": 0.0, ""model_input"": 0.0}, {""feature"": ""name_count"", ""shap"": -0.467803955078125, ""value"": 5.0, ""model_input"": 5.0}, {""feature"": ""name_sim_max_pm_dirigeant"", ""shap"": 0.3592436909675598, ""value"": 0.5025252525252525, ""model_input"": 0.5025252525252525}, {""feature"": ""name_semantic_gap"", ""shap"": 0.31567537784576416, ""value"": 0.010152697563171387, ""model_input"": 0.010152697563171387}]}"
DASIR (Dépot Auto Sport Industrie Rhodanien),5 Rue de Catalogne,69150,DECINES CHARPIEU,30327422900077,0.9466373324394226,DASIR,85 RUE ELISEE RECLUS,DECINES-CHARPIEU,69150,69275,2,"{""bias"": 1.1616770029067993, ""margin"": 2.8758058547973633, ""prob_from_margin"": 0.9466373926419074, ""top"": [{""feature"": ""name_semantic_max"", ""shap"": 2.1754112243652344, ""value"": 0.7658998966217041, ""model_input"": 0.7658998966217041}, {""feature"": ""token_overlap_ul"", ""shap"": 1.1274007558822632, ""value"": 0.8333333333333334, ""model_input"": 0.8333333333333334}, {""feature"": ""addr_token_overlap"", ""shap"": -0.9674539566040039, ""value"": 0.14285714285714285, ""model_input"": 0.14285714285714285}, {""feature"": ""street_number_diff"", ""shap"": -0.8840546011924744, ""value"": 80.0, ""model_input"": 80.0}, {""feature"": ""name_token_overlap_max"", ""shap"": 0.8285114765167236, ""value"": 0.375, ""model_input"": 0.375}, {""feature"": ""name_crm_contains_cand_max"", ""shap"": 0.5835217833518982, ""value"": 1.0, ""model_input"": 1.0}, {""feature"": ""name_count"", ""shap"": -0.5493116974830627, ""value"": 5.0, ""model_input"": 5.0}, {""feature"": ""name_addr_consistency"", ""shap"": -0.5229845643043518, ""value"": 0.5428060912151821, ""model_input"": 0.5428060912151821}, {""feature"": ""name_sim_max_pm_dirigeant"", ""shap"": 0.5060065984725952, ""value"": 0.5025252525252525, ""model_input"": 0.5025252525252525}, {""feature"": ""name_semantic_second"", ""shap"": 0.48347920179367065, ""value"": 0.7557471990585327, ""model_input"": 0.7557471990585327}]}"
DASIR (Dépot Auto Sport Industrie Rhodanien),5 Rue de Catalogne,69150,DECINES CHARPIEU,30327422900085,0.9342424869537354,DASIR,91 AVENUE FRANKLIN ROOSEVELT,DECINES-CHARPIEU,69150,69275,3,"{""bias"": 1.1616770029067993, ""margin"": 2.6537623405456543, ""prob_from_margin"": 0.9342425020294984, ""top"": [{""feature"": ""name_semantic_max"", ""shap"": 2.141545057296753, ""value"": 0.7658998966217041, ""model_input"": 0.7658998966217041}, {""feature"": ""token_overlap_ul"", ""shap"": 1.1824878454208374, ""value"": 0.8333333333333334, ""model_input"": 0.8333333333333334}, {""feature"": ""addr_token_overlap"", ""shap"": -1.0070478916168213, ""value"": 0.0, ""model_input"": 0.0}, {""feature"": ""street_number_diff"", ""shap"": -0.9170185923576355, ""value"": 86.0, ""model_input"": 86.0}, {""feature"": ""name_token_overlap_max"", ""shap"": 0.8271899223327637, ""value"": 0.375, ""model_input"": 0.375}, {""feature"": ""name_crm_contains_cand_max"", ""shap"": 0.5480242371559143, ""value"": 1.0, ""model_input"": 1.0}, {""feature"": ""name_count"", ""shap"": -0.539797306060791, ""value"": 5.0, ""model_input"": 5.0}, {""feature"": ""name_sim_max_pm_dirigeant"", ""shap"": 0.4970623552799225, ""value"": 0.5025252525252525, ""model_input"": 0.5025252525252525}, {""feature"": ""name_semantic_second"", ""shap"": 0.47722166776657104, ""value"": 0.7557471990585327, ""model_input"": 0.7557471990585327}, {""feature"": ""is_siege"", ""shap"": -0.469097375869751, ""value"": 0.0, ""model_input"": 0.0}]}"
DASIR (Dépot Auto Sport Industrie Rhodanien),5 Rue de Catalogne,69150,DECINES CHARPIEU,80343566800014,0.6979548931121826,YAPALA,5 RUE DE CATALOGNE,DECINES-CHARPIEU,69150,69275,4,"{""bias"": 1.1616770029067993, ""margin"": 0.8375767469406128, ""prob_from_margin"": 0.6979546055814424, ""top"": [{""feature"": ""name_semantic_max"", ""shap"": -2.119460344314575, ""value"": 0.4051978588104248, ""model_input"": 0.4051978588104248}, {""feature"": ""addr_token_overlap"", ""shap"": 1.1269840002059937, ""value"": 1.0, ""model_input"": 1.0}, {""feature"": ""street_number_diff"", ""shap"": 0.834766685962677, ""value"": 0.0, ""model_input"": 0.0}, {""feature"": ""name_sim_max_pm_dirigeant"", ""shap"": 0.7727862596511841, ""value"": 0.5227272727272727, ""model_input"": 0.5227272727272727}, {""feature"": ""addr_jaro"", ""shap"": 0.7021579146385193, ""value"": 1.0, ""model_input"": 1.0}, {""feature"": ""addr_levenshtein"", ""shap"": 0.45497432351112366, ""value"": 1.0, ""model_input"": 1.0}, {""feature"": ""type_of_max_name"", ""shap"": 0.4426158368587494, ""value"": 4.0, ""model_input"": 4.0}, {""feature"": ""name_count"", ""shap"": 0.41119280457496643, ""value"": 2.0, ""model_input"": 2.0}, {""feature"": ""name_addr_consistency"", ""shap"": -0.4103256165981293, ""value"": 0.5227272727272727, ""model_input"": 0.5227272727272727}, {""feature"": ""name_semantic_second"", ""shap"": -0.3750777542591095, ""value"": 0.334852933883667, ""model_input"": 0.334852933883667}]}"
DASIR (Dépot Auto Sport Industrie Rhodanien),5 Rue de Catalogne,69150,DECINES CHARPIEU,47893595000020,0.5866245031356812,ALPAYA,5 RUE DE CATALOGNE,DECINES-CHARPIEU,69150,69275,5,"{""bias"": 1.1616770029067993, ""margin"": 0.35002851486206055, ""prob_from_margin"": 0.58662449368002, ""top"": [{""feature"": ""name_semantic_max"", ""shap"": -2.9288220405578613, ""value"": 0.334852933883667, ""model_input"": 0.334852933883667}, {""feature"": ""addr_token_overlap"", ""shap"": 1.1278356313705444, ""value"": 1.0, ""model_input"": 1.0}, {""feature"": ""street_number_diff"", ""shap"": 1.0407313108444214, ""value"": 0.0, ""model_input"": 0.0}, {""feature"": ""name_sim_max_etab"", ""shap"": 0.8377333283424377, ""value"": 0.0, ""model_input"": 0.0}, {""feature"": ""addr_jaro"", ""shap"": 0.7839890718460083, ""value"": 1.0, ""model_input"": 1.0}, {""feature"": ""name_sim_max_pm_dirigeant"", ""shap"": -0.4962259829044342, ""value"": 0.0, ""model_input"": 0.0}, {""feature"": ""addr_levenshtein"", ""shap"": 0.4676128029823303, ""value"": 1.0, ""model_input"": 1.0}, {""feature"": ""name_addr_consistency"", ""shap"": -0.4614071846008301, ""value"": 0.5227272727272727, ""model_input"": 0.5227272727272727}, {""feature"": ""name_semantic_second"", ""shap"": -0.4384504556655884, ""value"": 0.0, ""model_input"": 0.0}, {""feature"": ""name_token_overlap_max"", ""shap"": -0.34344181418418884, ""value"": 0.0, ""model_input"": 0.0}]}"
DECINES - COLLEGE BASTIE,107-115 rue Emile Zola,69150,DECINES CHARPIEU,19691495600012,0.9996604919433594,CLG,107 RUE EMILE ZOLA,DECINES-CHARPIEU,69150,69275,1,"{""bias"": 1.1616770029067993, ""margin"": 7.987553119659424, ""prob_from_margin"": 0.999660451147598, ""top"": [{""feature"": ""name_semantic_max"", ""shap"": 2.5264766216278076, ""value"": 0.8882231712341309, ""model_input"": 0.8882231712341309}, {""feature"": ""name_sim_max_etab"", ""shap"": 0.9303540587425232, ""value"": 0.0, ""model_input"": 0.0}, {""feature"": ""name_token_overlap_max"", ""shap"": 0.8241069912910461, ""value"": 0.6666666666666666, ""model_input"": 0.6666666666666666}, {""feature"": ""token_overlap_ul"", ""shap"": 0.7007756233215332, ""value"": 1.0, ""model_input"": 1.0}, {""feature"": ""addr_token_overlap"", ""shap"": 0.6294800639152527, ""value"": 0.8, ""model_input"": 0.8}, {""feature"": ""street_number_diff"", ""shap"": 0.5899113416671753, ""value"": 0.0, ""model_input"": 0.0}, {""feature"": ""name_semantic_second"", ""shap"": 0.48938605189323425, ""value"": 0.7502548694610596, ""model_input"": 0.7502548694610596}, {""feature"": ""name_sim_max_pm_dirigeant"", ""shap"": -0.39908310770988464, ""value"": 0.0, ""model_input"": 0.0}, {""feature"": ""is_siege"", ""shap"": 0.3538386821746826, ""value"": 1.0, ""model_input"": 1.0}, {""feature"": ""name_sim_max_sigle"", ""shap"": 0.226364403963089, ""value"": 0.7642857142857143, ""model_input"": 0.7642857142857143}]}"
DECINES - COLLEGE BASTIE,107-115 rue Emile Zola,69150,DECINES-CHARPIEU,19691495600012,0.9996604919433594,CLG,107 RUE EMILE ZOLA,DECINES-CHARPIEU,69150,69275,1,"{""bias"": 1.1616770029067993, ""margin"": 7.987553119659424, ""prob_from_margin"": 0.999660451147598, ""top"": [{""feature"": ""name_semantic_max"", ""shap"": 2.5264766216278076, ""value"": 0.8882231712341309, ""model_input"": 0.8882231712341309}, {""feature"": ""name_sim_max_etab"", ""shap"": 0.9303540587425232, ""value"": 0.0, ""model_input"": 0.0}, {""feature"": ""name_token_overlap_max"", ""shap"": 0.8241069912910461, ""value"": 0.6666666666666666, ""model_input"": 0.6666666666666666}, {""feature"": ""token_overlap_ul"", ""shap"": 0.7007756233215332, ""value"": 1.0, ""model_input"": 1.0}, {""feature"": ""addr_token_overlap"", ""shap"": 0.6294800639152527, ""value"": 0.8, ""model_input"": 0.8}, {""feature"": ""street_number_diff"", ""shap"": 0.5899113416671753, ""value"": 0.0, ""model_input"": 0.0}, {""feature"": ""name_semantic_second"", ""shap"": 0.48938605189323425, ""value"": 0.7502548694610596, ""model_input"": 0.7502548694610596}, {""feature"": ""name_sim_max_pm_dirigeant"", ""shap"": -0.39908310770988464, ""value"": 0.0, ""model_input"": 0.0}, {""feature"": ""is_siege"", ""shap"": 0.3538386821746826, ""value"": 1.0, ""model_input"": 1.0}, {""feature"": ""name_sim_max_sigle"", ""shap"": 0.226364403963089, ""value"": 0.7642857142857143, ""model_input"": 0.7642857142857143}]}"
DECINES - COLLEGE BASTIE,107-115 rue Emile Zola,69150,DECINES CHARPIEU,53239583700018,0.9668074250221252,FOYER SOCIO EDUCATIF DU COLLEGE GEORGES BRASSENS,17 AVENUE SALVADOR ALLENDE,DECINES-CHARPIEU,69150,69275,2,"{""bias"": 1.1616770029067993, ""margin"": 3.371671676635742, ""prob_from_margin"": 0.9668073786028148, ""top"": [{""feature"": ""name_sim_max_etab"", ""shap"": 1.2498259544372559, ""value"": 0.0, ""model_input"": 0.0}, {""feature"": ""name_semantic_max"", ""shap"": 1.237351417541504, ""value"": 0.6504433155059814, ""model_input"": 0.6504433155059814}, {""feature"": ""token_overlap_ul"", ""shap"": 0.8193973302841187, ""value"": 0.5, ""model_input"": 0.5}, {""feature"": ""type_of_max_name"", ""shap"": 0.6154439449310303, ""value"": 7.0, ""model_input"": 7.0}, {""feature"": ""name_addr_consistency"", ""shap"": 0.4453125298023224, ""value"": 0.33349312123662783, ""model_input"": 0.33349312123662783}, {""feature"": ""addr_levenshtein"", ""shap"": -0.39604803919792175, ""value"": 0.23076923076923073, ""model_input"": 0.23076923076923073}, {""feature"": ""name_semantic_second"", ""shap"": -0.3890509605407715, ""value"": 0.0, ""model_input"": 0.0}, {""feature"": ""addr_jaro"", ""shap"": -0.3839046359062195, ""value"": 0.605894105894106, ""model_input"": 0.605894105894106}, {""feature"": ""name_sim_max_pm_dirigeant"", ""shap"": -0.3281520903110504, ""value"": 0.0, ""model_input"": 0.0}, {""feature"": ""name_semantic_gap"", ""shap"": 0.3090694844722748, ""value"": 0.6504433155059814, ""model_input"": 0.6504433155059814}]}"
DECINES - COLLEGE BASTIE,107-115 rue Emile Zola,69150,DECINES-CHARPIEU,53239583700018,0.9668074250221252,FOYER SOCIO EDUCATIF DU COLLEGE GEORGES BRASSENS,17 AVENUE SALVADOR ALLENDE,DECINES-CHARPIEU,69150,69275,2,"{""bias"": 1.1616770029067993, ""margin"": 3.371671676635742, ""prob_from_margin"": 0.9668073786028148, ""top"": [{""feature"": ""name_sim_max_etab"", ""shap"": 1.2498259544372559, ""value"": 0.0, ""model_input"": 0.0}, {""feature"": ""name_semantic_max"", ""shap"": 1.237351417541504, ""value"": 0.6504433155059814, ""model_input"": 0.6504433155059814}, {""feature"": ""token_overlap_ul"", ""shap"": 0.8193973302841187, ""value"": 0.5, ""model_input"": 0.5}, {""feature"": ""type_of_max_name"", ""shap"": 0.6154439449310303, ""value"": 7.0, ""model_input"": 7.0}, {""feature"": ""name_addr_consistency"", ""shap"": 0.4453125298023224, ""value"": 0.33349312123662783, ""model_input"": 0.33349312123662783}, {""feature"": ""addr_levenshtein"", ""shap"": -0.39604803919792175, ""value"": 0.23076923076923073, ""model_input"": 0.23076923076923073}, {""feature"": ""name_semantic_second"", ""shap"": -0.3890509605407715, ""value"": 0.0, ""model_input"": 0.0}, {""feature"": ""addr_jaro"", ""shap"": -0.3839046359062195, ""value"": 0.605894105894106, ""model_input"": 0.605894105894106}, {""feature"": ""name_sim_max_pm_dirigeant"", ""shap"": -0.3281520903110504, ""value"": 0.0, ""model_input"": 0.0}, {""feature"": ""name_semantic_gap"", ""shap"": 0.3090694844722748, ""value"": 0.6504433155059814, ""model_input"": 0.6504433155059814}]}"
DECINES - COLLEGE BASTIE,107-115 rue Emile Zola,69150,DECINES CHARPIEU,19692157100010,0.9514957070350647,CLG,50 RUE SULLY,DECINES-CHARPIEU,69150,69275,3,"{""bias"": 1.1616770029067993, ""margin"": 2.976381778717041, ""prob_from_margin"": 0.9514956568472125, ""top"": [{""feature"": ""name_semantic_max"", ""shap"": 2.7135910987854004, ""value"": 0.7502548694610596, ""model_input"": 0.7502548694610596}, {""feature"": ""name_sim_max_etab"", ""shap"": 1.269785761833191, ""value"": 0.0, ""model_input"": 0.0}, {""feature"": ""street_number_diff"", ""shap"": -0.6652762293815613, ""value"": 57.0, ""model_input"": 57.0}, {""feature"": ""name_addr_consistency"", ""shap"": -0.6566309928894043, ""value"": 0.5100529100529101, ""model_input"": 0.5100529100529101}, {""feature"": ""name_semantic_second"", ""shap"": 0.604360818862915, ""value"": 0.7192440032958984, ""model_input"": 0.7192440032958984}, {""feature"": ""addr_token_overlap"", ""shap"": -0.4530234932899475, ""value"": 0.14285714285714285, ""model_input"": 0.14285714285714285}, {""feature"": ""name_sim_max_pm_dirigeant"", ""shap"": -0.42497384548187256, ""value"": 0.0, ""model_input"": 0.0}, {""feature"": ""token_overlap_ul"", ""shap"": 0.41283029317855835, ""value"": 0.5, ""model_input"": 0.5}, {""feature"": ""is_siege"", ""shap"": 0.31434503197669983, ""value"": 1.0, ""model_input"": 1.0}, {""feature"": ""name_jaro_max"", ""shap"": -0.2645154893398285, ""value"": 0.8380952380952381, ""model_input"": 0.8380952380952381}]}"
DECINES - COLLEGE BASTIE,107-115 rue Emile Zola,69150,DECINES-CHARPIEU,19692157100010,0.9514957070350647,CLG,50 RUE SULLY,DECINES-CHARPIEU,69150,69275,3,"{""bias"": 1.1616770029067993, ""margin"": 2.976381778717041, ""prob_from_margin"": 0.9514956568472125, ""top"": [{""feature"": ""name_semantic_max"", ""shap"": 2.7135910987854004, ""value"": 0.7502548694610596, ""model_input"": 0.7502548694610596}, {""feature"": ""name_sim_max_etab"", ""shap"": 1.269785761833191, ""value"": 0.0, ""model_input"": 0.0}, {""feature"": ""street_number_diff"", ""shap"": -0.6652762293815613, ""value"": 57.0, ""model_input"": 57.0}, {""feature"": ""name_addr_consistency"", ""shap"": -0.6566309928894043, ""value"": 0.5100529100529101, ""model_input"": 0.5100529100529101}, {""feature"": ""name_semantic_second"", ""shap"": 0.604360818862915, ""value"": 0.7192440032958984, ""model_input"": 0.7192440032958984}, {""feature"": ""addr_token_overlap"", ""shap"": -0.4530234932899475, ""value"": 0.14285714285714285, ""model_input"": 0.14285714285714285}, {""feature"": ""name_sim_max_pm_dirigeant"", ""shap"": -0.42497384548187256, ""value"": 0.0, ""model_input"": 0.0}, {""feature"": ""token_overlap_ul"", ""shap"": 0.41283029317855835, ""value"": 0.5, ""model_input"": 0.5}, {""feature"": ""is_siege"", ""shap"": 0.31434503197669983, ""value"": 1.0, ""model_input"": 1.0}, {""feature"": ""name_jaro_max"", ""shap"": -0.2645154893398285, ""value"": 0.8380952380952381, ""model_input"": 0.8380952380952381}]}"
DECINES - COLLEGE BASTIE,107-115 rue Emile Zola,69150,DECINES CHARPIEU,50898280800018,0.9348527789115906,ASSOCIATION SPORTIVE DU COLLEGE MARYSE BASTIE,107 RUE EMILE ZOLA,DECINES-CHARPIEU,69150,69275,4,"{""bias"": 1.1616770029067993, ""margin"": 2.663740634918213, ""prob_from_margin"": 0.9348528533560462, ""top"": [{""feature"": ""name_semantic_max"", ""shap"": 1.7853270769119263, ""value"": 0.736629843711853, ""model_input"": 0.736629843711853}, {""feature"": ""name_sim_max_etab"", ""shap"": 0.8916468620300293, ""value"": 0.0, ""model_input"": 0.0}, {""feature"": ""is_association"", ""shap"": -0.7553015947341919, ""value"": 1.0, ""model_input"": 1.0}, {""feature"": ""street_number_diff"", ""shap"": 0.6826542615890503, ""value"": 0.0, ""model_input"": 0.0}, {""feature"": ""addr_token_overlap"", ""shap"": 0.6350823044776917, ""value"": 0.8, ""model_input"": 0.8}, {""feature"": ""name_addr_consistency"", ""shap"": -0.617459774017334, ""value"": 0.42329057773502227, ""model_input"": 0.42329057773502227}, {""feature"": ""name_length_max"", ""shap"": -0.4803576171398163, ""value"": 45.0, ""model_input"": 45.0}, {""feature"": ""token_overlap_ul"", ""shap"": 0.4573083817958832, ""value"": 1.0, ""model_input"": 1.0}, {""feature"": ""name_token_overlap_max"", ""shap"": 0.4031135141849518, ""value"": 0.3333333333333333, ""model_input"": 0.3333333333333333}, {""feature"": ""name_sim_max_pm_dirigeant"", ""shap"": -0.3865063190460205, ""value"": 0.0, ""model_input"": 0.0}]}"
DECINES - COLLEGE BASTIE,107-115 rue Emile Zola,69150,DECINES-CHARPIEU,50898280800018,0.9348527789115906,ASSOCIATION SPORTIVE DU COLLEGE MARYSE BASTIE,107 RUE EMILE ZOLA,DECINES-CHARPIEU,69150,69275,4,"{""bias"": 1.1616770029067993, ""margin"": 2.663740634918213, ""prob_from_margin"": 0.9348528533560462, ""top"": [{""feature"": ""name_semantic_max"", ""shap"": 1.7853270769119263, ""value"": 0.736629843711853, ""model_input"": 0.736629843711853}, {""feature"": ""name_sim_max_etab"", ""shap"": 0.8916468620300293, ""value"": 0.0, ""model_input"": 0.0}, {""feature"": ""is_association"", ""shap"": -0.7553015947341919, ""value"": 1.0, ""model_input"": 1.0}, {""feature"": ""street_number_diff"", ""shap"": 0.6826542615890503, ""value"": 0.0, ""model_input"": 0.0}, {""feature"": ""addr_token_overlap"", ""shap"": 0.6350823044776917, ""value"": 0.8, ""model_input"": 0.8}, {""feature"": ""name_addr_consistency"", ""shap"": -0.617459774017334, ""value"": 0.42329057773502227, ""model_input"": 0.42329057773502227}, {""feature"": ""name_length_max"", ""shap"": -0.4803576171398163, ""value"": 45.0, ""model_input"": 45.0}, {""feature"": ""token_overlap_ul"", ""shap"": 0.4573083817958832, ""value"": 1.0, ""model_input"": 1.0}, {""feature"": ""name_token_overlap_max"", ""shap"": 0.4031135141849518, ""value"": 0.3333333333333333, ""model_input"": 0.3333333333333333}, {""feature"": ""name_sim_max_pm_dirigeant"", ""shap"": -0.3865063190460205, ""value"": 0.0, ""model_input"": 0.0}]}"
DECINES - COLLEGE BASTIE,107-115 rue Emile Zola,69150,DECINES CHARPIEU,53300386900013,0.8866317868232727,ASSOCIATION SPORTIVE DU COLLEGE GEORGES BRASSENS,50 RUE SULLY,DECINES-CHARPIEU,69150,69275,5,"{""bias"": 1.1616770029067993, ""margin"": 2.0567872524261475, ""prob_from_margin"": 0.8866316383791791, ""top"": [{""feature"": ""name_sim_max_etab"", ""shap"": 1.2106326818466187, ""value"": 0.0, ""model_input"": 0.0}, {""feature"": ""name_semantic_max"", ""shap"": 0.8477683067321777, ""value"": 0.6315536499023438, ""model_input"": 0.6315536499023438}, {""feature"": ""type_of_max_name"", ""shap"": 0.8398005962371826, ""value"": 7.0, ""model_input"": 7.0}, {""feature"": ""token_overlap_ul"", ""shap"": 0.642673671245575, ""value"": 0.5, ""model_input"": 0.5}, {""feature"": ""addr_levenshtein"", ""shap"": -0.46450352668762207, ""value"": 0.36363636363636365, ""model_input"": 0.36363636363636365}, {""feature"": ""name_semantic_second"", ""shap"": -0.41659218072891235, ""value"": 0.0, ""model_input"": 0.0}, {""feature"": ""addr_jaro"", ""shap"": -0.38424327969551086, ""value"": 0.6085858585858586, ""model_input"": 0.6085858585858586}, {""feature"": ""street_number_diff"", ""shap"": -0.3706400692462921, ""value"": 57.0, ""model_input"": 57.0}, {""feature"": ""name_sim_max_pm_dirigeant"", ""shap"": -0.3222375512123108, ""value"": 0.0, ""model_input"": 0.0}, {""feature"": ""name_addr_consistency"", ""shap"": 0.3106256425380707, ""value"": 0.3165327062107365, ""model_input"": 0.3165327062107365}]}"
DECINES - COLLEGE BASTIE,107-115 rue Emile Zola,69150,DECINES-CHARPIEU,53300386900013,0.8866317868232727,ASSOCIATION SPORTIVE DU COLLEGE GEORGES BRASSENS,50 RUE SULLY,DECINES-CHARPIEU,69150,69275,5,"{""bias"": 1.1616770029067993, ""margin"": 2.0567872524261475, ""prob_from_margin"": 0.8866316383791791, ""top"": [{""feature"": ""name_sim_max_etab"", ""shap"": 1.2106326818466187, ""value"": 0.0, ""model_input"": 0.0}, {""feature"": ""name_semantic_max"", ""shap"": 0.8477683067321777, ""value"": 0.6315536499023438, ""model_input"": 0.6315536499023438}, {""feature"": ""type_of_max_name"", ""shap"": 0.8398005962371826, ""value"": 7.0, ""model_input"": 7.0}, {""feature"": ""token_overlap_ul"", ""shap"": 0.642673671245575, ""value"": 0.5, ""model_input"": 0.5}, {""feature"": ""addr_levenshtein"", ""shap"": -0.46450352668762207, ""value"": 0.36363636363636365, ""model_input"": 0.36363636363636365}, {""feature"": ""name_semantic_second"", ""shap"": -0.41659218072891235, ""value"": 0.0, ""model_input"": 0.0}, {""feature"": ""addr_jaro"", ""shap"": -0.38424327969551086, ""value"": 0.6085858585858586, ""model_input"": 0.6085858585858586}, {""feature"": ""street_number_diff"", ""shap"": -0.3706400692462921, ""value"": 57.0, ""model_input"": 57.0}, {""feature"": ""name_sim_max_pm_dirigeant"", ""shap"": -0.3222375512123108, ""value"": 0.0, ""model_input"": 0.0}, {""feature"": ""name_addr_consistency"", ""shap"": 0.3106256425380707, ""value"": 0.3165327062107365, ""model_input"": 0.3165327062107365}]}"
DECINES - COLLEGE BRASSENS,17 AVENUE SALVADOR ALLENDE,69150,DECINES CHARPIEU,19692157100010,0.9963322281837463,CLG,50 RUE SULLY,DECINES-CHARPIEU,69150,69275,1,"{""bias"": 1.1616770029067993, ""margin"": 5.604494094848633, ""prob_from_margin"": 0.9963322196823283, ""top"": [{""feature"": ""name_semantic_max"", ""shap"": 3.081599712371826, ""value"": 0.8973951935768127, ""model_input"": 0.8973951935768127}, {""feature"": ""name_sim_max_etab"", ""shap"": 1.1475553512573242, ""value"": 0.0, ""model_input"": 0.0}, {""feature"": ""name_token_overlap_max"", ""shap"": 1.0175179243087769, ""value"": 0.6666666666666666, ""model_input"": 0.6666666666666666}, {""feature"": ""token_overlap_ul"", ""shap"": 0.9289469122886658, ""value"": 1.0, ""model_input"": 1.0}, {""feature"": ""street_number_diff"", ""shap"": -0.5868107080459595, ""value"": 33.0, ""model_input"": 33.0}, {""feature"": ""name_addr_consistency"", ""shap"": -0.5059664845466614, ""value"": 0.5105374949124949, ""model_input"": 0.5105374949124949}, {""feature"": ""name_semantic_second"", ""shap"": 0.475945383310318, ""value"": 0.7700730562210083, ""model_input"": 0.7700730562210083}, {""feature"": ""addr_token_overlap"", ""shap"": -0.4534475803375244, ""value"": 0.0, ""model_input"": 0.0}, {""feature"": ""is_siege"", ""shap"": 0.4492613673210144, ""value"": 1.0, ""model_input"": 1.0}, {""feature"": ""name_sim_max_pm_dirigeant"", ""shap"": -0.41960930824279785, ""value"": 0.0, ""model_input"": 0.0}]}"
DECINES - COLLEGE BRASSENS,17 AVENUE SALVADOR ALLENDE,69150,DECINES-CHARPIEU,19692157100010,0.9963322281837463,CLG,50 RUE SULLY,DECINES-CHARPIEU,69150,69275,1,"{""bias"": 1.1616770029067993, ""margin"": 5.604494094848633, ""prob_from_margin"": 0.9963322196823283, ""top"": [{""feature"": ""name_semantic_max"", ""shap"": 3.081599712371826, ""value"": 0.8973951935768127, ""model_input"": 0.8973951935768127}, {""feature"": ""name_sim_max_etab"", ""shap"": 1.1475553512573242, ""value"": 0.0, ""model_input"": 0.0}, {""feature"": ""name_token_overlap_max"", ""shap"": 1.0175179243087769, ""value"": 0.6666666666666666, ""model_input"": 0.6666666666666666}, {""feature"": ""token_overlap_ul"", ""shap"": 0.9289469122886658, ""value"": 1.0, ""model_input"": 1.0}, {""feature"": ""street_number_diff"", ""shap"": -0.5868107080459595, ""value"": 33.0, ""model_input"": 33.0}, {""feature"": ""name_addr_consistency"", ""shap"": -0.5059664845466614, ""value"": 0.5105374949124949, ""model_input"": 0.5105374949124949}, {""feature"": ""name_semantic_second"", ""shap"": 0.475945383310318, ""value"": 0.7700730562210083, ""model_input"": 0.7700730562210083}, {""feature"": ""addr_token_overlap"", ""shap"": -0.4534475803375244, ""value"": 0.0, ""model_input"": 0.0}, {""feature"": ""is_siege"", ""shap"": 0.4492613673210144, ""value"": 1.0, ""model_input"": 1.0}, {""feature"": ""name_sim_max_pm_dirigeant"", ""shap"": -0.41960930824279785, ""value"": 0.0, ""model_input"": 0.0}]}"
DECINES - COLLEGE BRASSENS,17 AVENUE SALVADOR ALLENDE,69150,DECINES CHARPIEU,53239583700018,0.9885128736495972,FOYER SOCIO EDUCATIF DU COLLEGE GEORGES BRASSENS,17 AVENUE SALVADOR ALLENDE,DECINES-CHARPIEU,69150,69275,2,"{""bias"": 1.1616770029067993, ""margin"": 4.45496940612793, ""prob_from_margin"": 0.9885128134751087, ""top"": [{""feature"": ""name_semantic_max"", ""shap"": 2.4366273880004883, ""value"": 0.781983494758606, ""model_input"": 0.781983494758606}, {""feature"": ""name_sim_max_etab"", ""shap"": 1.0109018087387085, ""value"": 0.0, ""model_input"": 0.0}, {""feature"": ""is_association"", ""shap"": -0.6870747208595276, ""value"": 1.0, ""model_input"": 1.0}, {""feature"": ""street_number_diff"", ""shap"": 0.6401585340499878, ""value"": 0.0, ""model_input"": 0.0}, {""feature"": ""addr_token_overlap"", ""shap"": 0.5273564457893372, ""value"": 1.0, ""model_input"": 1.0}, {""feature"": ""token_overlap_ul"", ""shap"": 0.5206125974655151, ""value"": 1.0, ""model_input"": 1.0}, {""feature"": ""name_addr_consistency"", ""shap"": -0.5041963458061218, ""value"": 0.5176767676767676, ""model_input"": 0.5176767676767676}, {""feature"": ""name_sim_max_pm_dirigeant"", ""shap"": -0.3757639229297638, ""value"": 0.0, ""model_input"": 0.0}, {""feature"": ""name_token_overlap_max"", ""shap"": 0.3549800217151642, ""value"": 0.2857142857142857, ""model_input"": 0.2857142857142857}, {""feature"": ""name_semantic_second"", ""shap"": -0.30845192074775696, ""value"": 0.0, ""model_input"": 0.0}]}"
DECINES - COLLEGE BRASSENS,17 AVENUE SALVADOR ALLENDE,69150,DECINES-CHARPIEU,53239583700018,0.9885128736495972,FOYER SOCIO EDUCATIF DU COLLEGE GEORGES BRASSENS,17 AVENUE SALVADOR ALLENDE,DECINES-CHARPIEU,69150,69275,2,"{""bias"": 1.1616770029067993, ""margin"": 4.45496940612793, ""prob_from_margin"": 0.9885128134751087, ""top"": [{""feature"": ""name_semantic_max"", ""shap"": 2.4366273880004883, ""value"": 0.781983494758606, ""model_input"": 0.781983494758606}, {""feature"": ""name_sim_max_etab"", ""shap"": 1.0109018087387085, ""value"": 0.0, ""model_input"": 0.0}, {""feature"": ""is_association"", ""shap"": -0.6870747208595276, ""value"": 1.0, ""model_input"": 1.0}, {""feature"": ""street_number_diff"", ""shap"": 0.6401585340499878, ""value"": 0.0, ""model_input"": 0.0}, {""feature"": ""addr_token_overlap"", ""shap"": 0.5273564457893372, ""value"": 1.0, ""model_input"": 1.0}, {""feature"": ""token_overlap_ul"", ""shap"": 0.5206125974655151, ""value"": 1.0, ""model_input"": 1.0}, {""feature"": ""name_addr_consistency"", ""shap"": -0.5041963458061218, ""value"": 0.5176767676767676, ""model_input"": 0.5176767676767676}, {""feature"": ""name_sim_max_pm_dirigeant"", ""shap"": -0.3757639229297638, ""value"": 0.0, ""model_input"": 0.0}, {""feature"": ""name_token_overlap_max"", ""shap"": 0.3549800217151642, ""value"": 0.2857142857142857, ""model_input"": 0.2857142857142857}, {""feature"": ""name_semantic_second"", ""shap"": -0.30845192074775696, ""value"": 0.0, ""model_input"": 0.0}]}"
DECINES - COLLEGE BRASSENS,17 AVENUE SALVADOR ALLENDE,69150,DECINES CHARPIEU,53300386900013,0.9811413288116455,ASSOCIATION SPORTIVE DU COLLEGE GEORGES BRASSENS,50 RUE SULLY,DECINES-CHARPIEU,69150,69275,3,"{""bias"": 1.1616770029067993, ""margin"": 3.9517369270324707, ""prob_from_margin"": 0.981141203543761, ""top"": [{""feature"": ""name_semantic_max"", ""shap"": 2.610501289367676, ""value"": 0.7524880170822144, ""model_input"": 0.7524880170822144}, {""feature"": ""name_sim_max_etab"", ""shap"": 1.2561047077178955, ""value"": 0.0, ""model_input"": 0.0}, {""feature"": ""token_overlap_ul"", ""shap"": 0.8766436576843262, ""value"": 1.0, ""model_input"": 1.0}, {""feature"": ""is_association"", ""shap"": -0.5160471796989441, ""value"": 1.0, ""model_input"": 1.0}, {""feature"": ""name_token_overlap_max"", ""shap"": 0.44866475462913513, ""value"": 0.3333333333333333, ""model_input"": 0.3333333333333333}, {""feature"": ""addr_token_overlap"", ""shap"": -0.43164536356925964, ""value"": 0.0, ""model_input"": 0.0}, {""feature"": ""name_sim_max_pm_dirigeant"", ""shap"": -0.3735939860343933, ""value"": 0.0, ""model_input"": 0.0}, {""feature"": ""name_semantic_second"", ""shap"": -0.35693490505218506, ""value"": 0.0, ""model_input"": 0.0}, {""feature"": ""addr_levenshtein"", ""shap"": -0.3156254291534424, ""value"": 0.2692307692307693, ""model_input"": 0.2692307692307693}, {""feature"": ""name_length_max"", ""shap"": -0.2906225919723511, ""value"": 48.0, ""model_input"": 48.0}]}"
DECINES - COLLEGE BRASSENS,17 AVENUE SALVADOR ALLENDE,69150,DECINES-CHARPIEU,53300386900013,0.9811413288116455,ASSOCIATION SPORTIVE DU COLLEGE GEORGES BRASSENS,50 RUE SULLY,DECINES-CHARPIEU,69150,69275,3,"{""bias"": 1.1616770029067993, ""margin"": 3.9517369270324707, ""prob_from_margin"": 0.981141203543761, ""top"": [{""feature"": ""name_semantic_max"", ""shap"": 2.610501289367676, ""value"": 0.7524880170822144, ""model_input"": 0.7524880170822144}, {""feature"": ""name_sim_max_etab"", ""shap"": 1.2561047077178955, ""value"": 0.0, ""model_input"": 0.0}, {""feature"": ""token_overlap_ul"", ""shap"": 0.8766436576843262, ""value"": 1.0, ""model_input"": 1.0}, {""feature"": ""is_association"", ""shap"": -0.5160471796989441, ""value"": 1.0, ""model_input"": 1.0}, {""feature"": ""name_token_overlap_max"", ""shap"": 0.44866475462913513, ""value"": 0.3333333333333333, ""model_input"": 0.3333333333333333}, {""feature"": ""addr_token_overlap"", ""shap"": -0.43164536356925964, ""value"": 0.0, ""model_input"": 0.0}, {""feature"": ""name_sim_max_pm_dirigeant"", ""shap"": -0.3735939860343933, ""value"": 0.0, ""model_input"": 0.0}, {""feature"": ""name_semantic_second"", ""shap"": -0.35693490505218506, ""value"": 0.0, ""model_input"": 0.0}, {""feature"": ""addr_levenshtein"", ""shap"": -0.3156254291534424, ""value"": 0.2692307692307693, ""model_input"": 0.2692307692307693}, {""feature"": ""name_length_max"", ""shap"": -0.2906225919723511, ""value"": 48.0, ""model_input"": 48.0}]}"
DECINES - COLLEGE BRASSENS,17 AVENUE SALVADOR ALLENDE,69150,DECINES CHARPIEU,19691495600012,0.9494026899337769,CLG,107 RUE EMILE ZOLA,DECINES-CHARPIEU,69150,69275,4,"{""bias"": 1.1616770029067993, ""margin"": 2.9319353103637695, ""prob_from_margin"": 0.9494027228433776, ""top"": [{""feature"": ""name_semantic_max"", ""shap"": 2.7402162551879883, ""value"": 0.7700730562210083, ""model_input"": 0.7700730562210083}, {""feature"": ""name_sim_max_etab"", ""shap"": 1.3233826160430908, ""value"": 0.0, ""model_input"": 0.0}, {""feature"": ""name_addr_consistency"", ""shap"": -0.6386266350746155, ""value"": 0.5614434947768281, ""model_input"": 0.5614434947768281}, {""feature"": ""addr_token_overlap"", ""shap"": -0.6302722692489624, ""value"": 0.0, ""model_input"": 0.0}, {""feature"": ""street_number_diff"", ""shap"": -0.569700300693512, ""value"": 90.0, ""model_input"": 90.0}, {""feature"": ""name_semantic_second"", ""shap"": 0.5558046102523804, ""value"": 0.6649404764175415, ""model_input"": 0.6649404764175415}, {""feature"": ""name_sim_max_pm_dirigeant"", ""shap"": -0.48766613006591797, ""value"": 0.0, ""model_input"": 0.0}, {""feature"": ""token_overlap_ul"", ""shap"": 0.35110995173454285, ""value"": 0.5, ""model_input"": 0.5}, {""feature"": ""addr_jaro"", ""shap"": -0.33059370517730713, ""value"": 0.6381766381766382, ""model_input"": 0.6381766381766382}, {""feature"": ""is_siege"", ""shap"": 0.3074459731578827, ""value"": 1.0, ""model_input"": 1.0}]}"
DECINES - COLLEGE BRASSENS,17 AVENUE SALVADOR ALLENDE,69150,DECINES-CHARPIEU,19691495600012,0.9494026899337769,CLG,107 RUE EMILE ZOLA,DECINES-CHARPIEU,69150,69275,4,"{""bias"": 1.1616770029067993, ""margin"": 2.9319353103637695, ""prob_from_margin"": 0.9494027228433776, ""top"": [{""feature"": ""name_semantic_max"", ""shap"": 2.7402162551879883, ""value"": 0.7700730562210083, ""model_input"": 0.7700730562210083}, {""feature"": ""name_sim_max_etab"", ""shap"": 1.3233826160430908, ""value"": 0.0, ""model_input"": 0.0}, {""feature"": ""name_addr_consistency"", ""shap"": -0.6386266350746155, ""value"": 0.5614434947768281, ""model_input"": 0.5614434947768281}, {""feature"": ""addr_token_overlap"", ""shap"": -0.6302722692489624, ""value"": 0.0, ""model_input"": 0.0}, {""feature"": ""street_number_diff"", ""shap"": -0.569700300693512, ""value"": 90.0, ""model_input"": 90.0}, {""feature"": ""name_semantic_second"", ""shap"": 0.5558046102523804, ""value"": 0.6649404764175415, ""model_input"": 0.6649404764175415}, {""feature"": ""name_sim_max_pm_dirigeant"", ""shap"": -0.48766613006591797, ""value"": 0.0, ""model_input"": 0.0}, {""feature"": ""token_overlap_ul"", ""shap"": 0.35110995173454285, ""value"": 0.5, ""model_input"": 0.5}, {""feature"": ""addr_jaro"", ""shap"": -0.33059370517730713, ""value"": 0.6381766381766382, ""model_input"": 0.6381766381766382}, {""feature"": ""is_siege"", ""shap"": 0.3074459731578827, ""value"": 1.0, ""model_input"": 1.0}]}"
DECINES - COLLEGE BRASSENS,17 AVENUE SALVADOR ALLENDE,69150,DECINES CHARPIEU,50898280800018,0.8971801996231079,ASSOCIATION SPORTIVE DU COLLEGE MARYSE BASTIE,107 RUE EMILE ZOLA,DECINES-CHARPIEU,69150,69275,5,"{""bias"": 1.1616770029067993, ""margin"": 2.1662778854370117, ""prob_from_margin"": 0.8971801163469211, ""top"": [{""feature"": ""name_sim_max_etab"", ""shap"": 1.1361219882965088, ""value"": 0.0, ""model_input"": 0.0}, {""feature"": ""type_of_max_name"", ""shap"": 0.8052036166191101, ""value"": 7.0, ""model_input"": 7.0}, {""feature"": ""token_overlap_ul"", ""shap"": 0.7838358879089355, ""value"": 0.5, ""model_input"": 0.5}, {""feature"": ""addr_levenshtein"", ""shap"": -0.40462425351142883, ""value"": 0.2692307692307693, ""model_input"": 0.2692307692307693}, {""feature"": ""name_semantic_second"", ""shap"": -0.393510103225708, ""value"": 0.0, ""model_input"": 0.0}, {""feature"": ""name_semantic_max"", ""shap"": 0.36336222290992737, ""value"": 0.6055994033813477, ""model_input"": 0.6055994033813477}, {""feature"": ""street_number_diff"", ""shap"": -0.3151138424873352, ""value"": 90.0, ""model_input"": 90.0}, {""feature"": ""name_addr_consistency"", ""shap"": 0.31143203377723694, ""value"": 0.31428050687309944, ""model_input"": 0.31428050687309944}, {""feature"": ""addr_token_overlap"", ""shap"": -0.3082786798477173, ""value"": 0.0, ""model_input"": 0.0}, {""feature"": ""name_sim_max_ul"", ""shap"": -0.3077143728733063, ""value"": 0.49246632996632994, ""model_input"": 0.49246632996632994}]}"
DECINES - COLLEGE BRASSENS,17 AVENUE SALVADOR ALLENDE,69150,DECINES-CHARPIEU,50898280800018,0.8971801996231079,ASSOCIATION SPORTIVE DU COLLEGE MARYSE BASTIE,107 RUE EMILE ZOLA,DECINES-CHARPIEU,69150,69275,5,"{""bias"": 1.1616770029067993, ""margin"": 2.1662778854370117, ""prob_from_margin"": 0.8971801163469211, ""top"": [{""feature"": ""name_sim_max_etab"", ""shap"": 1.1361219882965088, ""value"": 0.0, ""model_input"": 0.0}, {""feature"": ""type_of_max_name"", ""shap"": 0.8052036166191101, ""value"": 7.0, ""model_input"": 7.0}, {""feature"": ""token_overlap_ul"", ""shap"": 0.7838358879089355, ""value"": 0.5, ""model_input"": 0.5}, {""feature"": ""addr_levenshtein"", ""shap"": -0.40462425351142883, ""value"": 0.2692307692307693, ""model_input"": 0.2692307692307693}, {""feature"": ""name_semantic_second"", ""shap"": -0.393510103225708, ""value"": 0.0, ""model_input"": 0.0}, {""feature"": ""name_semantic_max"", ""shap"": 0.36336222290992737, ""value"": 0.6055994033813477, ""model_input"": 0.6055994033813477}, {""feature"": ""street_number_diff"", ""shap"": -0.3151138424873352, ""value"": 90.0, ""model_input"": 90.0}, {""feature"": ""name_addr_consistency"", ""shap"": 0.31143203377723694, ""value"": 0.31428050687309944, ""model_input"": 0.31428050687309944}, {""feature"": ""addr_token_overlap"", ""shap"": -0.3082786798477173, ""value"": 0.0, ""model_input"": 0.0}, {""feature"": ""name_sim_max_ul"", ""shap"": -0.3077143728733063, ""value"": 0.49246632996632994, ""model_input"": 0.49246632996632994}]}"
DECINES - MITTERAND,5 place François Mitterrand,69150,DECINES CHARPIEU,91389226100011,0.9538721442222595,K ASM,5 PLACE FRANCOIS MITTERRAND,DECINES-CHARPIEU,69150,69275,1,"{""bias"": 1.1616770029067993, ""margin"": 3.0291123390197754, ""prob_from_margin"": 0.9538721315330367, ""top"": [{""feature"": ""name_semantic_max"", ""shap"": -1.6437419652938843, ""value"": 0.4046142101287842, ""model_input"": 0.4046142101287842}, {""feature"": ""addr_token_overlap"", ""shap"": 1.482900857925415, ""value"": 1.0, ""model_input"": 1.0}, {""feature"": ""street_number_diff"", ""shap"": 0.9699543118476868, ""value"": 0.0, ""model_input"": 0.0}, {""feature"": ""name_addr_consistency"", ""shap"": 0.940142810344696, ""value"": 0.0, ""model_input"": 0.0}, {""feature"": ""addr_jaro"", ""shap"": 0.9339827299118042, ""value"": 1.0, ""model_input"": 1.0}, {""feature"": ""type_of_max_name"", ""shap"": -0.9136463403701782, ""value"": 2.0, ""model_input"": 2.0}, {""feature"": ""name_sim_max_etab"", ""shap"": 0.8846626877784729, ""value"": 0.0, ""model_input"": 0.0}, {""feature"": ""addr_levenshtein"", ""shap"": 0.8373773694038391, ""value"": 1.0, ""model_input"": 1.0}, {""feature"": ""name_jaro_max"", ""shap"": 0.7291726469993591, ""value"": 0.0, ""model_input"": 0.0}, {""feature"": ""name_sim_max_ul"", ""shap"": -0.6532340049743652, ""value"": 0.0, ""model_input"": 0.0}]}"
DECINES - MITTERAND,5 place François Mitterrand,69150,DECINES-CHARPIEU,91389226100011,0.9538721442222595,K ASM,5 PLACE FRANCOIS MITTERRAND,DECINES-CHARPIEU,69150,69275,1,"{""bias"": 1.1616770029067993, ""margin"": 3.0291123390197754, ""prob_from_margin"": 0.9538721315330367, ""top"": [{""feature"": ""name_semantic_max"", ""shap"": -1.6437419652938843, ""value"": 0.4046142101287842, ""model_input"": 0.4046142101287842}, {""feature"": ""addr_token_overlap"", ""shap"": 1.482900857925415, ""value"": 1.0, ""model_input"": 1.0}, {""feature"": ""street_number_diff"", ""shap"": 0.9699543118476868, ""value"": 0.0, ""model_input"": 0.0}, {""feature"": ""name_addr_consistency"", ""shap"": 0.940142810344696, ""value"": 0.0, ""model_input"": 0.0}, {""feature"": ""addr_jaro"", ""shap"": 0.9339827299118042, ""value"": 1.0, ""model_input"": 1.0}, {""feature"": ""type_of_max_name"", ""shap"": -0.9136463403701782, ""value"": 2.0, ""model_input"": 2.0}, {""feature"": ""name_sim_max_etab"", ""shap"": 0.8846626877784729, ""value"": 0.0, ""model_input"": 0.0}, {""feature"": ""addr_levenshtein"", ""shap"": 0.8373773694038391, ""value"": 1.0, ""model_input"": 1.0}, {""feature"": ""name_jaro_max"", ""shap"": 0.7291726469993591, ""value"": 0.0, ""model_input"": 0.0}, {""feature"": ""name_sim_max_ul"", ""shap"": -0.6532340049743652, ""value"": 0.0, ""model_input"": 0.0}]}"
DECINES - MITTERAND,5 place François Mitterrand,69150,DECINES CHARPIEU,52251565900012,0.7691718339920044,DECINES LOISIRS DECOUVERTES,PLACE ROGER SALENGRO,DECINES-CHARPIEU,69150,69275,2,"{""bias"": 1.1616770029067993, ""margin"": 1.2036402225494385, ""prob_from_margin"": 0.7691717257593103, ""top"": [{""feature"": ""name_semantic_max"", ""shap"": -1.5596468448638916, ""value"": 0.48638808727264404, ""model_input"": 0.48638808727264404}, {""feature"": ""type_of_max_name"", ""shap"": 0.7557273507118225, ""value"": 7.0, ""model_input"": 7.0}, {""feature"": ""name_sim_max_etab"", ""shap"": 0.7422634959220886, ""value"": 0.0, ""model_input"": 0.0}, {""feature"": ""name_city_overlap_max"", ""shap"": 0.7310633063316345, ""value"": 0.25, ""model_input"": 0.25}, {""feature"": ""name_token_overlap_max"", ""shap"": -0.4500174820423126, ""value"": 0.0, ""model_input"": 0.0}, {""feature"": ""name_length_max"", ""shap"": 0.43284371495246887, ""value"": 27.0, ""model_input"": 27.0}, {""feature"": ""name_semantic_second"", ""shap"": -0.41046571731567383, ""value"": 0.0, ""model_input"": 0.0}, {""feature"": ""is_siege"", ""shap"": 0.37866324186325073, ""value"": 1.0, ""model_input"": 1.0}, {""feature"": ""name_addr_consistency"", ""shap"": 0.3623637557029724, ""value"": 0.3262185642432556, ""model_input"": 0.3262185642432556}, {""feature"": ""name_sim_max_pm_dirigeant"", ""shap"": -0.35775455832481384, ""value"": 0.0, ""model_input"": 0.0}]}"
DECINES - MITTERAND,5 place François Mitterrand,69150,DECINES-CHARPIEU,52251565900012,0.7691718339920044,DECINES LOISIRS DECOUVERTES,PLACE ROGER SALENGRO,DECINES-CHARPIEU,69150,69275,2,"{""bias"": 1.1616770029067993, ""margin"": 1.2036402225494385, ""prob_from_margin"": 0.7691717257593103, ""top"": [{""feature"": ""name_semantic_max"", ""shap"": -1.5596468448638916, ""value"": 0.48638808727264404, ""model_input"": 0.48638808727264404}, {""feature"": ""type_of_max_name"", ""shap"": 0.7557273507118225, ""value"": 7.0, ""model_input"": 7.0}, {""feature"": ""name_sim_max_etab"", ""shap"": 0.7422634959220886, ""value"": 0.0, ""model_input"": 0.0}, {""feature"": ""name_city_overlap_max"", ""shap"": 0.7310633063316345, ""value"": 0.25, ""model_input"": 0.25}, {""feature"": ""name_token_overlap_max"", ""shap"": -0.4500174820423126, ""value"": 0.0, ""model_input"": 0.0}, {""feature"": ""name_length_max"", ""shap"": 0.43284371495246887, ""value"": 27.0, ""model_input"": 27.0}, {""feature"": ""name_semantic_second"", ""shap"": -0.41046571731567383, ""value"": 0.0, ""model_input"": 0.0}, {""feature"": ""is_siege"", ""shap"": 0.37866324186325073, ""value"": 1.0, ""model_input"": 1.0}, {""feature"": ""name_addr_consistency"", ""shap"": 0.3623637557029724, ""value"": 0.3262185642432556, ""model_input"": 0.3262185642432556}, {""feature"": ""name_sim_max_pm_dirigeant"", ""shap"": -0.35775455832481384, ""value"": 0.0, ""model_input"": 0.0}]}"
DECINES - MITTERAND,5 place François Mitterrand,69150,DECINES CHARPIEU,49303863200029,0.7255867123603821,MACONNERIE RODRIGUES,4 PLACE FRANCOIS MITTERRAND,DECINES-CHARPIEU,69150,69275,3,"{""bias"": 1.1616770029067993, ""margin"": 0.9723451733589172, ""prob_from_margin"": 0.7255866937178755, ""top"": [{""feature"": ""name_sim_max_etab"", ""shap"": 0.8779212832450867, ""value"": 0.0, ""model_input"": 0.0}, {""feature"": ""street_number_diff"", ""shap"": -0.586647093296051, ""value"": 1.0, ""model_input"": 1.0}, {""feature"": ""addr_levenshtein"", ""shap"": 0.5702246427536011, ""value"": 0.962962962962963, ""model_input"": 0.962962962962963}, {""feature"": ""addr_token_overlap"", ""shap"": 0.5627225637435913, ""value"": 0.6, ""model_input"": 0.6}, {""feature"": ""type_of_max_name"", ""shap"": 0.5516200661659241, ""value"": 7.0, ""model_input"": 7.0}, {""feature"": ""name_token_overlap_max"", ""shap"": -0.48950982093811035, ""value"": 0.0, ""model_input"": 0.0}, {""feature"": ""name_sim_max_pm_dirigeant"", ""shap"": -0.3977392315864563, ""value"": 0.0, ""model_input"": 0.0}, {""feature"": ""name_semantic_second"", ""shap"": -0.3840550482273102, ""value"": 0.0, ""model_input"": 0.0}, {""feature"": ""name_addr_consistency"", ""shap"": -0.3791827857494354, ""value"": 0.5988601476255797, ""model_input"": 0.5988601476255797}, {""feature"": ""token_overlap_ul"", ""shap"": -0.3720300793647766, ""value"": 0.0, ""model_input"": 0.0}]}"
DECINES - MITTERAND,5 place François Mitterrand,69150,DECINES-CHARPIEU,49303863200029,0.7255867123603821,MACONNERIE RODRIGUES,4 PLACE FRANCOIS MITTERRAND,DECINES-CHARPIEU,69150,69275,3,"{""bias"": 1.1616770029067993, ""margin"": 0.9723451733589172, ""prob_from_margin"": 0.7255866937178755, ""top"": [{""feature"": ""name_sim_max_etab"", ""shap"": 0.8779212832450867, ""value"": 0.0, ""model_input"": 0.0}, {""feature"": ""street_number_diff"", ""shap"": -0.586647093296051, ""value"": 1.0, ""model_input"": 1.0}, {""feature"": ""addr_levenshtein"", ""shap"": 0.5702246427536011, ""value"": 0.962962962962963, ""model_input"": 0.962962962962963}, {""feature"": ""addr_token_overlap"", ""shap"": 0.5627225637435913, ""value"": 0.6, ""model_input"": 0.6}, {""feature"": ""type_of_max_name"", ""shap"": 0.5516200661659241, ""value"": 7.0, ""model_input"": 7.0}, {""feature"": ""name_token_overlap_max"", ""shap"": -0.48950982093811035, ""value"": 0.0, ""model_input"": 0.0}, {""feature"": ""name_sim_max_pm_dirigeant"", ""shap"": -0.3977392315864563, ""value"": 0.0, ""model_input"": 0.0}, {""feature"": ""name_semantic_second"", ""shap"": -0.3840550482273102, ""value"": 0.0, ""model_input"": 0.0}, {""feature"": ""name_addr_consistency"", ""shap"": -0.3791827857494354, ""value"": 0.5988601476255797, ""model_input"": 0.5988601476255797}, {""feature"": ""token_overlap_ul"", ""shap"": -0.3720300793647766, ""value"": 0.0, ""model_input"": 0.0}]}"
DECINES - MITTERAND,5 place François Mitterrand,69150,DECINES CHARPIEU,22690001700600,0.7176920771598816,M.D.R PRINCIPALE,5 PLACE FRANCOIS MITTERRAND,DECINES-CHARPIEU,69150,69275,4,"{""bias"": 1.1616770029067993, ""margin"": 0.9330414533615112, ""prob_from_margin"": 0.7176919228482681, ""top"": [{""feature"": ""addr_token_overlap"", ""shap"": 1.3363938331604004, ""value"": 1.0, ""model_input"": 1.0}, {""feature"": ""street_number_diff"", ""shap"": 1.1949560642242432, ""value"": 0.0, ""model_input"": 0.0}, {""feature"": ""name_semantic_max"", ""shap"": -1.170742154121399, ""value"": 0.5203276872634888, ""model_input"": 0.5203276872634888}, {""feature"": ""name_sim_max_etab"", ""shap"": -0.8002969026565552, ""value"": 0.625, ""model_input"": 0.625}, {""feature"": ""addr_jaro"", ""shap"": 0.6291887760162354, ""value"": 1.0, ""model_input"": 1.0}, {""feature"": ""name_sim_max_pm_dirigeant"", ""shap"": -0.5438572764396667, ""value"": 0.0, ""model_input"": 0.0}, {""feature"": ""addr_levenshtein"", ""shap"": 0.5373374819755554, ""value"": 1.0, ""model_input"": 1.0}, {""feature"": ""name_token_overlap_max"", ""shap"": -0.3610985279083252, ""value"": 0.0, ""model_input"": 0.0}, {""feature"": ""name_count"", ""shap"": 0.3498009443283081, ""value"": 2.0, ""model_input"": 2.0}, {""feature"": ""type_of_max_name"", ""shap"": 0.2918340563774109, ""value"": 7.0, ""model_input"": 7.0}]}"
DECINES - MITTERAND,5 place François Mitterrand,69150,DECINES-CHARPIEU,22690001700600,0.7176920771598816,M.D.R PRINCIPALE,5 PLACE FRANCOIS MITTERRAND,DECINES-CHARPIEU,69150,69275,4,"{""bias"": 1.1616770029067993, ""margin"": 0.9330414533615112, ""prob_from_margin"": 0.7176919228482681, ""top"": [{""feature"": ""addr_token_overlap"", ""shap"": 1.3363938331604004, ""value"": 1.0, ""model_input"": 1.0}, {""feature"": ""street_number_diff"", ""shap"": 1.1949560642242432, ""value"": 0.0, ""model_input"": 0.0}, {""feature"": ""name_semantic_max"", ""shap"": -1.170742154121399, ""value"": 0.5203276872634888, ""model_input"": 0.5203276872634888}, {""feature"": ""name_sim_max_etab"", ""shap"": -0.8002969026565552, ""value"": 0.625, ""model_input"": 0.625}, {""feature"": ""addr_jaro"", ""shap"": 0.6291887760162354, ""value"": 1.0, ""model_input"": 1.0}, {""feature"": ""name_sim_max_pm_dirigeant"", ""shap"": -0.5438572764396667, ""value"": 0.0, ""model_input"": 0.0}, {""feature"": ""addr_levenshtein"", ""shap"": 0.5373374819755554, ""value"": 1.0, ""model_input"": 1.0}, {""feature"": ""name_token_overlap_max"", ""shap"": -0.3610985279083252, ""value"": 0.0, ""model_input"": 0.0}, {""feature"": ""name_count"", ""shap"": 0.3498009443283081, ""value"": 2.0, ""model_input"": 2.0}, {""feature"": ""type_of_max_name"", ""shap"": 0.2918340563774109, ""value"": 7.0, ""model_input"": 7.0}]}"
DECINES - MITTERAND,5 place François Mitterrand,69150,DECINES CHARPIEU,80844941700027,0.687099039554596,SEYFERT DECINES,23 RUE VAUCANSON,DECINES-CHARPIEU,69150,69275,5,"{""bias"": 1.1616770029067993, ""margin"": 0.7865924835205078, ""prob_from_margin"": 0.6870992028372517, ""top"": [{""feature"": ""name_city_overlap_max"", ""shap"": 1.2519547939300537, ""value"": 0.3333333333333333, ""model_input"": 0.3333333333333333}, {""feature"": ""street_number_diff"", ""shap"": -0.9637311697006226, ""value"": 18.0, ""model_input"": 18.0}, {""feature"": ""name_semantic_second"", ""shap"": 0.575223445892334, ""value"": 0.5355129837989807, ""model_input"": 0.5355129837989807}, {""feature"": ""is_siege"", ""shap"": 0.45654061436653137, ""value"": 1.0, ""model_input"": 1.0}, {""feature"": ""name_token_overlap_max"", ""shap"": -0.4369174540042877, ""value"": 0.0, ""model_input"": 0.0}, {""feature"": ""addr_levenshtein"", ""shap"": -0.36735889315605164, ""value"": 0.2222222222222222, ""model_input"": 0.2222222222222222}, {""feature"": ""name_jaro_max"", ""shap"": -0.3393707871437073, ""value"": 0.4962962962962963, ""model_input"": 0.4962962962962963}, {""feature"": ""addr_token_overlap"", ""shap"": -0.335370272397995, ""value"": 0.0, ""model_input"": 0.0}, {""feature"": ""type_of_max_name"", ""shap"": 0.3305842876434326, ""value"": 7.0, ""model_input"": 7.0}, {""feature"": ""token_overlap_ul"", ""shap"": -0.3200374245643616, ""value"": 0.0, ""model_input"": 0.0}]}"
DECINES - MITTERAND,5 place François Mitterrand,69150,DECINES-CHARPIEU,80844941700027,0.687099039554596,SEYFERT DECINES,23 RUE VAUCANSON,DECINES-CHARPIEU,69150,69275,5,"{""bias"": 1.1616770029067993, ""margin"": 0.7865924835205078, ""prob_from_margin"": 0.6870992028372517, ""top"": [{""feature"": ""name_city_overlap_max"", ""shap"": 1.2519547939300537, ""value"": 0.3333333333333333, ""model_input"": 0.3333333333333333}, {""feature"": ""street_number_diff"", ""shap"": -0.9637311697006226, ""value"": 18.0, ""model_input"": 18.0}, {""feature"": ""name_semantic_second"", ""shap"": 0.575223445892334, ""value"": 0.5355129837989807, ""model_input"": 0.5355129837989807}, {""feature"": ""is_siege"", ""shap"": 0.45654061436653137, ""value"": 1.0, ""model_input"": 1.0}, {""feature"": ""name_token_overlap_max"", ""shap"": -0.4369174540042877, ""value"": 0.0, ""model_input"": 0.0}, {""feature"": ""addr_levenshtein"", ""shap"": -0.36735889315605164, ""value"": 0.2222222222222222, ""model_input"": 0.2222222222222222}, {""feature"": ""name_jaro_max"", ""shap"": -0.3393707871437073, ""value"": 0.4962962962962963, ""model_input"": 0.4962962962962963}, {""feature"": ""addr_token_overlap"", ""shap"": -0.335370272397995, ""value"": 0.0, ""model_input"": 0.0}, {""feature"": ""type_of_max_name"", ""shap"": 0.3305842876434326, ""value"": 7.0, ""model_input"": 7.0}, {""feature"": ""token_overlap_ul"", ""shap"": -0.3200374245643616, ""value"": 0.0, ""model_input"": 0.0}]}"
DELTA SERVICE LOCATION,29 Route de Lyon,69960,CORBAS,31874347300163,0.9996102452278137,DSL,29 ROUTE DE LYON,CORBAS,69960,69273,1,"{""bias"": 1.1616770029067993, ""margin"": 7.849473476409912, ""prob_from_margin"": 0.9996101947714767, ""top"": [{""feature"": ""name_semantic_max"", ""shap"": 2.1562788486480713, ""value"": 0.9999999403953552, ""model_input"": 0.9999999403953552}, {""feature"": ""name_sim_max_pm_dirigeant"", ""shap"": 1.0014342069625854, ""value"": 0.6378787878787878, ""model_input"": 0.6378787878787878}, {""feature"": ""name_token_overlap_max"", ""shap"": 0.8302612900733948, ""value"": 1.0, ""model_input"": 1.0}, {""feature"": ""token_overlap_ul"", ""shap"": 0.7157464623451233, ""value"": 1.0, ""model_input"": 1.0}, {""feature"": ""addr_token_overlap"", ""shap"": 0.6866227984428406, ""value"": 1.0, ""model_input"": 1.0}, {""feature"": ""name_sim_max_etab"", ""shap"": -0.6147192716598511, ""value"": 0.6378787878787878, ""model_input"": 0.6378787878787878}, {""feature"": ""acronym_match_max"", ""shap"": 0.5251143574714661, ""value"": 1.0, ""model_input"": 1.0}, {""feature"": ""name_crm_contains_cand_max"", ""shap"": 0.5066598653793335, ""value"": 1.0, ""model_input"": 1.0}, {""feature"": ""street_number_diff"", ""shap"": 0.46303486824035645, ""value"": 0.0, ""model_input"": 0.0}, {""feature"": ""is_siege"", ""shap"": -0.44104740023612976, ""value"": 0.0, ""model_input"": 0.0}]}"
DELTA SERVICE LOCATION,29 Route de Lyon,69960,CORBAS,31874347300163,0.9996102452278137,DSL,29 ROUTE DE LYON,CORBAS,69960,69273,1,"{""bias"": 1.1616770029067993, ""margin"": 7.849473476409912, ""prob_from_margin"": 0.9996101947714767, ""top"": [{""feature"": ""name_semantic_max"", ""shap"": 2.1562788486480713, ""value"": 0.9999999403953552, ""model_input"": 0.9999999403953552}, {""feature"": ""name_sim_max_pm_dirigeant"", ""shap"": 1.0014342069625854, ""value"": 0.6378787878787878, ""model_input"": 0.6378787878787878}, {""feature"": ""name_token_overlap_max"", ""shap"": 0.8302612900733948, ""value"": 1.0, ""model_input"": 1.0}, {""feature"": ""token_overlap_ul"", ""shap"": 0.7157464623451233, ""value"": 1.0, ""model_input"": 1.0}, {""feature"": ""addr_token_overlap"", ""shap"": 0.6866227984428406, ""value"": 1.0, ""model_input"": 1.0}, {""feature"": ""name_sim_max_etab"", ""shap"": -0.6147192716598511, ""value"": 0.6378787878787878, ""model_input"": 0.6378787878787878}, {""feature"": ""acronym_match_max"", ""shap"": 0.5251143574714661, ""value"": 1.0, ""model_input"": 1.0}, {""feature"": ""name_crm_contains_cand_max"", ""shap"": 0.5066598653793335, ""value"": 1.0, ""model_input"": 1.0}, {""feature"": ""street_number_diff"", ""shap"": 0.46303486824035645, ""value"": 0.0, ""model_input"": 0.0}, {""feature"": ""is_siege"", ""shap"": -0.44104740023612976, ""value"": 0.0, ""model_input"": 0.0}]}"
DELTA SERVICE LOCATION,29 Route de Lyon,69960,CORBAS,31874347300056,0.9995372295379639,DSL,RUE DE SAVOIE,CORBAS,69960,69273,2,"{""bias"": 1.1616770029067993, ""margin"": 7.6777496337890625, ""prob_from_margin"": 0.999537198602188, ""top"": [{""feature"": ""name_semantic_max"", ""shap"": 2.6337316036224365, ""value"": 0.9999999403953552, ""model_input"": 0.9999999403953552}, {""feature"": ""name_token_overlap_max"", ""shap"": 1.2731989622116089, ""value"": 1.0, ""model_input"": 1.0}, {""feature"": ""name_sim_max_pm_dirigeant"", ""shap"": 1.0610462427139282, ""value"": 0.6378787878787878, ""model_input"": 0.6378787878787878}, {""feature"": ""token_overlap_ul"", ""shap"": 1.0525387525558472, ""value"": 1.0, ""model_input"": 1.0}, {""feature"": ""name_crm_contains_cand_max"", ""shap"": 0.7165459990501404, ""value"": 1.0, ""model_input"": 1.0}, {""feature"": ""name_sim_max_etab"", ""shap"": -0.6555632948875427, ""value"": 0.6378787878787878, ""model_input"": 0.6378787878787878}, {""feature"": ""is_siege"", ""shap"": 0.6051506996154785, ""value"": 1.0, ""model_input"": 1.0}, {""feature"": ""acronym_match_max"", ""shap"": 0.44423606991767883, ""value"": 1.0, ""model_input"": 1.0}, {""feature"": ""name_addr_consistency"", ""shap"": -0.3934469521045685, ""value"": 0.5384615384615384, ""model_input"": 0.5384615384615384}, {""feature"": ""addr_token_overlap"", ""shap"": -0.36561885476112366, ""value"": 0.16666666666666666, ""model_input"": 0.16666666666666666}]}"
DELTA SERVICE LOCATION,29 Route de Lyon,69960,CORBAS,31874347300056,0.9995372295379639,DSL,RUE DE SAVOIE,CORBAS,69960,69273,2,"{""bias"": 1.1616770029067993, ""margin"": 7.6777496337890625, ""prob_from_margin"": 0.999537198602188, ""top"": [{""feature"": ""name_semantic_max"", ""shap"": 2.6337316036224365, ""value"": 0.9999999403953552, ""model_input"": 0.9999999403953552}, {""feature"": ""name_token_overlap_max"", ""shap"": 1.2731989622116089, ""value"": 1.0, ""model_input"": 1.0}, {""feature"": ""name_sim_max_pm_dirigeant"", ""shap"": 1.0610462427139282, ""value"": 0.6378787878787878, ""model_input"": 0.6378787878787878}, {""feature"": ""token_overlap_ul"", ""shap"": 1.0525387525558472, ""value"": 1.0, ""model_input"": 1.0}, {""feature"": ""name_crm_contains_cand_max"", ""shap"": 0.7165459990501404, ""value"": 1.0, ""model_input"": 1.0}, {""feature"": ""name_sim_max_etab"", ""shap"": -0.6555632948875427, ""value"": 0.6378787878787878, ""model_input"": 0.6378787878787878}, {""feature"": ""is_siege"", ""shap"": 0.6051506996154785, ""value"": 1.0, ""model_input"": 1.0}, {""feature"": ""acronym_match_max"", ""shap"": 0.44423606991767883, ""value"": 1.0, ""model_input"": 1.0}, {""feature"": ""name_addr_consistency"", ""shap"": -0.3934469521045685, ""value"": 0.5384615384615384, ""model_input"": 0.5384615384615384}, {""feature"": ""addr_token_overlap"", ""shap"": -0.36561885476112366, ""value"": 0.16666666666666666, ""model_input"": 0.16666666666666666}]}"
DELTA SERVICE LOCATION,29 Route de Lyon,69960,CORBAS,83131613800021,0.9967600703239441,DELTA SERVICE GROUP,RUE DE SAVOIE,CORBAS,69960,69273,3,"{""bias"": 1.1616770029067993, ""margin"": 5.728949069976807, ""prob_from_margin"": 0.9967600399841068, ""top"": [{""feature"": ""name_semantic_max"", ""shap"": 2.7406699657440186, ""value"": 0.8572556972503662, ""model_input"": 0.8572556972503662}, {""feature"": ""name_sim_max_pm_dirigeant"", ""shap"": 1.3903744220733643, ""value"": 0.6378787878787878, ""model_input"": 0.6378787878787878}, {""feature"": ""name_token_overlap_max"", ""shap"": 1.1845852136611938, ""value"": 0.5, ""model_input"": 0.5}, {""feature"": ""token_overlap_ul"", ""shap"": 1.030443787574768, ""value"": 0.6666666666666666, ""model_input"": 0.6666666666666666}, {""feature"": ""name_sim_max_etab"", ""shap"": -0.600899875164032, ""value"": 0.6378787878787878, ""model_input"": 0.6378787878787878}, {""feature"": ""name_addr_consistency"", ""shap"": -0.5597046613693237, ""value"": 0.48152373941847626, ""model_input"": 0.48152373941847626}, {""feature"": ""addr_token_overlap"", ""shap"": -0.3496963381767273, ""value"": 0.16666666666666666, ""model_input"": 0.16666666666666666}, {""feature"": ""is_siege"", ""shap"": 0.33755430579185486, ""value"": 1.0, ""model_input"": 1.0}, {""feature"": ""name_semantic_second"", ""shap"": -0.2842889428138733, ""value"": 0.35717490315437317, ""model_input"": 0.35717490315437317}, {""feature"": ""name_sim_max_ul"", ""shap"": 0.26783621311187744, ""value"": 0.8942583732057416, ""model_input"": 0.8942583732057416}]}"
DELTA SERVICE LOCATION,29 Route de Lyon,69960,CORBAS,83131613800021,0.9967600703239441,DELTA SERVICE GROUP,RUE DE SAVOIE,CORBAS,69960,69273,3,"{""bias"": 1.1616770029067993, ""margin"": 5.728949069976807, ""prob_from_margin"": 0.9967600399841068, ""top"": [{""feature"": ""name_semantic_max"", ""shap"": 2.7406699657440186, ""value"": 0.8572556972503662, ""model_input"": 0.8572556972503662}, {""feature"": ""name_sim_max_pm_dirigeant"", ""shap"": 1.3903744220733643, ""value"": 0.6378787878787878, ""model_input"": 0.6378787878787878}, {""feature"": ""name_token_overlap_max"", ""shap"": 1.1845852136611938, ""value"": 0.5, ""model_input"": 0.5}, {""feature"": ""token_overlap_ul"", ""shap"": 1.030443787574768, ""value"": 0.6666666666666666, ""model_input"": 0.6666666666666666}, {""feature"": ""name_sim_max_etab"", ""shap"": -0.600899875164032, ""value"": 0.6378787878787878, ""model_input"": 0.6378787878787878}, {""feature"": ""name_addr_consistency"", ""shap"": -0.5597046613693237, ""value"": 0.48152373941847626, ""model_input"": 0.48152373941847626}, {""feature"": ""addr_token_overlap"", ""shap"": -0.3496963381767273, ""value"": 0.16666666666666666, ""model_input"": 0.16666666666666666}, {""feature"": ""is_siege"", ""shap"": 0.33755430579185486, ""value"": 1.0, ""model_input"": 1.0}, {""feature"": ""name_semantic_second"", ""shap"": -0.2842889428138733, ""value"": 0.35717490315437317, ""model_input"": 0.35717490315437317}, {""feature"": ""name_sim_max_ul"", ""shap"": 0.26783621311187744, ""value"": 0.8942583732057416, ""model_input"": 0.8942583732057416}]}"
DELTA SERVICE LOCATION,29 Route de Lyon,69960,CORBAS,89207929400013,0.9882810711860657,DELTA MANAGERS,RUE DE SAVOIE,CORBAS,69960,69273,4,"{""bias"": 1.1616770029067993, ""margin"": 4.434764862060547, ""prob_from_margin"": 0.9882811071075812, ""top"": [{""feature"": ""name_semantic_max"", ""shap"": 2.911740303039551, ""value"": 0.7854102253913879, ""model_input"": 0.7854102253913879}, {""feature"": ""name_sim_max_pm_dirigeant"", ""shap"": 1.4775419235229492, ""value"": 0.6378787878787878, ""model_input"": 0.6378787878787878}, {""feature"": ""name_sim_max_etab"", ""shap"": -0.7755082249641418, ""value"": 0.6378787878787878, ""model_input"": 0.6378787878787878}, {""feature"": ""name_semantic_second"", ""shap"": -0.5422083139419556, ""value"": 0.25872302055358887, ""model_input"": 0.25872302055358887}, {""feature"": ""token_overlap_ul"", ""shap"": 0.5151189565658569, ""value"": 0.3333333333333333, ""model_input"": 0.3333333333333333}, {""feature"": ""addr_token_overlap"", ""shap"": -0.479645699262619, ""value"": 0.16666666666666666, ""model_input"": 0.16666666666666666}, {""feature"": ""addr_jaro"", ""shap"": -0.3504840135574341, ""value"": 0.5384615384615384, ""model_input"": 0.5384615384615384}, {""feature"": ""name_token_overlap_max"", ""shap"": 0.3266960382461548, ""value"": 0.25, ""model_input"": 0.25}, {""feature"": ""type_of_max_name"", ""shap"": 0.3095482587814331, ""value"": 7.0, ""model_input"": 7.0}, {""feature"": ""addr_levenshtein"", ""shap"": -0.25513532757759094, ""value"": 0.375, ""model_input"": 0.375}]}"
DELTA SERVICE LOCATION,29 Route de Lyon,69960,CORBAS,89207929400013,0.9882810711860657,DELTA MANAGERS,RUE DE SAVOIE,CORBAS,69960,69273,4,"{""bias"": 1.1616770029067993, ""margin"": 4.434764862060547, ""prob_from_margin"": 0.9882811071075812, ""top"": [{""feature"": ""name_semantic_max"", ""shap"": 2.911740303039551, ""value"": 0.7854102253913879, ""model_input"": 0.7854102253913879}, {""feature"": ""name_sim_max_pm_dirigeant"", ""shap"": 1.4775419235229492, ""value"": 0.6378787878787878, ""model_input"": 0.6378787878787878}, {""feature"": ""name_sim_max_etab"", ""shap"": -0.7755082249641418, ""value"": 0.6378787878787878, ""model_input"": 0.6378787878787878}, {""feature"": ""name_semantic_second"", ""shap"": -0.5422083139419556, ""value"": 0.25872302055358887, ""model_input"": 0.25872302055358887}, {""feature"": ""token_overlap_ul"", ""shap"": 0.5151189565658569, ""value"": 0.3333333333333333, ""model_input"": 0.3333333333333333}, {""feature"": ""addr_token_overlap"", ""shap"": -0.479645699262619, ""value"": 0.16666666666666666, ""model_input"": 0.16666666666666666}, {""feature"": ""addr_jaro"", ""shap"": -0.3504840135574341, ""value"": 0.5384615384615384, ""model_input"": 0.5384615384615384}, {""feature"": ""name_token_overlap_max"", ""shap"": 0.3266960382461548, ""value"": 0.25, ""model_input"": 0.25}, {""feature"": ""type_of_max_name"", ""shap"": 0.3095482587814331, ""value"": 7.0, ""model_input"": 7.0}, {""feature"": ""addr_levenshtein"", ""shap"": -0.25513532757759094, ""value"": 0.375, ""model_input"": 0.375}]}"
DELTA SERVICE LOCATION,29 Route de Lyon,69960,CORBAS,88461033800011,0.9066612124443054,XDE INVEST,RUE DE SAVOIE,CORBAS,69960,69273,5,"{""bias"": 1.1616770029067993, ""margin"": 2.2735328674316406, ""prob_from_margin"": 0.9066611924220302, ""top"": [{""feature"": ""name_semantic_max"", ""shap"": 2.751638650894165, ""value"": 0.7854102253913879, ""model_input"": 0.7854102253913879}, {""feature"": ""name_sim_max_pm_dirigeant"", ""shap"": 1.229097843170166, ""value"": 0.6896103896103897, ""model_input"": 0.6896103896103897}, {""feature"": ""name_sim_max_etab"", ""shap"": -0.8470250964164734, ""value"": 0.6896103896103897, ""model_input"": 0.6896103896103897}, {""feature"": ""token_overlap_ul"", ""shap"": -0.7039880752563477, ""value"": 0.0, ""model_input"": 0.0}, {""feature"": ""name_semantic_second"", ""shap"": -0.6156637072563171, ""value"": 0.32542359828948975, ""model_input"": 0.32542359828948975}, {""feature"": ""addr_token_overlap"", ""shap"": -0.43163567781448364, ""value"": 0.16666666666666666, ""model_input"": 0.16666666666666666}, {""feature"": ""name_token_overlap_max"", ""shap"": 0.3224799335002899, ""value"": 0.25, ""model_input"": 0.25}, {""feature"": ""addr_jaro"", ""shap"": -0.28062155842781067, ""value"": 0.5384615384615384, ""model_input"": 0.5384615384615384}, {""feature"": ""street_number_diff"", ""shap"": 0.24890828132629395, ""value"": 9999.0, ""model_input"": 9999.0}, {""feature"": ""name_jaro_max"", ""shap"": -0.23578138649463654, ""value"": 0.6896103896103897, ""model_input"": 0.6896103896103897}]}"
DELTA SERVICE LOCATION,29 Route de Lyon,69960,CORBAS,88461033800011,0.9066612124443054,XDE INVEST,RUE DE SAVOIE,CORBAS,69960,69273,5,"{""bias"": 1.1616770029067993, ""margin"": 2.2735328674316406, ""prob_from_margin"": 0.9066611924220302, ""top"": [{""feature"": ""name_semantic_max"", ""shap"": 2.751638650894165, ""value"": 0.7854102253913879, ""model_input"": 0.7854102253913879}, {""feature"": ""name_sim_max_pm_dirigeant"", ""shap"": 1.229097843170166, ""value"": 0.6896103896103897, ""model_input"": 0.6896103896103897}, {""feature"": ""name_sim_max_etab"", ""shap"": -0.8470250964164734, ""value"": 0.6896103896103897, ""model_input"": 0.6896103896103897}, {""feature"": ""token_overlap_ul"", ""shap"": -0.7039880752563477, ""value"": 0.0, ""model_input"": 0.0}, {""feature"": ""name_semantic_second"", ""shap"": -0.6156637072563171, ""value"": 0.32542359828948975, ""model_input"": 0.32542359828948975}, {""feature"": ""addr_token_overlap"", ""shap"": -0.43163567781448364, ""value"": 0.16666666666666666, ""model_input"": 0.16666666666666666}, {""feature"": ""name_token_overlap_max"", ""shap"": 0.3224799335002899, ""value"": 0.25, ""model_input"": 0.25}, {""feature"": ""addr_jaro"", ""shap"": -0.28062155842781067, ""value"": 0.5384615384615384, ""model_input"": 0.5384615384615384}, {""feature"": ""street_number_diff"", ""shap"": 0.24890828132629395, ""value"": 9999.0, ""model_input"": 9999.0}, {""feature"": ""name_jaro_max"", ""shap"": -0.23578138649463654, ""value"": 0.6896103896103897, ""model_input"": 0.6896103896103897}]}"
DEXIS,92 Avenue des Bruyères,69150,DECINES-CHARPIEU,91034831700017,0.9722653031349182,CNP,92 AVENUE DES BRUYERES,DECINES-CHARPIEU,69150,69275,1,"{""bias"": 1.1616770029067993, ""margin"": 3.5569472312927246, ""prob_from_margin"": 0.9722653770801589, ""top"": [{""feature"": ""name_semantic_max"", ""shap"": -1.5137068033218384, ""value"": 0.4555952847003937, ""model_input"": 0.4555952847003937}, {""feature"": ""addr_token_overlap"", ""shap"": 1.240369200706482, ""value"": 1.0, ""model_input"": 1.0}, {""feature"": ""street_number_diff"", ""shap"": 1.006105661392212, ""value"": 0.0, ""model_input"": 0.0}, {""feature"": ""name_addr_consistency"", ""shap"": 0.9086222052574158, ""value"": 0.0, ""model_input"": 0.0}, {""feature"": ""addr_jaro"", ""shap"": 0.7518985271453857, ""value"": 1.0, ""model_input"": 1.0}, {""feature"": ""name_sim_max_etab"", ""shap"": 0.746626615524292, ""value"": 0.0, ""model_input"": 0.0}, {""feature"": ""name_jaro_max"", ""shap"": 0.6819659471511841, ""value"": 0.0, ""model_input"": 0.0}, {""feature"": ""addr_levenshtein"", ""shap"": 0.5977421998977661, ""value"": 1.0, ""model_input"": 1.0}, {""feature"": ""name_sim_max_ul"", ""shap"": -0.557469367980957, ""value"": 0.0, ""model_input"": 0.0}, {""feature"": ""name_length_max"", ""shap"": -0.34329473972320557, ""value"": 3.0, ""model_input"": 3.0}]}"
DEXIS,92 Avenue des Bruyères,69150,DECINES-CHARPIEU,99292617000018,0.9662413597106934,M&N GROUP,92 AVENUE DES BRUYERES,DECINES-CHARPIEU,69150,69275,2,"{""bias"": 1.1616770029067993, ""margin"": 3.354179859161377, ""prob_from_margin"": 0.9662414443409106, ""top"": [{""feature"": ""addr_token_overlap"", ""shap"": 1.151146411895752, ""value"": 1.0, ""model_input"": 1.0}, {""feature"": ""street_number_diff"", ""shap"": 1.0345454216003418, ""value"": 0.0, ""model_input"": 0.0}, {""feature"": ""name_semantic_max"", ""shap"": -0.956083357334137, ""value"": 0.5434579849243164, ""model_input"": 0.5434579849243164}, {""feature"": ""name_sim_max_etab"", ""shap"": 0.7766722440719604, ""value"": 0.0, ""model_input"": 0.0}, {""feature"": ""addr_jaro"", ""shap"": 0.7601526379585266, ""value"": 1.0, ""model_input"": 1.0}, {""feature"": ""name_sim_max_ul"", ""shap"": -0.6832902431488037, ""value"": 0.0, ""model_input"": 0.0}, {""feature"": ""name_addr_consistency"", ""shap"": 0.6638643145561218, ""value"": 0.0, ""model_input"": 0.0}, {""feature"": ""name_jaro_max"", ""shap"": 0.5159728527069092, ""value"": 0.0, ""model_input"": 0.0}, {""feature"": ""addr_levenshtein"", ""shap"": 0.503244161605835, ""value"": 1.0, ""model_input"": 1.0}, {""feature"": ""type_of_max_name"", ""shap"": 0.4148944020271301, ""value"": 7.0, ""model_input"": 7.0}]}"
DEXIS,92 Avenue des Bruyères,69150,DECINES-CHARPIEU,82299922300024,0.9611392617225647,BCC,92 AVENUE DES BRUYERES,DECINES-CHARPIEU,69150,69275,3,"{""bias"": 1.1616770029067993, ""margin"": 3.2081351280212402, ""prob_from_margin"": 0.9611392713726747, ""top"": [{""feature"": ""name_semantic_max"", ""shap"": -2.432471513748169, ""value"": 0.30575481057167053, ""model_input"": 0.30575481057167053}, {""feature"": ""addr_token_overlap"", ""shap"": 1.1576682329177856, ""value"": 1.0, ""model_input"": 1.0}, {""feature"": ""street_number_diff"", ""shap"": 1.0272009372711182, ""value"": 0.0, ""model_input"": 0.0}, {""feature"": ""name_addr_consistency"", ""shap"": 0.9942636489868164, ""value"": 0.0, ""model_input"": 0.0}, {""feature"": ""addr_jaro"", ""shap"": 0.8921447992324829, ""value"": 1.0, ""model_input"": 1.0}, {""feature"": ""name_sim_max_etab"", ""shap"": 0.8775838613510132, ""value"": 0.0, ""model_input"": 0.0}, {""feature"": ""name_jaro_max"", ""shap"": 0.57115238904953, ""value"": 0.0, ""model_input"": 0.0}, {""feature"": ""addr_levenshtein"", ""shap"": 0.5086674094200134, ""value"": 1.0, ""model_input"": 1.0}, {""feature"": ""name_sim_max_ul"", ""shap"": -0.44456934928894043, ""value"": 0.0, ""model_input"": 0.0}, {""feature"": ""name_token_overlap_max"", ""shap"": -0.3178189694881439, ""value"": 0.0, ""model_input"": 0.0}]}"
DEXIS,92 Avenue des Bruyères,69150,DECINES-CHARPIEU,97350016800057,0.9564998745918274,SBM,92 AVENUE DES BRUYERES,DECINES-CHARPIEU,69150,69275,4,"{""bias"": 1.1616770029067993, ""margin"": 3.090515613555908, ""prob_from_margin"": 0.9564998236980623, ""top"": [{""feature"": ""addr_token_overlap"", ""shap"": 1.2718547582626343, ""value"": 1.0, ""model_input"": 1.0}, {""feature"": ""name_semantic_max"", ""shap"": -1.1175663471221924, ""value"": 0.5022300481796265, ""model_input"": 0.5022300481796265}, {""feature"": ""street_number_diff"", ""shap"": 1.0848064422607422, ""value"": 0.0, ""model_input"": 0.0}, {""feature"": ""name_sim_max_etab"", ""shap"": 0.7650750279426575, ""value"": 0.0, ""model_input"": 0.0}, {""feature"": ""addr_jaro"", ""shap"": 0.5501111149787903, ""value"": 1.0, ""model_input"": 1.0}, {""feature"": ""type_of_max_name"", ""shap"": 0.5217637419700623, ""value"": 7.0, ""model_input"": 7.0}, {""feature"": ""addr_levenshtein"", ""shap"": 0.48450320959091187, ""value"": 1.0, ""model_input"": 1.0}, {""feature"": ""name_semantic_second"", ""shap"": -0.3646736145019531, ""value"": 0.3917120099067688, ""model_input"": 0.3917120099067688}, {""feature"": ""name_sim_max_pm_dirigeant"", ""shap"": -0.3339560627937317, ""value"": 0.0, ""model_input"": 0.0}, {""feature"": ""name_token_overlap_max"", ""shap"": -0.33070826530456543, ""value"": 0.0, ""model_input"": 0.0}]}"
DEXIS,92 Avenue des Bruyères,69150,DECINES-CHARPIEU,84955409200015,0.9286625385284424,A ET L,92 AVENUE DES BRUYERES,DECINES-CHARPIEU,69150,69275,5,"{""bias"": 1.1616770029067993, ""margin"": 2.566324234008789, ""prob_from_margin"": 0.9286625656475167, ""top"": [{""feature"": ""name_semantic_max"", ""shap"": -2.2320659160614014, ""value"": 0.37845951318740845, ""model_input"": 0.37845951318740845}, {""feature"": ""addr_token_overlap"", ""shap"": 1.1786267757415771, ""value"": 1.0, ""model_input"": 1.0}, {""feature"": ""street_number_diff"", ""shap"": 1.1641093492507935, ""value"": 0.0, ""model_input"": 0.0}, {""feature"": ""addr_jaro"", ""shap"": 0.7484142780303955, ""value"": 1.0, ""model_input"": 1.0}, {""feature"": ""name_sim_max_etab"", ""shap"": 0.7253319025039673, ""value"": 0.0, ""model_input"": 0.0}, {""feature"": ""addr_levenshtein"", ""shap"": 0.5884010791778564, ""value"": 1.0, ""model_input"": 1.0}, {""feature"": ""name_semantic_second"", ""shap"": -0.4119489789009094, ""value"": 0.0, ""model_input"": 0.0}, {""feature"": ""type_of_max_name"", ""shap"": 0.3982250392436981, ""value"": 7.0, ""model_input"": 7.0}, {""feature"": ""name_sim_max_pm_dirigeant"", ""shap"": -0.37124666571617126, ""value"": 0.0, ""model_input"": 0.0}, {""feature"": ""name_token_overlap_max"", ""shap"": -0.34110161662101746, ""value"": 0.0, ""model_input"": 0.0}]}"
DGDDI LYON,12 AVENUE SIMONE VEIL,69150,DECINES CHARPIEU,44432008900022,0.9262685179710388,HOTEL ECLIPSE,25 AVENUE JEAN JAURES,DECINES-CHARPIEU,69150,69275,1,"{""bias"": 1.1616770029067993, ""margin"": 2.530733585357666, ""prob_from_margin"": 0.9262684694196177, ""top"": [{""feature"": ""name_token_overlap_max"", ""shap"": 0.761512041091919, ""value"": 0.3333333333333333, ""model_input"": 0.3333333333333333}, {""feature"": ""name_city_overlap_max"", ""shap"": 0.7598702311515808, ""value"": 0.3333333333333333, ""model_input"": 0.3333333333333333}, {""feature"": ""name_sim_max_etab"", ""shap"": 0.7149919271469116, ""value"": 0.3991452991452991, ""model_input"": 0.3991452991452991}, {""feature"": ""name_sim_max_pm_dirigeant"", ""shap"": -0.5797614455223083, ""value"": 0.0, ""model_input"": 0.0}, {""feature"": ""street_number_diff"", ""shap"": -0.5121163725852966, ""value"": 13.0, ""model_input"": 13.0}, {""feature"": ""token_overlap_ul"", ""shap"": 0.4801168739795685, ""value"": 0.5, ""model_input"": 0.5}, {""feature"": ""addr_token_overlap"", ""shap"": -0.47502750158309937, ""value"": 0.14285714285714285, ""model_input"": 0.14285714285714285}, {""feature"": ""type_of_max_name"", ""shap"": 0.4184495210647583, ""value"": 7.0, ""model_input"": 7.0}, {""feature"": ""name_semantic_max"", ""shap"": 0.3886168301105499, ""value"": 0.6024357080459595, ""model_input"": 0.6024357080459595}, {""feature"": ""is_siege"", ""shap"": 0.3801012635231018, ""value"": 1.0, ""model_input"": 1.0}]}"
DGDDI LYON,12 AVENUE SIMONE VEIL,69150,DECINES CHARPIEU,95752298000045,0.8944088816642761,CINE DIGITAL LYON,89 AVENUE DES BRUYERES,DECINES-CHARPIEU,69150,69275,2,"{""bias"": 1.1616770029067993, ""margin"": 2.136589288711548, ""prob_from_margin"": 0.8944089305020477, ""top"": [{""feature"": ""name_semantic_max"", ""shap"": 1.0517634153366089, ""value"": 0.6676853895187378, ""model_input"": 0.6676853895187378}, {""feature"": ""street_number_diff"", ""shap"": -0.7958171367645264, ""value"": 77.0, ""model_input"": 77.0}, {""feature"": ""name_sim_max_pm_dirigeant"", ""shap"": 0.6738713979721069, ""value"": 0.49523809523809526, ""model_input"": 0.49523809523809526}, {""feature"": ""token_overlap_ul"", ""shap"": 0.4855922758579254, ""value"": 0.5, ""model_input"": 0.5}, {""feature"": ""type_of_max_name"", ""shap"": 0.4115294814109802, ""value"": 7.0, ""model_input"": 7.0}, {""feature"": ""name_sim_max_etab"", ""shap"": 0.3854682743549347, ""value"": 0.49523809523809526, ""model_input"": 0.49523809523809526}, {""feature"": ""name_levenshtein_max"", ""shap"": -0.3606718182563782, ""value"": 0.4117647058823529, ""model_input"": 0.4117647058823529}, {""feature"": ""name_token_overlap_max"", ""shap"": 0.2952178716659546, ""value"": 0.25, ""model_input"": 0.25}, {""feature"": ""addr_levenshtein"", ""shap"": -0.24598097801208496, ""value"": 0.40909090909090906, ""model_input"": 0.40909090909090906}, {""feature"": ""addr_token_overlap"", ""shap"": -0.2329535037279129, ""value"": 0.14285714285714285, ""model_input"": 0.14285714285714285}]}"
DGDDI LYON,12 AVENUE SIMONE VEIL,69150,DECINES CHARPIEU,83508352800025,0.8453285694122314,KOPSTER HOTEL,12 AVENUE SIMONE VEIL,DECINES-CHARPIEU,69150,69275,3,"{""bias"": 1.1616770029067993, ""margin"": 1.6984214782714844, ""prob_from_margin"": 0.8453284584396203, ""top"": [{""feature"": ""name_semantic_max"", ""shap"": -2.667982816696167, ""value"": 0.34213921427726746, ""model_input"": 0.34213921427726746}, {""feature"": ""addr_token_overlap"", ""shap"": 1.1143560409545898, ""value"": 1.0, ""model_input"": 1.0}, {""feature"": ""street_number_diff"", ""shap"": 1.028128743171692, ""value"": 0.0, ""model_input"": 0.0}, {""feature"": ""addr_jaro"", ""shap"": 0.6966702938079834, ""value"": 1.0, ""model_input"": 1.0}, {""feature"": ""name_sim_max_etab"", ""shap"": 0.6632325649261475, ""value"": 0.3936507936507936, ""model_input"": 0.3936507936507936}, {""feature"": ""addr_levenshtein"", ""shap"": 0.5533182621002197, ""value"": 1.0, ""model_input"": 1.0}, {""feature"": ""name_semantic_second"", ""shap"": -0.49494025111198425, ""value"": 0.3366754651069641, ""model_input"": 0.3366754651069641}, {""feature"": ""type_of_max_name"", ""shap"": 0.40355798602104187, ""value"": 7.0, ""model_input"": 7.0}, {""feature"": ""name_token_overlap_max"", ""shap"": -0.3529135584831238, ""value"": 0.0, ""model_input"": 0.0}, {""feature"": ""name_levenshtein_max"", ""shap"": 0.31941309571266174, ""value"": 0.07692307692307687, ""model_input"": 0.07692307692307687}]}"
DGDDI LYON,12 AVENUE SIMONE VEIL,69150,DECINES CHARPIEU,93362445400015,0.8005151748657227,UNION DES MOSQUEES DE DITIB LYON,72 RUE PAUL ET MARC BARBEZAT,DECINES-CHARPIEU,69150,69275,4,"{""bias"": 1.1616770029067993, ""margin"": 1.3895165920257568, ""prob_from_margin"": 0.8005150586079646, ""top"": [{""feature"": ""name_semantic_max"", ""shap"": -1.6367700099945068, ""value"": 0.5041940212249756, ""model_input"": 0.5041940212249756}, {""feature"": ""name_sim_max_etab"", ""shap"": 1.050707221031189, ""value"": 0.0, ""model_input"": 0.0}, {""feature"": ""type_of_max_name"", ""shap"": 0.9027971029281616, ""value"": 7.0, ""model_input"": 7.0}, {""feature"": ""token_overlap_ul"", ""shap"": 0.6905516982078552, ""value"": 0.5, ""model_input"": 0.5}, {""feature"": ""name_length_max"", ""shap"": 0.46480482816696167, ""value"": 32.0, ""model_input"": 32.0}, {""feature"": ""name_sim_max_ul"", ""shap"": -0.4505729377269745, ""value"": 0.41875, ""model_input"": 0.41875}, {""feature"": ""name_jaro_max"", ""shap"": 0.4278797507286072, ""value"": 0.41875, ""model_input"": 0.41875}, {""feature"": ""street_number_diff"", ""shap"": -0.39330995082855225, ""value"": 60.0, ""model_input"": 60.0}, {""feature"": ""addr_levenshtein"", ""shap"": -0.339911550283432, ""value"": 0.2857142857142857, ""model_input"": 0.2857142857142857}, {""feature"": ""name_sim_max_pm_dirigeant"", ""shap"": -0.3036976456642151, ""value"": 0.0, ""model_input"": 0.0}]}"
DGDDI LYON,12 AVENUE SIMONE VEIL,69150,DECINES CHARPIEU,79382644700013,0.758739173412323,FONDS DE DOTATION FONDITIB LYON,72 RUE PAUL ET MARC BARBEZAT,DECINES-CHARPIEU,69150,69275,5,"{""bias"": 1.1616770029067993, ""margin"": 1.1457791328430176, ""prob_from_margin"": 0.7587391140679273, ""top"": [{""feature"": ""name_semantic_max"", ""shap"": -1.516825795173645, ""value"": 0.4901547431945801, ""model_input"": 0.4901547431945801}, {""feature"": ""name_sim_max_etab"", ""shap"": 1.053361415863037, ""value"": 0.0, ""model_input"": 0.0}, {""feature"": ""type_of_max_name"", ""shap"": 0.7899658679962158, ""value"": 7.0, ""model_input"": 7.0}, {""feature"": ""token_overlap_ul"", ""shap"": 0.605242133140564, ""value"": 0.5, ""model_input"": 0.5}, {""feature"": ""name_length_max"", ""shap"": 0.5016894936561584, ""value"": 31.0, ""model_input"": 31.0}, {""feature"": ""street_number_diff"", ""shap"": -0.4332028925418854, ""value"": 60.0, ""model_input"": 60.0}, {""feature"": ""name_semantic_second"", ""shap"": -0.316888689994812, ""value"": 0.0, ""model_input"": 0.0}, {""feature"": ""name_sim_max_pm_dirigeant"", ""shap"": -0.2978270649909973, ""value"": 0.0, ""model_input"": 0.0}, {""feature"": ""name_count"", ""shap"": 0.28427112102508545, ""value"": 1.0, ""model_input"": 1.0}, {""feature"": ""name_sim_max_ul"", ""shap"": -0.22028526663780212, ""value"": 0.49907834101382487, ""model_input"": 0.49907834101382487}]}"
DIATEX,8 Avenue de l’Industrie,69960,CORBAS,33999882500048,0.9994679093360901,DIATEX,8 AVENUE DE L'INDUSTRIE,CORBAS,69960,69273,1,"{""bias"": 1.1616770029067993, ""margin"": 7.538144111633301, ""prob_from_margin"": 0.9994678985305278, ""top"": [{""feature"": ""name_semantic_max"", ""shap"": 2.245689868927002, ""value"": 1.0000001192092896, ""model_input"": 1.0000001192092896}, {""feature"": ""name_token_overlap_max"", ""shap"": 0.9771692752838135, ""value"": 1.0, ""model_input"": 1.0}, {""feature"": ""name_sim_max_pm_dirigeant"", ""shap"": 0.730315089225769, ""value"": 0.5555555555555555, ""model_input"": 0.5555555555555555}, {""feature"": ""token_overlap_ul"", ""shap"": 0.712421178817749, ""value"": 1.0, ""model_input"": 1.0}, {""feature"": ""name_crm_contains_cand_max"", ""shap"": 0.4694564938545227, ""value"": 1.0, ""model_input"": 1.0}, {""feature"": ""is_siege"", ""shap"": -0.46553322672843933, ""value"": 0.0, ""model_input"": 0.0}, {""feature"": ""street_number_diff"", ""shap"": 0.45021969079971313, ""value"": 0.0, ""model_input"": 0.0}, {""feature"": ""addr_token_overlap"", ""shap"": 0.3660357594490051, ""value"": 0.6, ""model_input"": 0.6}, {""feature"": ""name_sim_max_etab"", ""shap"": -0.21118797361850739, ""value"": 0.5555555555555555, ""model_input"": 0.5555555555555555}, {""feature"": ""addr_jaro"", ""shap"": 0.19949302077293396, ""value"": 0.9826086956521739, ""model_input"": 0.9826086956521739}]}"
DIATEX,8 Avenue de l’Industrie,69960,CORBAS,43916488000023,0.9578269124031067,C B L F R,8 AVENUE DE L'INDUSTRIE,CORBAS,69960,69273,2,"{""bias"": 1.1616770029067993, ""margin"": 3.1228866577148438, ""prob_from_margin"": 0.9578269873343979, ""top"": [{""feature"": ""name_semantic_max"", ""shap"": -2.23514723777771, ""value"": 0.3429637849330902, ""model_input"": 0.3429637849330902}, {""feature"": ""name_addr_consistency"", ""shap"": 1.066780924797058, ""value"": 0.0, ""model_input"": 0.0}, {""feature"": ""street_number_diff"", ""shap"": 0.9850702285766602, ""value"": 0.0, ""model_input"": 0.0}, {""feature"": ""name_sim_max_etab"", ""shap"": 0.8711695671081543, ""value"": 0.0, ""model_input"": 0.0}, {""feature"": ""addr_levenshtein"", ""shap"": 0.795522928237915, ""value"": 0.9565217391304348, ""model_input"": 0.9565217391304348}, {""feature"": ""addr_token_overlap"", ""shap"": 0.7658326625823975, ""value"": 0.6, ""model_input"": 0.6}, {""feature"": ""addr_jaro"", ""shap"": 0.7049442529678345, ""value"": 0.9826086956521739, ""model_input"": 0.9826086956521739}, {""feature"": ""type_of_max_name"", ""shap"": 0.6020575165748596, ""value"": 7.0, ""model_input"": 7.0}, {""feature"": ""name_jaro_max"", ""shap"": 0.5941070318222046, ""value"": 0.0, ""model_input"": 0.0}, {""feature"": ""name_sim_max_ul"", ""shap"": -0.48149335384368896, ""value"": 0.0, ""model_input"": 0.0}]}"
DIATEX,8 Avenue de l’Industrie,69960,CORBAS,53278720700036,0.9308456778526306,T.G.E,8 AVENUE DE L'INDUSTRIE,CORBAS,69960,69273,3,"{""bias"": 1.1616770029067993, ""margin"": 2.5997538566589355, ""prob_from_margin"": 0.9308457366097349, ""top"": [{""feature"": ""name_semantic_max"", ""shap"": -1.378880262374878, ""value"": 0.5050784349441528, ""model_input"": 0.5050784349441528}, {""feature"": ""street_number_diff"", ""shap"": 1.246545433998108, ""value"": 0.0, ""model_input"": 0.0}, {""feature"": ""type_of_max_name"", ""shap"": 0.7831801772117615, ""value"": 7.0, ""model_input"": 7.0}, {""feature"": ""addr_levenshtein"", ""shap"": 0.7001431584358215, ""value"": 0.9565217391304348, ""model_input"": 0.9565217391304348}, {""feature"": ""name_sim_max_etab"", ""shap"": 0.6784135103225708, ""value"": 0.0, ""model_input"": 0.0}, {""feature"": ""addr_token_overlap"", ""shap"": 0.5820329785346985, ""value"": 0.6, ""model_input"": 0.6}, {""feature"": ""name_token_overlap_max"", ""shap"": -0.41675397753715515, ""value"": 0.0, ""model_input"": 0.0}, {""feature"": ""addr_jaro"", ""shap"": 0.3802378475666046, ""value"": 0.9826086956521739, ""model_input"": 0.9826086956521739}, {""feature"": ""name_sim_max_pm_dirigeant"", ""shap"": -0.3592720329761505, ""value"": 0.0, ""model_input"": 0.0}, {""feature"": ""name_sim_max_sigle"", ""shap"": -0.31734058260917664, ""value"": 0.45555555555555555, ""model_input"": 0.45555555555555555}]}"
DIATEX,8 Avenue de l’Industrie,69960,CORBAS,43373617000054,0.8733362555503845,EIFFAGE INFRASTRUCTURES GESTION ET DEVELOPPEMENT,8 RUE DU DAUPHINE,CORBAS,69960,69273,4,"{""bias"": 1.1616770029067993, ""margin"": 1.9307845830917358, ""prob_from_margin"": 0.8733362359276966, ""top"": [{""feature"": ""name_sim_max_pm_dirigeant"", ""shap"": 0.7743956446647644, ""value"": 0.4323671497584541, ""model_input"": 0.4323671497584541}, {""feature"": ""street_number_diff"", ""shap"": 0.7372956871986389, ""value"": 0.0, ""model_input"": 0.0}, {""feature"": ""name_sim_max_etab"", ""shap"": 0.7171220183372498, ""value"": 0.4323671497584541, ""model_input"": 0.4323671497584541}, {""feature"": ""name_sim_max_ul"", ""shap"": -0.6637407541275024, ""value"": 0.4166666666666667, ""model_input"": 0.4166666666666667}, {""feature"": ""name_semantic_second"", ""shap"": 0.5633953809738159, ""value"": 0.5621123909950256, ""model_input"": 0.5621123909950256}, {""feature"": ""addr_token_overlap"", ""shap"": -0.47104257345199585, ""value"": 0.14285714285714285, ""model_input"": 0.14285714285714285}, {""feature"": ""type_of_max_name"", ""shap"": 0.4362393021583557, ""value"": 4.0, ""model_input"": 4.0}, {""feature"": ""name_semantic_max"", ""shap"": 0.40327712893486023, ""value"": 0.6195126175880432, ""model_input"": 0.6195126175880432}, {""feature"": ""addr_levenshtein"", ""shap"": -0.4027155041694641, ""value"": 0.3913043478260869, ""model_input"": 0.3913043478260869}, {""feature"": ""name_addr_consistency"", ""shap"": 0.366275429725647, ""value"": 0.3025350834758151, ""model_input"": 0.3025350834758151}]}"
DIATEX,8 Avenue de l’Industrie,69960,CORBAS,84308328800020,0.8234021067619324,OUITRANS,8 AVENUE DE L'INDUSTRIE,CORBAS,69960,69273,5,"{""bias"": 1.1616770029067993, ""margin"": 1.5395698547363281, ""prob_from_margin"": 0.8234021860575231, ""top"": [{""feature"": ""name_semantic_max"", ""shap"": -1.9992289543151855, ""value"": 0.4650868773460388, ""model_input"": 0.4650868773460388}, {""feature"": ""street_number_diff"", ""shap"": 1.1680248975753784, ""value"": 0.0, ""model_input"": 0.0}, {""feature"": ""name_sim_max_etab"", ""shap"": 0.8146914839744568, ""value"": 0.0, ""model_input"": 0.0}, {""feature"": ""type_of_max_name"", ""shap"": 0.7369378209114075, ""value"": 7.0, ""model_input"": 7.0}, {""feature"": ""addr_token_overlap"", ""shap"": 0.704303503036499, ""value"": 0.6, ""model_input"": 0.6}, {""feature"": ""addr_levenshtein"", ""shap"": 0.6738938689231873, ""value"": 0.9565217391304348, ""model_input"": 0.9565217391304348}, {""feature"": ""name_length_max"", ""shap"": -0.43607884645462036, ""value"": 8.0, ""model_input"": 8.0}, {""feature"": ""name_token_overlap_max"", ""shap"": -0.3844715654850006, ""value"": 0.0, ""model_input"": 0.0}, {""feature"": ""addr_jaro"", ""shap"": 0.37252575159072876, ""value"": 0.9826086956521739, ""model_input"": 0.9826086956521739}, {""feature"": ""name_sim_max_pm_dirigeant"", ""shap"": -0.34287673234939575, ""value"": 0.0, ""model_input"": 0.0}]}"
DOLONIS,42 Rue Vaucanson,69150,DECINES-CHARPIEU,42086307800036,0.9998751878738403,DOLONIS,42 RUE VAUCANSON,DECINES-CHARPIEU,69150,69275,1,"{""bias"": 1.1616770029067993, ""margin"": 8.988446235656738, ""prob_from_margin"": 0.9998751716634091, ""top"": [{""feature"": ""name_semantic_max"", ""shap"": 2.281071662902832, ""value"": 0.9999998807907104, ""model_input"": 0.9999998807907104}, {""feature"": ""token_overlap_ul"", ""shap"": 0.9554115533828735, ""value"": 1.0, ""model_input"": 1.0}, {""feature"": ""name_sim_max_etab"", ""shap"": 0.8734328150749207, ""value"": 0.0, ""model_input"": 0.0}, {""feature"": ""name_token_overlap_max"", ""shap"": 0.8411314487457275, ""value"": 1.0, ""model_input"": 1.0}, {""feature"": ""name_crm_contains_cand_max"", ""shap"": 0.6273164749145508, ""value"": 1.0, ""model_input"": 1.0}, {""feature"": ""addr_token_overlap"", ""shap"": 0.5198917388916016, ""value"": 1.0, ""model_input"": 1.0}, {""feature"": ""street_number_diff"", ""shap"": 0.489792138338089, ""value"": 0.0, ""model_input"": 0.0}, {""feature"": ""is_siege"", ""shap"": 0.36833393573760986, ""value"": 1.0, ""model_input"": 1.0}, {""feature"": ""name_addr_consistency"", ""shap"": 0.3654331564903259, ""value"": 1.0, ""model_input"": 1.0}, {""feature"": ""name_sim_max_pm_dirigeant"", ""shap"": -0.3346637785434723, ""value"": 0.0, ""model_input"": 0.0}]}"
DOLONIS,42 Rue Vaucanson,69150,DECINES-CHARPIEU,48355837500026,0.9679673314094543,DIAKELYS,42 RUE VAUCANSON,DECINES-CHARPIEU,69150,69275,2,"{""bias"": 1.1616770029067993, ""margin"": 3.4084396362304688, ""prob_from_margin"": 0.9679672561739038, ""top"": [{""feature"": ""addr_token_overlap"", ""shap"": 1.2709136009216309, ""value"": 1.0, ""model_input"": 1.0}, {""feature"": ""street_number_diff"", ""shap"": 1.2572135925292969, ""value"": 0.0, ""model_input"": 0.0}, {""feature"": ""name_sim_max_etab"", ""shap"": 0.7921820878982544, ""value"": 0.0, ""model_input"": 0.0}, {""feature"": ""name_semantic_max"", ""shap"": -0.7247102856636047, ""value"": 0.5315579175949097, ""model_input"": 0.5315579175949097}, {""feature"": ""addr_jaro"", ""shap"": 0.6549628376960754, ""value"": 1.0, ""model_input"": 1.0}, {""feature"": ""type_of_max_name"", ""shap"": 0.5679618120193481, ""value"": 7.0, ""model_input"": 7.0}, {""feature"": ""addr_levenshtein"", ""shap"": 0.5584675073623657, ""value"": 1.0, ""model_input"": 1.0}, {""feature"": ""name_sim_max_pm_dirigeant"", ""shap"": -0.4566601812839508, ""value"": 0.0, ""model_input"": 0.0}, {""feature"": ""name_semantic_second"", ""shap"": -0.37468165159225464, ""value"": 0.0, ""model_input"": 0.0}, {""feature"": ""name_addr_consistency"", ""shap"": -0.32419729232788086, ""value"": 0.6011904761904762, ""model_input"": 0.6011904761904762}]}"
DOLONIS,42 Rue Vaucanson,69150,DECINES-CHARPIEU,53271962200047,0.9328746795654297,BSPM,42 RUE VAUCANSON,DECINES-CHARPIEU,69150,69275,3,"{""bias"": 1.1616770029067993, ""margin"": 2.6317124366760254, ""prob_from_margin"": 0.9328748606128003, ""top"": [{""feature"": ""name_semantic_max"", ""shap"": -3.445615291595459, ""value"": 0.27720093727111816, ""model_input"": 0.27720093727111816}, {""feature"": ""addr_token_overlap"", ""shap"": 1.1479618549346924, ""value"": 1.0, ""model_input"": 1.0}, {""feature"": ""name_addr_consistency"", ""shap"": 1.0995585918426514, ""value"": 0.0, ""model_input"": 0.0}, {""feature"": ""street_number_diff"", ""shap"": 1.024298071861267, ""value"": 0.0, ""model_input"": 0.0}, {""feature"": ""addr_jaro"", ""shap"": 0.9410117864608765, ""value"": 1.0, ""model_input"": 1.0}, {""feature"": ""name_sim_max_etab"", ""shap"": 0.8330651521682739, ""value"": 0.0, ""model_input"": 0.0}, {""feature"": ""addr_levenshtein"", ""shap"": 0.6114699840545654, ""value"": 1.0, ""model_input"": 1.0}, {""feature"": ""name_jaro_max"", ""shap"": 0.488604873418808, ""value"": 0.0, ""model_input"": 0.0}, {""feature"": ""name_sim_max_ul"", ""shap"": -0.43453294038772583, ""value"": 0.0, ""model_input"": 0.0}, {""feature"": ""name_levenshtein_max"", ""shap"": 0.3765052258968353, ""value"": 0.0, ""model_input"": 0.0}]}"
DOLONIS,42 Rue Vaucanson,69150,DECINES-CHARPIEU,48784306200026,0.9137037396430969,CRAFS CENTRE REG AUX FORMATIONS SECURITE,42 RUE VAUCANSON,DECINES-CHARPIEU,69150,69275,4,"{""bias"": 1.1616770029067993, ""margin"": 2.359720468521118, ""prob_from_margin"": 0.9137037672212807, ""top"": [{""feature"": ""name_semantic_max"", ""shap"": -2.225651264190674, ""value"": 0.3725844621658325, ""model_input"": 0.3725844621658325}, {""feature"": ""addr_token_overlap"", ""shap"": 1.1591771841049194, ""value"": 1.0, ""model_input"": 1.0}, {""feature"": ""street_number_diff"", ""shap"": 1.1221717596054077, ""value"": 0.0, ""model_input"": 0.0}, {""feature"": ""addr_jaro"", ""shap"": 0.7731865048408508, ""value"": 1.0, ""model_input"": 1.0}, {""feature"": ""name_sim_max_etab"", ""shap"": 0.6745545864105225, ""value"": 0.0, ""model_input"": 0.0}, {""feature"": ""addr_levenshtein"", ""shap"": 0.5934417843818665, ""value"": 1.0, ""model_input"": 1.0}, {""feature"": ""name_sim_max_pm_dirigeant"", ""shap"": -0.3891649544239044, ""value"": 0.0, ""model_input"": 0.0}, {""feature"": ""type_of_max_name"", ""shap"": 0.38554635643959045, ""value"": 7.0, ""model_input"": 7.0}, {""feature"": ""name_semantic_second"", ""shap"": -0.3434496521949768, ""value"": 0.33078277111053467, ""model_input"": 0.33078277111053467}, {""feature"": ""name_token_overlap_max"", ""shap"": -0.33769509196281433, ""value"": 0.0, ""model_input"": 0.0}]}"
DOLONIS,42 Rue Vaucanson,69150,DECINES-CHARPIEU,82131322800032,0.9034484028816223,TRULLI,42 RUE VAUCANSON,DECINES-CHARPIEU,69150,69275,5,"{""bias"": 1.1616770029067993, ""margin"": 2.2361419200897217, ""prob_from_margin"": 0.9034484439098822, ""top"": [{""feature"": ""name_semantic_max"", ""shap"": -1.4730157852172852, ""value"": 0.480682373046875, ""model_input"": 0.480682373046875}, {""feature"": ""addr_token_overlap"", ""shap"": 1.3960176706314087, ""value"": 1.0, ""model_input"": 1.0}, {""feature"": ""street_number_diff"", ""shap"": 1.0683084726333618, ""value"": 0.0, ""model_input"": 0.0}, {""feature"": ""name_sim_max_etab"", ""shap"": 0.7507975101470947, ""value"": 0.0, ""model_input"": 0.0}, {""feature"": ""addr_jaro"", ""shap"": 0.608039379119873, ""value"": 1.0, ""model_input"": 1.0}, {""feature"": ""addr_levenshtein"", ""shap"": 0.5394576191902161, ""value"": 1.0, ""model_input"": 1.0}, {""feature"": ""type_of_max_name"", ""shap"": 0.45368248224258423, ""value"": 7.0, ""model_input"": 7.0}, {""feature"": ""name_sim_max_pm_dirigeant"", ""shap"": -0.42307743430137634, ""value"": 0.0, ""model_input"": 0.0}, {""feature"": ""name_semantic_second"", ""shap"": -0.4155994951725006, ""value"": 0.0, ""model_input"": 0.0}, {""feature"": ""name_token_overlap_max"", ""shap"": -0.3314282298088074, ""value"": 0.0, ""model_input"": 0.0}]}"
DigitBoxing and coall,25 Avenue Beauregard,69150,DECINES-CHARPIEU,43136403300040,0.9951849579811096,MATOS 2 BOXE,25 AVENUE BEAUREGARD,DECINES-CHARPIEU,69150,69275,1,"{""bias"": 1.1616770029067993, ""margin"": 5.331190586090088, ""prob_from_margin"": 0.995184990329225, ""top"": [{""feature"": ""name_semantic_max"", ""shap"": 2.269207239151001, ""value"": 0.7600312232971191, ""model_input"": 0.7600312232971191}, {""feature"": ""name_sim_max_etab"", ""shap"": 0.9887312054634094, ""value"": 0.0, ""model_input"": 0.0}, {""feature"": ""street_number_diff"", ""shap"": 0.8334383964538574, ""value"": 0.0, ""model_input"": 0.0}, {""feature"": ""addr_token_overlap"", ""shap"": 0.6665570139884949, ""value"": 1.0, ""model_input"": 1.0}, {""feature"": ""name_sim_max_pm_dirigeant"", ""shap"": -0.4779296815395355, ""value"": 0.0, ""model_input"": 0.0}, {""feature"": ""token_overlap_ul"", ""shap"": 0.3890344798564911, ""value"": 0.3333333333333333, ""model_input"": 0.3333333333333333}, {""feature"": ""addr_jaro"", ""shap"": 0.33571693301200867, ""value"": 1.0, ""model_input"": 1.0}, {""feature"": ""addr_levenshtein"", ""shap"": 0.28499481081962585, ""value"": 1.0, ""model_input"": 1.0}, {""feature"": ""name_token_overlap_max"", ""shap"": -0.27556145191192627, ""value"": 0.0, ""model_input"": 0.0}, {""feature"": ""street_name_jaro"", ""shap"": -0.22993500530719757, ""value"": 1.0, ""model_input"": 1.0}]}"
DigitBoxing and coall,25 Avenue Beauregard,69150,DECINES-CHARPIEU,83119206700013,0.9680851697921753,ART METALLIQUE,25 AVENUE BEAUREGARD,DECINES-CHARPIEU,69150,69275,2,"{""bias"": 1.1616770029067993, ""margin"": 3.4122514724731445, ""prob_from_margin"": 0.96808523783501, ""top"": [{""feature"": ""name_semantic_max"", ""shap"": -1.6496763229370117, ""value"": 0.43101099133491516, ""model_input"": 0.43101099133491516}, {""feature"": ""addr_token_overlap"", ""shap"": 1.346348524093628, ""value"": 1.0, ""model_input"": 1.0}, {""feature"": ""street_number_diff"", ""shap"": 0.9590317606925964, ""value"": 0.0, ""model_input"": 0.0}, {""feature"": ""addr_jaro"", ""shap"": 0.8056877255439758, ""value"": 1.0, ""model_input"": 1.0}, {""feature"": ""name_sim_max_etab"", ""shap"": 0.7496377229690552, ""value"": 0.0, ""model_input"": 0.0}, {""feature"": ""name_addr_consistency"", ""shap"": 0.6873911023139954, ""value"": 0.3253968253968254, ""model_input"": 0.3253968253968254}, {""feature"": ""addr_levenshtein"", ""shap"": 0.579017698764801, ""value"": 1.0, ""model_input"": 1.0}, {""feature"": ""name_jaro_max"", ""shap"": 0.5690693855285645, ""value"": 0.3253968253968254, ""model_input"": 0.3253968253968254}, {""feature"": ""name_sim_max_pm_dirigeant"", ""shap"": -0.403535395860672, ""value"": 0.0, ""model_input"": 0.0}, {""feature"": ""name_semantic_second"", ""shap"": -0.3898061215877533, ""value"": 0.0, ""model_input"": 0.0}]}"
DigitBoxing and coall,25 Avenue Beauregard,69150,DECINES-CHARPIEU,51891410600027,0.9457510113716125,BOXING CLUB DECINOIS,13 RUE MARCEL THERRAS,DECINES-CHARPIEU,69150,69275,3,"{""bias"": 1.1616770029067993, ""margin"": 2.858393430709839, ""prob_from_margin"": 0.9457509317068065, ""top"": [{""feature"": ""name_sim_max_etab"", ""shap"": 1.1757841110229492, ""value"": 0.0, ""model_input"": 0.0}, {""feature"": ""name_semantic_max"", ""shap"": 1.0308606624603271, ""value"": 0.665964663028717, ""model_input"": 0.665964663028717}, {""feature"": ""token_overlap_ul"", ""shap"": 0.8026556372642517, ""value"": 0.3333333333333333, ""model_input"": 0.3333333333333333}, {""feature"": ""type_of_max_name"", ""shap"": 0.6343597173690796, ""value"": 7.0, ""model_input"": 7.0}, {""feature"": ""name_sim_max_pm_dirigeant"", ""shap"": -0.49271801114082336, ""value"": 0.0, ""model_input"": 0.0}, {""feature"": ""name_token_overlap_max"", ""shap"": -0.4205687940120697, ""value"": 0.0, ""model_input"": 0.0}, {""feature"": ""name_addr_consistency"", ""shap"": 0.4053474962711334, ""value"": 0.35096304048684995, ""model_input"": 0.35096304048684995}, {""feature"": ""name_semantic_second"", ""shap"": -0.36621546745300293, ""value"": 0.0, ""model_input"": 0.0}, {""feature"": ""addr_token_overlap"", ""shap"": -0.3367387354373932, ""value"": 0.0, ""model_input"": 0.0}, {""feature"": ""name_jaro_gap"", ""shap"": -0.3189374506473541, ""value"": 0.6281440781440781, ""model_input"": 0.6281440781440781}]}"
DigitBoxing and coall,25 Avenue Beauregard,69150,DECINES-CHARPIEU,83354823300034,0.878813624382019,H.ELEC,25 AVENUE BEAUREGARD,DECINES-CHARPIEU,69150,69275,4,"{""bias"": 1.1616770029067993, ""margin"": 1.9812437295913696, ""prob_from_margin"": 0.8788136819700276, ""top"": [{""feature"": ""name_semantic_max"", ""shap"": -2.123053789138794, ""value"": 0.3845347762107849, ""model_input"": 0.3845347762107849}, {""feature"": ""addr_token_overlap"", ""shap"": 1.3764195442199707, ""value"": 1.0, ""model_input"": 1.0}, {""feature"": ""name_addr_consistency"", ""shap"": 1.079819679260254, ""value"": 0.0, ""model_input"": 0.0}, {""feature"": ""addr_jaro"", ""shap"": 0.9196745157241821, ""value"": 1.0, ""model_input"": 1.0}, {""feature"": ""street_number_diff"", ""shap"": 0.8606634736061096, ""value"": 0.0, ""model_input"": 0.0}, {""feature"": ""name_sim_max_etab"", ""shap"": 0.8045469522476196, ""value"": 0.0, ""model_input"": 0.0}, {""feature"": ""addr_levenshtein"", ""shap"": 0.7277660369873047, ""value"": 1.0, ""model_input"": 1.0}, {""feature"": ""name_sim_max_ul"", ""shap"": -0.5831955671310425, ""value"": 0.0, ""model_input"": 0.0}, {""feature"": ""name_semantic_second"", ""shap"": -0.5571375489234924, ""value"": 0.3845347762107849, ""model_input"": 0.3845347762107849}, {""feature"": ""name_count"", ""shap"": -0.5268250703811646, ""value"": 3.0, ""model_input"": 3.0}]}"
DigitBoxing and coall,25 Avenue Beauregard,69150,DECINES-CHARPIEU,92382340500017,0.8130465745925903,DBG,13 RUE MARCEL THERRAS,DECINES-CHARPIEU,69150,69275,5,"{""bias"": 1.1616770029067993, ""margin"": 1.4699283838272095, ""prob_from_margin"": 0.8130465004824896, ""top"": [{""feature"": ""name_semantic_max"", ""shap"": 1.3824036121368408, ""value"": 0.6939887404441833, ""model_input"": 0.6939887404441833}, {""feature"": ""name_length_max"", ""shap"": -1.0118095874786377, ""value"": 3.0, ""model_input"": 3.0}, {""feature"": ""name_sim_max_etab"", ""shap"": 0.7070032954216003, ""value"": 0.0, ""model_input"": 0.0}, {""feature"": ""token_overlap_ul"", ""shap"": 0.6053377389907837, ""value"": 0.3333333333333333, ""model_input"": 0.3333333333333333}, {""feature"": ""name_token_overlap_max"", ""shap"": -0.4411345422267914, ""value"": 0.0, ""model_input"": 0.0}, {""feature"": ""addr_token_overlap"", ""shap"": -0.4126477539539337, ""value"": 0.0, ""model_input"": 0.0}, {""feature"": ""name_sim_max_pm_dirigeant"", ""shap"": -0.39843592047691345, ""value"": 0.0, ""model_input"": 0.0}, {""feature"": ""name_count"", ""shap"": 0.37950924038887024, ""value"": 2.0, ""model_input"": 2.0}, {""feature"": ""name_city_overlap_max"", ""shap"": 0.345093309879303, ""value"": 0.25, ""model_input"": 0.25}, {""feature"": ""addr_levenshtein"", ""shap"": -0.3439558744430542, ""value"": 0.19047619047619047, ""model_input"": 0.19047619047619047}]}"
EASYDIS CORBAS,44 Boulevard des Nations,69960,CORBAS,38312387400497,0.9995386600494385,EASYDIS,BOULEVARD DES NATIONS,CORBAS,69960,69273,1,"{""bias"": 1.1616770029067993, ""margin"": 7.680759906768799, ""prob_from_margin"": 0.9995385890240875, ""top"": [{""feature"": ""name_semantic_max"", ""shap"": 2.211031436920166, ""value"": 1.0, ""model_input"": 1.0}, {""feature"": ""name_token_overlap_max"", ""shap"": 1.0471118688583374, ""value"": 1.0, ""model_input"": 1.0}, {""feature"": ""token_overlap_ul"", ""shap"": 0.9117369651794434, ""value"": 1.0, ""model_input"": 1.0}, {""feature"": ""name_sim_max_pm_dirigeant"", ""shap"": 0.8939608931541443, ""value"": 0.5106516290726817, ""model_input"": 0.5106516290726817}, {""feature"": ""addr_token_overlap"", ""shap"": 0.6120132207870483, ""value"": 0.75, ""model_input"": 0.75}, {""feature"": ""name_crm_contains_cand_max"", ""shap"": 0.5615910887718201, ""value"": 1.0, ""model_input"": 1.0}, {""feature"": ""is_siege"", ""shap"": -0.40800637006759644, ""value"": 0.0, ""model_input"": 0.0}, {""feature"": ""name_addr_consistency"", ""shap"": 0.20335684716701508, ""value"": 0.8472222222222222, ""model_input"": 0.8472222222222222}, {""feature"": ""street_name_jaro"", ""shap"": -0.16760484874248505, ""value"": 0.9841269841269842, ""model_input"": 0.9841269841269842}, {""feature"": ""name_semantic_second"", ""shap"": -0.16505351662635803, ""value"": 0.43059587478637695, ""model_input"": 0.43059587478637695}]}"
EASYDIS CORBAS,44 Boulevard des Nations,69960,CORBAS,43316787100014,0.7254167795181274,ASS ENTENTE BADMINTON CORBAS,PL CHARLES JOCTEUR,CORBAS,69960,69273,2,"{""bias"": 1.1616770029067993, ""margin"": 0.9714914560317993, ""prob_from_margin"": 0.7254166767786339, ""top"": [{""feature"": ""name_semantic_max"", ""shap"": -1.975728154182434, ""value"": 0.43330544233322144, ""model_input"": 0.43330544233322144}, {""feature"": ""name_city_overlap_max"", ""shap"": 0.7297455668449402, ""value"": 0.25, ""model_input"": 0.25}, {""feature"": ""name_sim_max_etab"", ""shap"": 0.7165113091468811, ""value"": 0.0, ""model_input"": 0.0}, {""feature"": ""type_of_max_name"", ""shap"": 0.6698919534683228, ""value"": 7.0, ""model_input"": 7.0}, {""feature"": ""name_semantic_second"", ""shap"": -0.6263158917427063, ""value"": 0.0, ""model_input"": 0.0}, {""feature"": ""name_length_max"", ""shap"": 0.48819440603256226, ""value"": 28.0, ""model_input"": 28.0}, {""feature"": ""addr_levenshtein"", ""shap"": -0.47355565428733826, ""value"": 0.25, ""model_input"": 0.25}, {""feature"": ""is_siege"", ""shap"": 0.44903475046157837, ""value"": 1.0, ""model_input"": 1.0}, {""feature"": ""street_number_diff"", ""shap"": 0.3720436692237854, ""value"": 9999.0, ""model_input"": 9999.0}, {""feature"": ""name_token_overlap_max"", ""shap"": -0.3560156226158142, ""value"": 0.0, ""model_input"": 0.0}]}"
EASYDIS CORBAS,44 Boulevard des Nations,69960,CORBAS,82515263000034,0.5927456617355347,SPV PV 3,BOULEVARD DES NATIONS,CORBAS,69960,69273,3,"{""bias"": 1.1616770029067993, ""margin"": 0.3753282427787781, ""prob_from_margin"": 0.5927458395846553, ""top"": [{""feature"": ""name_semantic_max"", ""shap"": -2.0165934562683105, ""value"": 0.44198548793792725, ""model_input"": 0.44198548793792725}, {""feature"": ""addr_token_overlap"", ""shap"": 1.1258468627929688, ""value"": 0.75, ""model_input"": 0.75}, {""feature"": ""type_of_max_name"", ""shap"": 0.4417577087879181, ""value"": 4.0, ""model_input"": 4.0}, {""feature"": ""name_sim_max_pm_dirigeant"", ""shap"": 0.42465823888778687, ""value"": 0.4849206349206349, ""model_input"": 0.4849206349206349}, {""feature"": ""name_token_overlap_max"", ""shap"": -0.4101578891277313, ""value"": 0.0, ""model_input"": 0.0}, {""feature"": ""addr_levenshtein"", ""shap"": 0.3484336733818054, ""value"": 0.875, ""model_input"": 0.875}, {""feature"": ""token_overlap_ul"", ""shap"": -0.3384867310523987, ""value"": 0.0, ""model_input"": 0.0}, {""feature"": ""name_sim_max_etab"", ""shap"": 0.27665919065475464, ""value"": 0.4849206349206349, ""model_input"": 0.4849206349206349}, {""feature"": ""name_levenshtein_max"", ""shap"": 0.24825792014598846, ""value"": 0.1333333333333333, ""model_input"": 0.1333333333333333}, {""feature"": ""street_name_jaro"", ""shap"": -0.18580682575702667, ""value"": 0.9841269841269842, ""model_input"": 0.9841269841269842}]}"
EASYDIS CORBAS,44 Boulevard des Nations,69960,CORBAS,63204104253861,0.4238864779472351,COMPASS GROUP FRANCE 0552,BOULEVARD DES NATIONS,CORBAS,69960,69273,4,"{""bias"": 1.1616770029067993, ""margin"": -0.3068392276763916, ""prob_from_margin"": 0.42388643443083, ""top"": [{""feature"": ""addr_token_overlap"", ""shap"": 1.4068920612335205, ""value"": 0.75, ""model_input"": 0.75}, {""feature"": ""name_semantic_max"", ""shap"": -1.0642495155334473, ""value"": 0.5295908451080322, ""model_input"": 0.5295908451080322}, {""feature"": ""name_addr_consistency"", ""shap"": -0.5248814225196838, ""value"": 0.49811287477954136, ""model_input"": 0.49811287477954136}, {""feature"": ""name_token_overlap_max"", ""shap"": -0.45897769927978516, ""value"": 0.0, ""model_input"": 0.0}, {""feature"": ""name_count"", ""shap"": -0.3644782602787018, ""value"": 4.0, ""model_input"": 4.0}, {""feature"": ""addr_levenshtein"", ""shap"": 0.32134267687797546, ""value"": 0.875, ""model_input"": 0.875}, {""feature"": ""type_of_max_name"", ""shap"": 0.30631619691848755, ""value"": 6.0, ""model_input"": 6.0}, {""feature"": ""token_overlap_ul"", ""shap"": -0.3033907115459442, ""value"": 0.0, ""model_input"": 0.0}, {""feature"": ""name_sim_max_pm_dirigeant"", ""shap"": 0.22439171373844147, ""value"": 0.4226190476190476, ""model_input"": 0.4226190476190476}, {""feature"": ""name_sim_max_etab"", ""shap"": -0.19218996167182922, ""value"": 0.5161904761904762, ""model_input"": 0.5161904761904762}]}"
EASYDIS CORBAS,44 Boulevard des Nations,69960,CORBAS,21690273400013,0.4007677733898163,MAIRIE,PL CHARLES JOCTEUR,CORBAS,69960,69273,5,"{""bias"": 1.1616770029067993, ""margin"": -0.402268648147583, ""prob_from_margin"": 0.4007673950318933, ""top"": [{""feature"": ""name_semantic_max"", ""shap"": -2.3852121829986572, ""value"": 0.3927183747291565, ""model_input"": 0.3927183747291565}, {""feature"": ""name_city_overlap_max"", ""shap"": 1.5670644044876099, ""value"": 0.3333333333333333, ""model_input"": 0.3333333333333333}, {""feature"": ""name_length_max"", ""shap"": 0.7957273721694946, ""value"": 6.0, ""model_input"": 6.0}, {""feature"": ""name_semantic_second"", ""shap"": -0.7904163599014282, ""value"": 0.32085782289505005, ""model_input"": 0.32085782289505005}, {""feature"": ""is_siege"", ""shap"": 0.41774502396583557, ""value"": 1.0, ""model_input"": 1.0}, {""feature"": ""name_token_overlap_max"", ""shap"": -0.41038963198661804, ""value"": 0.0, ""model_input"": 0.0}, {""feature"": ""name_levenshtein_max"", ""shap"": -0.40059685707092285, ""value"": 0.2857142857142857, ""model_input"": 0.2857142857142857}, {""feature"": ""street_number_diff"", ""shap"": 0.34405314922332764, ""value"": 9999.0, ""model_input"": 9999.0}, {""feature"": ""addr_jaro"", ""shap"": -0.33880093693733215, ""value"": 0.5382996632996633, ""model_input"": 0.5382996632996633}, {""feature"": ""token_overlap_ul"", ""shap"": -0.32031896710395813, ""value"": 0.0, ""model_input"": 0.0}]}"
EBERLE,20 BOULEVARD DES NATIONS,69960,CORBAS,44974369900026,0.9996517896652222,EBERLE FRANCE,20 BOULEVARD DES NATIONS,CORBAS,69960,69273,1,"{""bias"": 1.1616770029067993, ""margin"": 7.9623942375183105, ""prob_from_margin"": 0.9996518031213906, ""top"": [{""feature"": ""name_semantic_max"", ""shap"": 2.5239219665527344, ""value"": 0.9207085967063904, ""model_input"": 0.9207085967063904}, {""feature"": ""name_sim_max_etab"", ""shap"": 0.9576616883277893, ""value"": 0.0, ""model_input"": 0.0}, {""feature"": ""name_token_overlap_max"", ""shap"": 0.8028283715248108, ""value"": 0.5, ""model_input"": 0.5}, {""feature"": ""token_overlap_ul"", ""shap"": 0.7533154487609863, ""value"": 1.0, ""model_input"": 1.0}, {""feature"": ""street_number_diff"", ""shap"": 0.6188318729400635, ""value"": 0.0, ""model_input"": 0.0}, {""feature"": ""addr_token_overlap"", ""shap"": 0.5698046684265137, ""value"": 1.0, ""model_input"": 1.0}, {""feature"": ""name_semantic_second"", ""shap"": 0.5653667449951172, ""value"": 0.9207085967063904, ""model_input"": 0.9207085967063904}, {""feature"": ""name_sim_max_pm_dirigeant"", ""shap"": -0.31136780977249146, ""value"": 0.0, ""model_input"": 0.0}, {""feature"": ""addr_jaro"", ""shap"": 0.2718629837036133, ""value"": 1.0, ""model_input"": 1.0}, {""feature"": ""addr_levenshtein"", ""shap"": 0.2663717269897461, ""value"": 1.0, ""model_input"": 1.0}]}"
EBERLE,20 BOULEVARD DES NATIONS,69960,CORBAS,21690273400013,0.9437351822853088,MAIRIE,PL CHARLES JOCTEUR,CORBAS,69960,69273,2,"{""bias"": 1.1616770029067993, ""margin"": 2.8197741508483887, ""prob_from_margin"": 0.9437350752231727, ""top"": [{""feature"": ""name_semantic_max"", ""shap"": -1.8228892087936401, ""value"": 0.45699355006217957, ""model_input"": 0.45699355006217957}, {""feature"": ""name_city_overlap_max"", ""shap"": 1.6470617055892944, ""value"": 0.3333333333333333, ""model_input"": 0.3333333333333333}, {""feature"": ""name_length_max"", ""shap"": 0.9900366067886353, ""value"": 6.0, ""model_input"": 6.0}, {""feature"": ""is_siege"", ""shap"": 0.4630632996559143, ""value"": 1.0, ""model_input"": 1.0}, {""feature"": ""name_token_overlap_max"", ""shap"": -0.39071300625801086, ""value"": 0.0, ""model_input"": 0.0}, {""feature"": ""street_number_diff"", ""shap"": 0.3794957101345062, ""value"": 9999.0, ""model_input"": 9999.0}, {""feature"": ""name_jaro_gap"", ""shap"": 0.35838085412979126, ""value"": 0.07189542483660122, ""model_input"": 0.07189542483660122}, {""feature"": ""token_overlap_ul"", ""shap"": -0.30830755829811096, ""value"": 0.0, ""model_input"": 0.0}, {""feature"": ""name_addr_consistency"", ""shap"": 0.307533860206604, ""value"": 0.2990553684998129, ""model_input"": 0.2990553684998129}, {""feature"": ""name_count"", ""shap"": 0.3065866529941559, ""value"": 2.0, ""model_input"": 2.0}]}"
EBERLE,20 BOULEVARD DES NATIONS,69960,CORBAS,41140300900011,0.6278366446495056,JOAN,AVENUE DE CORBETTA,CORBAS,69960,69273,3,"{""bias"": 1.1616770029067993, ""margin"": 0.5229479074478149, ""prob_from_margin"": 0.6278368268962106, ""top"": [{""feature"": ""name_semantic_max"", ""shap"": -2.1064462661743164, ""value"": 0.3510752320289612, ""model_input"": 0.3510752320289612}, {""feature"": ""name_addr_consistency"", ""shap"": 0.7671059370040894, ""value"": 0.0, ""model_input"": 0.0}, {""feature"": ""name_jaro_max"", ""shap"": 0.7655288577079773, ""value"": 0.0, ""model_input"": 0.0}, {""feature"": ""name_sim_max_ul"", ""shap"": -0.6578400135040283, ""value"": 0.0, ""model_input"": 0.0}, {""feature"": ""name_sim_max_etab"", ""shap"": 0.6399775147438049, ""value"": 0.0, ""model_input"": 0.0}, {""feature"": ""type_of_max_name"", ""shap"": 0.6000219583511353, ""value"": 7.0, ""model_input"": 7.0}, {""feature"": ""addr_token_overlap"", ""shap"": -0.44145938754081726, ""value"": 0.0, ""model_input"": 0.0}, {""feature"": ""street_number_diff"", ""shap"": 0.42868590354919434, ""value"": 9999.0, ""model_input"": 9999.0}, {""feature"": ""token_overlap_ul"", ""shap"": -0.38550934195518494, ""value"": 0.0, ""model_input"": 0.0}, {""feature"": ""name_semantic_second"", ""shap"": -0.3838466703891754, ""value"": 0.0, ""model_input"": 0.0}]}"
EBERLE,20 BOULEVARD DES NATIONS,69960,CORBAS,85175744300029,0.6267310380935669,IOZIA,26 BOULEVARD DES NATIONS,CORBAS,69960,69273,4,"{""bias"": 1.1616770029067993, ""margin"": 0.5182164907455444, ""prob_from_margin"": 0.6267306277154864, ""top"": [{""feature"": ""name_semantic_max"", ""shap"": -2.465198278427124, ""value"": 0.3413412570953369, ""model_input"": 0.3413412570953369}, {""feature"": ""street_number_diff"", ""shap"": -1.025708794593811, ""value"": 6.0, ""model_input"": 6.0}, {""feature"": ""name_sim_max_etab"", ""shap"": 0.8923987746238708, ""value"": 0.0, ""model_input"": 0.0}, {""feature"": ""name_addr_consistency"", ""shap"": 0.828270673751831, ""value"": 0.0, ""model_input"": 0.0}, {""feature"": ""name_jaro_max"", ""shap"": 0.7959384918212891, ""value"": 0.0, ""model_input"": 0.0}, {""feature"": ""addr_levenshtein"", ""shap"": 0.6600484848022461, ""value"": 0.9583333333333334, ""model_input"": 0.9583333333333334}, {""feature"": ""addr_token_overlap"", ""shap"": 0.5828864574432373, ""value"": 0.6, ""model_input"": 0.6}, {""feature"": ""name_sim_max_ul"", ""shap"": -0.4844953119754791, ""value"": 0.0, ""model_input"": 0.0}, {""feature"": ""addr_jaro"", ""shap"": 0.4741712510585785, ""value"": 0.9750000000000001, ""model_input"": 0.9750000000000001}, {""feature"": ""name_token_overlap_max"", ""shap"": -0.41444525122642517, ""value"": 0.0, ""model_input"": 0.0}]}"
EBERLE,20 BOULEVARD DES NATIONS,69960,CORBAS,38312387400497,0.6226516962051392,EASYDIS,BOULEVARD DES NATIONS,CORBAS,69960,69273,5,"{""bias"": 1.1616770029067993, ""margin"": 0.5008196830749512, ""prob_from_margin"": 0.6226519404228149, ""top"": [{""feature"": ""name_semantic_max"", ""shap"": -1.494499683380127, ""value"": 0.48911118507385254, ""model_input"": 0.48911118507385254}, {""feature"": ""addr_token_overlap"", ""shap"": 1.2746561765670776, ""value"": 0.75, ""model_input"": 0.75}, {""feature"": ""name_sim_max_pm_dirigeant"", ""shap"": 0.5713452100753784, ""value"": 0.44152046783625726, ""model_input"": 0.44152046783625726}, {""feature"": ""type_of_max_name"", ""shap"": 0.47742709517478943, ""value"": 4.0, ""model_input"": 4.0}, {""feature"": ""name_semantic_second"", ""shap"": -0.4685885012149811, ""value"": 0.36926186084747314, ""model_input"": 0.36926186084747314}, {""feature"": ""name_token_overlap_max"", ""shap"": -0.3903694152832031, ""value"": 0.0, ""model_input"": 0.0}, {""feature"": ""name_sim_max_etab"", ""shap"": 0.3583000600337982, ""value"": 0.44152046783625726, ""model_input"": 0.44152046783625726}, {""feature"": ""token_overlap_ul"", ""shap"": -0.32713523507118225, ""value"": 0.0, ""model_input"": 0.0}, {""feature"": ""name_sim_max_ul"", ""shap"": -0.3267298638820648, ""value"": 0.4365079365079365, ""model_input"": 0.4365079365079365}, {""feature"": ""name_count"", ""shap"": 0.2916867136955261, ""value"": 2.0, ""model_input"": 2.0}]}"
ELLERS,29 Boulevard Charles de Gaulle,69150,DECINES-CHARPIEU,79446051900026,0.9999158382415771,ELLERS,29 BOULEVARD CHARLES DE GAULLE,DECINES-CHARPIEU,69150,69275,1,"{""bias"": 1.1616770029067993, ""margin"": 9.382390975952148, ""prob_from_margin"": 0.9999158134312998, ""top"": [{""feature"": ""name_semantic_max"", ""shap"": 2.2533674240112305, ""value"": 1.0, ""model_input"": 1.0}, {""feature"": ""token_overlap_ul"", ""shap"": 0.9250928163528442, ""value"": 1.0, ""model_input"": 1.0}, {""feature"": ""name_token_overlap_max"", ""shap"": 0.8844414949417114, ""value"": 1.0, ""model_input"": 1.0}, {""feature"": ""name_sim_max_pm_dirigeant"", ""shap"": 0.7034649848937988, ""value"": 0.4323671497584541, ""model_input"": 0.4323671497584541}, {""feature"": ""name_crm_contains_cand_max"", ""shap"": 0.6145093441009521, ""value"": 1.0, ""model_input"": 1.0}, {""feature"": ""street_number_diff"", ""shap"": 0.5199719667434692, ""value"": 0.0, ""model_input"": 0.0}, {""feature"": ""addr_token_overlap"", ""shap"": 0.49229830503463745, ""value"": 1.0, ""model_input"": 1.0}, {""feature"": ""name_sim_max_etab"", ""shap"": 0.48675990104675293, ""value"": 0.4323671497584541, ""model_input"": 0.4323671497584541}, {""feature"": ""is_siege"", ""shap"": 0.30081042647361755, ""value"": 1.0, ""model_input"": 1.0}, {""feature"": ""addr_jaro"", ""shap"": 0.2212875634431839, ""value"": 1.0, ""model_input"": 1.0}]}"
ELLERS,29 Boulevard Charles de Gaulle,69150,DECINES-CHARPIEU,87973236000026,0.9985029697418213,ELLERS PROFILS,29 BOULEVARD CHARLES DE GAULLE,DECINES-CHARPIEU,69150,69275,2,"{""bias"": 1.1616770029067993, ""margin"": 6.502744197845459, ""prob_from_margin"": 0.9985029254783208, ""top"": [{""feature"": ""name_semantic_max"", ""shap"": 2.02523136138916, ""value"": 0.8547685146331787, ""model_input"": 0.8547685146331787}, {""feature"": ""token_overlap_ul"", ""shap"": 0.8505964875221252, ""value"": 1.0, ""model_input"": 1.0}, {""feature"": ""name_sim_max_pm_dirigeant"", ""shap"": 0.8310230374336243, ""value"": 0.5138888888888888, ""model_input"": 0.5138888888888888}, {""feature"": ""name_token_overlap_max"", ""shap"": 0.8040571808815002, ""value"": 0.5, ""model_input"": 0.5}, {""feature"": ""addr_token_overlap"", ""shap"": 0.6108419895172119, ""value"": 1.0, ""model_input"": 1.0}, {""feature"": ""street_number_diff"", ""shap"": 0.497636079788208, ""value"": 0.0, ""model_input"": 0.0}, {""feature"": ""addr_jaro"", ""shap"": 0.24353887140750885, ""value"": 1.0, ""model_input"": 1.0}, {""feature"": ""name_semantic_second"", ""shap"": -0.22667136788368225, ""value"": 0.4172016680240631, ""model_input"": 0.4172016680240631}, {""feature"": ""name_levenshtein_max"", ""shap"": -0.22512072324752808, ""value"": 0.4285714285714286, ""model_input"": 0.4285714285714286}, {""feature"": ""is_siege"", ""shap"": -0.1871182769536972, ""value"": 0.0, ""model_input"": 0.0}]}"
ELLERS,29 Boulevard Charles de Gaulle,69150,DECINES-CHARPIEU,90393967600016,0.9679700136184692,HACHOD,29 BOULEVARD CHARLES DE GAULLE,DECINES-CHARPIEU,69150,69275,3,"{""bias"": 1.1616770029067993, ""margin"": 3.408529758453369, ""prob_from_margin"": 0.9679700504440215, ""top"": [{""feature"": ""name_semantic_max"", ""shap"": -3.1350831985473633, ""value"": 0.29006242752075195, ""model_input"": 0.29006242752075195}, {""feature"": ""addr_token_overlap"", ""shap"": 1.2075107097625732, ""value"": 1.0, ""model_input"": 1.0}, {""feature"": ""name_addr_consistency"", ""shap"": 1.1166670322418213, ""value"": 0.0, ""model_input"": 0.0}, {""feature"": ""street_number_diff"", ""shap"": 1.0242462158203125, ""value"": 0.0, ""model_input"": 0.0}, {""feature"": ""addr_jaro"", ""shap"": 1.0102171897888184, ""value"": 1.0, ""model_input"": 1.0}, {""feature"": ""name_sim_max_etab"", ""shap"": 0.8349780440330505, ""value"": 0.0, ""model_input"": 0.0}, {""feature"": ""addr_levenshtein"", ""shap"": 0.6188194155693054, ""value"": 1.0, ""model_input"": 1.0}, {""feature"": ""name_jaro_max"", ""shap"": 0.5461815595626831, ""value"": 0.0, ""model_input"": 0.0}, {""feature"": ""name_sim_max_ul"", ""shap"": -0.4335378110408783, ""value"": 0.0, ""model_input"": 0.0}, {""feature"": ""name_semantic_second"", ""shap"": -0.32826027274131775, ""value"": 0.0, ""model_input"": 0.0}]}"
ELLERS,29 Boulevard Charles de Gaulle,69150,DECINES-CHARPIEU,40842073500024,0.859521210193634,INGAFO,CHE DU MAS SOUS RATTIER,DECINES-CHARPIEU,69150,69275,4,"{""bias"": 1.1616770029067993, ""margin"": 1.8113189935684204, ""prob_from_margin"": 0.8595212110186117, ""top"": [{""feature"": ""name_semantic_max"", ""shap"": -1.5654525756835938, ""value"": 0.3087797164916992, ""model_input"": 0.3087797164916992}, {""feature"": ""name_addr_consistency"", ""shap"": 1.0228191614151, ""value"": 0.0, ""model_input"": 0.0}, {""feature"": ""name_jaro_max"", ""shap"": 0.7972103953361511, ""value"": 0.0, ""model_input"": 0.0}, {""feature"": ""name_sim_max_ul"", ""shap"": -0.6870969533920288, ""value"": 0.0, ""model_input"": 0.0}, {""feature"": ""street_number_diff"", ""shap"": 0.6531161665916443, ""value"": 9999.0, ""model_input"": 9999.0}, {""feature"": ""name_sim_max_etab"", ""shap"": 0.6317271590232849, ""value"": 0.0, ""model_input"": 0.0}, {""feature"": ""name_length_max"", ""shap"": 0.6158772706985474, ""value"": 6.0, ""model_input"": 6.0}, {""feature"": ""type_of_max_name"", ""shap"": 0.5633156895637512, ""value"": 7.0, ""model_input"": 7.0}, {""feature"": ""name_semantic_second"", ""shap"": -0.40887773036956787, ""value"": 0.0, ""model_input"": 0.0}, {""feature"": ""token_overlap_ul"", ""shap"": -0.38845446705818176, ""value"": 0.0, ""model_input"": 0.0}]}"
ELLERS,29 Boulevard Charles de Gaulle,69150,DECINES-CHARPIEU,92116556900010,0.6543071269989014,SIRA ZZ,29 BOULEVARD CHARLES DE GAULLE,DECINES-CHARPIEU,69150,69275,5,"{""bias"": 1.1616770029067993, ""margin"": 0.6380242705345154, ""prob_from_margin"": 0.6543067078111735, ""top"": [{""feature"": ""name_semantic_max"", ""shap"": -2.508985996246338, ""value"": 0.38599783182144165, ""model_input"": 0.38599783182144165}, {""feature"": ""addr_token_overlap"", ""shap"": 1.2112375497817993, ""value"": 1.0, ""model_input"": 1.0}, {""feature"": ""street_number_diff"", ""shap"": 0.9535715579986572, ""value"": 0.0, ""model_input"": 0.0}, {""feature"": ""name_sim_max_pm_dirigeant"", ""shap"": 0.8474498391151428, ""value"": 0.5277777777777778, ""model_input"": 0.5277777777777778}, {""feature"": ""addr_jaro"", ""shap"": 0.606142520904541, ""value"": 1.0, ""model_input"": 1.0}, {""feature"": ""name_semantic_second"", ""shap"": -0.5087073445320129, ""value"": 0.1707921028137207, ""model_input"": 0.1707921028137207}, {""feature"": ""name_addr_consistency"", ""shap"": -0.47511351108551025, ""value"": 0.5277777777777778, ""model_input"": 0.5277777777777778}, {""feature"": ""addr_levenshtein"", ""shap"": 0.47021040320396423, ""value"": 1.0, ""model_input"": 1.0}, {""feature"": ""type_of_max_name"", ""shap"": 0.4311698079109192, ""value"": 4.0, ""model_input"": 4.0}, {""feature"": ""name_token_overlap_max"", ""shap"": -0.3299385607242584, ""value"": 0.0, ""model_input"": 0.0}]}"
ERIKS N.V.,28 Rue Wilson,69150,DECINES CHARPIEU,37903755900091,0.9993441700935364,ERIKS,28 RUE WILSON,DECINES-CHARPIEU,69150,69275,1,"{""bias"": 1.1616770029067993, ""margin"": 7.3290486335754395, ""prob_from_margin"": 0.999344232738288, ""top"": [{""feature"": ""name_semantic_max"", ""shap"": 2.2894623279571533, ""value"": 0.8825395703315735, ""model_input"": 0.8825395703315735}, {""feature"": ""name_token_overlap_max"", ""shap"": 0.8373553156852722, ""value"": 0.5, ""model_input"": 0.5}, {""feature"": ""name_sim_max_pm_dirigeant"", ""shap"": 0.6740374565124512, ""value"": 0.6833333333333332, ""model_input"": 0.6833333333333332}, {""feature"": ""name_crm_contains_cand_max"", ""shap"": 0.6451149582862854, ""value"": 1.0, ""model_input"": 1.0}, {""feature"": ""addr_token_overlap"", ""shap"": 0.6106221675872803, ""value"": 1.0, ""model_input"": 1.0}, {""feature"": ""name_sim_max_etab"", ""shap"": -0.5577468276023865, ""value"": 0.6833333333333332, ""model_input"": 0.6833333333333332}, {""feature"": ""street_number_diff"", ""shap"": 0.5063613057136536, ""value"": 0.0, ""model_input"": 0.0}, {""feature"": ""name_semantic_second"", ""shap"": 0.44160449504852295, ""value"": 0.7936645746231079, ""model_input"": 0.7936645746231079}, {""feature"": ""token_overlap_ul"", ""shap"": 0.30363887548446655, ""value"": 0.5, ""model_input"": 0.5}, {""feature"": ""is_siege"", ""shap"": 0.2536590099334717, ""value"": 1.0, ""model_input"": 1.0}]}"
ERIKS N.V.,28 Rue Wilson,69150,DECINES CHARPIEU,31122396000064,0.9974014759063721,ERIKS FRANCE HOLDING,28 RUE WILSON,DECINES-CHARPIEU,69150,69275,2,"{""bias"": 1.1616770029067993, ""margin"": 5.950194835662842, ""prob_from_margin"": 0.9974014372636778, ""top"": [{""feature"": ""name_semantic_max"", ""shap"": 2.4746546745300293, ""value"": 0.7936645746231079, ""model_input"": 0.7936645746231079}, {""feature"": ""street_number_diff"", ""shap"": 0.702460527420044, ""value"": 0.0, ""model_input"": 0.0}, {""feature"": ""addr_token_overlap"", ""shap"": 0.6312888264656067, ""value"": 1.0, ""model_input"": 1.0}, {""feature"": ""name_sim_max_etab"", ""shap"": 0.5201209187507629, ""value"": 0.4037037037037037, ""model_input"": 0.4037037037037037}, {""feature"": ""token_overlap_ul"", ""shap"": 0.39580038189888, ""value"": 0.5, ""model_input"": 0.5}, {""feature"": ""name_semantic_second"", ""shap"": -0.328464150428772, ""value"": 0.3112108111381531, ""model_input"": 0.3112108111381531}, {""feature"": ""addr_jaro"", ""shap"": 0.30182600021362305, ""value"": 1.0, ""model_input"": 1.0}, {""feature"": ""addr_levenshtein"", ""shap"": 0.19822321832180023, ""value"": 1.0, ""model_input"": 1.0}, {""feature"": ""name_levenshtein_max"", ""shap"": -0.1955845206975937, ""value"": 0.35, ""model_input"": 0.35}, {""feature"": ""name_token_overlap_max"", ""shap"": 0.1877100169658661, ""value"": 0.25, ""model_input"": 0.25}]}"
ERIKS N.V.,28 Rue Wilson,69150,DECINES CHARPIEU,44330413400044,0.9589117765426636,SUEZ RV REBOND INSERTION,28 RUE WILSON,DECINES-CHARPIEU,69150,69275,3,"{""bias"": 1.1616770029067993, ""margin"": 3.150075912475586, ""prob_from_margin"": 0.9589117128582929, ""top"": [{""feature"": ""street_number_diff"", ""shap"": 1.168296217918396, ""value"": 0.0, ""model_input"": 0.0}, {""feature"": ""addr_token_overlap"", ""shap"": 1.1306008100509644, ""value"": 1.0, ""model_input"": 1.0}, {""feature"": ""addr_jaro"", ""shap"": 0.6194051504135132, ""value"": 1.0, ""model_input"": 1.0}, {""feature"": ""name_sim_max_pm_dirigeant"", ""shap"": 0.570651113986969, ""value"": 0.5111111111111111, ""model_input"": 0.5111111111111111}, {""feature"": ""type_of_max_name"", ""shap"": 0.5175904631614685, ""value"": 4.0, ""model_input"": 4.0}, {""feature"": ""name_addr_consistency"", ""shap"": -0.5170530676841736, ""value"": 0.5111111111111111, ""model_input"": 0.5111111111111111}, {""feature"": ""addr_levenshtein"", ""shap"": 0.49943599104881287, ""value"": 1.0, ""model_input"": 1.0}, {""feature"": ""name_semantic_second"", ""shap"": -0.39932504296302795, ""value"": 0.33002352714538574, ""model_input"": 0.33002352714538574}, {""feature"": ""name_count"", ""shap"": 0.3151138722896576, ""value"": 2.0, ""model_input"": 2.0}, {""feature"": ""token_overlap_ul"", ""shap"": -0.2982073128223419, ""value"": 0.0, ""model_input"": 0.0}]}"
ERIKS N.V.,28 Rue Wilson,69150,DECINES CHARPIEU,38458171600014,0.8095223903656006,R E V,28 RUE VAUCANSON,DECINES-CHARPIEU,69150,69275,4,"{""bias"": 1.1616770029067993, ""margin"": 1.4469094276428223, ""prob_from_margin"": 0.8095223361408619, ""top"": [{""feature"": ""name_semantic_max"", ""shap"": 0.9889923334121704, ""value"": 0.6371761560440063, ""model_input"": 0.6371761560440063}, {""feature"": ""name_sim_max_etab"", ""shap"": 0.8267145156860352, ""value"": 0.0, ""model_input"": 0.0}, {""feature"": ""street_number_diff"", ""shap"": 0.7403790950775146, ""value"": 0.0, ""model_input"": 0.0}, {""feature"": ""street_name_jaro"", ""shap"": -0.517052948474884, ""value"": 0.6985347985347986, ""model_input"": 0.6985347985347986}, {""feature"": ""type_of_max_name"", ""shap"": 0.5144749879837036, ""value"": 7.0, ""model_input"": 7.0}, {""feature"": ""name_semantic_second"", ""shap"": -0.4581315517425537, ""value"": 0.0, ""model_input"": 0.0}, {""feature"": ""name_token_overlap_max"", ""shap"": -0.442471981048584, ""value"": 0.0, ""model_input"": 0.0}, {""feature"": ""name_sim_max_pm_dirigeant"", ""shap"": -0.40710869431495667, ""value"": 0.0, ""model_input"": 0.0}, {""feature"": ""addr_token_overlap"", ""shap"": 0.390076607465744, ""value"": 0.5, ""model_input"": 0.5}, {""feature"": ""name_addr_consistency"", ""shap"": -0.3426171541213989, ""value"": 0.55825, ""model_input"": 0.55825}]}"
ERIKS N.V.,28 Rue Wilson,69150,DECINES CHARPIEU,81010047900015,0.6728205680847168,L.M.A,28 RUE CARNOT,DECINES-CHARPIEU,69150,69275,5,"{""bias"": 1.1616770029067993, ""margin"": 0.7209694385528564, ""prob_from_margin"": 0.672820458314156, ""top"": [{""feature"": ""name_semantic_max"", ""shap"": -2.7731645107269287, ""value"": 0.3329322338104248, ""model_input"": 0.3329322338104248}, {""feature"": ""street_number_diff"", ""shap"": 0.9777560830116272, ""value"": 0.0, ""model_input"": 0.0}, {""feature"": ""name_sim_max_etab"", ""shap"": 0.7537583708763123, ""value"": 0.0, ""model_input"": 0.0}, {""feature"": ""addr_token_overlap"", ""shap"": 0.6956368088722229, ""value"": 0.5, ""model_input"": 0.5}, {""feature"": ""name_addr_consistency"", ""shap"": 0.5955466032028198, ""value"": 0.37037037037037035, ""model_input"": 0.37037037037037035}, {""feature"": ""type_of_max_name"", ""shap"": 0.5380274057388306, ""value"": 7.0, ""model_input"": 7.0}, {""feature"": ""name_token_overlap_max"", ""shap"": -0.39976203441619873, ""value"": 0.0, ""model_input"": 0.0}, {""feature"": ""name_sim_max_pm_dirigeant"", ""shap"": -0.36798951029777527, ""value"": 0.0, ""model_input"": 0.0}, {""feature"": ""name_semantic_second"", ""shap"": -0.3571987748146057, ""value"": 0.0, ""model_input"": 0.0}, {""feature"": ""name_length_max"", ""shap"": 0.33307573199272156, ""value"": 5.0, ""model_input"": 5.0}]}"
EUROMASTER CORBAS,52 Rue Louis Pradel,69960,CORBAS,39252740400678,0.9990841150283813,EUROMASTER FRANCE,52 RUE LOUIS PRADEL,CORBAS,69960,69273,1,"{""bias"": 1.1616770029067993, ""margin"": 6.994717597961426, ""prob_from_margin"": 0.9990841279529515, ""top"": [{""feature"": ""name_semantic_max"", ""shap"": 2.114994764328003, ""value"": 0.955595850944519, ""model_input"": 0.955595850944519}, {""feature"": ""name_sim_max_pm_dirigeant"", ""shap"": 1.1300619840621948, ""value"": 0.5274853801169591, ""model_input"": 0.5274853801169591}, {""feature"": ""name_token_overlap_max"", ""shap"": 0.8232200145721436, ""value"": 0.5, ""model_input"": 0.5}, {""feature"": ""token_overlap_ul"", ""shap"": 0.7851223945617676, ""value"": 1.0, ""model_input"": 1.0}, {""feature"": ""addr_token_overlap"", ""shap"": 0.6131645441055298, ""value"": 1.0, ""model_input"": 1.0}, {""feature"": ""street_number_diff"", ""shap"": 0.4781304597854614, ""value"": 0.0, ""model_input"": 0.0}, {""feature"": ""name_semantic_second"", ""shap"": -0.3261444866657257, ""value"": 0.3945452570915222, ""model_input"": 0.3945452570915222}, {""feature"": ""is_siege"", ""shap"": -0.27864766120910645, ""value"": 0.0, ""model_input"": 0.0}, {""feature"": ""name_addr_consistency"", ""shap"": 0.24622857570648193, ""value"": 0.9176470588235295, ""model_input"": 0.9176470588235295}, {""feature"": ""addr_jaro"", ""shap"": 0.2388133704662323, ""value"": 1.0, ""model_input"": 1.0}]}"
EUROMASTER CORBAS,52 Rue Louis Pradel,69960,CORBAS,38445469001229,0.8218216300010681,EIS,13 IMPASSE DU 24 AOUT 1944,CORBAS,69960,69273,2,"{""bias"": 1.1616770029067993, ""margin"": 1.5287383794784546, ""prob_from_margin"": 0.8218216490800938, ""top"": [{""feature"": ""name_semantic_max"", ""shap"": 1.5769633054733276, ""value"": 0.6835669279098511, ""model_input"": 0.6835669279098511}, {""feature"": ""name_sim_max_pm_dirigeant"", ""shap"": 1.5133851766586304, ""value"": 0.6111111111111112, ""model_input"": 0.6111111111111112}, {""feature"": ""token_overlap_ul"", ""shap"": 1.3413231372833252, ""value"": 1.0, ""model_input"": 1.0}, {""feature"": ""addr_token_overlap"", ""shap"": -0.7404160499572754, ""value"": 0.0, ""model_input"": 0.0}, {""feature"": ""street_number_diff"", ""shap"": -0.6068620681762695, ""value"": 39.0, ""model_input"": 39.0}, {""feature"": ""name_addr_consistency"", ""shap"": -0.5825690627098083, ""value"": 0.4694062078272605, ""model_input"": 0.4694062078272605}, {""feature"": ""name_token_overlap_max"", ""shap"": -0.5753008723258972, ""value"": 0.0, ""model_input"": 0.0}, {""feature"": ""name_sim_max_etab"", ""shap"": -0.39329853653907776, ""value"": 0.6111111111111112, ""model_input"": 0.6111111111111112}, {""feature"": ""addr_levenshtein"", ""shap"": -0.3764496147632599, ""value"": 0.15384615384615385, ""model_input"": 0.15384615384615385}, {""feature"": ""type_of_max_name"", ""shap"": 0.3572450876235962, ""value"": 7.0, ""model_input"": 7.0}]}"
EUROMASTER CORBAS,52 Rue Louis Pradel,69960,CORBAS,97890109800019,0.8193145990371704,EURO METAL,16 RUE DU VERCORS,CORBAS,69960,69273,3,"{""bias"": 1.1616770029067993, ""margin"": 1.5117106437683105, ""prob_from_margin"": 0.8193145858063933, ""top"": [{""feature"": ""token_overlap_ul"", ""shap"": 1.373184084892273, ""value"": 1.0, ""model_input"": 1.0}, {""feature"": ""name_sim_max_etab"", ""shap"": 1.2226687669754028, ""value"": 0.0, ""model_input"": 0.0}, {""feature"": ""name_semantic_max"", ""shap"": 0.736199140548706, ""value"": 0.6348031759262085, ""model_input"": 0.6348031759262085}, {""feature"": ""type_of_max_name"", ""shap"": 0.7029104828834534, ""value"": 7.0, ""model_input"": 7.0}, {""feature"": ""street_number_diff"", ""shap"": -0.5795391201972961, ""value"": 36.0, ""model_input"": 36.0}, {""feature"": ""name_token_overlap_max"", ""shap"": -0.559982180595398, ""value"": 0.0, ""model_input"": 0.0}, {""feature"": ""name_length_max"", ""shap"": -0.46627122163772583, ""value"": 10.0, ""model_input"": 10.0}, {""feature"": ""name_sim_max_pm_dirigeant"", ""shap"": -0.46372470259666443, ""value"": 0.0, ""model_input"": 0.0}, {""feature"": ""addr_levenshtein"", ""shap"": -0.40370574593544006, ""value"": 0.368421052631579, ""model_input"": 0.368421052631579}, {""feature"": ""name_addr_consistency"", ""shap"": -0.3994687497615814, ""value"": 0.5827282109015854, ""model_input"": 0.5827282109015854}]}"
EUROMASTER CORBAS,52 Rue Louis Pradel,69960,CORBAS,79301916700048,0.3798803687095642,STAMPTECH INGENIERIE,50 RUE LOUIS PRADEL,CORBAS,69960,69273,4,"{""bias"": 1.1616770029067993, ""margin"": -0.4900554418563843, ""prob_from_margin"": 0.37988050705934023, ""top"": [{""feature"": ""name_semantic_max"", ""shap"": -1.689760684967041, ""value"": 0.509138286113739, ""model_input"": 0.509138286113739}, {""feature"": ""name_sim_max_etab"", ""shap"": 0.8350273370742798, ""value"": 0.0, ""model_input"": 0.0}, {""feature"": ""type_of_max_name"", ""shap"": 0.7112292051315308, ""value"": 7.0, ""model_input"": 7.0}, {""feature"": ""street_number_diff"", ""shap"": -0.5632591247558594, ""value"": 2.0, ""model_input"": 2.0}, {""feature"": ""name_token_overlap_max"", ""shap"": -0.48823127150535583, ""value"": 0.0, ""model_input"": 0.0}, {""feature"": ""name_sim_max_pm_dirigeant"", ""shap"": -0.449865460395813, ""value"": 0.0, ""model_input"": 0.0}, {""feature"": ""addr_token_overlap"", ""shap"": 0.38897064328193665, ""value"": 0.6, ""model_input"": 0.6}, {""feature"": ""name_semantic_second"", ""shap"": -0.37249401211738586, ""value"": 0.0, ""model_input"": 0.0}, {""feature"": ""addr_levenshtein"", ""shap"": 0.35575613379478455, ""value"": 0.9473684210526316, ""model_input"": 0.9473684210526316}, {""feature"": ""token_overlap_ul"", ""shap"": -0.3518059551715851, ""value"": 0.0, ""model_input"": 0.0}]}"
EUROMASTER CORBAS,52 Rue Louis Pradel,69960,CORBAS,87805985600020,0.2516058683395386,B.C.D.,40 ROUTE DE LYON,CORBAS,69960,69273,5,"{""bias"": 1.1616770029067993, ""margin"": -1.090065360069275, ""prob_from_margin"": 0.2516059708655272, ""top"": [{""feature"": ""name_semantic_max"", ""shap"": -2.01090669631958, ""value"": 0.39491042494773865, ""model_input"": 0.39491042494773865}, {""feature"": ""name_jaro_max"", ""shap"": 0.8911393284797668, ""value"": 0.0, ""model_input"": 0.0}, {""feature"": ""name_sim_max_etab"", ""shap"": 0.727412223815918, ""value"": 0.0, ""model_input"": 0.0}, {""feature"": ""name_sim_max_ul"", ""shap"": -0.711000919342041, ""value"": 0.0, ""model_input"": 0.0}, {""feature"": ""name_addr_consistency"", ""shap"": 0.6553676128387451, ""value"": 0.0, ""model_input"": 0.0}, {""feature"": ""street_number_diff"", ""shap"": -0.5440770983695984, ""value"": 12.0, ""model_input"": 12.0}, {""feature"": ""type_of_max_name"", ""shap"": 0.49790242314338684, ""value"": 7.0, ""model_input"": 7.0}, {""feature"": ""addr_jaro"", ""shap"": -0.45299258828163147, ""value"": 0.5837719298245614, ""model_input"": 0.5837719298245614}, {""feature"": ""name_token_overlap_max"", ""shap"": -0.3989333510398865, ""value"": 0.0, ""model_input"": 0.0}, {""feature"": ""token_overlap_ul"", ""shap"": -0.38901346921920776, ""value"": 0.0, ""model_input"": 0.0}]}"
FEDERAL EXPRESS CORBAS,83 RUE MARCEL MERIEUX,69960,CORBAS,97350535701885,0.997797966003418,TNT,83 RUE MARCEL MERIEUX,CORBAS,69960,69273,1,"{""bias"": 1.1616770029067993, ""margin"": 6.116154193878174, ""prob_from_margin"": 0.9977979327247612, ""top"": [{""feature"": ""name_semantic_max"", ""shap"": 2.3034353256225586, ""value"": 0.8216906189918518, ""model_input"": 0.8216906189918518}, {""feature"": ""name_sim_max_pm_dirigeant"", ""shap"": 0.8415611386299133, ""value"": 0.543719806763285, ""model_input"": 0.543719806763285}, {""feature"": ""addr_token_overlap"", ""shap"": 0.7318621277809143, ""value"": 1.0, ""model_input"": 1.0}, {""feature"": ""street_number_diff"", ""shap"": 0.586171567440033, ""value"": 0.0, ""model_input"": 0.0}, {""feature"": ""token_overlap_ul"", ""shap"": 0.3368341326713562, ""value"": 0.5, ""model_input"": 0.5}, {""feature"": ""addr_jaro"", ""shap"": 0.2702989876270294, ""value"": 1.0, ""model_input"": 1.0}, {""feature"": ""name_addr_consistency"", ""shap"": 0.2048339694738388, ""value"": 0.8896794871794872, ""model_input"": 0.8896794871794872}, {""feature"": ""addr_levenshtein"", ""shap"": 0.19901679456233978, ""value"": 1.0, ""model_input"": 1.0}, {""feature"": ""name_token_overlap_max"", ""shap"": 0.1959010511636734, ""value"": 0.25, ""model_input"": 0.25}, {""feature"": ""type_of_max_name"", ""shap"": 0.17906159162521362, ""value"": 7.0, ""model_input"": 7.0}]}"
FEDERAL EXPRESS CORBAS,83 RUE MARCEL MERIEUX,69960,CORBAS,94967077200019,0.97929847240448,VALMY PARTNERS,83 RUE MARCEL MERIEUX,CORBAS,69960,69273,2,"{""bias"": 1.1616770029067993, ""margin"": 3.8566274642944336, ""prob_from_margin"": 0.9792984417494407, ""top"": [{""feature"": ""addr_token_overlap"", ""shap"": 1.161976933479309, ""value"": 1.0, ""model_input"": 1.0}, {""feature"": ""street_number_diff"", ""shap"": 1.0338144302368164, ""value"": 0.0, ""model_input"": 0.0}, {""feature"": ""name_semantic_max"", ""shap"": -0.9449489116668701, ""value"": 0.5171056389808655, ""model_input"": 0.5171056389808655}, {""feature"": ""name_sim_max_pm_dirigeant"", ""shap"": 0.8849897980690002, ""value"": 0.4333333333333333, ""model_input"": 0.4333333333333333}, {""feature"": ""addr_jaro"", ""shap"": 0.6162910461425781, ""value"": 1.0, ""model_input"": 1.0}, {""feature"": ""type_of_max_name"", ""shap"": 0.6000528335571289, ""value"": 7.0, ""model_input"": 7.0}, {""feature"": ""name_sim_max_etab"", ""shap"": 0.4691326916217804, ""value"": 0.4333333333333333, ""model_input"": 0.4333333333333333}, {""feature"": ""name_semantic_second"", ""shap"": -0.4067072570323944, ""value"": 0.22377261519432068, ""model_input"": 0.22377261519432068}, {""feature"": ""addr_levenshtein"", ""shap"": 0.3903169631958008, ""value"": 1.0, ""model_input"": 1.0}, {""feature"": ""name_token_overlap_max"", ""shap"": -0.3372064530849457, ""value"": 0.0, ""model_input"": 0.0}]}"
FEDERAL EXPRESS CORBAS,83 RUE MARCEL MERIEUX,69960,CORBAS,84298155700015,0.9727184176445007,NOVA EXPRESS,9 IMPASSE DU CHALET,CORBAS,69960,69273,3,"{""bias"": 1.1616770029067993, ""margin"": 3.573881149291992, ""prob_from_margin"": 0.9727183736075415, ""top"": [{""feature"": ""name_semantic_max"", ""shap"": 2.866227149963379, ""value"": 0.7386947274208069, ""model_input"": 0.7386947274208069}, {""feature"": ""name_sim_max_etab"", ""shap"": 1.1493676900863647, ""value"": 0.0, ""model_input"": 0.0}, {""feature"": ""addr_token_overlap"", ""shap"": -0.5470691323280334, ""value"": 0.0, ""model_input"": 0.0}, {""feature"": ""name_token_overlap_max"", ""shap"": 0.5175893306732178, ""value"": 0.3333333333333333, ""model_input"": 0.3333333333333333}, {""feature"": ""name_sim_max_pm_dirigeant"", ""shap"": -0.4890461564064026, ""value"": 0.0, ""model_input"": 0.0}, {""feature"": ""token_overlap_ul"", ""shap"": 0.42323100566864014, ""value"": 0.5, ""model_input"": 0.5}, {""feature"": ""name_length_max"", ""shap"": -0.3630719482898712, ""value"": 12.0, ""model_input"": 12.0}, {""feature"": ""addr_levenshtein"", ""shap"": -0.34491458535194397, ""value"": 0.1428571428571429, ""model_input"": 0.1428571428571429}, {""feature"": ""street_number_diff"", ""shap"": -0.33554986119270325, ""value"": 74.0, ""model_input"": 74.0}, {""feature"": ""name_semantic_second"", ""shap"": -0.3108383119106293, ""value"": 0.0, ""model_input"": 0.0}]}"
FEDERAL EXPRESS CORBAS,83 RUE MARCEL MERIEUX,69960,CORBAS,91417298600020,0.9695006012916565,VALMY,83 RUE MARCEL MERIEUX,CORBAS,69960,69273,4,"{""bias"": 1.1616770029067993, ""margin"": 3.459074020385742, ""prob_from_margin"": 0.9695005981701474, ""top"": [{""feature"": ""street_number_diff"", ""shap"": 1.1944257020950317, ""value"": 0.0, ""model_input"": 0.0}, {""feature"": ""addr_token_overlap"", ""shap"": 1.1376010179519653, ""value"": 1.0, ""model_input"": 1.0}, {""feature"": ""name_semantic_max"", ""shap"": -0.9924979209899902, ""value"": 0.5171056389808655, ""model_input"": 0.5171056389808655}, {""feature"": ""name_sim_max_pm_dirigeant"", ""shap"": 0.6691531538963318, ""value"": 0.4333333333333333, ""model_input"": 0.4333333333333333}, {""feature"": ""addr_jaro"", ""shap"": 0.5845566987991333, ""value"": 1.0, ""model_input"": 1.0}, {""feature"": ""type_of_max_name"", ""shap"": 0.5502758622169495, ""value"": 7.0, ""model_input"": 7.0}, {""feature"": ""name_addr_consistency"", ""shap"": -0.4747256338596344, ""value"": 0.5111111111111111, ""model_input"": 0.5111111111111111}, {""feature"": ""name_sim_max_etab"", ""shap"": 0.4437882602214813, ""value"": 0.4333333333333333, ""model_input"": 0.4333333333333333}, {""feature"": ""addr_levenshtein"", ""shap"": 0.43950244784355164, ""value"": 1.0, ""model_input"": 1.0}, {""feature"": ""name_semantic_second"", ""shap"": -0.3667446970939636, ""value"": 0.25239449739456177, ""model_input"": 0.25239449739456177}]}"
FEDERAL EXPRESS CORBAS,83 RUE MARCEL MERIEUX,69960,CORBAS,33001223800078,0.9694830179214478,FAREX DEVELOPPEMENT,83 RUE MARCEL MERIEUX,CORBAS,69960,69273,5,"{""bias"": 1.1616770029067993, ""margin"": 3.458479404449463, ""prob_from_margin"": 0.9694830109502003, ""top"": [{""feature"": ""addr_token_overlap"", ""shap"": 1.2557615041732788, ""value"": 1.0, ""model_input"": 1.0}, {""feature"": ""street_number_diff"", ""shap"": 1.2045094966888428, ""value"": 0.0, ""model_input"": 0.0}, {""feature"": ""name_sim_max_etab"", ""shap"": 0.7266257405281067, ""value"": 0.0, ""model_input"": 0.0}, {""feature"": ""name_semantic_max"", ""shap"": -0.7115001082420349, ""value"": 0.5545449256896973, ""model_input"": 0.5545449256896973}, {""feature"": ""addr_jaro"", ""shap"": 0.6303786039352417, ""value"": 1.0, ""model_input"": 1.0}, {""feature"": ""type_of_max_name"", ""shap"": 0.5729597210884094, ""value"": 7.0, ""model_input"": 7.0}, {""feature"": ""addr_levenshtein"", ""shap"": 0.45994412899017334, ""value"": 1.0, ""model_input"": 1.0}, {""feature"": ""name_sim_max_pm_dirigeant"", ""shap"": -0.43303877115249634, ""value"": 0.0, ""model_input"": 0.0}, {""feature"": ""name_semantic_second"", ""shap"": -0.38094955682754517, ""value"": 0.0, ""model_input"": 0.0}, {""feature"": ""name_levenshtein_max"", ""shap"": -0.37505412101745605, ""value"": 0.3157894736842105, ""model_input"": 0.3157894736842105}]}"
FEMAT,28 RUE LOUIS PRADEL,69960,CORBAS,84287252500063,0.9992035031318665,FEMAT GROUPE,28 RUE LOUIS PRADEL,CORBAS,69960,69273,1,"{""bias"": 1.1616770029067993, ""margin"": 7.134501934051514, ""prob_from_margin"": 0.9992035121948054, ""top"": [{""feature"": ""name_semantic_max"", ""shap"": 2.2003695964813232, ""value"": 0.9434489011764526, ""model_input"": 0.9434489011764526}, {""feature"": ""name_sim_max_pm_dirigeant"", ""shap"": 0.9242728352546692, ""value"": 0.5111111111111111, ""model_input"": 0.5111111111111111}, {""feature"": ""token_overlap_ul"", ""shap"": 0.887269139289856, ""value"": 1.0, ""model_input"": 1.0}, {""feature"": ""name_token_overlap_max"", ""shap"": 0.8448445796966553, ""value"": 0.5, ""model_input"": 0.5}, {""feature"": ""addr_token_overlap"", ""shap"": 0.6126342415809631, ""value"": 1.0, ""model_input"": 1.0}, {""feature"": ""street_number_diff"", ""shap"": 0.4731946289539337, ""value"": 0.0, ""model_input"": 0.0}, {""feature"": ""name_addr_consistency"", ""shap"": 0.2766050100326538, ""value"": 0.8833333333333334, ""model_input"": 0.8833333333333334}, {""feature"": ""addr_jaro"", ""shap"": 0.23726359009742737, ""value"": 1.0, ""model_input"": 1.0}, {""feature"": ""name_levenshtein_max"", ""shap"": -0.2277674674987793, ""value"": 0.41666666666666663, ""model_input"": 0.41666666666666663}, {""feature"": ""name_semantic_second"", ""shap"": -0.220945805311203, ""value"": 0.2459511011838913, ""model_input"": 0.2459511011838913}]}"
FEMAT,28 RUE LOUIS PRADEL,69960,CORBAS,94089427200019,0.9915327429771423,FEMAT HOLDING,11 IMPASSE DU RHONE,CORBAS,69960,69273,2,"{""bias"": 1.1616770029067993, ""margin"": 4.763045310974121, ""prob_from_margin"": 0.9915327425566579, ""top"": [{""feature"": ""name_semantic_max"", ""shap"": 2.5726373195648193, ""value"": 0.856389045715332, ""model_input"": 0.856389045715332}, {""feature"": ""token_overlap_ul"", ""shap"": 1.1931651830673218, ""value"": 1.0, ""model_input"": 1.0}, {""feature"": ""name_sim_max_pm_dirigeant"", ""shap"": 1.1486217975616455, ""value"": 0.5407407407407407, ""model_input"": 0.5407407407407407}, {""feature"": ""name_token_overlap_max"", ""shap"": 1.1173782348632812, ""value"": 0.5, ""model_input"": 0.5}, {""feature"": ""street_number_diff"", ""shap"": -0.6288629770278931, ""value"": 17.0, ""model_input"": 17.0}, {""feature"": ""addr_levenshtein"", ""shap"": -0.5200324058532715, ""value"": 0.10526315789473684, ""model_input"": 0.10526315789473684}, {""feature"": ""name_addr_consistency"", ""shap"": -0.462568461894989, ""value"": 0.5641025641025641, ""model_input"": 0.5641025641025641}, {""feature"": ""addr_token_overlap"", ""shap"": -0.40481260418891907, ""value"": 0.0, ""model_input"": 0.0}, {""feature"": ""name_semantic_second"", ""shap"": -0.31941622495651245, ""value"": 0.33854249119758606, ""model_input"": 0.33854249119758606}, {""feature"": ""type_of_max_name"", ""shap"": 0.30014440417289734, ""value"": 7.0, ""model_input"": 7.0}]}"
FEMAT,28 RUE LOUIS PRADEL,69960,CORBAS,80178728400042,0.8597926497459412,TECHLIFE,28 RUE LOUIS PRADEL,CORBAS,69960,69273,3,"{""bias"": 1.1616770029067993, ""margin"": 1.813568353652954, ""prob_from_margin"": 0.8597925892986557, ""top"": [{""feature"": ""name_semantic_max"", ""shap"": -1.9978578090667725, ""value"": 0.460970938205719, ""model_input"": 0.460970938205719}, {""feature"": ""addr_token_overlap"", ""shap"": 1.3794206380844116, ""value"": 1.0, ""model_input"": 1.0}, {""feature"": ""street_number_diff"", ""shap"": 1.0474594831466675, ""value"": 0.0, ""model_input"": 0.0}, {""feature"": ""addr_jaro"", ""shap"": 0.6387370824813843, ""value"": 1.0, ""model_input"": 1.0}, {""feature"": ""name_sim_max_pm_dirigeant"", ""shap"": 0.5789299607276917, ""value"": 0.5777777777777778, ""model_input"": 0.5777777777777778}, {""feature"": ""addr_levenshtein"", ""shap"": 0.5285675525665283, ""value"": 1.0, ""model_input"": 1.0}, {""feature"": ""type_of_max_name"", ""shap"": 0.3993542790412903, ""value"": 4.0, ""model_input"": 4.0}, {""feature"": ""name_count"", ""shap"": -0.34552520513534546, ""value"": 4.0, ""model_input"": 4.0}, {""feature"": ""name_token_overlap_max"", ""shap"": -0.32131078839302063, ""value"": 0.0, ""model_input"": 0.0}, {""feature"": ""name_addr_consistency"", ""shap"": -0.28565162420272827, ""value"": 0.5777777777777778, ""model_input"": 0.5777777777777778}]}"
FEMAT,28 RUE LOUIS PRADEL,69960,CORBAS,79945101800011,0.8168202042579651,S.M.D.B.,28 RUE LOUIS PRADEL,CORBAS,69960,69273,4,"{""bias"": 1.1616770029067993, ""margin"": 1.494951844215393, ""prob_from_margin"": 0.8168203542881983, ""top"": [{""feature"": ""name_semantic_max"", ""shap"": -2.0157382488250732, ""value"": 0.4574146270751953, ""model_input"": 0.4574146270751953}, {""feature"": ""addr_token_overlap"", ""shap"": 1.3614660501480103, ""value"": 1.0, ""model_input"": 1.0}, {""feature"": ""name_sim_max_pm_dirigeant"", ""shap"": 0.8862825036048889, ""value"": 0.5055555555555555, ""model_input"": 0.5055555555555555}, {""feature"": ""street_number_diff"", ""shap"": 0.8827094435691833, ""value"": 0.0, ""model_input"": 0.0}, {""feature"": ""addr_jaro"", ""shap"": 0.5420446395874023, ""value"": 1.0, ""model_input"": 1.0}, {""feature"": ""type_of_max_name"", ""shap"": 0.4430101215839386, ""value"": 7.0, ""model_input"": 7.0}, {""feature"": ""addr_levenshtein"", ""shap"": 0.39617791771888733, ""value"": 1.0, ""model_input"": 1.0}, {""feature"": ""name_token_overlap_max"", ""shap"": -0.324297159910202, ""value"": 0.0, ""model_input"": 0.0}, {""feature"": ""name_semantic_second"", ""shap"": -0.3202565610408783, ""value"": 0.38641080260276794, ""model_input"": 0.38641080260276794}, {""feature"": ""name_length_max"", ""shap"": -0.2650333642959595, ""value"": 38.0, ""model_input"": 38.0}]}"
FEMAT,28 RUE LOUIS PRADEL,69960,CORBAS,89779682700011,0.6260433197021484,MDC RENO,28 RUE LOUIS PRADEL,CORBAS,69960,69273,5,"{""bias"": 1.1616770029067993, ""margin"": 0.5152784585952759, ""prob_from_margin"": 0.6260430508730124, ""top"": [{""feature"": ""name_semantic_max"", ""shap"": -2.903684377670288, ""value"": 0.3304128050804138, ""model_input"": 0.3304128050804138}, {""feature"": ""addr_token_overlap"", ""shap"": 1.0661510229110718, ""value"": 1.0, ""model_input"": 1.0}, {""feature"": ""street_number_diff"", ""shap"": 1.0171318054199219, ""value"": 0.0, ""model_input"": 0.0}, {""feature"": ""addr_jaro"", ""shap"": 0.7047915458679199, ""value"": 1.0, ""model_input"": 1.0}, {""feature"": ""name_sim_max_etab"", ""shap"": 0.5940290689468384, ""value"": 0.41111111111111115, ""model_input"": 0.41111111111111115}, {""feature"": ""name_semantic_second"", ""shap"": -0.43935662508010864, ""value"": 0.2669386863708496, ""model_input"": 0.2669386863708496}, {""feature"": ""addr_levenshtein"", ""shap"": 0.43349429965019226, ""value"": 1.0, ""model_input"": 1.0}, {""feature"": ""name_semantic_gap"", ""shap"": -0.41639021039009094, ""value"": 0.06347411870956421, ""model_input"": 0.06347411870956421}, {""feature"": ""name_length_max"", ""shap"": -0.4054507613182068, ""value"": 8.0, ""model_input"": 8.0}, {""feature"": ""name_token_overlap_max"", ""shap"": -0.36594173312187195, ""value"": 0.0, ""model_input"": 0.0}]}"
FONTBONNE & FILS,57 Rue Émile Zola,69150,DECINES-CHARPIEU,96650042300035,0.9997566342353821,FONTBONNE ET FILS,57 RUE EMILE ZOLA,DECINES-CHARPIEU,69150,69275,1,"{""bias"": 1.1616770029067993, ""margin"": 8.320591926574707, ""prob_from_margin"": 0.9997566075382857, ""top"": [{""feature"": ""name_semantic_max"", ""shap"": 2.3741230964660645, ""value"": 0.9718170166015625, ""model_input"": 0.9718170166015625}, {""feature"": ""token_overlap_ul"", ""shap"": 0.9396611452102661, ""value"": 1.0, ""model_input"": 1.0}, {""feature"": ""name_token_overlap_max"", ""shap"": 0.8356159329414368, ""value"": 0.5, ""model_input"": 0.5}, {""feature"": ""name_sim_max_pm_dirigeant"", ""shap"": 0.7748076319694519, ""value"": 0.48806980056980054, ""model_input"": 0.48806980056980054}, {""feature"": ""addr_token_overlap"", ""shap"": 0.5248639583587646, ""value"": 1.0, ""model_input"": 1.0}, {""feature"": ""street_number_diff"", ""shap"": 0.5072206258773804, ""value"": 0.0, ""model_input"": 0.0}, {""feature"": ""name_addr_consistency"", ""shap"": 0.34384503960609436, ""value"": 0.9639705882352941, ""model_input"": 0.9639705882352941}, {""feature"": ""name_sim_max_etab"", ""shap"": 0.29720446467399597, ""value"": 0.48806980056980054, ""model_input"": 0.48806980056980054}, {""feature"": ""name_semantic_second"", ""shap"": -0.29027047753334045, ""value"": 0.3439386487007141, ""model_input"": 0.3439386487007141}, {""feature"": ""is_siege"", ""shap"": 0.2526443898677826, ""value"": 1.0, ""model_input"": 1.0}]}"
FONTBONNE & FILS,57 Rue Émile Zola,69150,DECINES-CHARPIEU,39756468300019,0.8992959260940552,BEN & FILS,RUE DE CATALOGNE,DECINES-CHARPIEU,69150,69275,2,"{""bias"": 1.1616770029067993, ""margin"": 2.189424991607666, ""prob_from_margin"": 0.8992958440040958, ""top"": [{""feature"": ""name_semantic_max"", ""shap"": 1.7206677198410034, ""value"": 0.7170606851577759, ""model_input"": 0.7170606851577759}, {""feature"": ""name_token_overlap_max"", ""shap"": 1.1826351881027222, ""value"": 0.5, ""model_input"": 0.5}, {""feature"": ""name_sim_max_etab"", ""shap"": 0.9361100792884827, ""value"": 0.0, ""model_input"": 0.0}, {""feature"": ""addr_token_overlap"", ""shap"": -0.5609293580055237, ""value"": 0.16666666666666666, ""model_input"": 0.16666666666666666}, {""feature"": ""name_sim_max_pm_dirigeant"", ""shap"": -0.5052163004875183, ""value"": 0.0, ""model_input"": 0.0}, {""feature"": ""token_overlap_ul"", ""shap"": 0.4323403835296631, ""value"": 0.5, ""model_input"": 0.5}, {""feature"": ""name_addr_consistency"", ""shap"": -0.43104854226112366, ""value"": 0.4684191176470589, ""model_input"": 0.4684191176470589}, {""feature"": ""name_jaro_max"", ""shap"": -0.396193265914917, ""value"": 0.775, ""model_input"": 0.775}, {""feature"": ""addr_levenshtein"", ""shap"": -0.39520400762557983, ""value"": 0.23529411764705888, ""model_input"": 0.23529411764705888}, {""feature"": ""name_length_max"", ""shap"": -0.36661016941070557, ""value"": 10.0, ""model_input"": 10.0}]}"
FONTBONNE & FILS,57 Rue Émile Zola,69150,DECINES-CHARPIEU,34929586500043,0.8912387490272522,NASARRE ET FILS,RUE PAUL ET MARC BARBEZAT,DECINES-CHARPIEU,69150,69275,3,"{""bias"": 1.1616770029067993, ""margin"": 2.103457450866699, ""prob_from_margin"": 0.8912387708242432, ""top"": [{""feature"": ""name_semantic_max"", ""shap"": 0.711238443851471, ""value"": 0.6318461298942566, ""model_input"": 0.6318461298942566}, {""feature"": ""type_of_max_name"", ""shap"": 0.6945884823799133, ""value"": 7.0, ""model_input"": 7.0}, {""feature"": ""addr_token_overlap"", ""shap"": -0.6877832412719727, ""value"": 0.125, ""model_input"": 0.125}, {""feature"": ""token_overlap_ul"", ""shap"": 0.6202132105827332, ""value"": 0.5, ""model_input"": 0.5}, {""feature"": ""name_sim_max_pm_dirigeant"", ""shap"": 0.4714852571487427, ""value"": 0.45568181818181824, ""model_input"": 0.45568181818181824}, {""feature"": ""name_sim_max_etab"", ""shap"": 0.32251185178756714, ""value"": 0.45568181818181824, ""model_input"": 0.45568181818181824}, {""feature"": ""addr_levenshtein"", ""shap"": -0.2737243175506592, ""value"": 0.28, ""model_input"": 0.28}, {""feature"": ""name_semantic_second"", ""shap"": -0.26543810963630676, ""value"": 0.3998716473579407, ""model_input"": 0.3998716473579407}, {""feature"": ""name_token_overlap_max"", ""shap"": 0.24914765357971191, ""value"": 0.2, ""model_input"": 0.2}, {""feature"": ""name_levenshtein_max"", ""shap"": -0.24556013941764832, ""value"": 0.4375, ""model_input"": 0.4375}]}"
FONTBONNE & FILS,57 Rue Émile Zola,69150,DECINES-CHARPIEU,91098499600017,0.8734397292137146,FLTC,57 RUE EMILE ZOLA,DECINES-CHARPIEU,69150,69275,4,"{""bias"": 1.1616770029067993, ""margin"": 1.9317197799682617, ""prob_from_margin"": 0.8734396513432674, ""top"": [{""feature"": ""addr_token_overlap"", ""shap"": 1.3034549951553345, ""value"": 1.0, ""model_input"": 1.0}, {""feature"": ""name_semantic_max"", ""shap"": -1.1834615468978882, ""value"": 0.507171630859375, ""model_input"": 0.507171630859375}, {""feature"": ""street_number_diff"", ""shap"": 1.0886714458465576, ""value"": 0.0, ""model_input"": 0.0}, {""feature"": ""name_sim_max_etab"", ""shap"": 0.7522621750831604, ""value"": 0.0, ""model_input"": 0.0}, {""feature"": ""name_length_max"", ""shap"": -0.6461853384971619, ""value"": 4.0, ""model_input"": 4.0}, {""feature"": ""addr_jaro"", ""shap"": 0.5653113722801208, ""value"": 1.0, ""model_input"": 1.0}, {""feature"": ""addr_levenshtein"", ""shap"": 0.5302835702896118, ""value"": 1.0, ""model_input"": 1.0}, {""feature"": ""type_of_max_name"", ""shap"": 0.5281158685684204, ""value"": 7.0, ""model_input"": 7.0}, {""feature"": ""name_sim_max_pm_dirigeant"", ""shap"": -0.46049603819847107, ""value"": 0.0, ""model_input"": 0.0}, {""feature"": ""name_addr_consistency"", ""shap"": -0.3494642674922943, ""value"": 0.5416666666666666, ""model_input"": 0.5416666666666666}]}"
FONTBONNE & FILS,57 Rue Émile Zola,69150,DECINES-CHARPIEU,43440957900019,0.8638443946838379,LES BRUYERES,57 RUE EMILE ZOLA,DECINES-CHARPIEU,69150,69275,5,"{""bias"": 1.1616770029067993, ""margin"": 1.8475942611694336, ""prob_from_margin"": 0.8638443941845202, ""top"": [{""feature"": ""name_semantic_max"", ""shap"": -1.8949066400527954, ""value"": 0.4353913366794586, ""model_input"": 0.4353913366794586}, {""feature"": ""addr_token_overlap"", ""shap"": 1.2075308561325073, ""value"": 1.0, ""model_input"": 1.0}, {""feature"": ""street_number_diff"", ""shap"": 1.1087775230407715, ""value"": 0.0, ""model_input"": 0.0}, {""feature"": ""name_sim_max_etab"", ""shap"": 0.6883752346038818, ""value"": 0.0, ""model_input"": 0.0}, {""feature"": ""addr_jaro"", ""shap"": 0.6581279635429382, ""value"": 1.0, ""model_input"": 1.0}, {""feature"": ""addr_levenshtein"", ""shap"": 0.5543975830078125, ""value"": 1.0, ""model_input"": 1.0}, {""feature"": ""type_of_max_name"", ""shap"": 0.4581615924835205, ""value"": 7.0, ""model_input"": 7.0}, {""feature"": ""name_sim_max_pm_dirigeant"", ""shap"": -0.387042373418808, ""value"": 0.0, ""model_input"": 0.0}, {""feature"": ""name_semantic_second"", ""shap"": -0.3868509531021118, ""value"": 0.0, ""model_input"": 0.0}, {""feature"": ""name_token_overlap_max"", ""shap"": -0.32958877086639404, ""value"": 0.0, ""model_input"": 0.0}]}"
FOYER NOTRE DAME DES SANS ABRI DECINES CHARPIEU,51 Avenue Franklin Roosevelt,69150,DECINES-CHARPIEU,94273320500010,0.8524395823478699,EURO PARE BRISE + LYON,51 AVENUE FRANKLIN ROOSEVELT,DECINES-CHARPIEU,69150,69275,1,"{""bias"": 1.1616770029067993, ""margin"": 1.753864049911499, ""prob_from_margin"": 0.8524395090803917, ""top"": [{""feature"": ""name_semantic_max"", ""shap"": -1.982192873954773, ""value"": 0.4365834593772888, ""model_input"": 0.4365834593772888}, {""feature"": ""street_number_diff"", ""shap"": 1.2902393341064453, ""value"": 0.0, ""model_input"": 0.0}, {""feature"": ""addr_token_overlap"", ""shap"": 1.2561503648757935, ""value"": 1.0, ""model_input"": 1.0}, {""feature"": ""name_sim_max_etab"", ""shap"": 0.7738303542137146, ""value"": 0.0, ""model_input"": 0.0}, {""feature"": ""addr_jaro"", ""shap"": 0.6852637529373169, ""value"": 1.0, ""model_input"": 1.0}, {""feature"": ""addr_levenshtein"", ""shap"": 0.5236285924911499, ""value"": 1.0, ""model_input"": 1.0}, {""feature"": ""type_of_max_name"", ""shap"": 0.4514347314834595, ""value"": 7.0, ""model_input"": 7.0}, {""feature"": ""name_semantic_second"", ""shap"": -0.45007166266441345, ""value"": 0.0, ""model_input"": 0.0}, {""feature"": ""name_sim_max_pm_dirigeant"", ""shap"": -0.4362034797668457, ""value"": 0.0, ""model_input"": 0.0}, {""feature"": ""name_levenshtein_max"", ""shap"": -0.40676209330558777, ""value"": 0.2666666666666667, ""model_input"": 0.2666666666666667}]}"
FOYER NOTRE DAME DES SANS ABRI DECINES CHARPIEU,51 Avenue Franklin Roosevelt,69150,DECINES-CHARPIEU,81879433100012,0.7513113617897034,DECINES OLYMPIQUE HANDISPORT,51 RUE DANTON,DECINES-CHARPIEU,69150,69275,2,"{""bias"": 1.1616770029067993, ""margin"": 1.1056172847747803, ""prob_from_margin"": 0.7513111352841674, ""top"": [{""feature"": ""name_semantic_max"", ""shap"": -1.964042067527771, ""value"": 0.4481929540634155, ""model_input"": 0.4481929540634155}, {""feature"": ""name_sim_max_etab"", ""shap"": 0.8100651502609253, ""value"": 0.0, ""model_input"": 0.0}, {""feature"": ""type_of_max_name"", ""shap"": 0.7304574251174927, ""value"": 7.0, ""model_input"": 7.0}, {""feature"": ""street_number_diff"", ""shap"": 0.6075757145881653, ""value"": 0.0, ""model_input"": 0.0}, {""feature"": ""name_semantic_second"", ""shap"": -0.5286563634872437, ""value"": 0.0, ""model_input"": 0.0}, {""feature"": ""addr_levenshtein"", ""shap"": -0.46806129813194275, ""value"": 0.3214285714285714, ""model_input"": 0.3214285714285714}, {""feature"": ""name_length_max"", ""shap"": 0.42505088448524475, ""value"": 28.0, ""model_input"": 28.0}, {""feature"": ""name_token_overlap_max"", ""shap"": -0.4213309586048126, ""value"": 0.0, ""model_input"": 0.0}, {""feature"": ""is_siege"", ""shap"": 0.34787777066230774, ""value"": 1.0, ""model_input"": 1.0}, {""feature"": ""name_city_overlap_max"", ""shap"": 0.34758904576301575, ""value"": 0.25, ""model_input"": 0.25}]}"
FOYER NOTRE DAME DES SANS ABRI DECINES CHARPIEU,51 Avenue Franklin Roosevelt,69150,DECINES-CHARPIEU,44303932600022,0.7165942192077637,DITIB,127 AVENUE FRANKLIN ROOSEVELT,DECINES-CHARPIEU,69150,69275,3,"{""bias"": 1.1616770029067993, ""margin"": 0.9276312589645386, ""prob_from_margin"": 0.7165944722831724, ""top"": [{""feature"": ""name_semantic_max"", ""shap"": -1.9414764642715454, ""value"": 0.48077550530433655, ""model_input"": 0.48077550530433655}, {""feature"": ""name_jaro_max"", ""shap"": 1.0289250612258911, ""value"": 0.32222222222222224, ""model_input"": 0.32222222222222224}, {""feature"": ""street_number_diff"", ""shap"": -0.8645346760749817, ""value"": 76.0, ""model_input"": 76.0}, {""feature"": ""name_sim_max_etab"", ""shap"": 0.8325327634811401, ""value"": 0.0, ""model_input"": 0.0}, {""feature"": ""addr_token_overlap"", ""shap"": 0.587537407875061, ""value"": 0.6, ""model_input"": 0.6}, {""feature"": ""name_addr_consistency"", ""shap"": 0.5477685928344727, ""value"": 0.31097883597883597, ""model_input"": 0.31097883597883597}, {""feature"": ""type_of_max_name"", ""shap"": 0.5284010767936707, ""value"": 7.0, ""model_input"": 7.0}, {""feature"": ""name_token_overlap_max"", ""shap"": -0.4237392544746399, ""value"": 0.0, ""model_input"": 0.0}, {""feature"": ""addr_levenshtein"", ""shap"": 0.3953832983970642, ""value"": 0.896551724137931, ""model_input"": 0.896551724137931}, {""feature"": ""name_sim_max_ul"", ""shap"": -0.38932010531425476, ""value"": 0.32222222222222224, ""model_input"": 0.32222222222222224}]}"
FOYER NOTRE DAME DES SANS ABRI DECINES CHARPIEU,51 Avenue Franklin Roosevelt,69150,DECINES-CHARPIEU,80067624900025,0.4208658039569855,A.B.I.,79 AVENUE FRANKLIN ROOSEVELT,DECINES-CHARPIEU,69150,69275,4,"{""bias"": 1.1616770029067993, ""margin"": -0.31922078132629395, ""prob_from_margin"": 0.4208656611423112, ""top"": [{""feature"": ""name_semantic_max"", ""shap"": -1.858066201210022, ""value"": 0.4851982891559601, ""model_input"": 0.4851982891559601}, {""feature"": ""street_number_diff"", ""shap"": -0.9180075526237488, ""value"": 28.0, ""model_input"": 28.0}, {""feature"": ""name_sim_max_etab"", ""shap"": 0.7883784174919128, ""value"": 0.0, ""model_input"": 0.0}, {""feature"": ""type_of_max_name"", ""shap"": 0.6068609952926636, ""value"": 7.0, ""model_input"": 7.0}, {""feature"": ""addr_token_overlap"", ""shap"": 0.6034566760063171, ""value"": 0.6, ""model_input"": 0.6}, {""feature"": ""name_token_overlap_max"", ""shap"": -0.44210830330848694, ""value"": 0.0, ""model_input"": 0.0}, {""feature"": ""name_addr_consistency"", ""shap"": 0.409149169921875, ""value"": 0.38095238095238093, ""model_input"": 0.38095238095238093}, {""feature"": ""name_sim_max_ul"", ""shap"": -0.3812296390533447, ""value"": 0.39999999999999997, ""model_input"": 0.39999999999999997}, {""feature"": ""name_jaro_max"", ""shap"": 0.3741501271724701, ""value"": 0.39999999999999997, ""model_input"": 0.39999999999999997}, {""feature"": ""addr_levenshtein"", ""shap"": 0.36052167415618896, ""value"": 0.9285714285714286, ""model_input"": 0.9285714285714286}]}"
FOYER NOTRE DAME DES SANS ABRI DECINES CHARPIEU,51 Avenue Franklin Roosevelt,69150,DECINES-CHARPIEU,40189798800010,0.37893375754356384,DIFFUPACK,205 AVENUE FRANKLIN ROOSEVELT,DECINES-CHARPIEU,69150,69275,5,"{""bias"": 1.1616770029067993, ""margin"": -0.4940758943557739, ""prob_from_margin"": 0.37893386225043124, ""top"": [{""feature"": ""name_semantic_max"", ""shap"": -2.7123963832855225, ""value"": 0.34941017627716064, ""model_input"": 0.34941017627716064}, {""feature"": ""name_jaro_max"", ""shap"": 0.9002875685691833, ""value"": 0.3666666666666667, ""model_input"": 0.3666666666666667}, {""feature"": ""street_number_diff"", ""shap"": -0.8889490365982056, ""value"": 154.0, ""model_input"": 154.0}, {""feature"": ""name_sim_max_etab"", ""shap"": 0.7988213300704956, ""value"": 0.0, ""model_input"": 0.0}, {""feature"": ""name_addr_consistency"", ""shap"": 0.6661774516105652, ""value"": 0.353872468527641, ""model_input"": 0.353872468527641}, {""feature"": ""addr_token_overlap"", ""shap"": 0.6599637866020203, ""value"": 0.6, ""model_input"": 0.6}, {""feature"": ""type_of_max_name"", ""shap"": 0.44543927907943726, ""value"": 7.0, ""model_input"": 7.0}, {""feature"": ""addr_levenshtein"", ""shap"": 0.4270714819431305, ""value"": 0.896551724137931, ""model_input"": 0.896551724137931}, {""feature"": ""name_token_overlap_max"", ""shap"": -0.4125765562057495, ""value"": 0.0, ""model_input"": 0.0}, {""feature"": ""name_sim_max_pm_dirigeant"", ""shap"": -0.3685193955898285, ""value"": 0.0, ""model_input"": 0.0}]}"
FRANCE VIANDES,30 Avenue du 24 Août 1944,69960,CORBAS,31563143200046,0.9998871088027954,FRANCE VIANDES,30 AVENUE DU 24 AOUT 1944,CORBAS,69960,69273,1,"{""bias"": 1.1616770029067993, ""margin"": 9.089599609375, ""prob_from_margin"": 0.999887179493053, ""top"": [{""feature"": ""name_semantic_max"", ""shap"": 2.2276978492736816, ""value"": 1.0, ""model_input"": 1.0}, {""feature"": ""token_overlap_ul"", ""shap"": 0.9936000108718872, ""value"": 1.0, ""model_input"": 1.0}, {""feature"": ""name_sim_max_pm_dirigeant"", ""shap"": 0.9868521690368652, ""value"": 0.5669427191166322, ""model_input"": 0.5669427191166322}, {""feature"": ""name_token_overlap_max"", ""shap"": 0.9173291921615601, ""value"": 1.0, ""model_input"": 1.0}, {""feature"": ""name_crm_contains_cand_max"", ""shap"": 0.6656365394592285, ""value"": 1.0, ""model_input"": 1.0}, {""feature"": ""addr_token_overlap"", ""shap"": 0.5482382774353027, ""value"": 1.0, ""model_input"": 1.0}, {""feature"": ""street_number_diff"", ""shap"": 0.417940616607666, ""value"": 0.0, ""model_input"": 0.0}, {""feature"": ""is_siege"", ""shap"": 0.3445172905921936, ""value"": 1.0, ""model_input"": 1.0}, {""feature"": ""name_addr_consistency"", ""shap"": 0.27741679549217224, ""value"": 1.0, ""model_input"": 1.0}, {""feature"": ""name_sim_max_ul"", ""shap"": 0.2528567910194397, ""value"": 1.0, ""model_input"": 1.0}]}"
FRANCE VIANDES,30 Avenue du 24 Août 1944,69960,CORBAS,81536371800017,0.9484540224075317,SR VIANDES,40 RUE DES IRIS,CORBAS,69960,69273,2,"{""bias"": 1.1616770029067993, ""margin"": 2.912360668182373, ""prob_from_margin"": 0.9484540973132506, ""top"": [{""feature"": ""name_semantic_max"", ""shap"": 2.642702102661133, ""value"": 0.7670753002166748, ""model_input"": 0.7670753002166748}, {""feature"": ""name_sim_max_etab"", ""shap"": 1.1166313886642456, ""value"": 0.0, ""model_input"": 0.0}, {""feature"": ""name_token_overlap_max"", ""shap"": 0.6761093139648438, ""value"": 0.3333333333333333, ""model_input"": 0.3333333333333333}, {""feature"": ""addr_token_overlap"", ""shap"": -0.6340514421463013, ""value"": 0.0, ""model_input"": 0.0}, {""feature"": ""name_sim_max_pm_dirigeant"", ""shap"": -0.5110852718353271, ""value"": 0.0, ""model_input"": 0.0}, {""feature"": ""name_length_max"", ""shap"": -0.48562732338905334, ""value"": 10.0, ""model_input"": 10.0}, {""feature"": ""token_overlap_ul"", ""shap"": 0.3503427803516388, ""value"": 0.5, ""model_input"": 0.5}, {""feature"": ""addr_jaro"", ""shap"": -0.30968615412712097, ""value"": 0.5344444444444444, ""model_input"": 0.5344444444444444}, {""feature"": ""name_semantic_second"", ""shap"": -0.2838999629020691, ""value"": 0.0, ""model_input"": 0.0}, {""feature"": ""name_jaro_max"", ""shap"": -0.2838885188102722, ""value"": 0.7365079365079366, ""model_input"": 0.7365079365079366}]}"
FRANCE VIANDES,30 Avenue du 24 Août 1944,69960,CORBAS,48482143400046,0.9442191123962402,VIENNE VIANDE,5 AVENUE DE MONTMARTIN,CORBAS,69960,69273,3,"{""bias"": 1.1616770029067993, ""margin"": 2.8289289474487305, ""prob_from_margin"": 0.94421921732941, ""top"": [{""feature"": ""name_semantic_max"", ""shap"": 3.4119393825531006, ""value"": 0.8158300518989563, ""model_input"": 0.8158300518989563}, {""feature"": ""name_sim_max_etab"", ""shap"": 1.3262534141540527, ""value"": 0.0, ""model_input"": 0.0}, {""feature"": ""token_overlap_ul"", ""shap"": 0.6800918579101562, ""value"": 0.5, ""model_input"": 0.5}, {""feature"": ""street_number_diff"", ""shap"": -0.5654485821723938, ""value"": 25.0, ""model_input"": 25.0}, {""feature"": ""name_addr_consistency"", ""shap"": -0.46423059701919556, ""value"": 0.45241080856465465, ""model_input"": 0.45241080856465465}, {""feature"": ""name_sim_max_pm_dirigeant"", ""shap"": -0.4607786536216736, ""value"": 0.0, ""model_input"": 0.0}, {""feature"": ""addr_token_overlap"", ""shap"": -0.4606739580631256, ""value"": 0.1111111111111111, ""model_input"": 0.1111111111111111}, {""feature"": ""name_token_overlap_max"", ""shap"": -0.39906975626945496, ""value"": 0.0, ""model_input"": 0.0}, {""feature"": ""addr_levenshtein"", ""shap"": -0.3475036919116974, ""value"": 0.43999999999999995, ""model_input"": 0.43999999999999995}, {""feature"": ""name_semantic_second"", ""shap"": -0.2740662097930908, ""value"": 0.33395320177078247, ""model_input"": 0.33395320177078247}]}"
FRANCE VIANDES,30 Avenue du 24 Août 1944,69960,CORBAS,92150150800029,0.7418248653411865,LA HALLE DES VIANDES,7 RUE DES MARRONNIERS,CORBAS,69960,69273,4,"{""bias"": 1.1616770029067993, ""margin"": 1.0554749965667725, ""prob_from_margin"": 0.7418248620725788, ""top"": [{""feature"": ""name_semantic_max"", ""shap"": -1.5296728610992432, ""value"": 0.5201894044876099, ""model_input"": 0.5201894044876099}, {""feature"": ""name_sim_max_etab"", ""shap"": 0.9794967770576477, ""value"": 0.0, ""model_input"": 0.0}, {""feature"": ""type_of_max_name"", ""shap"": 0.8760427236557007, ""value"": 7.0, ""model_input"": 7.0}, {""feature"": ""token_overlap_ul"", ""shap"": 0.6094191074371338, ""value"": 0.5, ""model_input"": 0.5}, {""feature"": ""street_number_diff"", ""shap"": -0.4772779941558838, ""value"": 23.0, ""model_input"": 23.0}, {""feature"": ""name_sim_max_pm_dirigeant"", ""shap"": -0.4503445327281952, ""value"": 0.0, ""model_input"": 0.0}, {""feature"": ""addr_jaro"", ""shap"": -0.348764032125473, ""value"": 0.5253968253968254, ""model_input"": 0.5253968253968254}, {""feature"": ""name_semantic_second"", ""shap"": -0.34190991520881653, ""value"": 0.0, ""model_input"": 0.0}, {""feature"": ""name_addr_consistency"", ""shap"": 0.32783859968185425, ""value"": 0.31773998488284205, ""model_input"": 0.31773998488284205}, {""feature"": ""addr_levenshtein"", ""shap"": -0.3128974139690399, ""value"": 0.24, ""model_input"": 0.24}]}"
FRANCE VIANDES,30 Avenue du 24 Août 1944,69960,CORBAS,41447724000058,0.6189526915550232,SOCIETE D'EXPLOITATION CHENNAH VIANDE,29 RUE MARCEL MERIEUX,CORBAS,69960,69273,5,"{""bias"": 1.1616770029067993, ""margin"": 0.4851054549217224, ""prob_from_margin"": 0.6189527266816909, ""top"": [{""feature"": ""name_sim_max_etab"", ""shap"": 0.9501343965530396, ""value"": 0.0, ""model_input"": 0.0}, {""feature"": ""token_overlap_ul"", ""shap"": 0.9339115619659424, ""value"": 0.5, ""model_input"": 0.5}, {""feature"": ""name_semantic_max"", ""shap"": -0.8760921359062195, ""value"": 0.5637789368629456, ""model_input"": 0.5637789368629456}, {""feature"": ""type_of_max_name"", ""shap"": 0.7655466198921204, ""value"": 7.0, ""model_input"": 7.0}, {""feature"": ""street_number_diff"", ""shap"": -0.5814202427864075, ""value"": 1.0, ""model_input"": 1.0}, {""feature"": ""name_length_max"", ""shap"": 0.45003440976142883, ""value"": 37.0, ""model_input"": 37.0}, {""feature"": ""name_sim_max_pm_dirigeant"", ""shap"": -0.43936920166015625, ""value"": 0.0, ""model_input"": 0.0}, {""feature"": ""addr_levenshtein"", ""shap"": -0.4330591559410095, ""value"": 0.16000000000000003, ""model_input"": 0.16000000000000003}, {""feature"": ""name_token_overlap_max"", ""shap"": -0.4183500111103058, ""value"": 0.0, ""model_input"": 0.0}, {""feature"": ""addr_jaro"", ""shap"": -0.3759739100933075, ""value"": 0.441984126984127, ""model_input"": 0.441984126984127}]}"
FRIGO TRANSPORTS 69,Rue de la Vanoise,69960,CORBAS,34450958300052,0.9990335702896118,FRIGO TRANSPORTS 69,RUE DE LA VANOISE,CORBAS,69960,69273,1,"{""bias"": 1.1616770029067993, ""margin"": 6.94087553024292, ""prob_from_margin"": 0.9990335127823561, ""top"": [{""feature"": ""name_semantic_max"", ""shap"": 2.1978816986083984, ""value"": 1.0000001192092896, ""model_input"": 1.0000001192092896}, {""feature"": ""name_sim_max_pm_dirigeant"", ""shap"": 1.2740600109100342, ""value"": 0.6586921850079746, ""model_input"": 0.6586921850079746}, {""feature"": ""name_token_overlap_max"", ""shap"": 0.9995304346084595, ""value"": 1.0, ""model_input"": 1.0}, {""feature"": ""token_overlap_ul"", ""shap"": 0.8527998328208923, ""value"": 1.0, ""model_input"": 1.0}, {""feature"": ""name_sim_max_etab"", ""shap"": -0.6213335394859314, ""value"": 0.6586921850079746, ""model_input"": 0.6586921850079746}, {""feature"": ""addr_token_overlap"", ""shap"": 0.6183995604515076, ""value"": 1.0, ""model_input"": 1.0}, {""feature"": ""name_crm_contains_cand_max"", ""shap"": 0.5572327375411987, ""value"": 1.0, ""model_input"": 1.0}, {""feature"": ""is_siege"", ""shap"": -0.41998839378356934, ""value"": 0.0, ""model_input"": 0.0}, {""feature"": ""name_semantic_second"", ""shap"": -0.3874378502368927, ""value"": 0.3915826678276062, ""model_input"": 0.3915826678276062}, {""feature"": ""name_addr_consistency"", ""shap"": 0.2835445702075958, ""value"": 1.0, ""model_input"": 1.0}]}"
FRIGO TRANSPORTS 69,Rue de la Vanoise,69960,CORBAS,45285394800035,0.9911516308784485,LOGISTIQUE TRANSPORTS FRIGO MARCEL OMONT,4 RUE DU MONT BLANC,CORBAS,69960,69273,2,"{""bias"": 1.1616770029067993, ""margin"": 4.718637943267822, ""prob_from_margin"": 0.9911516622286057, ""top"": [{""feature"": ""name_semantic_max"", ""shap"": 2.441378355026245, ""value"": 0.74637371301651, ""model_input"": 0.74637371301651}, {""feature"": ""token_overlap_ul"", ""shap"": 1.2995717525482178, ""value"": 1.0, ""model_input"": 1.0}, {""feature"": ""name_sim_max_pm_dirigeant"", ""shap"": 1.1356087923049927, ""value"": 0.5573656363130047, ""model_input"": 0.5573656363130047}, {""feature"": ""addr_token_overlap"", ""shap"": -0.7676595449447632, ""value"": 0.125, ""model_input"": 0.125}, {""feature"": ""name_token_overlap_max"", ""shap"": 0.6747800707817078, ""value"": 0.3333333333333333, ""model_input"": 0.3333333333333333}, {""feature"": ""name_semantic_second"", ""shap"": -0.4164685308933258, ""value"": 0.39212942123413086, ""model_input"": 0.39212942123413086}, {""feature"": ""street_number_diff"", ""shap"": 0.3488847315311432, ""value"": 9999.0, ""model_input"": 9999.0}, {""feature"": ""is_siege"", ""shap"": -0.3042896091938019, ""value"": 0.0, ""model_input"": 0.0}, {""feature"": ""addr_jaro"", ""shap"": -0.29644665122032166, ""value"": 0.5904869124683366, ""model_input"": 0.5904869124683366}, {""feature"": ""name_jaro_gap"", ""shap"": -0.23857370018959045, ""value"": 0.0233361180729601, ""model_input"": 0.0233361180729601}]}"
FRIGO TRANSPORTS 69,Rue de la Vanoise,69960,CORBAS,89746951600016,0.969844400882721,LES FRIGOS DU RHONE,51 RUE MARCEL MERIEUX,CORBAS,69960,69273,3,"{""bias"": 1.1616770029067993, ""margin"": 3.470764636993408, ""prob_from_margin"": 0.9698443893145151, ""top"": [{""feature"": ""name_semantic_max"", ""shap"": 1.194201946258545, ""value"": 0.6739897727966309, ""model_input"": 0.6739897727966309}, {""feature"": ""token_overlap_ul"", ""shap"": 0.8175758123397827, ""value"": 0.5, ""model_input"": 0.5}, {""feature"": ""name_sim_max_pm_dirigeant"", ""shap"": 0.7452439665794373, ""value"": 0.4795321637426901, ""model_input"": 0.4795321637426901}, {""feature"": ""type_of_max_name"", ""shap"": 0.48479729890823364, ""value"": 7.0, ""model_input"": 7.0}, {""feature"": ""name_token_overlap_max"", ""shap"": -0.4526174068450928, ""value"": 0.0, ""model_input"": 0.0}, {""feature"": ""name_sim_max_etab"", ""shap"": 0.4236629009246826, ""value"": 0.4795321637426901, ""model_input"": 0.4795321637426901}, {""feature"": ""addr_token_overlap"", ""shap"": -0.4236592650413513, ""value"": 0.14285714285714285, ""model_input"": 0.14285714285714285}, {""feature"": ""name_addr_consistency"", ""shap"": 0.40858012437820435, ""value"": 0.33623869537182227, ""model_input"": 0.33623869537182227}, {""feature"": ""name_semantic_second"", ""shap"": -0.37636810541152954, ""value"": 0.27901163697242737, ""model_input"": 0.27901163697242737}, {""feature"": ""addr_jaro"", ""shap"": -0.32975003123283386, ""value"": 0.5721076309311603, ""model_input"": 0.5721076309311603}]}"
FRIGO TRANSPORTS 69,Rue de la Vanoise,69960,CORBAS,84357049000022,0.8916246294975281,RORI CORBAS,69 RUE MARCEL MERIEUX,CORBAS,69960,69273,4,"{""bias"": 1.1616770029067993, ""margin"": 2.10744571685791, ""prob_from_margin"": 0.8916247595228725, ""top"": [{""feature"": ""name_city_overlap_max"", ""shap"": 1.137837290763855, ""value"": 0.5, ""model_input"": 0.5}, {""feature"": ""name_sim_max_pm_dirigeant"", ""shap"": 0.7822931408882141, ""value"": 0.5381836945304438, ""model_input"": 0.5381836945304438}, {""feature"": ""is_siege"", ""shap"": 0.5535381436347961, ""value"": 1.0, ""model_input"": 1.0}, {""feature"": ""addr_levenshtein"", ""shap"": -0.5022435784339905, ""value"": 0.23809523809523814, ""model_input"": 0.23809523809523814}, {""feature"": ""type_of_max_name"", ""shap"": 0.4994136393070221, ""value"": 7.0, ""model_input"": 7.0}, {""feature"": ""addr_token_overlap"", ""shap"": -0.47149839997291565, ""value"": 0.14285714285714285, ""model_input"": 0.14285714285714285}, {""feature"": ""name_token_overlap_max"", ""shap"": -0.44058746099472046, ""value"": 0.0, ""model_input"": 0.0}, {""feature"": ""name_semantic_second"", ""shap"": -0.39734306931495667, ""value"": 0.3532263934612274, ""model_input"": 0.3532263934612274}, {""feature"": ""token_overlap_ul"", ""shap"": -0.38798531889915466, ""value"": 0.0, ""model_input"": 0.0}, {""feature"": ""name_count"", ""shap"": 0.3483003079891205, ""value"": 2.0, ""model_input"": 2.0}]}"
FRIGO TRANSPORTS 69,Rue de la Vanoise,69960,CORBAS,32902163800229,0.664207398891449,STAT,38 AVENUE DU 24 AOUT 1944,CORBAS,69960,69273,5,"{""bias"": 1.1616770029067993, ""margin"": 0.682100236415863, ""prob_from_margin"": 0.6642072870962228, ""top"": [{""feature"": ""token_overlap_ul"", ""shap"": 0.9396578073501587, ""value"": 0.5, ""model_input"": 0.5}, {""feature"": ""name_sim_max_etab"", ""shap"": 0.9330390691757202, ""value"": 0.0, ""model_input"": 0.0}, {""feature"": ""type_of_max_name"", ""shap"": 0.585982084274292, ""value"": 7.0, ""model_input"": 7.0}, {""feature"": ""addr_token_overlap"", ""shap"": -0.5222259759902954, ""value"": 0.0, ""model_input"": 0.0}, {""feature"": ""name_jaro_gap"", ""shap"": -0.5046615600585938, ""value"": 0.010014619883040976, ""model_input"": 0.010014619883040976}, {""feature"": ""name_semantic_max"", ""shap"": 0.49374040961265564, ""value"": 0.6103689074516296, ""model_input"": 0.6103689074516296}, {""feature"": ""name_semantic_second"", ""shap"": -0.46734076738357544, ""value"": 0.33523234724998474, ""model_input"": 0.33523234724998474}, {""feature"": ""name_token_overlap_max"", ""shap"": -0.40949195623397827, ""value"": 0.1111111111111111, ""model_input"": 0.1111111111111111}, {""feature"": ""addr_levenshtein"", ""shap"": -0.39132314920425415, ""value"": 0.24, ""model_input"": 0.24}, {""feature"": ""name_sim_max_pm_dirigeant"", ""shap"": -0.3786044716835022, ""value"": 0.0, ""model_input"": 0.0}]}"
FRUITAS SANCHEZ,69 Rue Marcel Mérieux,69960,CORBAS,31554738000024,0.9995800852775574,FRUTAS SANCHEZ,69 RUE MARCEL MERIEUX,CORBAS,69960,69273,1,"{""bias"": 1.1616770029067993, ""margin"": 7.775121212005615, ""prob_from_margin"": 0.9995801198230457, ""top"": [{""feature"": ""name_semantic_max"", ""shap"": 2.5110113620758057, ""value"": 0.9744631052017212, ""model_input"": 0.9744631052017212}, {""feature"": ""name_sim_max_pm_dirigeant"", ""shap"": 1.035936713218689, ""value"": 0.5603174603174603, ""model_input"": 0.5603174603174603}, {""feature"": ""addr_token_overlap"", ""shap"": 0.6548941135406494, ""value"": 1.0, ""model_input"": 1.0}, {""feature"": ""name_token_overlap_max"", ""shap"": 0.5588424801826477, ""value"": 0.3333333333333333, ""model_input"": 0.3333333333333333}, {""feature"": ""street_number_diff"", ""shap"": 0.43527600169181824, ""value"": 0.0, ""model_input"": 0.0}, {""feature"": ""token_overlap_ul"", ""shap"": 0.37540513277053833, ""value"": 0.5, ""model_input"": 0.5}, {""feature"": ""name_sim_max_ul"", ""shap"": 0.3693603575229645, ""value"": 0.9844444444444445, ""model_input"": 0.9844444444444445}, {""feature"": ""addr_jaro"", ""shap"": 0.26184090971946716, ""value"": 1.0, ""model_input"": 1.0}, {""feature"": ""name_addr_consistency"", ""shap"": 0.24825385212898254, ""value"": 0.9844444444444445, ""model_input"": 0.9844444444444445}, {""feature"": ""name_semantic_second"", ""shap"": -0.22330182790756226, ""value"": 0.2603399157524109, ""model_input"": 0.2603399157524109}]}"
FRUITAS SANCHEZ,69 Rue Marcel Mérieux,69960,CORBAS,51112302800017,0.9947848916053772,RHONE FRUITS,69 RUE MARCEL MERIEUX,CORBAS,69960,69273,2,"{""bias"": 1.1616770029067993, ""margin"": 5.250970363616943, ""prob_from_margin"": 0.9947849108658313, ""top"": [{""feature"": ""addr_token_overlap"", ""shap"": 1.1081979274749756, ""value"": 1.0, ""model_input"": 1.0}, {""feature"": ""name_semantic_max"", ""shap"": 1.085556983947754, ""value"": 0.6773715615272522, ""model_input"": 0.6773715615272522}, {""feature"": ""street_number_diff"", ""shap"": 0.9756031632423401, ""value"": 0.0, ""model_input"": 0.0}, {""feature"": ""name_sim_max_pm_dirigeant"", ""shap"": 0.8636720180511475, ""value"": 0.6095959595959596, ""model_input"": 0.6095959595959596}, {""feature"": ""name_semantic_second"", ""shap"": 0.7019359469413757, ""value"": 0.6552348732948303, ""model_input"": 0.6552348732948303}, {""feature"": ""name_sim_max_etab"", ""shap"": -0.3963349163532257, ""value"": 0.6095959595959596, ""model_input"": 0.6095959595959596}, {""feature"": ""addr_levenshtein"", ""shap"": 0.37237638235092163, ""value"": 1.0, ""model_input"": 1.0}, {""feature"": ""addr_jaro"", ""shap"": 0.34614017605781555, ""value"": 1.0, ""model_input"": 1.0}, {""feature"": ""name_addr_consistency"", ""shap"": -0.31242668628692627, ""value"": 0.6095959595959596, ""model_input"": 0.6095959595959596}, {""feature"": ""name_token_overlap_max"", ""shap"": -0.29783162474632263, ""value"": 0.0, ""model_input"": 0.0}]}"
FRUITAS SANCHEZ,69 Rue Marcel Mérieux,69960,CORBAS,53194863600018,0.9894604682922363,GIE DU MARCHE DE GROS LYON CORBAS,69 RUE MARCEL MERIEUX,CORBAS,69960,69273,3,"{""bias"": 1.1616770029067993, ""margin"": 4.542027473449707, ""prob_from_margin"": 0.9894604763484529, ""top"": [{""feature"": ""name_semantic_max"", ""shap"": 2.3566534519195557, ""value"": 0.9308371543884277, ""model_input"": 0.9308371543884277}, {""feature"": ""name_semantic_second"", ""shap"": 0.9674099683761597, ""value"": 0.6819789409637451, ""model_input"": 0.6819789409637451}, {""feature"": ""name_count"", ""shap"": -0.9145218729972839, ""value"": 17.0, ""model_input"": 17.0}, {""feature"": ""name_sim_max_pm_dirigeant"", ""shap"": 0.8139853477478027, ""value"": 0.6052910052910053, ""model_input"": 0.6052910052910053}, {""feature"": ""addr_token_overlap"", ""shap"": 0.6382936239242554, ""value"": 1.0, ""model_input"": 1.0}, {""feature"": ""street_number_diff"", ""shap"": 0.5959569811820984, ""value"": 0.0, ""model_input"": 0.0}, {""feature"": ""token_overlap_ul"", ""shap"": -0.47007277607917786, ""value"": 0.0, ""model_input"": 0.0}, {""feature"": ""name_addr_consistency"", ""shap"": -0.42057403922080994, ""value"": 0.6052910052910053, ""model_input"": 0.6052910052910053}, {""feature"": ""name_sim_max_ul"", ""shap"": -0.29476454854011536, ""value"": 0.4898989898989899, ""model_input"": 0.4898989898989899}, {""feature"": ""addr_levenshtein"", ""shap"": 0.2562193274497986, ""value"": 1.0, ""model_input"": 1.0}]}"
FRUITAS SANCHEZ,69 Rue Marcel Mérieux,69960,CORBAS,89124205900014,0.988413393497467,GE FRUITS HOLDING,69 RUE MARCEL MERIEUX,CORBAS,69960,69273,4,"{""bias"": 1.1616770029067993, ""margin"": 4.446252822875977, ""prob_from_margin"": 0.988413412019943, ""top"": [{""feature"": ""name_semantic_max"", ""shap"": 1.1412723064422607, ""value"": 0.6575239300727844, ""model_input"": 0.6575239300727844}, {""feature"": ""addr_token_overlap"", ""shap"": 1.0535966157913208, ""value"": 1.0, ""model_input"": 1.0}, {""feature"": ""street_number_diff"", ""shap"": 0.9584652781486511, ""value"": 0.0, ""model_input"": 0.0}, {""feature"": ""name_sim_max_pm_dirigeant"", ""shap"": 0.6038227081298828, ""value"": 0.4962962962962963, ""model_input"": 0.4962962962962963}, {""feature"": ""name_semantic_second"", ""shap"": 0.493895947933197, ""value"": 0.5555738806724548, ""model_input"": 0.5555738806724548}, {""feature"": ""addr_jaro"", ""shap"": 0.3676252067089081, ""value"": 1.0, ""model_input"": 1.0}, {""feature"": ""name_addr_consistency"", ""shap"": -0.3670675754547119, ""value"": 0.5616557734204793, ""model_input"": 0.5616557734204793}, {""feature"": ""name_token_overlap_max"", ""shap"": -0.3296200931072235, ""value"": 0.0, ""model_input"": 0.0}, {""feature"": ""addr_levenshtein"", ""shap"": 0.327233225107193, ""value"": 1.0, ""model_input"": 1.0}, {""feature"": ""name_levenshtein_max"", ""shap"": -0.23771993815898895, ""value"": 0.3529411764705882, ""model_input"": 0.3529411764705882}]}"
FRUITAS SANCHEZ,69 Rue Marcel Mérieux,69960,CORBAS,50743546900022,0.9825930595397949,RHONE ALPES FRUITS ET LEGUMES,69 RUE MARCEL MERIEUX,CORBAS,69960,69273,5,"{""bias"": 1.1616770029067993, ""margin"": 4.033321380615234, ""prob_from_margin"": 0.9825929796297013, ""top"": [{""feature"": ""addr_token_overlap"", ""shap"": 1.3720377683639526, ""value"": 1.0, ""model_input"": 1.0}, {""feature"": ""street_number_diff"", ""shap"": 1.024564266204834, ""value"": 0.0, ""model_input"": 0.0}, {""feature"": ""name_semantic_second"", ""shap"": 0.8915130496025085, ""value"": 0.5669978857040405, ""model_input"": 0.5669978857040405}, {""feature"": ""name_semantic_max"", ""shap"": 0.5592235922813416, ""value"": 0.6105499267578125, ""model_input"": 0.6105499267578125}, {""feature"": ""addr_levenshtein"", ""shap"": 0.5559947490692139, ""value"": 1.0, ""model_input"": 1.0}, {""feature"": ""addr_jaro"", ""shap"": 0.4927418529987335, ""value"": 1.0, ""model_input"": 1.0}, {""feature"": ""name_addr_consistency"", ""shap"": -0.436050146818161, ""value"": 0.5990421455938697, ""model_input"": 0.5990421455938697}, {""feature"": ""name_token_overlap_max"", ""shap"": -0.39100906252861023, ""value"": 0.0, ""model_input"": 0.0}, {""feature"": ""name_sim_max_pm_dirigeant"", ""shap"": -0.32720619440078735, ""value"": 0.0, ""model_input"": 0.0}, {""feature"": ""name_sim_max_etab"", ""shap"": -0.3137657344341278, ""value"": 0.5990421455938697, ""model_input"": 0.5990421455938697}]}"
Filmor,33 Avenue Franklin Roosevelt,69150,DECINES CHARPIEU,53257969500018,0.96962970495224,HYBAT,33 AVENUE FRANKLIN ROOSEVELT,DECINES-CHARPIEU,69150,69275,1,"{""bias"": 1.1616770029067993, ""margin"": 3.463451385498047, ""prob_from_margin"": 0.9696297676313176, ""top"": [{""feature"": ""name_semantic_max"", ""shap"": -3.1179099082946777, ""value"": 0.2955278158187866, ""model_input"": 0.2955278158187866}, {""feature"": ""addr_token_overlap"", ""shap"": 1.1833826303482056, ""value"": 1.0, ""model_input"": 1.0}, {""feature"": ""name_addr_consistency"", ""shap"": 1.11974036693573, ""value"": 0.0, ""model_input"": 0.0}, {""feature"": ""street_number_diff"", ""shap"": 1.0453660488128662, ""value"": 0.0, ""model_input"": 0.0}, {""feature"": ""addr_jaro"", ""shap"": 1.0283089876174927, ""value"": 1.0, ""model_input"": 1.0}, {""feature"": ""name_sim_max_etab"", ""shap"": 0.8410736322402954, ""value"": 0.0, ""model_input"": 0.0}, {""feature"": ""addr_levenshtein"", ""shap"": 0.6188194155693054, ""value"": 1.0, ""model_input"": 1.0}, {""feature"": ""name_jaro_max"", ""shap"": 0.5385581254959106, ""value"": 0.0, ""model_input"": 0.0}, {""feature"": ""name_sim_max_ul"", ""shap"": -0.4334202706813812, ""value"": 0.0, ""model_input"": 0.0}, {""feature"": ""name_semantic_second"", ""shap"": -0.3253580629825592, ""value"": 0.0, ""model_input"": 0.0}]}"
Filmor,33 Avenue Franklin Roosevelt,69150,DECINES CHARPIEU,21690275900010,0.7993337512016296,MAIRIE,PLACE ROGER SALENGRO,DECINES-CHARPIEU,69150,69275,2,"{""bias"": 1.1616770029067993, ""margin"": 1.3821358680725098, ""prob_from_margin"": 0.7993338109697211, ""top"": [{""feature"": ""name_city_overlap_max"", ""shap"": 2.448512315750122, ""value"": 0.5, ""model_input"": 0.5}, {""feature"": ""name_semantic_max"", ""shap"": -1.7558226585388184, ""value"": 0.4490209221839905, ""model_input"": 0.4490209221839905}, {""feature"": ""name_sim_max_ul"", ""shap"": -0.8418274521827698, ""value"": 0.30246913580246915, ""model_input"": 0.30246913580246915}, {""feature"": ""name_length_max"", ""shap"": 0.7170921564102173, ""value"": 6.0, ""model_input"": 6.0}, {""feature"": ""addr_jaro"", ""shap"": -0.4747805893421173, ""value"": 0.5904761904761905, ""model_input"": 0.5904761904761905}, {""feature"": ""is_siege"", ""shap"": 0.40450960397720337, ""value"": 1.0, ""model_input"": 1.0}, {""feature"": ""name_token_overlap_max"", ""shap"": -0.40281200408935547, ""value"": 0.0, ""model_input"": 0.0}, {""feature"": ""addr_levenshtein"", ""shap"": -0.3823730945587158, ""value"": 0.25, ""model_input"": 0.25}, {""feature"": ""street_number_diff"", ""shap"": 0.362053781747818, ""value"": 9999.0, ""model_input"": 9999.0}, {""feature"": ""name_semantic_second"", ""shap"": 0.34896841645240784, ""value"": 0.44426417350769043, ""model_input"": 0.44426417350769043}]}"
Filmor,33 Avenue Franklin Roosevelt,69150,DECINES CHARPIEU,83013558800036,0.5671413540840149,CHARPENTERIE LYONNAISE,133 AVENUE FRANKLIN ROOSEVELT,DECINES-CHARPIEU,69150,69275,3,"{""bias"": 1.1616770029067993, ""margin"": 0.270196795463562, ""prob_from_margin"": 0.5671412173267993, ""top"": [{""feature"": ""name_semantic_max"", ""shap"": -2.483952045440674, ""value"": 0.3965044319629669, ""model_input"": 0.3965044319629669}, {""feature"": ""name_jaro_max"", ""shap"": 1.0205967426300049, ""value"": 0.30808080808080807, ""model_input"": 0.30808080808080807}, {""feature"": ""name_sim_max_etab"", ""shap"": 0.9617198705673218, ""value"": 0.0, ""model_input"": 0.0}, {""feature"": ""street_number_diff"", ""shap"": -0.8314804434776306, ""value"": 100.0, ""model_input"": 100.0}, {""feature"": ""addr_token_overlap"", ""shap"": 0.7304325103759766, ""value"": 0.6, ""model_input"": 0.6}, {""feature"": ""addr_levenshtein"", ""shap"": 0.6426275968551636, ""value"": 0.9655172413793104, ""model_input"": 0.9655172413793104}, {""feature"": ""name_sim_max_ul"", ""shap"": -0.5888800621032715, ""value"": 0.30808080808080807, ""model_input"": 0.30808080808080807}, {""feature"": ""addr_jaro"", ""shap"": 0.5415744185447693, ""value"": 0.9885057471264368, ""model_input"": 0.9885057471264368}, {""feature"": ""name_addr_consistency"", ""shap"": 0.42817223072052, ""value"": 0.30453964936723554, ""model_input"": 0.30453964936723554}, {""feature"": ""name_token_overlap_max"", ""shap"": -0.3884789049625397, ""value"": 0.0, ""model_input"": 0.0}]}"
Filmor,33 Avenue Franklin Roosevelt,69150,DECINES CHARPIEU,39950094100030,0.5659536719322205,HYBELE,33 AVENUE FRANKLIN ROOSEVELT,DECINES-CHARPIEU,69150,69275,4,"{""bias"": 1.1616770029067993, ""margin"": 0.2653617858886719, ""prob_from_margin"": 0.5659538777498407, ""top"": [{""feature"": ""name_semantic_max"", ""shap"": -3.0717360973358154, ""value"": 0.31022873520851135, ""model_input"": 0.31022873520851135}, {""feature"": ""street_number_diff"", ""shap"": 1.1079787015914917, ""value"": 0.0, ""model_input"": 0.0}, {""feature"": ""addr_token_overlap"", ""shap"": 1.0430102348327637, ""value"": 1.0, ""model_input"": 1.0}, {""feature"": ""name_sim_max_etab"", ""shap"": 0.7730295062065125, ""value"": 0.0, ""model_input"": 0.0}, {""feature"": ""addr_jaro"", ""shap"": 0.7674709558486938, ""value"": 1.0, ""model_input"": 1.0}, {""feature"": ""addr_levenshtein"", ""shap"": 0.48667097091674805, ""value"": 1.0, ""model_input"": 1.0}, {""feature"": ""name_addr_consistency"", ""shap"": -0.4481959342956543, ""value"": 0.4444444444444444, ""model_input"": 0.4444444444444444}, {""feature"": ""name_sim_max_pm_dirigeant"", ""shap"": -0.42684227228164673, ""value"": 0.0, ""model_input"": 0.0}, {""feature"": ""name_semantic_second"", ""shap"": -0.41827237606048584, ""value"": 0.0, ""model_input"": 0.0}, {""feature"": ""name_token_overlap_max"", ""shap"": -0.35426679253578186, ""value"": 0.0, ""model_input"": 0.0}]}"
Filmor,33 Avenue Franklin Roosevelt,69150,DECINES CHARPIEU,52237889200015,0.5510662794113159,PB3,133 AVENUE FRANKLIN ROOSEVELT,DECINES-CHARPIEU,69150,69275,5,"{""bias"": 1.1616770029067993, ""margin"": 0.2049785852432251, ""prob_from_margin"": 0.5510659714679194, ""top"": [{""feature"": ""name_semantic_max"", ""shap"": -2.204186201095581, ""value"": 0.4015907347202301, ""model_input"": 0.4015907347202301}, {""feature"": ""street_number_diff"", ""shap"": -1.172402024269104, ""value"": 100.0, ""model_input"": 100.0}, {""feature"": ""name_sim_max_etab"", ""shap"": 0.9375706315040588, ""value"": 0.0, ""model_input"": 0.0}, {""feature"": ""name_jaro_max"", ""shap"": 0.9228775501251221, ""value"": 0.0, ""model_input"": 0.0}, {""feature"": ""name_addr_consistency"", ""shap"": 0.7333609461784363, ""value"": 0.0, ""model_input"": 0.0}, {""feature"": ""addr_token_overlap"", ""shap"": 0.6651661396026611, ""value"": 0.6, ""model_input"": 0.6}, {""feature"": ""addr_jaro"", ""shap"": 0.6530953049659729, ""value"": 0.9885057471264368, ""model_input"": 0.9885057471264368}, {""feature"": ""addr_levenshtein"", ""shap"": 0.6438514590263367, ""value"": 0.9655172413793104, ""model_input"": 0.9655172413793104}, {""feature"": ""name_length_max"", ""shap"": -0.48232704401016235, ""value"": 3.0, ""model_input"": 3.0}, {""feature"": ""name_sim_max_ul"", ""shap"": -0.4544088840484619, ""value"": 0.0, ""model_input"": 0.0}]}"
G. JACQUEMMOZ ET FILS Corbas,43 Avenue Gabriel Péri,69960,CORBAS,30385874000051,0.9995352029800415,G. JACQUEMMOZ ET FILS,43 AVENUE GABRIEL PERI,CORBAS,69960,69273,1,"{""bias"": 1.1616770029067993, ""margin"": 7.6734299659729, ""prob_from_margin"": 0.9995351960610543, ""top"": [{""feature"": ""name_semantic_max"", ""shap"": 2.0012118816375732, ""value"": 1.0, ""model_input"": 1.0}, {""feature"": ""name_sim_max_pm_dirigeant"", ""shap"": 1.121645212173462, ""value"": 0.5396825396825397, ""model_input"": 0.5396825396825397}, {""feature"": ""name_token_overlap_max"", ""shap"": 0.7991275787353516, ""value"": 1.0, ""model_input"": 1.0}, {""feature"": ""token_overlap_ul"", ""shap"": 0.7714117765426636, ""value"": 1.0, ""model_input"": 1.0}, {""feature"": ""addr_token_overlap"", ""shap"": 0.647647500038147, ""value"": 1.0, ""model_input"": 1.0}, {""feature"": ""name_crm_contains_cand_max"", ""shap"": 0.538892924785614, ""value"": 1.0, ""model_input"": 1.0}, {""feature"": ""is_siege"", ""shap"": -0.45613324642181396, ""value"": 0.0, ""model_input"": 0.0}, {""feature"": ""street_number_diff"", ""shap"": 0.4237547218799591, ""value"": 0.0, ""model_input"": 0.0}, {""feature"": ""addr_jaro"", ""shap"": 0.30900779366493225, ""value"": 1.0, ""model_input"": 1.0}, {""feature"": ""name_semantic_second"", ""shap"": -0.26506319642066956, ""value"": 0.37926045060157776, ""model_input"": 0.37926045060157776}]}"
G. JACQUEMMOZ ET FILS Corbas,43 Avenue Gabriel Péri,69960,CORBAS,77574144000579,0.7399129867553711,STRICHER,43 AVENUE GABRIEL PERI,CORBAS,69960,69273,2,"{""bias"": 1.1616770029067993, ""margin"": 1.045516014099121, ""prob_from_margin"": 0.7399129216394393, ""top"": [{""feature"": ""name_semantic_max"", ""shap"": -2.0286495685577393, ""value"": 0.42861437797546387, ""model_input"": 0.42861437797546387}, {""feature"": ""addr_token_overlap"", ""shap"": 1.216173768043518, ""value"": 1.0, ""model_input"": 1.0}, {""feature"": ""street_number_diff"", ""shap"": 1.1387041807174683, ""value"": 0.0, ""model_input"": 0.0}, {""feature"": ""name_sim_max_pm_dirigeant"", ""shap"": 0.8543950915336609, ""value"": 0.5836940836940837, ""model_input"": 0.5836940836940837}, {""feature"": ""addr_levenshtein"", ""shap"": 0.5501871705055237, ""value"": 1.0, ""model_input"": 1.0}, {""feature"": ""addr_jaro"", ""shap"": 0.5314938426017761, ""value"": 1.0, ""model_input"": 1.0}, {""feature"": ""name_semantic_second"", ""shap"": -0.4907330870628357, ""value"": 0.4038926959037781, ""model_input"": 0.4038926959037781}, {""feature"": ""name_count"", ""shap"": -0.48154112696647644, ""value"": 4.0, ""model_input"": 4.0}, {""feature"": ""type_of_max_name"", ""shap"": 0.4564819931983948, ""value"": 4.0, ""model_input"": 4.0}, {""feature"": ""name_token_overlap_max"", ""shap"": -0.30289530754089355, ""value"": 0.0, ""model_input"": 0.0}]}"
G. JACQUEMMOZ ET FILS Corbas,43 Avenue Gabriel Péri,69960,CORBAS,30057104900554,0.603482723236084,PETIT FORESTIER LOCATION,43 AVENUE GABRIEL PERI,CORBAS,69960,69273,3,"{""bias"": 1.1616770029067993, ""margin"": 0.4199981689453125, ""prob_from_margin"": 0.6034828117093387, ""top"": [{""feature"": ""name_semantic_max"", ""shap"": -2.1027519702911377, ""value"": 0.42861437797546387, ""model_input"": 0.42861437797546387}, {""feature"": ""addr_token_overlap"", ""shap"": 1.1964086294174194, ""value"": 1.0, ""model_input"": 1.0}, {""feature"": ""street_number_diff"", ""shap"": 1.0426385402679443, ""value"": 0.0, ""model_input"": 0.0}, {""feature"": ""name_sim_max_pm_dirigeant"", ""shap"": 0.7992387413978577, ""value"": 0.5836940836940837, ""model_input"": 0.5836940836940837}, {""feature"": ""addr_levenshtein"", ""shap"": 0.5504909753799438, ""value"": 1.0, ""model_input"": 1.0}, {""feature"": ""addr_jaro"", ""shap"": 0.5095669627189636, ""value"": 1.0, ""model_input"": 1.0}, {""feature"": ""name_count"", ""shap"": -0.5049459934234619, ""value"": 4.0, ""model_input"": 4.0}, {""feature"": ""name_semantic_second"", ""shap"": -0.4754207134246826, ""value"": 0.4038926959037781, ""model_input"": 0.4038926959037781}, {""feature"": ""type_of_max_name"", ""shap"": 0.4334847629070282, ""value"": 4.0, ""model_input"": 4.0}, {""feature"": ""name_addr_consistency"", ""shap"": -0.36932477355003357, ""value"": 0.5836940836940837, ""model_input"": 0.5836940836940837}]}"
G. JACQUEMMOZ ET FILS Corbas,43 Avenue Gabriel Péri,69960,CORBAS,41823597400023,0.5347533822059631,B.J.P.,43 RUE DE L AVIATION,CORBAS,69960,69273,4,"{""bias"": 1.1616770029067993, ""margin"": 0.13923728466033936, ""prob_from_margin"": 0.5347531925579145, ""top"": [{""feature"": ""name_sim_max_etab"", ""shap"": 1.067379117012024, ""value"": 0.0, ""model_input"": 0.0}, {""feature"": ""street_number_diff"", ""shap"": 0.7623801231384277, ""value"": 0.0, ""model_input"": 0.0}, {""feature"": ""type_of_max_name"", ""shap"": 0.7270610928535461, ""value"": 7.0, ""model_input"": 7.0}, {""feature"": ""name_semantic_second"", ""shap"": -0.6263301968574524, ""value"": 0.0, ""model_input"": 0.0}, {""feature"": ""addr_token_overlap"", ""shap"": -0.537329912185669, ""value"": 0.125, ""model_input"": 0.125}, {""feature"": ""addr_levenshtein"", ""shap"": -0.505320131778717, ""value"": 0.31818181818181823, ""model_input"": 0.31818181818181823}, {""feature"": ""name_token_overlap_max"", ""shap"": -0.47718897461891174, ""value"": 0.0, ""model_input"": 0.0}, {""feature"": ""name_semantic_max"", ""shap"": 0.47524532675743103, ""value"": 0.6137212514877319, ""model_input"": 0.6137212514877319}, {""feature"": ""name_length_max"", ""shap"": -0.41703563928604126, ""value"": 6.0, ""model_input"": 6.0}, {""feature"": ""name_sim_max_pm_dirigeant"", ""shap"": -0.40442246198654175, ""value"": 0.0, ""model_input"": 0.0}]}"
G. JACQUEMMOZ ET FILS Corbas,43 Avenue Gabriel Péri,69960,CORBAS,31045504300524,0.523921012878418,FRANCE BOISSONS RHONE ALPES,73 RUE MARCEL MERIEUX,CORBAS,69960,69273,5,"{""bias"": 1.1616770029067993, ""margin"": 0.09575676918029785, ""prob_from_margin"": 0.5239209167986346, ""top"": [{""feature"": ""name_semantic_max"", ""shap"": -1.3981151580810547, ""value"": 0.5243657231330872, ""model_input"": 0.5243657231330872}, {""feature"": ""name_sim_max_pm_dirigeant"", ""shap"": 0.8013808727264404, ""value"": 0.48769841269841274, ""model_input"": 0.48769841269841274}, {""feature"": ""type_of_max_name"", ""shap"": 0.7520820498466492, ""value"": 7.0, ""model_input"": 7.0}, {""feature"": ""street_number_diff"", ""shap"": -0.730844259262085, ""value"": 30.0, ""model_input"": 30.0}, {""feature"": ""name_token_overlap_max"", ""shap"": -0.4687235355377197, ""value"": 0.0, ""model_input"": 0.0}, {""feature"": ""name_addr_consistency"", ""shap"": 0.44171345233917236, ""value"": 0.32648503403674156, ""model_input"": 0.32648503403674156}, {""feature"": ""name_count"", ""shap"": 0.4166719615459442, ""value"": 2.0, ""model_input"": 2.0}, {""feature"": ""token_overlap_ul"", ""shap"": -0.3665482699871063, ""value"": 0.0, ""model_input"": 0.0}, {""feature"": ""addr_token_overlap"", ""shap"": -0.35797303915023804, ""value"": 0.0, ""model_input"": 0.0}, {""feature"": ""name_sim_max_etab"", ""shap"": 0.3522734045982361, ""value"": 0.48769841269841274, ""model_input"": 0.48769841269841274}]}"
GAT International,est 4 rue de Collières,69960,CORBAS,31997093500072,0.9625087380409241,GAT INTERNATIONAL GERIB BESSON,2 RUE COLIERE,CORBAS,69960,69273,1,"{""bias"": 1.1616770029067993, ""margin"": 3.2454347610473633, ""prob_from_margin"": 0.9625087202810775, ""top"": [{""feature"": ""name_semantic_max"", ""shap"": 2.5697689056396484, ""value"": 0.7876816391944885, ""model_input"": 0.7876816391944885}, {""feature"": ""name_token_overlap_max"", ""shap"": 1.3098095655441284, ""value"": 0.5, ""model_input"": 0.5}, {""feature"": ""token_overlap_ul"", ""shap"": 1.0196722745895386, ""value"": 1.0, ""model_input"": 1.0}, {""feature"": ""name_sim_max_etab"", ""shap"": -0.7502536773681641, ""value"": 0.9133333333333333, ""model_input"": 0.9133333333333333}, {""feature"": ""name_sim_max_pm_dirigeant"", ""shap"": 0.7195968627929688, ""value"": 0.596078431372549, ""model_input"": 0.596078431372549}, {""feature"": ""type_of_max_name"", ""shap"": -0.6363222599029541, ""value"": 2.0, ""model_input"": 2.0}, {""feature"": ""addr_token_overlap"", ""shap"": -0.6099525690078735, ""value"": 0.14285714285714285, ""model_input"": 0.14285714285714285}, {""feature"": ""street_number_diff"", ""shap"": 0.42302432656288147, ""value"": 9999.0, ""model_input"": 9999.0}, {""feature"": ""name_semantic_second"", ""shap"": 0.41689980030059814, ""value"": 0.7876816391944885, ""model_input"": 0.7876816391944885}, {""feature"": ""name_addr_consistency"", ""shap"": -0.38212159276008606, ""value"": 0.5993084693084694, ""model_input"": 0.5993084693084694}]}"
GAT International,est 4 rue de Collières,69960,CORBAS,80178657500010,0.9285657405853271,G.E.G.,4 RUE DU DAUPHINE,CORBAS,69960,69273,2,"{""bias"": 1.1616770029067993, ""margin"": 2.5648632049560547, ""prob_from_margin"": 0.9285657141636497, ""top"": [{""feature"": ""name_semantic_max"", ""shap"": 1.2660152912139893, ""value"": 0.6728754639625549, ""model_input"": 0.6728754639625549}, {""feature"": ""name_sim_max_pm_dirigeant"", ""shap"": 0.8206644058227539, ""value"": 0.5954473743520396, ""model_input"": 0.5954473743520396}, {""feature"": ""name_addr_consistency"", ""shap"": 0.6146581172943115, ""value"": 0.3260631611425072, ""model_input"": 0.3260631611425072}, {""feature"": ""name_token_overlap_max"", ""shap"": -0.45307865738868713, ""value"": 0.0, ""model_input"": 0.0}, {""feature"": ""token_overlap_ul"", ""shap"": -0.3916158080101013, ""value"": 0.0, ""model_input"": 0.0}, {""feature"": ""street_number_diff"", ""shap"": 0.34991222620010376, ""value"": 9999.0, ""model_input"": 9999.0}, {""feature"": ""name_count"", ""shap"": 0.3130074441432953, ""value"": 2.0, ""model_input"": 2.0}, {""feature"": ""type_of_max_name"", ""shap"": 0.29662999510765076, ""value"": 4.0, ""model_input"": 4.0}, {""feature"": ""addr_jaro"", ""shap"": -0.2863423824310303, ""value"": 0.5475935828877004, ""model_input"": 0.5475935828877004}, {""feature"": ""name_sim_max_etab"", ""shap"": -0.2319391369819641, ""value"": 0.5954473743520396, ""model_input"": 0.5954473743520396}]}"
GAT International,est 4 rue de Collières,69960,CORBAS,39423231800045,0.8167045712471008,FSI,44 AVENUE DU 24 AOUT 1944,CORBAS,69960,69273,3,"{""bias"": 1.1616770029067993, ""margin"": 1.494178056716919, ""prob_from_margin"": 0.8167045480553554, ""top"": [{""feature"": ""token_overlap_ul"", ""shap"": 0.6545811891555786, ""value"": 0.5, ""model_input"": 0.5}, {""feature"": ""name_sim_max_pm_dirigeant"", ""shap"": -0.6035318970680237, ""value"": 0.0, ""model_input"": 0.0}, {""feature"": ""addr_token_overlap"", ""shap"": -0.569192111492157, ""value"": 0.0, ""model_input"": 0.0}, {""feature"": ""type_of_max_name"", ""shap"": 0.4926709532737732, ""value"": 7.0, ""model_input"": 7.0}, {""feature"": ""name_semantic_max"", ""shap"": 0.40244680643081665, ""value"": 0.6050533652305603, ""model_input"": 0.6050533652305603}, {""feature"": ""addr_levenshtein"", ""shap"": -0.39489054679870605, ""value"": 0.24, ""model_input"": 0.24}, {""feature"": ""addr_jaro"", ""shap"": -0.37958237528800964, ""value"": 0.5181818181818182, ""model_input"": 0.5181818181818182}, {""feature"": ""street_number_diff"", ""shap"": 0.3779667317867279, ""value"": 9999.0, ""model_input"": 9999.0}, {""feature"": ""name_semantic_second"", ""shap"": 0.3717701733112335, ""value"": 0.46681302785873413, ""model_input"": 0.46681302785873413}, {""feature"": ""is_siege"", ""shap"": -0.2774497866630554, ""value"": 0.0, ""model_input"": 0.0}]}"
GAT International,est 4 rue de Collières,69960,CORBAS,40013180100013,0.6573923826217651,REP INTERNATIONAL,15 RUE DU DAUPHINE,CORBAS,69960,69273,4,"{""bias"": 1.1616770029067993, ""margin"": 0.6516943573951721, ""prob_from_margin"": 0.6573921805997922, ""top"": [{""feature"": ""name_semantic_max"", ""shap"": -1.246354103088379, ""value"": 0.5719497203826904, ""model_input"": 0.5719497203826904}, {""feature"": ""name_sim_max_pm_dirigeant"", ""shap"": 0.9964070916175842, ""value"": 0.5788634097706878, ""model_input"": 0.5788634097706878}, {""feature"": ""name_token_overlap_max"", ""shap"": 0.8146671056747437, ""value"": 0.3333333333333333, ""model_input"": 0.3333333333333333}, {""feature"": ""addr_token_overlap"", ""shap"": -0.6619811058044434, ""value"": 0.125, ""model_input"": 0.125}, {""feature"": ""token_overlap_ul"", ""shap"": 0.43980345129966736, ""value"": 0.5, ""model_input"": 0.5}, {""feature"": ""type_of_max_name"", ""shap"": 0.40239858627319336, ""value"": 7.0, ""model_input"": 7.0}, {""feature"": ""street_number_diff"", ""shap"": 0.35750696063041687, ""value"": 9999.0, ""model_input"": 9999.0}, {""feature"": ""addr_jaro"", ""shap"": -0.3081725239753723, ""value"": 0.48821548821548827, ""model_input"": 0.48821548821548827}, {""feature"": ""addr_levenshtein"", ""shap"": -0.21692195534706116, ""value"": 0.36363636363636365, ""model_input"": 0.36363636363636365}, {""feature"": ""is_siege"", ""shap"": 0.2146538347005844, ""value"": 1.0, ""model_input"": 1.0}]}"
GAT International,est 4 rue de Collières,69960,CORBAS,79021377100013,0.6001573204994202,PCI,4 RUE DU DAUPHINE,CORBAS,69960,69273,5,"{""bias"": 1.1616770029067993, ""margin"": 0.4061204195022583, ""prob_from_margin"": 0.6001572644232378, ""top"": [{""feature"": ""name_sim_max_pm_dirigeant"", ""shap"": 0.9253457188606262, ""value"": 0.6064001358119006, ""model_input"": 0.6064001358119006}, {""feature"": ""name_semantic_max"", ""shap"": -0.5809022784233093, ""value"": 0.5881949067115784, ""model_input"": 0.5881949067115784}, {""feature"": ""name_token_overlap_max"", ""shap"": -0.4862777590751648, ""value"": 0.0, ""model_input"": 0.0}, {""feature"": ""name_sim_max_etab"", ""shap"": -0.41906169056892395, ""value"": 0.6064001358119006, ""model_input"": 0.6064001358119006}, {""feature"": ""token_overlap_ul"", ""shap"": -0.41339555382728577, ""value"": 0.0, ""model_input"": 0.0}, {""feature"": ""type_of_max_name"", ""shap"": 0.35134077072143555, ""value"": 4.0, ""model_input"": 4.0}, {""feature"": ""street_number_diff"", ""shap"": 0.34594881534576416, ""value"": 9999.0, ""model_input"": 9999.0}, {""feature"": ""name_addr_consistency"", ""shap"": 0.34245842695236206, ""value"": 0.33206082303282675, ""model_input"": 0.33206082303282675}, {""feature"": ""name_levenshtein_max"", ""shap"": -0.27911755442619324, ""value"": 0.33333333333333337, ""model_input"": 0.33333333333333337}, {""feature"": ""name_city_overlap_max"", ""shap"": -0.26942646503448486, ""value"": 0.0, ""model_input"": 0.0}]}"
GIE FLAVIEN,16 RUE DE LOMBARDIE,69150,DECINES-CHARPIEU,38343468500038,0.9994956254959106,GIE FLAVIEN GCAT,16 RUE DE LOMBARDIE,DECINES-CHARPIEU,69150,69275,1,"{""bias"": 1.1616770029067993, ""margin"": 7.591601848602295, ""prob_from_margin"": 0.9994955825673436, ""top"": [{""feature"": ""name_semantic_max"", ""shap"": 2.1264278888702393, ""value"": 0.8813122510910034, ""model_input"": 0.8813122510910034}, {""feature"": ""name_sim_max_pm_dirigeant"", ""shap"": 0.9336140751838684, ""value"": 0.6158071947545632, ""model_input"": 0.6158071947545632}, {""feature"": ""name_token_overlap_max"", ""shap"": 0.8731181621551514, ""value"": 0.6666666666666666, ""model_input"": 0.6666666666666666}, {""feature"": ""token_overlap_ul"", ""shap"": 0.7996577620506287, ""value"": 1.0, ""model_input"": 1.0}, {""feature"": ""addr_token_overlap"", ""shap"": 0.5699078440666199, ""value"": 1.0, ""model_input"": 1.0}, {""feature"": ""street_number_diff"", ""shap"": 0.46636664867401123, ""value"": 0.0, ""model_input"": 0.0}, {""feature"": ""name_sim_max_etab"", ""shap"": -0.409483939409256, ""value"": 0.6158071947545632, ""model_input"": 0.6158071947545632}, {""feature"": ""name_semantic_second"", ""shap"": 0.36757132411003113, ""value"": 0.7204979658126831, ""model_input"": 0.7204979658126831}, {""feature"": ""is_siege"", ""shap"": 0.2865157425403595, ""value"": 1.0, ""model_input"": 1.0}, {""feature"": ""name_addr_consistency"", ""shap"": 0.2785058617591858, ""value"": 0.9375, ""model_input"": 0.9375}]}"
GIE FLAVIEN,16 RUE DE LOMBARDIE,69150,DECINES-CHARPIEU,78513510400079,0.9869871139526367,ASSOCIATION FLAVIEN,34 RUE VAUCANSON,DECINES-CHARPIEU,69150,69275,2,"{""bias"": 1.1616770029067993, ""margin"": 4.328712463378906, ""prob_from_margin"": 0.9869870571933793, ""top"": [{""feature"": ""name_semantic_max"", ""shap"": 2.257168769836426, ""value"": 0.7204979658126831, ""model_input"": 0.7204979658126831}, {""feature"": ""name_sim_max_etab"", ""shap"": 1.286723017692566, ""value"": 0.0, ""model_input"": 0.0}, {""feature"": ""name_token_overlap_max"", ""shap"": 0.5973403453826904, ""value"": 0.3333333333333333, ""model_input"": 0.3333333333333333}, {""feature"": ""token_overlap_ul"", ""shap"": 0.595001220703125, ""value"": 0.5, ""model_input"": 0.5}, {""feature"": ""street_number_diff"", ""shap"": -0.4832626283168793, ""value"": 18.0, ""model_input"": 18.0}, {""feature"": ""name_sim_max_pm_dirigeant"", ""shap"": -0.42999035120010376, ""value"": 0.0, ""model_input"": 0.0}, {""feature"": ""name_addr_consistency"", ""shap"": 0.4112274944782257, ""value"": 0.34137557365858384, ""model_input"": 0.34137557365858384}, {""feature"": ""addr_token_overlap"", ""shap"": -0.3693690598011017, ""value"": 0.16666666666666666, ""model_input"": 0.16666666666666666}, {""feature"": ""name_semantic_second"", ""shap"": -0.3246629238128662, ""value"": 0.0, ""model_input"": 0.0}, {""feature"": ""name_jaro_gap"", ""shap"": -0.264009028673172, ""value"": 0.6158071947545632, ""model_input"": 0.6158071947545632}]}"
GIE FLAVIEN,16 RUE DE LOMBARDIE,69150,DECINES-CHARPIEU,92440626700014,0.954536497592926,FONDS DE DOTATION RESSOURCES ET PARTAGES,16 RUE DE LOMBARDIE,DECINES-CHARPIEU,69150,69275,3,"{""bias"": 1.1616770029067993, ""margin"": 3.044316291809082, ""prob_from_margin"": 0.9545365093597752, ""top"": [{""feature"": ""addr_token_overlap"", ""shap"": 1.1555655002593994, ""value"": 1.0, ""model_input"": 1.0}, {""feature"": ""name_semantic_max"", ""shap"": -1.027525544166565, ""value"": 0.5213079452514648, ""model_input"": 0.5213079452514648}, {""feature"": ""street_number_diff"", ""shap"": 0.9964548349380493, ""value"": 0.0, ""model_input"": 0.0}, {""feature"": ""name_sim_max_etab"", ""shap"": 0.7636392712593079, ""value"": 0.0, ""model_input"": 0.0}, {""feature"": ""addr_jaro"", ""shap"": 0.5677074193954468, ""value"": 1.0, ""model_input"": 1.0}, {""feature"": ""type_of_max_name"", ""shap"": 0.5036357045173645, ""value"": 7.0, ""model_input"": 7.0}, {""feature"": ""name_addr_consistency"", ""shap"": -0.458734393119812, ""value"": 0.5085497835497835, ""model_input"": 0.5085497835497835}, {""feature"": ""addr_levenshtein"", ""shap"": 0.4549000859260559, ""value"": 1.0, ""model_input"": 1.0}, {""feature"": ""name_count"", ""shap"": 0.3475673198699951, ""value"": 1.0, ""model_input"": 1.0}, {""feature"": ""name_token_overlap_max"", ""shap"": -0.31089460849761963, ""value"": 0.0, ""model_input"": 0.0}]}"
GIE FLAVIEN,16 RUE DE LOMBARDIE,69150,DECINES-CHARPIEU,97350450900058,0.8278387188911438,SERF,16 RUE DE LOMBARDIE,DECINES-CHARPIEU,69150,69275,4,"{""bias"": 1.1616770029067993, ""margin"": 1.570385456085205, ""prob_from_margin"": 0.8278385511360403, ""top"": [{""feature"": ""addr_token_overlap"", ""shap"": 1.1936955451965332, ""value"": 1.0, ""model_input"": 1.0}, {""feature"": ""street_number_diff"", ""shap"": 1.124872088432312, ""value"": 0.0, ""model_input"": 0.0}, {""feature"": ""name_semantic_max"", ""shap"": -1.0576109886169434, ""value"": 0.5187568664550781, ""model_input"": 0.5187568664550781}, {""feature"": ""addr_levenshtein"", ""shap"": 0.526219367980957, ""value"": 1.0, ""model_input"": 1.0}, {""feature"": ""name_length_max"", ""shap"": -0.5014942288398743, ""value"": 4.0, ""model_input"": 4.0}, {""feature"": ""type_of_max_name"", ""shap"": 0.47357532382011414, ""value"": 5.0, ""model_input"": 5.0}, {""feature"": ""addr_jaro"", ""shap"": 0.46517372131347656, ""value"": 1.0, ""model_input"": 1.0}, {""feature"": ""name_sim_max_etab"", ""shap"": 0.38515740633010864, ""value"": 0.44696969696969696, ""model_input"": 0.44696969696969696}, {""feature"": ""name_token_overlap_max"", ""shap"": -0.3591501712799072, ""value"": 0.0, ""model_input"": 0.0}, {""feature"": ""name_count"", ""shap"": -0.3555000126361847, ""value"": 4.0, ""model_input"": 4.0}]}"
GIE FLAVIEN,16 RUE DE LOMBARDIE,69150,DECINES-CHARPIEU,79009806500044,0.7942232489585876,ISTA SECG,16 RUE DE LOMBARDIE,DECINES-CHARPIEU,69150,69275,5,"{""bias"": 1.1616770029067993, ""margin"": 1.3505717515945435, ""prob_from_margin"": 0.7942230868681542, ""top"": [{""feature"": ""name_semantic_max"", ""shap"": -1.6201918125152588, ""value"": 0.4593920409679413, ""model_input"": 0.4593920409679413}, {""feature"": ""addr_token_overlap"", ""shap"": 1.0943745374679565, ""value"": 1.0, ""model_input"": 1.0}, {""feature"": ""street_number_diff"", ""shap"": 0.9093494415283203, ""value"": 0.0, ""model_input"": 0.0}, {""feature"": ""name_sim_max_pm_dirigeant"", ""shap"": 0.8350088000297546, ""value"": 0.5254044201412622, ""model_input"": 0.5254044201412622}, {""feature"": ""addr_jaro"", ""shap"": 0.6517959237098694, ""value"": 1.0, ""model_input"": 1.0}, {""feature"": ""type_of_max_name"", ""shap"": 0.5673770308494568, ""value"": 4.0, ""model_input"": 4.0}, {""feature"": ""addr_levenshtein"", ""shap"": 0.48403772711753845, ""value"": 1.0, ""model_input"": 1.0}, {""feature"": ""name_jaro_gap"", ""shap"": -0.3622826337814331, ""value"": 0.0037169572773287918, ""model_input"": 0.0037169572773287918}, {""feature"": ""name_token_overlap_max"", ""shap"": -0.31652382016181946, ""value"": 0.0, ""model_input"": 0.0}, {""feature"": ""name_levenshtein_max"", ""shap"": -0.3143600523471832, ""value"": 0.3157894736842105, ""model_input"": 0.3157894736842105}]}"
GROUPE ADF,4 Rue Louis Pradel,69960,CORBAS,31234599400049,0.902288019657135,DUTEL T.P.,4 RUE LOUIS PRADEL,CORBAS,69960,69273,1,"{""bias"": 1.1616770029067993, ""margin"": 2.2229084968566895, ""prob_from_margin"": 0.9022879218662049, ""top"": [{""feature"": ""name_semantic_max"", ""shap"": -1.9747930765151978, ""value"": 0.43000277876853943, ""model_input"": 0.43000277876853943}, {""feature"": ""addr_token_overlap"", ""shap"": 1.3334728479385376, ""value"": 1.0, ""model_input"": 1.0}, {""feature"": ""street_number_diff"", ""shap"": 1.2445212602615356, ""value"": 0.0, ""model_input"": 0.0}, {""feature"": ""addr_jaro"", ""shap"": 0.6571651697158813, ""value"": 1.0, ""model_input"": 1.0}, {""feature"": ""addr_levenshtein"", ""shap"": 0.5470862984657288, ""value"": 1.0, ""model_input"": 1.0}, {""feature"": ""name_sim_max_pm_dirigeant"", ""shap"": 0.41079628467559814, ""value"": 0.4777777777777777, ""model_input"": 0.4777777777777777}, {""feature"": ""name_addr_consistency"", ""shap"": -0.34138134121894836, ""value"": 0.5166666666666667, ""model_input"": 0.5166666666666667}, {""feature"": ""name_count"", ""shap"": 0.33790332078933716, ""value"": 2.0, ""model_input"": 2.0}, {""feature"": ""type_of_max_name"", ""shap"": 0.32628121972084045, ""value"": 7.0, ""model_input"": 7.0}, {""feature"": ""name_token_overlap_max"", ""shap"": -0.31949806213378906, ""value"": 0.0, ""model_input"": 0.0}]}"
GROUPE ADF,4 Rue Louis Pradel,69960,CORBAS,95269669800028,0.8718870878219604,RGD,4 RUE LOUIS PRADEL,CORBAS,69960,69273,2,"{""bias"": 1.1616770029067993, ""margin"": 1.9177484512329102, ""prob_from_margin"": 0.8718871463099037, ""top"": [{""feature"": ""addr_token_overlap"", ""shap"": 1.2243096828460693, ""value"": 1.0, ""model_input"": 1.0}, {""feature"": ""name_semantic_max"", ""shap"": -1.0151022672653198, ""value"": 0.5000259280204773, ""model_input"": 0.5000259280204773}, {""feature"": ""street_number_diff"", ""shap"": 0.969203770160675, ""value"": 0.0, ""model_input"": 0.0}, {""feature"": ""name_sim_max_pm_dirigeant"", ""shap"": 0.86442631483078, ""value"": 0.5793650793650793, ""model_input"": 0.5793650793650793}, {""feature"": ""type_of_max_name"", ""shap"": 0.5862481594085693, ""value"": 4.0, ""model_input"": 4.0}, {""feature"": ""addr_jaro"", ""shap"": 0.5454179048538208, ""value"": 1.0, ""model_input"": 1.0}, {""feature"": ""addr_levenshtein"", ""shap"": 0.4849644601345062, ""value"": 1.0, ""model_input"": 1.0}, {""feature"": ""name_semantic_second"", ""shap"": -0.47551411390304565, ""value"": 0.3172473907470703, ""model_input"": 0.3172473907470703}, {""feature"": ""name_sim_max_etab"", ""shap"": -0.3833068013191223, ""value"": 0.5793650793650793, ""model_input"": 0.5793650793650793}, {""feature"": ""name_token_overlap_max"", ""shap"": -0.3331450819969177, ""value"": 0.0, ""model_input"": 0.0}]}"
GROUPE ADF,4 Rue Louis Pradel,69960,CORBAS,45285394800035,0.7620088458061218,LOGISTIQUE TRANSPORTS FRIGO MARCEL OMONT,4 RUE DU MONT BLANC,CORBAS,69960,69273,3,"{""bias"": 1.1616770029067993, ""margin"": 1.1637253761291504, ""prob_from_margin"": 0.7620089759381379, ""top"": [{""feature"": ""type_of_max_name"", ""shap"": 0.6824900507926941, ""value"": 7.0, ""model_input"": 7.0}, {""feature"": ""name_sim_max_pm_dirigeant"", ""shap"": 0.662621796131134, ""value"": 0.4785714285714286, ""model_input"": 0.4785714285714286}, {""feature"": ""addr_levenshtein"", ""shap"": -0.5642277002334595, ""value"": 0.368421052631579, ""model_input"": 0.368421052631579}, {""feature"": ""street_number_diff"", ""shap"": 0.492520809173584, ""value"": 0.0, ""model_input"": 0.0}, {""feature"": ""name_token_overlap_max"", ""shap"": -0.4741753339767456, ""value"": 0.0, ""model_input"": 0.0}, {""feature"": ""name_sim_max_etab"", ""shap"": 0.3959086835384369, ""value"": 0.4785714285714286, ""model_input"": 0.4785714285714286}, {""feature"": ""token_overlap_ul"", ""shap"": -0.37954556941986084, ""value"": 0.0, ""model_input"": 0.0}, {""feature"": ""addr_jaro"", ""shap"": -0.28042975068092346, ""value"": 0.6694134325713273, ""model_input"": 0.6694134325713273}, {""feature"": ""addr_token_overlap"", ""shap"": -0.2780416011810303, ""value"": 0.2857142857142857, ""model_input"": 0.2857142857142857}, {""feature"": ""name_addr_consistency"", ""shap"": 0.27459290623664856, ""value"": 0.3749954876904195, ""model_input"": 0.3749954876904195}]}"
GROUPE ADF,4 Rue Louis Pradel,69960,CORBAS,43781383500158,0.6828866600990295,T.M.F. TRANSPORTS,4 RUE DU MONT BLANC,CORBAS,69960,69273,4,"{""bias"": 1.1616770029067993, ""margin"": 0.7670700550079346, ""prob_from_margin"": 0.6828867472658754, ""top"": [{""feature"": ""name_semantic_max"", ""shap"": -1.0254229307174683, ""value"": 0.5472289323806763, ""model_input"": 0.5472289323806763}, {""feature"": ""street_number_diff"", ""shap"": 0.7967962622642517, ""value"": 0.0, ""model_input"": 0.0}, {""feature"": ""name_sim_max_pm_dirigeant"", ""shap"": 0.6772465109825134, ""value"": 0.48589743589743595, ""model_input"": 0.48589743589743595}, {""feature"": ""addr_levenshtein"", ""shap"": -0.625804603099823, ""value"": 0.368421052631579, ""model_input"": 0.368421052631579}, {""feature"": ""type_of_max_name"", ""shap"": 0.6038016080856323, ""value"": 4.0, ""model_input"": 4.0}, {""feature"": ""name_token_overlap_max"", ""shap"": -0.42027610540390015, ""value"": 0.0, ""model_input"": 0.0}, {""feature"": ""name_addr_consistency"", ""shap"": 0.4149094521999359, ""value"": 0.3252662704417091, ""model_input"": 0.3252662704417091}, {""feature"": ""token_overlap_ul"", ""shap"": -0.3528635501861572, ""value"": 0.0, ""model_input"": 0.0}, {""feature"": ""name_sim_max_etab"", ""shap"": 0.3491247296333313, ""value"": 0.48589743589743595, ""model_input"": 0.48589743589743595}, {""feature"": ""addr_token_overlap"", ""shap"": -0.26640212535858154, ""value"": 0.2857142857142857, ""model_input"": 0.2857142857142857}]}"
GROUPE ADF,4 Rue Louis Pradel,69960,CORBAS,32876945000011,0.6448869109153748,MLM,RUE LOUIS PRADEL,CORBAS,69960,69273,5,"{""bias"": 1.1616770029067993, ""margin"": 0.5966376066207886, ""prob_from_margin"": 0.6448866674019856, ""top"": [{""feature"": ""name_semantic_max"", ""shap"": -2.2941160202026367, ""value"": 0.3414923846721649, ""model_input"": 0.3414923846721649}, {""feature"": ""addr_token_overlap"", ""shap"": 0.9848061800003052, ""value"": 0.75, ""model_input"": 0.75}, {""feature"": ""name_addr_consistency"", ""shap"": 0.9030415415763855, ""value"": 0.0, ""model_input"": 0.0}, {""feature"": ""name_jaro_max"", ""shap"": 0.743385910987854, ""value"": 0.0, ""model_input"": 0.0}, {""feature"": ""name_sim_max_etab"", ""shap"": 0.6984676718711853, ""value"": 0.0, ""model_input"": 0.0}, {""feature"": ""name_sim_max_ul"", ""shap"": -0.6387965679168701, ""value"": 0.0, ""model_input"": 0.0}, {""feature"": ""addr_levenshtein"", ""shap"": 0.4353882670402527, ""value"": 0.8888888888888888, ""model_input"": 0.8888888888888888}, {""feature"": ""name_semantic_second"", ""shap"": -0.3909502923488617, ""value"": 0.0, ""model_input"": 0.0}, {""feature"": ""name_token_overlap_max"", ""shap"": -0.3748973309993744, ""value"": 0.0, ""model_input"": 0.0}, {""feature"": ""type_of_max_name"", ""shap"": 0.3444410264492035, ""value"": 7.0, ""model_input"": 7.0}]}"
Groupe SIRENE (IPO),17 Rue Émile Zola,69150,DECINES-CHARPIEU,37963306800075,0.9892951846122742,IPO TECHNOLOGIE,84 AVENUE DES BRUYERES,DECINES-CHARPIEU,69150,69275,1,"{""bias"": 1.1616770029067993, ""margin"": 4.526296138763428, ""prob_from_margin"": 0.9892951534810397, ""top"": [{""feature"": ""name_semantic_max"", ""shap"": 2.7568717002868652, ""value"": 0.7459936141967773, ""model_input"": 0.7459936141967773}, {""feature"": ""name_semantic_second"", ""shap"": 0.8941629528999329, ""value"": 0.7122857570648193, ""model_input"": 0.7122857570648193}, {""feature"": ""name_token_overlap_max"", ""shap"": 0.79603111743927, ""value"": 0.3333333333333333, ""model_input"": 0.3333333333333333}, {""feature"": ""name_crm_contains_cand_max"", ""shap"": 0.7547769546508789, ""value"": 1.0, ""model_input"": 1.0}, {""feature"": ""name_sim_max_pm_dirigeant"", ""shap"": 0.7200280427932739, ""value"": 0.6052631578947368, ""model_input"": 0.6052631578947368}, {""feature"": ""token_overlap_ul"", ""shap"": -0.6450804471969604, ""value"": 0.0, ""model_input"": 0.0}, {""feature"": ""addr_token_overlap"", ""shap"": -0.6405532360076904, ""value"": 0.0, ""model_input"": 0.0}, {""feature"": ""street_number_diff"", ""shap"": -0.6178364753723145, ""value"": 67.0, ""model_input"": 67.0}, {""feature"": ""name_addr_consistency"", ""shap"": 0.4209398925304413, ""value"": 0.29138018843901203, ""model_input"": 0.29138018843901203}, {""feature"": ""addr_levenshtein"", ""shap"": -0.3366820812225342, ""value"": 0.2272727272727273, ""model_input"": 0.2272727272727273}]}"
Groupe SIRENE (IPO),17 Rue Émile Zola,69150,DECINES-CHARPIEU,37815004900039,0.8886163830757141,TECAIR,17 RUE EMILE ZOLA,DECINES-CHARPIEU,69150,69275,2,"{""bias"": 1.1616770029067993, ""margin"": 2.0766849517822266, ""prob_from_margin"": 0.8886163410959268, ""top"": [{""feature"": ""name_semantic_max"", ""shap"": -2.0140864849090576, ""value"": 0.40110746026039124, ""model_input"": 0.40110746026039124}, {""feature"": ""addr_token_overlap"", ""shap"": 1.3206332921981812, ""value"": 1.0, ""model_input"": 1.0}, {""feature"": ""street_number_diff"", ""shap"": 1.0296690464019775, ""value"": 0.0, ""model_input"": 0.0}, {""feature"": ""name_sim_max_pm_dirigeant"", ""shap"": 0.7760848999023438, ""value"": 0.49415204678362573, ""model_input"": 0.49415204678362573}, {""feature"": ""addr_jaro"", ""shap"": 0.7073684334754944, ""value"": 1.0, ""model_input"": 1.0}, {""feature"": ""addr_levenshtein"", ""shap"": 0.5199834704399109, ""value"": 1.0, ""model_input"": 1.0}, {""feature"": ""name_semantic_second"", ""shap"": -0.4790119528770447, ""value"": 0.2506551146507263, ""model_input"": 0.2506551146507263}, {""feature"": ""name_addr_consistency"", ""shap"": -0.43952614068984985, ""value"": 0.49415204678362573, ""model_input"": 0.49415204678362573}, {""feature"": ""type_of_max_name"", ""shap"": 0.4279237687587738, ""value"": 4.0, ""model_input"": 4.0}, {""feature"": ""name_token_overlap_max"", ""shap"": -0.31453341245651245, ""value"": 0.0, ""model_input"": 0.0}]}"
Groupe SIRENE (IPO),17 Rue Émile Zola,69150,DECINES-CHARPIEU,35395258300022,0.6580159068107605,NET SOL EXPANSION,17 RUE EMILE ZOLA,DECINES-CHARPIEU,69150,69275,3,"{""bias"": 1.1616770029067993, ""margin"": 0.6544661521911621, ""prob_from_margin"": 0.6580161929402765, ""top"": [{""feature"": ""name_semantic_max"", ""shap"": -2.9860756397247314, ""value"": 0.3541124165058136, ""model_input"": 0.3541124165058136}, {""feature"": ""addr_token_overlap"", ""shap"": 1.2202521562576294, ""value"": 1.0, ""model_input"": 1.0}, {""feature"": ""street_number_diff"", ""shap"": 0.8593132495880127, ""value"": 0.0, ""model_input"": 0.0}, {""feature"": ""name_sim_max_etab"", ""shap"": 0.7929938435554504, ""value"": 0.0, ""model_input"": 0.0}, {""feature"": ""addr_jaro"", ""shap"": 0.59404456615448, ""value"": 1.0, ""model_input"": 1.0}, {""feature"": ""addr_levenshtein"", ""shap"": 0.5796608924865723, ""value"": 1.0, ""model_input"": 1.0}, {""feature"": ""name_sim_max_pm_dirigeant"", ""shap"": -0.4636293053627014, ""value"": 0.0, ""model_input"": 0.0}, {""feature"": ""name_semantic_second"", ""shap"": -0.40610644221305847, ""value"": 0.0, ""model_input"": 0.0}, {""feature"": ""type_of_max_name"", ""shap"": 0.3890841007232666, ""value"": 7.0, ""model_input"": 7.0}, {""feature"": ""name_token_overlap_max"", ""shap"": -0.35329774022102356, ""value"": 0.0, ""model_input"": 0.0}]}"
Groupe SIRENE (IPO),17 Rue Émile Zola,69150,DECINES-CHARPIEU,92162811100012,0.6259331107139587,IPOVIEW,15 RUE EMILE ZOLA,DECINES-CHARPIEU,69150,69275,4,"{""bias"": 1.1616770029067993, ""margin"": 0.5148088335990906, ""prob_from_margin"": 0.6259330989797949, ""top"": [{""feature"": ""name_sim_max_pm_dirigeant"", ""shap"": 0.9821964502334595, ""value"": 0.5497076023391813, ""model_input"": 0.5497076023391813}, {""feature"": ""street_number_diff"", ""shap"": -0.6471678018569946, ""value"": 2.0, ""model_input"": 2.0}, {""feature"": ""name_semantic_max"", ""shap"": 0.6443382501602173, ""value"": 0.6321028470993042, ""model_input"": 0.6321028470993042}, {""feature"": ""addr_token_overlap"", ""shap"": 0.5161458849906921, ""value"": 0.6, ""model_input"": 0.6}, {""feature"": ""name_token_overlap_max"", ""shap"": -0.48435622453689575, ""value"": 0.0, ""model_input"": 0.0}, {""feature"": ""name_semantic_second"", ""shap"": -0.47855982184410095, ""value"": 0.3219202756881714, ""model_input"": 0.3219202756881714}, {""feature"": ""token_overlap_ul"", ""shap"": -0.41880378127098083, ""value"": 0.0, ""model_input"": 0.0}, {""feature"": ""name_addr_consistency"", ""shap"": -0.38889598846435547, ""value"": 0.5303061575507396, ""model_input"": 0.5303061575507396}, {""feature"": ""addr_levenshtein"", ""shap"": 0.3428100645542145, ""value"": 0.9411764705882353, ""model_input"": 0.9411764705882353}, {""feature"": ""name_length_max"", ""shap"": -0.3276181221008301, ""value"": 9.0, ""model_input"": 9.0}]}"
Groupe SIRENE (IPO),17 Rue Émile Zola,69150,DECINES-CHARPIEU,96350502900032,0.5322071313858032,SCHEIDEGGER W ET CIE MECANIQUE,17 RUE VAUCANSON,DECINES-CHARPIEU,69150,69275,5,"{""bias"": 1.1616770029067993, ""margin"": 0.1290062665939331, ""prob_from_margin"": 0.5322069117589667, ""top"": [{""feature"": ""name_semantic_max"", ""shap"": -2.034949541091919, ""value"": 0.4672161936759949, ""model_input"": 0.4672161936759949}, {""feature"": ""name_sim_max_etab"", ""shap"": 0.8133692741394043, ""value"": 0.0, ""model_input"": 0.0}, {""feature"": ""type_of_max_name"", ""shap"": 0.7929813265800476, ""value"": 7.0, ""model_input"": 7.0}, {""feature"": ""street_number_diff"", ""shap"": 0.603226900100708, ""value"": 0.0, ""model_input"": 0.0}, {""feature"": ""addr_levenshtein"", ""shap"": -0.5641177296638489, ""value"": 0.47058823529411764, ""model_input"": 0.47058823529411764}, {""feature"": ""name_addr_consistency"", ""shap"": 0.5267444849014282, ""value"": 0.32816773543252725, ""model_input"": 0.32816773543252725}, {""feature"": ""name_token_overlap_max"", ""shap"": -0.43307262659072876, ""value"": 0.0, ""model_input"": 0.0}, {""feature"": ""name_semantic_second"", ""shap"": -0.4153936803340912, ""value"": 0.0, ""model_input"": 0.0}, {""feature"": ""token_overlap_ul"", ""shap"": -0.37753960490226746, ""value"": 0.0, ""model_input"": 0.0}, {""feature"": ""name_length_max"", ""shap"": 0.37525370717048645, ""value"": 30.0, ""model_input"": 30.0}]}"
HEXATRANS,42b Boulevard des Nations,69960,CORBAS,33902484600042,0.9899882674217224,HEXATRANS,8 AVENUE DE L'INDUSTRIE,CORBAS,69960,69273,1,"{""bias"": 1.1616770029067993, ""margin"": 4.593929290771484, ""prob_from_margin"": 0.9899882065837248, ""top"": [{""feature"": ""name_semantic_max"", ""shap"": 2.487304449081421, ""value"": 0.9999998807907104, ""model_input"": 0.9999998807907104}, {""feature"": ""token_overlap_ul"", ""shap"": 1.1194061040878296, ""value"": 1.0, ""model_input"": 1.0}, {""feature"": ""name_token_overlap_max"", ""shap"": 1.068826675415039, ""value"": 1.0, ""model_input"": 1.0}, {""feature"": ""addr_token_overlap"", ""shap"": -0.8124400973320007, ""value"": 0.0, ""model_input"": 0.0}, {""feature"": ""name_sim_max_pm_dirigeant"", ""shap"": 0.7885258197784424, ""value"": 0.4962962962962963, ""model_input"": 0.4962962962962963}, {""feature"": ""is_siege"", ""shap"": -0.7303459644317627, ""value"": 0.0, ""model_input"": 0.0}, {""feature"": ""street_number_diff"", ""shap"": -0.7173283100128174, ""value"": 34.0, ""model_input"": 34.0}, {""feature"": ""addr_levenshtein"", ""shap"": -0.5661342144012451, ""value"": 0.12, ""model_input"": 0.12}, {""feature"": ""name_crm_contains_cand_max"", ""shap"": 0.4319729804992676, ""value"": 1.0, ""model_input"": 1.0}, {""feature"": ""addr_jaro"", ""shap"": -0.230051189661026, ""value"": 0.6743840579710145, ""model_input"": 0.6743840579710145}]}"
HEXATRANS,42b Boulevard des Nations,69960,CORBAS,38396013502974,0.858083963394165,CHRONOPOST,42 BOULEVARD DES NATIONS,CORBAS,69960,69273,2,"{""bias"": 1.1616770029067993, ""margin"": 1.7994649410247803, ""prob_from_margin"": 0.8580837902412368, ""top"": [{""feature"": ""street_number_diff"", ""shap"": 1.3154124021530151, ""value"": 0.0, ""model_input"": 0.0}, {""feature"": ""name_semantic_max"", ""shap"": -1.159071445465088, ""value"": 0.5236067771911621, ""model_input"": 0.5236067771911621}, {""feature"": ""type_of_max_name"", ""shap"": 0.7208518981933594, ""value"": 7.0, ""model_input"": 7.0}, {""feature"": ""name_sim_max_etab"", ""shap"": 0.6922750473022461, ""value"": 0.3148148148148148, ""model_input"": 0.3148148148148148}, {""feature"": ""addr_token_overlap"", ""shap"": 0.6900445222854614, ""value"": 0.6, ""model_input"": 0.6}, {""feature"": ""addr_levenshtein"", ""shap"": 0.6443877816200256, ""value"": 0.96, ""model_input"": 0.96}, {""feature"": ""name_sim_max_pm_dirigeant"", ""shap"": -0.4818429946899414, ""value"": 0.3148148148148148, ""model_input"": 0.3148148148148148}, {""feature"": ""name_token_overlap_max"", ""shap"": -0.4416112005710602, ""value"": 0.0, ""model_input"": 0.0}, {""feature"": ""addr_jaro"", ""shap"": 0.3590337634086609, ""value"": 0.9782222222222223, ""model_input"": 0.9782222222222223}, {""feature"": ""name_length_max"", ""shap"": -0.333520770072937, ""value"": 10.0, ""model_input"": 10.0}]}"
HEXATRANS,42b Boulevard des Nations,69960,CORBAS,45167079800037,0.768009603023529,TRANS PROCESS,84 RUE DU CARREAU,CORBAS,69960,69273,3,"{""bias"": 1.1616770029067993, ""margin"": 1.1971068382263184, ""prob_from_margin"": 0.7680097063067971, ""top"": [{""feature"": ""token_overlap_ul"", ""shap"": 1.5243990421295166, ""value"": 1.0, ""model_input"": 1.0}, {""feature"": ""name_semantic_max"", ""shap"": -1.2996041774749756, ""value"": 0.5274925231933594, ""model_input"": 0.5274925231933594}, {""feature"": ""name_sim_max_etab"", ""shap"": 0.8987058401107788, ""value"": 0.0, ""model_input"": 0.0}, {""feature"": ""type_of_max_name"", ""shap"": 0.7271051406860352, ""value"": 7.0, ""model_input"": 7.0}, {""feature"": ""addr_levenshtein"", ""shap"": -0.49070677161216736, ""value"": 0.28, ""model_input"": 0.28}, {""feature"": ""street_number_diff"", ""shap"": -0.48777472972869873, ""value"": 42.0, ""model_input"": 42.0}, {""feature"": ""name_token_overlap_max"", ""shap"": -0.4481526017189026, ""value"": 0.0, ""model_input"": 0.0}, {""feature"": ""name_sim_max_pm_dirigeant"", ""shap"": -0.40235239267349243, ""value"": 0.0, ""model_input"": 0.0}, {""feature"": ""name_length_max"", ""shap"": -0.35801130533218384, ""value"": 13.0, ""model_input"": 13.0}, {""feature"": ""addr_token_overlap"", ""shap"": -0.3367120921611786, ""value"": 0.0, ""model_input"": 0.0}]}"
HEXATRANS,42b Boulevard des Nations,69960,CORBAS,50921047200155,0.6832720637321472,CHRONOFRESH,42 BOULEVARD DES NATIONS,CORBAS,69960,69273,4,"{""bias"": 1.1616770029067993, ""margin"": 0.7688504457473755, ""prob_from_margin"": 0.6832721696213818, ""top"": [{""feature"": ""name_semantic_max"", ""shap"": -2.0808162689208984, ""value"": 0.47397708892822266, ""model_input"": 0.47397708892822266}, {""feature"": ""street_number_diff"", ""shap"": 1.1181575059890747, ""value"": 0.0, ""model_input"": 0.0}, {""feature"": ""addr_token_overlap"", ""shap"": 0.7471213936805725, ""value"": 0.6, ""model_input"": 0.6}, {""feature"": ""addr_levenshtein"", ""shap"": 0.7089380621910095, ""value"": 0.96, ""model_input"": 0.96}, {""feature"": ""name_sim_max_etab"", ""shap"": 0.695130467414856, ""value"": 0.3148148148148148, ""model_input"": 0.3148148148148148}, {""feature"": ""type_of_max_name"", ""shap"": 0.5823048949241638, ""value"": 7.0, ""model_input"": 7.0}, {""feature"": ""name_token_overlap_max"", ""shap"": -0.436842143535614, ""value"": 0.0, ""model_input"": 0.0}, {""feature"": ""name_addr_consistency"", ""shap"": -0.40228015184402466, ""value"": 0.5895682753460532, ""model_input"": 0.5895682753460532}, {""feature"": ""name_sim_max_pm_dirigeant"", ""shap"": -0.40074509382247925, ""value"": 0.3148148148148148, ""model_input"": 0.3148148148148148}, {""feature"": ""addr_jaro"", ""shap"": 0.37071481347084045, ""value"": 0.9782222222222223, ""model_input"": 0.9782222222222223}]}"
HEXATRANS,42b Boulevard des Nations,69960,CORBAS,34738186500075,0.6562594771385193,360 SERVICES,42 BOULEVARD DES NATIONS,CORBAS,69960,69273,5,"{""bias"": 1.1616770029067993, ""margin"": 0.6466690301895142, ""prob_from_margin"": 0.6562594441531525, ""top"": [{""feature"": ""street_number_diff"", ""shap"": 1.3954983949661255, ""value"": 0.0, ""model_input"": 0.0}, {""feature"": ""name_semantic_max"", ""shap"": -1.087199091911316, ""value"": 0.5236067771911621, ""model_input"": 0.5236067771911621}, {""feature"": ""type_of_max_name"", ""shap"": 0.7776485085487366, ""value"": 4.0, ""model_input"": 4.0}, {""feature"": ""addr_levenshtein"", ""shap"": 0.6727850437164307, ""value"": 0.96, ""model_input"": 0.96}, {""feature"": ""addr_token_overlap"", ""shap"": 0.6295430660247803, ""value"": 0.6, ""model_input"": 0.6}, {""feature"": ""name_sim_max_ul"", ""shap"": -0.6142277717590332, ""value"": 0.4166666666666667, ""model_input"": 0.4166666666666667}, {""feature"": ""name_sim_max_pm_dirigeant"", ""shap"": 0.6041061878204346, ""value"": 0.6148148148148148, ""model_input"": 0.6148148148148148}, {""feature"": ""name_token_overlap_max"", ""shap"": -0.44282904267311096, ""value"": 0.0, ""model_input"": 0.0}, {""feature"": ""name_jaro_max"", ""shap"": -0.4313758909702301, ""value"": 0.6148148148148148, ""model_input"": 0.6148148148148148}, {""feature"": ""name_semantic_gap"", ""shap"": -0.3901357650756836, ""value"": 0.06477165222167969, ""model_input"": 0.06477165222167969}]}"
HTI MED,65 Avenue Franklin Roosevelt,69150,DECINES-CHARPIEU,53759247900019,0.9996402263641357,HTI MED,65 AVENUE FRANKLIN ROOSEVELT,DECINES-CHARPIEU,69150,69275,1,"{""bias"": 1.1616770029067993, ""margin"": 7.929558277130127, ""prob_from_margin"": 0.9996401841401311, ""top"": [{""feature"": ""name_semantic_max"", ""shap"": 2.4308934211730957, ""value"": 0.9999999403953552, ""model_input"": 0.9999999403953552}, {""feature"": ""name_token_overlap_max"", ""shap"": 1.0986357927322388, ""value"": 1.0, ""model_input"": 1.0}, {""feature"": ""token_overlap_ul"", ""shap"": 0.9922951459884644, ""value"": 1.0, ""model_input"": 1.0}, {""feature"": ""name_crm_contains_cand_max"", ""shap"": 0.6503623723983765, ""value"": 1.0, ""model_input"": 1.0}, {""feature"": ""addr_token_overlap"", ""shap"": 0.610088050365448, ""value"": 1.0, ""model_input"": 1.0}, {""feature"": ""name_sim_max_etab"", ""shap"": -0.5827322006225586, ""value"": 1.0, ""model_input"": 1.0}, {""feature"": ""name_semantic_second"", ""shap"": 0.5535780191421509, ""value"": 0.9999999403953552, ""model_input"": 0.9999999403953552}, {""feature"": ""street_number_diff"", ""shap"": 0.4529958963394165, ""value"": 0.0, ""model_input"": 0.0}, {""feature"": ""name_addr_consistency"", ""shap"": 0.34673935174942017, ""value"": 1.0, ""model_input"": 1.0}, {""feature"": ""name_count"", ""shap"": -0.3181963860988617, ""value"": 5.0, ""model_input"": 5.0}]}"
HTI MED,65 Avenue Franklin Roosevelt,69150,DECINES-CHARPIEU,39236472500037,0.990659236907959,HTI TECHNOLOGIES,65 AVENUE FRANKLIN ROOSEVELT,DECINES-CHARPIEU,69150,69275,2,"{""bias"": 1.1616770029067993, ""margin"": 4.663974285125732, ""prob_from_margin"": 0.9906591593460562, ""top"": [{""feature"": ""name_semantic_max"", ""shap"": 2.3203115463256836, ""value"": 0.7552816867828369, ""model_input"": 0.7552816867828369}, {""feature"": ""addr_token_overlap"", ""shap"": 0.9062801003456116, ""value"": 1.0, ""model_input"": 1.0}, {""feature"": ""name_token_overlap_max"", ""shap"": 0.7348513007164001, ""value"": 0.3333333333333333, ""model_input"": 0.3333333333333333}, {""feature"": ""name_semantic_second"", ""shap"": 0.6955766081809998, ""value"": 0.7552816867828369, ""model_input"": 0.7552816867828369}, {""feature"": ""name_sim_max_etab"", ""shap"": -0.6633803844451904, ""value"": 0.6755952380952381, ""model_input"": 0.6755952380952381}, {""feature"": ""street_number_diff"", ""shap"": 0.6233952045440674, ""value"": 0.0, ""model_input"": 0.0}, {""feature"": ""type_of_max_name"", ""shap"": -0.4214489758014679, ""value"": 2.0, ""model_input"": 2.0}, {""feature"": ""token_overlap_ul"", ""shap"": 0.3575824797153473, ""value"": 0.5, ""model_input"": 0.5}, {""feature"": ""name_sim_max_pm_dirigeant"", ""shap"": 0.3551253080368042, ""value"": 0.49523809523809526, ""model_input"": 0.49523809523809526}, {""feature"": ""addr_jaro"", ""shap"": 0.27050983905792236, ""value"": 1.0, ""model_input"": 1.0}]}"
HTI MED,65 Avenue Franklin Roosevelt,69150,DECINES-CHARPIEU,39236472500029,0.9861257672309875,HTI TECHNOLOGIES,49 AVENUE FRANKLIN ROOSEVELT,DECINES-CHARPIEU,69150,69275,3,"{""bias"": 1.1616770029067993, ""margin"": 4.263755798339844, ""prob_from_margin"": 0.9861258392114608, ""top"": [{""feature"": ""name_semantic_max"", ""shap"": 2.6631665229797363, ""value"": 0.7552816867828369, ""model_input"": 0.7552816867828369}, {""feature"": ""name_sim_max_pm_dirigeant"", ""shap"": 0.8076757788658142, ""value"": 0.49523809523809526, ""model_input"": 0.49523809523809526}, {""feature"": ""street_number_diff"", ""shap"": -0.7969219088554382, ""value"": 16.0, ""model_input"": 16.0}, {""feature"": ""name_token_overlap_max"", ""shap"": 0.7745506167411804, ""value"": 0.3333333333333333, ""model_input"": 0.3333333333333333}, {""feature"": ""token_overlap_ul"", ""shap"": 0.5233355164527893, ""value"": 0.5, ""model_input"": 0.5}, {""feature"": ""addr_token_overlap"", ""shap"": 0.3870391249656677, ""value"": 0.6, ""model_input"": 0.6}, {""feature"": ""name_semantic_second"", ""shap"": -0.3432106077671051, ""value"": 0.4003603458404541, ""model_input"": 0.4003603458404541}, {""feature"": ""name_addr_consistency"", ""shap"": -0.26631107926368713, ""value"": 0.6434240362811792, ""model_input"": 0.6434240362811792}, {""feature"": ""type_of_max_name"", ""shap"": 0.2128739058971405, ""value"": 7.0, ""model_input"": 7.0}, {""feature"": ""name_levenshtein_max"", ""shap"": -0.2068489044904709, ""value"": 0.3125, ""model_input"": 0.3125}]}"
HTI MED,65 Avenue Franklin Roosevelt,69150,DECINES-CHARPIEU,53067073600012,0.9723941683769226,TERRE DE SOIE,65 AVENUE FRANKLIN ROOSEVELT,DECINES-CHARPIEU,69150,69275,4,"{""bias"": 1.1616770029067993, ""margin"": 3.5617332458496094, ""prob_from_margin"": 0.9723941426516186, ""top"": [{""feature"": ""name_semantic_max"", ""shap"": 1.9042483568191528, ""value"": 0.7552816867828369, ""model_input"": 0.7552816867828369}, {""feature"": ""name_sim_max_etab"", ""shap"": -0.9126535654067993, ""value"": 0.6755952380952381, ""model_input"": 0.6755952380952381}, {""feature"": ""name_sim_max_pm_dirigeant"", ""shap"": 0.9078577756881714, ""value"": 0.6755952380952381, ""model_input"": 0.6755952380952381}, {""feature"": ""addr_token_overlap"", ""shap"": 0.7982361316680908, ""value"": 1.0, ""model_input"": 1.0}, {""feature"": ""street_number_diff"", ""shap"": 0.652359664440155, ""value"": 0.0, ""model_input"": 0.0}, {""feature"": ""token_overlap_ul"", ""shap"": -0.5186227560043335, ""value"": 0.0, ""model_input"": 0.0}, {""feature"": ""name_token_overlap_max"", ""shap"": 0.4937654733657837, ""value"": 0.3333333333333333, ""model_input"": 0.3333333333333333}, {""feature"": ""name_semantic_second"", ""shap"": -0.47450873255729675, ""value"": 0.4003603458404541, ""model_input"": 0.4003603458404541}, {""feature"": ""addr_levenshtein"", ""shap"": 0.2855822741985321, ""value"": 1.0, ""model_input"": 1.0}, {""feature"": ""ul_vs_pm_indicator"", ""shap"": -0.24363724887371063, ""value"": 0.0, ""model_input"": 0.0}]}"
HTI MED,65 Avenue Franklin Roosevelt,69150,DECINES-CHARPIEU,98794008700016,0.9112384915351868,MED IMMO,4 RUE GUY DE MAUPASSANT,DECINES-CHARPIEU,69150,69275,5,"{""bias"": 1.1616770029067993, ""margin"": 2.3288497924804688, ""prob_from_margin"": 0.9112383484811896, ""top"": [{""feature"": ""name_semantic_max"", ""shap"": 1.210639238357544, ""value"": 0.6685163378715515, ""model_input"": 0.6685163378715515}, {""feature"": ""name_sim_max_etab"", ""shap"": 1.1014329195022583, ""value"": 0.0, ""model_input"": 0.0}, {""feature"": ""name_token_overlap_max"", ""shap"": 0.6414010524749756, ""value"": 0.3333333333333333, ""model_input"": 0.3333333333333333}, {""feature"": ""token_overlap_ul"", ""shap"": 0.549902081489563, ""value"": 0.5, ""model_input"": 0.5}, {""feature"": ""name_length_max"", ""shap"": -0.48385751247406006, ""value"": 8.0, ""model_input"": 8.0}, {""feature"": ""type_of_max_name"", ""shap"": 0.4710303246974945, ""value"": 7.0, ""model_input"": 7.0}, {""feature"": ""street_number_diff"", ""shap"": -0.44752150774002075, ""value"": 61.0, ""model_input"": 61.0}, {""feature"": ""name_sim_max_pm_dirigeant"", ""shap"": -0.3975079357624054, ""value"": 0.0, ""model_input"": 0.0}, {""feature"": ""addr_token_overlap"", ""shap"": -0.39360326528549194, ""value"": 0.0, ""model_input"": 0.0}, {""feature"": ""addr_levenshtein"", ""shap"": -0.3839629590511322, ""value"": 0.2142857142857143, ""model_input"": 0.2142857142857143}]}"
HTI Technologies,49 Avenue Franklin Roosevelt,69150,DECINES-CHARPIEU,39236472500029,0.999853253364563,HTI TECHNOLOGIES,49 AVENUE FRANKLIN ROOSEVELT,DECINES-CHARPIEU,69150,69275,1,"{""bias"": 1.1616770029067993, ""margin"": 8.82686710357666, ""prob_from_margin"": 0.9998532842959851, ""top"": [{""feature"": ""name_semantic_max"", ""shap"": 2.2111010551452637, ""value"": 0.9897515177726746, ""model_input"": 0.9897515177726746}, {""feature"": ""name_token_overlap_max"", ""shap"": 1.0167434215545654, ""value"": 1.0, ""model_input"": 1.0}, {""feature"": ""token_overlap_ul"", ""shap"": 0.943071722984314, ""value"": 1.0, ""model_input"": 1.0}, {""feature"": ""name_sim_max_pm_dirigeant"", ""shap"": 0.8963196873664856, ""value"": 0.5696428571428571, ""model_input"": 0.5696428571428571}, {""feature"": ""name_crm_contains_cand_max"", ""shap"": 0.6152709126472473, ""value"": 1.0, ""model_input"": 1.0}, {""feature"": ""addr_token_overlap"", ""shap"": 0.5431463122367859, ""value"": 1.0, ""model_input"": 1.0}, {""feature"": ""street_number_diff"", ""shap"": 0.4388382136821747, ""value"": 0.0, ""model_input"": 0.0}, {""feature"": ""is_siege"", ""shap"": 0.3673917055130005, ""value"": 1.0, ""model_input"": 1.0}, {""feature"": ""name_sim_max_ul"", ""shap"": 0.25399893522262573, ""value"": 1.0, ""model_input"": 1.0}, {""feature"": ""addr_jaro"", ""shap"": 0.228459432721138, ""value"": 1.0, ""model_input"": 1.0}]}"
HTI Technologies,49 Avenue Franklin Roosevelt,69150,DECINES-CHARPIEU,39236472500037,0.9950793981552124,HTI TECHNOLOGIES,65 AVENUE FRANKLIN ROOSEVELT,DECINES-CHARPIEU,69150,69275,2,"{""bias"": 1.1616770029067993, ""margin"": 5.309401988983154, ""prob_from_margin"": 0.9950794486223679, ""top"": [{""feature"": ""name_semantic_max"", ""shap"": 2.6441538333892822, ""value"": 0.9897515177726746, ""model_input"": 0.9897515177726746}, {""feature"": ""name_token_overlap_max"", ""shap"": 1.313873529434204, ""value"": 1.0, ""model_input"": 1.0}, {""feature"": ""street_number_diff"", ""shap"": -0.9768229722976685, ""value"": 16.0, ""model_input"": 16.0}, {""feature"": ""token_overlap_ul"", ""shap"": 0.9298586249351501, ""value"": 1.0, ""model_input"": 1.0}, {""feature"": ""name_sim_max_etab"", ""shap"": -0.695996880531311, ""value"": 1.0, ""model_input"": 1.0}, {""feature"": ""name_crm_contains_cand_max"", ""shap"": 0.607926607131958, ""value"": 1.0, ""model_input"": 1.0}, {""feature"": ""name_sim_max_pm_dirigeant"", ""shap"": 0.4710281491279602, ""value"": 0.5696428571428571, ""model_input"": 0.5696428571428571}, {""feature"": ""is_siege"", ""shap"": -0.43776482343673706, ""value"": 0.0, ""model_input"": 0.0}, {""feature"": ""addr_token_overlap"", ""shap"": 0.41304153203964233, ""value"": 0.6, ""model_input"": 0.6}, {""feature"": ""name_semantic_second"", ""shap"": 0.3771021068096161, ""value"": 0.9897515177726746, ""model_input"": 0.9897515177726746}]}"
HTI Technologies,49 Avenue Franklin Roosevelt,69150,DECINES-CHARPIEU,53795997500013,0.9796265959739685,HI TECH ELECTRICITE,1 RUE PAUL MARCELLIN,DECINES CHARPIEU,69150,69275,3,"{""bias"": 1.1616770029067993, ""margin"": 3.8729357719421387, ""prob_from_margin"": 0.9796264886667492, ""top"": [{""feature"": ""name_semantic_max"", ""shap"": 2.863753318786621, ""value"": 0.7629308700561523, ""model_input"": 0.7629308700561523}, {""feature"": ""name_sim_max_etab"", ""shap"": 1.3068121671676636, ""value"": 0.0, ""model_input"": 0.0}, {""feature"": ""token_overlap_ul"", ""shap"": 0.7860437631607056, ""value"": 0.5, ""model_input"": 0.5}, {""feature"": ""name_sim_max_pm_dirigeant"", ""shap"": -0.4511180818080902, ""value"": 0.0, ""model_input"": 0.0}, {""feature"": ""addr_token_overlap"", ""shap"": -0.4114286005496979, ""value"": 0.0, ""model_input"": 0.0}, {""feature"": ""type_of_max_name"", ""shap"": 0.3883015811443329, ""value"": 7.0, ""model_input"": 7.0}, {""feature"": ""name_semantic_second"", ""shap"": -0.3639981746673584, ""value"": 0.0, ""model_input"": 0.0}, {""feature"": ""addr_jaro"", ""shap"": -0.3383846879005432, ""value"": 0.5904761904761905, ""model_input"": 0.5904761904761905}, {""feature"": ""name_token_overlap_max"", ""shap"": -0.3373985290527344, ""value"": 0.0, ""model_input"": 0.0}, {""feature"": ""street_number_diff"", ""shap"": -0.3291876018047333, ""value"": 48.0, ""model_input"": 48.0}]}"
HTI Technologies,49 Avenue Franklin Roosevelt,69150,DECINES-CHARPIEU,88461051000023,0.9606967568397522,MH TECHNOLOGIE,205 AVENUE FRANKLIN ROOSEVELT,DECINES-CHARPIEU,69150,69275,4,"{""bias"": 1.1616770029067993, ""margin"": 3.196350574493408, ""prob_from_margin"": 0.9606967116634091, ""top"": [{""feature"": ""name_semantic_max"", ""shap"": 1.188083529472351, ""value"": 0.6683500409126282, ""model_input"": 0.6683500409126282}, {""feature"": ""street_number_diff"", ""shap"": -1.1475530862808228, ""value"": 156.0, ""model_input"": 156.0}, {""feature"": ""name_sim_max_etab"", ""shap"": 0.945725679397583, ""value"": 0.0, ""model_input"": 0.0}, {""feature"": ""name_jaro_gap"", ""shap"": 0.5347967147827148, ""value"": 0.8880494505494506, ""model_input"": 0.8880494505494506}, {""feature"": ""token_overlap_ul"", ""shap"": 0.4675770401954651, ""value"": 0.5, ""model_input"": 0.5}, {""feature"": ""name_sim_max_pm_dirigeant"", ""shap"": -0.44675639271736145, ""value"": 0.0, ""model_input"": 0.0}, {""feature"": ""type_of_max_name"", ""shap"": 0.398370623588562, ""value"": 7.0, ""model_input"": 7.0}, {""feature"": ""addr_token_overlap"", ""shap"": 0.3667134642601013, ""value"": 0.6, ""model_input"": 0.6}, {""feature"": ""name_token_overlap_max"", ""shap"": -0.3659307360649109, ""value"": 0.0, ""model_input"": 0.0}, {""feature"": ""name_addr_consistency"", ""shap"": 0.3063127398490906, ""value"": 0.836283021166026, ""model_input"": 0.836283021166026}]}"
HTI Technologies,49 Avenue Franklin Roosevelt,69150,DECINES-CHARPIEU,53759247900019,0.9044268727302551,HTI MED,65 AVENUE FRANKLIN ROOSEVELT,DECINES-CHARPIEU,69150,69275,5,"{""bias"": 1.1616770029067993, ""margin"": 2.247408390045166, ""prob_from_margin"": 0.9044267535997964, ""top"": [{""feature"": ""name_semantic_max"", ""shap"": 2.7414183616638184, ""value"": 0.7657854557037354, ""model_input"": 0.7657854557037354}, {""feature"": ""street_number_diff"", ""shap"": -1.1351948976516724, ""value"": 16.0, ""model_input"": 16.0}, {""feature"": ""name_token_overlap_max"", ""shap"": 0.9389966130256653, ""value"": 0.3333333333333333, ""model_input"": 0.3333333333333333}, {""feature"": ""name_semantic_second"", ""shap"": 0.655764639377594, ""value"": 0.7657854557037354, ""model_input"": 0.7657854557037354}, {""feature"": ""name_sim_max_etab"", ""shap"": -0.5797823667526245, ""value"": 0.6755952380952381, ""model_input"": 0.6755952380952381}, {""feature"": ""token_overlap_ul"", ""shap"": 0.5479522347450256, ""value"": 0.5, ""model_input"": 0.5}, {""feature"": ""addr_token_overlap"", ""shap"": 0.4513598680496216, ""value"": 0.6, ""model_input"": 0.6}, {""feature"": ""name_count"", ""shap"": -0.4237177073955536, ""value"": 5.0, ""model_input"": 5.0}, {""feature"": ""type_of_max_name"", ""shap"": -0.3799986243247986, ""value"": 1.0, ""model_input"": 1.0}, {""feature"": ""name_sim_max_pm_dirigeant"", ""shap"": 0.37208259105682373, ""value"": 0.5696428571428571, ""model_input"": 0.5696428571428571}]}"
ISOJET,14 Boulevard des Nations,69960,CORBAS,38502373400036,0.999122679233551,ISOJET EQUIPEMENTS,14 BOULEVARD DES NATIONS,CORBAS,69960,69273,1,"{""bias"": 1.1616770029067993, ""margin"": 7.037742614746094, ""prob_from_margin"": 0.9991226638432283, ""top"": [{""feature"": ""name_semantic_max"", ""shap"": 2.2162036895751953, ""value"": 0.8957250118255615, ""model_input"": 0.8957250118255615}, {""feature"": ""name_sim_max_etab"", ""shap"": 0.9481465816497803, ""value"": 0.0, ""model_input"": 0.0}, {""feature"": ""token_overlap_ul"", ""shap"": 0.8910611867904663, ""value"": 1.0, ""model_input"": 1.0}, {""feature"": ""name_token_overlap_max"", ""shap"": 0.7800403237342834, ""value"": 0.5, ""model_input"": 0.5}, {""feature"": ""street_number_diff"", ""shap"": 0.5465539693832397, ""value"": 0.0, ""model_input"": 0.0}, {""feature"": ""addr_token_overlap"", ""shap"": 0.5204464197158813, ""value"": 1.0, ""model_input"": 1.0}, {""feature"": ""name_sim_max_pm_dirigeant"", ""shap"": -0.38618004322052, ""value"": 0.0, ""model_input"": 0.0}, {""feature"": ""name_levenshtein_max"", ""shap"": -0.370604008436203, ""value"": 0.33333333333333337, ""model_input"": 0.33333333333333337}, {""feature"": ""name_semantic_second"", ""shap"": -0.34315645694732666, ""value"": 0.2959258258342743, ""model_input"": 0.2959258258342743}, {""feature"": ""name_addr_consistency"", ""shap"": 0.32845279574394226, ""value"": 0.8666666666666666, ""model_input"": 0.8666666666666666}]}"
ISOJET,14 Boulevard des Nations,69960,CORBAS,91939853700010,0.9434595108032227,ZAH,14 BOULEVARD DES NATIONS,CORBAS,69960,69273,2,"{""bias"": 1.1616770029067993, ""margin"": 2.81459903717041, ""prob_from_margin"": 0.9434596490465402, ""top"": [{""feature"": ""name_semantic_max"", ""shap"": -3.1207590103149414, ""value"": 0.2959258258342743, ""model_input"": 0.2959258258342743}, {""feature"": ""addr_token_overlap"", ""shap"": 1.1456024646759033, ""value"": 1.0, ""model_input"": 1.0}, {""feature"": ""name_addr_consistency"", ""shap"": 1.14339280128479, ""value"": 0.0, ""model_input"": 0.0}, {""feature"": ""street_number_diff"", ""shap"": 1.0460983514785767, ""value"": 0.0, ""model_input"": 0.0}, {""feature"": ""addr_jaro"", ""shap"": 1.0005921125411987, ""value"": 1.0, ""model_input"": 1.0}, {""feature"": ""name_sim_max_etab"", ""shap"": 0.8377529978752136, ""value"": 0.0, ""model_input"": 0.0}, {""feature"": ""addr_levenshtein"", ""shap"": 0.6391353607177734, ""value"": 1.0, ""model_input"": 1.0}, {""feature"": ""name_jaro_max"", ""shap"": 0.5350978374481201, ""value"": 0.0, ""model_input"": 0.0}, {""feature"": ""name_sim_max_ul"", ""shap"": -0.4136078953742981, ""value"": 0.0, ""model_input"": 0.0}, {""feature"": ""name_token_overlap_max"", ""shap"": -0.33331814408302307, ""value"": 0.0, ""model_input"": 0.0}]}"
ISOJET,14 Boulevard des Nations,69960,CORBAS,52357358200021,0.6145005822181702,NOUVEL AIR IMMOBILIER,14 RUE DE L'AVIATION,CORBAS,69960,69273,3,"{""bias"": 1.1616770029067993, ""margin"": 0.4662711024284363, ""prob_from_margin"": 0.6145007974714424, ""top"": [{""feature"": ""name_semantic_max"", ""shap"": -1.3361719846725464, ""value"": 0.5182861089706421, ""model_input"": 0.5182861089706421}, {""feature"": ""type_of_max_name"", ""shap"": 0.9698222279548645, ""value"": 7.0, ""model_input"": 7.0}, {""feature"": ""street_number_diff"", ""shap"": 0.7737209796905518, ""value"": 0.0, ""model_input"": 0.0}, {""feature"": ""name_sim_max_etab"", ""shap"": 0.7547255754470825, ""value"": 0.0, ""model_input"": 0.0}, {""feature"": ""addr_levenshtein"", ""shap"": -0.683238685131073, ""value"": 0.45833333333333337, ""model_input"": 0.45833333333333337}, {""feature"": ""name_addr_consistency"", ""shap"": 0.43517395853996277, ""value"": 0.36690917107583765, ""model_input"": 0.36690917107583765}, {""feature"": ""name_sim_max_pm_dirigeant"", ""shap"": -0.41164630651474, ""value"": 0.0, ""model_input"": 0.0}, {""feature"": ""name_token_overlap_max"", ""shap"": -0.3889410197734833, ""value"": 0.0, ""model_input"": 0.0}, {""feature"": ""token_overlap_ul"", ""shap"": -0.3668292164802551, ""value"": 0.0, ""model_input"": 0.0}, {""feature"": ""name_semantic_second"", ""shap"": -0.33323878049850464, ""value"": 0.0, ""model_input"": 0.0}]}"
ISOJET,14 Boulevard des Nations,69960,CORBAS,88438262300020,0.5986183881759644,HANDUSTRY,14 BOULEVARD DES NATIONS,CORBAS,69960,69273,4,"{""bias"": 1.1616770029067993, ""margin"": 0.3997131586074829, ""prob_from_margin"": 0.5986187414351192, ""top"": [{""feature"": ""name_semantic_max"", ""shap"": -2.0849521160125732, ""value"": 0.44421494007110596, ""model_input"": 0.44421494007110596}, {""feature"": ""addr_token_overlap"", ""shap"": 1.0610069036483765, ""value"": 1.0, ""model_input"": 1.0}, {""feature"": ""street_number_diff"", ""shap"": 1.0115654468536377, ""value"": 0.0, ""model_input"": 0.0}, {""feature"": ""addr_jaro"", ""shap"": 0.7090641856193542, ""value"": 1.0, ""model_input"": 1.0}, {""feature"": ""name_sim_max_etab"", ""shap"": 0.6860063076019287, ""value"": 0.0, ""model_input"": 0.0}, {""feature"": ""addr_levenshtein"", ""shap"": 0.47177308797836304, ""value"": 1.0, ""model_input"": 1.0}, {""feature"": ""type_of_max_name"", ""shap"": 0.4434903860092163, ""value"": 7.0, ""model_input"": 7.0}, {""feature"": ""name_sim_max_pm_dirigeant"", ""shap"": -0.4280143678188324, ""value"": 0.0, ""model_input"": 0.0}, {""feature"": ""name_semantic_second"", ""shap"": -0.42434707283973694, ""value"": 0.0, ""model_input"": 0.0}, {""feature"": ""name_addr_consistency"", ""shap"": -0.40056461095809937, ""value"": 0.4259259259259259, ""model_input"": 0.4259259259259259}]}"
ISOJET,14 Boulevard des Nations,69960,CORBAS,38312387400497,0.5636022090911865,EASYDIS,BOULEVARD DES NATIONS,CORBAS,69960,69273,5,"{""bias"": 1.1616770029067993, ""margin"": 0.25579404830932617, ""prob_from_margin"": 0.5636020960876581, ""top"": [{""feature"": ""name_semantic_max"", ""shap"": -1.5815746784210205, ""value"": 0.4712682366371155, ""model_input"": 0.4712682366371155}, {""feature"": ""addr_token_overlap"", ""shap"": 1.3096715211868286, ""value"": 0.75, ""model_input"": 0.75}, {""feature"": ""name_sim_max_pm_dirigeant"", ""shap"": 1.0187612771987915, ""value"": 0.5423976608187134, ""model_input"": 0.5423976608187134}, {""feature"": ""name_semantic_second"", ""shap"": -0.5260164737701416, ""value"": 0.22463342547416687, ""model_input"": 0.22463342547416687}, {""feature"": ""type_of_max_name"", ""shap"": 0.48162755370140076, ""value"": 4.0, ""model_input"": 4.0}, {""feature"": ""name_addr_consistency"", ""shap"": -0.4649038016796112, ""value"": 0.45953135152696556, ""model_input"": 0.45953135152696556}, {""feature"": ""name_token_overlap_max"", ""shap"": -0.41051456332206726, ""value"": 0.0, ""model_input"": 0.0}, {""feature"": ""token_overlap_ul"", ""shap"": -0.3411133885383606, ""value"": 0.0, ""model_input"": 0.0}, {""feature"": ""name_count"", ""shap"": 0.2911170423030853, ""value"": 2.0, ""model_input"": 2.0}, {""feature"": ""addr_levenshtein"", ""shap"": 0.2866421043872833, ""value"": 0.875, ""model_input"": 0.875}]}"
ITAFRAN,23 AVENUE DE L'INDUSTRIE,69960,CORBAS,30549218300143,0.9998088479042053,BDF,21 AVENUE DE L'INDUSTRIE,CORBAS,69960,69273,1,"{""bias"": 1.1616770029067993, ""margin"": 8.562424659729004, ""prob_from_margin"": 0.9998088812884807, ""top"": [{""feature"": ""name_semantic_max"", ""shap"": 2.6774585247039795, ""value"": 1.0, ""model_input"": 1.0}, {""feature"": ""name_token_overlap_max"", ""shap"": 1.2732981443405151, ""value"": 1.0, ""model_input"": 1.0}, {""feature"": ""token_overlap_ul"", ""shap"": 1.063041090965271, ""value"": 1.0, ""model_input"": 1.0}, {""feature"": ""name_sim_max_pm_dirigeant"", ""shap"": 0.8329921364784241, ""value"": 0.5579365079365078, ""model_input"": 0.5579365079365078}, {""feature"": ""name_crm_contains_cand_max"", ""shap"": 0.6485222578048706, ""value"": 1.0, ""model_input"": 1.0}, {""feature"": ""is_siege"", ""shap"": 0.3762972950935364, ""value"": 1.0, ""model_input"": 1.0}, {""feature"": ""street_number_diff"", ""shap"": -0.32833197712898254, ""value"": 2.0, ""model_input"": 2.0}, {""feature"": ""addr_token_overlap"", ""shap"": 0.3234955072402954, ""value"": 0.6, ""model_input"": 0.6}, {""feature"": ""name_addr_consistency"", ""shap"": 0.24852222204208374, ""value"": 0.9750000000000001, ""model_input"": 0.9750000000000001}, {""feature"": ""name_count"", ""shap"": -0.24013784527778625, ""value"": 4.0, ""model_input"": 4.0}]}"
ITAFRAN,23 AVENUE DE L'INDUSTRIE,69960,CORBAS,49010707500015,0.8590124845504761,ECCM,PL CHARLES JOCTEUR,CORBAS,69960,69273,2,"{""bias"": 1.1616770029067993, ""margin"": 1.8071123361587524, ""prob_from_margin"": 0.8590125116800909, ""top"": [{""feature"": ""name_semantic_max"", ""shap"": -1.7308775186538696, ""value"": 0.39387065172195435, ""model_input"": 0.39387065172195435}, {""feature"": ""name_addr_consistency"", ""shap"": 0.8679196834564209, ""value"": 0.0, ""model_input"": 0.0}, {""feature"": ""name_jaro_max"", ""shap"": 0.7873671650886536, ""value"": 0.0, ""model_input"": 0.0}, {""feature"": ""name_sim_max_ul"", ""shap"": -0.6954166889190674, ""value"": 0.0, ""model_input"": 0.0}, {""feature"": ""name_sim_max_etab"", ""shap"": 0.5958617925643921, ""value"": 0.0, ""model_input"": 0.0}, {""feature"": ""name_city_overlap_max"", ""shap"": 0.5797922611236572, ""value"": 0.2, ""model_input"": 0.2}, {""feature"": ""name_semantic_second"", ""shap"": -0.5241000056266785, ""value"": 0.1903972625732422, ""model_input"": 0.1903972625732422}, {""feature"": ""name_levenshtein_max"", ""shap"": 0.5168145298957825, ""value"": 0.0, ""model_input"": 0.0}, {""feature"": ""addr_jaro"", ""shap"": -0.4308831989765167, ""value"": 0.5574074074074075, ""model_input"": 0.5574074074074075}, {""feature"": ""type_of_max_name"", ""shap"": 0.39429551362991333, ""value"": 5.0, ""model_input"": 5.0}]}"
ITAFRAN,23 AVENUE DE L'INDUSTRIE,69960,CORBAS,50484321000015,0.7155750393867493,TTCPR,13 AVENUE DE L'INDUSTRIE,CORBAS,69960,69273,3,"{""bias"": 1.1616770029067993, ""margin"": 0.9226166009902954, ""prob_from_margin"": 0.7155749560604748, ""top"": [{""feature"": ""street_number_diff"", ""shap"": -0.9304493069648743, ""value"": 10.0, ""model_input"": 10.0}, {""feature"": ""name_semantic_second"", ""shap"": 0.8422292470932007, ""value"": 0.5600855350494385, ""model_input"": 0.5600855350494385}, {""feature"": ""name_sim_max_etab"", ""shap"": 0.832995593547821, ""value"": 0.0, ""model_input"": 0.0}, {""feature"": ""addr_levenshtein"", ""shap"": 0.5548802018165588, ""value"": 0.9583333333333334, ""model_input"": 0.9583333333333334}, {""feature"": ""name_token_overlap_max"", ""shap"": -0.54642254114151, ""value"": 0.0, ""model_input"": 0.0}, {""feature"": ""addr_token_overlap"", ""shap"": 0.4921446442604065, ""value"": 0.6, ""model_input"": 0.6}, {""feature"": ""type_of_max_name"", ""shap"": 0.35591498017311096, ""value"": 5.0, ""model_input"": 5.0}, {""feature"": ""name_sim_max_pm_dirigeant"", ""shap"": -0.353850781917572, ""value"": 0.0, ""model_input"": 0.0}, {""feature"": ""token_overlap_ul"", ""shap"": -0.3056771159172058, ""value"": 0.0, ""model_input"": 0.0}, {""feature"": ""name_semantic_max"", ""shap"": -0.301147997379303, ""value"": 0.5909873247146606, ""model_input"": 0.5909873247146606}]}"
ITAFRAN,23 AVENUE DE L'INDUSTRIE,69960,CORBAS,80012725000010,0.7039735913276672,REGATE,23 AVENUE DE L'INDUSTRIE,CORBAS,69960,69273,4,"{""bias"": 1.1616770029067993, ""margin"": 0.86629319190979, ""prob_from_margin"": 0.7039738033913842, ""top"": [{""feature"": ""name_semantic_max"", ""shap"": -2.9475207328796387, ""value"": 0.31845971941947937, ""model_input"": 0.31845971941947937}, {""feature"": ""street_number_diff"", ""shap"": 1.1480354070663452, ""value"": 0.0, ""model_input"": 0.0}, {""feature"": ""addr_token_overlap"", ""shap"": 1.0282970666885376, ""value"": 1.0, ""model_input"": 1.0}, {""feature"": ""name_sim_max_etab"", ""shap"": 0.7681786417961121, ""value"": 0.0, ""model_input"": 0.0}, {""feature"": ""addr_jaro"", ""shap"": 0.7675140500068665, ""value"": 1.0, ""model_input"": 1.0}, {""feature"": ""addr_levenshtein"", ""shap"": 0.4894822835922241, ""value"": 1.0, ""model_input"": 1.0}, {""feature"": ""name_sim_max_pm_dirigeant"", ""shap"": -0.4242616295814514, ""value"": 0.0, ""model_input"": 0.0}, {""feature"": ""name_semantic_second"", ""shap"": -0.39526087045669556, ""value"": 0.0, ""model_input"": 0.0}, {""feature"": ""name_token_overlap_max"", ""shap"": -0.35386329889297485, ""value"": 0.0, ""model_input"": 0.0}, {""feature"": ""name_addr_consistency"", ""shap"": -0.3055054247379303, ""value"": 0.4365079365079365, ""model_input"": 0.4365079365079365}]}"
ITAFRAN,23 AVENUE DE L'INDUSTRIE,69960,CORBAS,43316787100014,0.6515951752662659,ASS ENTENTE BADMINTON CORBAS,PL CHARLES JOCTEUR,CORBAS,69960,69273,5,"{""bias"": 1.1616770029067993, ""margin"": 0.6260585784912109, ""prob_from_margin"": 0.6515952205279356, ""top"": [{""feature"": ""name_semantic_max"", ""shap"": -2.020796298980713, ""value"": 0.4524816870689392, ""model_input"": 0.4524816870689392}, {""feature"": ""name_city_overlap_max"", ""shap"": 0.8467920422554016, ""value"": 0.25, ""model_input"": 0.25}, {""feature"": ""type_of_max_name"", ""shap"": 0.7115214467048645, ""value"": 7.0, ""model_input"": 7.0}, {""feature"": ""name_sim_max_etab"", ""shap"": 0.674403190612793, ""value"": 0.0, ""model_input"": 0.0}, {""feature"": ""name_sim_max_ul"", ""shap"": -0.5690082907676697, ""value"": 0.4047619047619047, ""model_input"": 0.4047619047619047}, {""feature"": ""name_semantic_second"", ""shap"": -0.5245760679244995, ""value"": 0.0, ""model_input"": 0.0}, {""feature"": ""street_number_diff"", ""shap"": 0.3873105049133301, ""value"": 9999.0, ""model_input"": 9999.0}, {""feature"": ""is_siege"", ""shap"": 0.38557446002960205, ""value"": 1.0, ""model_input"": 1.0}, {""feature"": ""name_token_overlap_max"", ""shap"": -0.3760012984275818, ""value"": 0.0, ""model_input"": 0.0}, {""feature"": ""addr_levenshtein"", ""shap"": -0.32573050260543823, ""value"": 0.20833333333333337, ""model_input"": 0.20833333333333337}]}"
ITAFRAN Site 2,21 AVENUE DE L INDUSTRIE,69960,CORBAS,30549218300143,0.9991425275802612,BDF,21 AVENUE DE L'INDUSTRIE,CORBAS,69960,69273,1,"{""bias"": 1.1616770029067993, ""margin"": 7.060702800750732, ""prob_from_margin"": 0.999142561076316, ""top"": [{""feature"": ""name_semantic_max"", ""shap"": 2.5522818565368652, ""value"": 0.8852592706680298, ""model_input"": 0.8852592706680298}, {""feature"": ""name_sim_max_pm_dirigeant"", ""shap"": 0.7568187713623047, ""value"": 0.5391604010025063, ""model_input"": 0.5391604010025063}, {""feature"": ""name_crm_contains_cand_max"", ""shap"": 0.693626344203949, ""value"": 1.0, ""model_input"": 1.0}, {""feature"": ""name_token_overlap_max"", ""shap"": 0.6545725464820862, ""value"": 0.3333333333333333, ""model_input"": 0.3333333333333333}, {""feature"": ""street_number_diff"", ""shap"": 0.540019154548645, ""value"": 0.0, ""model_input"": 0.0}, {""feature"": ""token_overlap_ul"", ""shap"": 0.38643550872802734, ""value"": 0.5, ""model_input"": 0.5}, {""feature"": ""addr_token_overlap"", ""shap"": 0.32912513613700867, ""value"": 0.5, ""model_input"": 0.5}, {""feature"": ""is_siege"", ""shap"": 0.21980495750904083, ""value"": 1.0, ""model_input"": 1.0}, {""feature"": ""type_of_max_name"", ""shap"": 0.21893560886383057, ""value"": 7.0, ""model_input"": 7.0}, {""feature"": ""addr_levenshtein"", ""shap"": 0.1996823251247406, ""value"": 0.9583333333333334, ""model_input"": 0.9583333333333334}]}"
ITAFRAN Site 2,21 AVENUE DE L INDUSTRIE,69960,CORBAS,43450752100038,0.8709892630577087,LA COMPAGNIE FINANCIERE DE LA PONCETIERE,21 AVENUE DE L'INDUSTRIE,CORBAS,69960,69273,2,"{""bias"": 1.1616770029067993, ""margin"": 1.9097349643707275, ""prob_from_margin"": 0.8709893695531167, ""top"": [{""feature"": ""name_semantic_max"", ""shap"": -2.080961227416992, ""value"": 0.4467335641384125, ""model_input"": 0.4467335641384125}, {""feature"": ""street_number_diff"", ""shap"": 1.1497864723205566, ""value"": 0.0, ""model_input"": 0.0}, {""feature"": ""name_sim_max_etab"", ""shap"": 0.8603647351264954, ""value"": 0.0, ""model_input"": 0.0}, {""feature"": ""type_of_max_name"", ""shap"": 0.73092120885849, ""value"": 7.0, ""model_input"": 7.0}, {""feature"": ""addr_token_overlap"", ""shap"": 0.7082445025444031, ""value"": 0.5, ""model_input"": 0.5}, {""feature"": ""addr_levenshtein"", ""shap"": 0.5860164165496826, ""value"": 0.9583333333333334, ""model_input"": 0.9583333333333334}, {""feature"": ""name_token_overlap_max"", ""shap"": -0.3798436224460602, ""value"": 0.0, ""model_input"": 0.0}, {""feature"": ""name_addr_consistency"", ""shap"": -0.349180668592453, ""value"": 0.5127380952380953, ""model_input"": 0.5127380952380953}, {""feature"": ""name_semantic_second"", ""shap"": -0.3305046558380127, ""value"": 0.0, ""model_input"": 0.0}, {""feature"": ""name_count"", ""shap"": 0.32867586612701416, ""value"": 1.0, ""model_input"": 1.0}]}"
ITAFRAN Site 2,21 AVENUE DE L INDUSTRIE,69960,CORBAS,41246447100025,0.8047523498535156,SOCIETE INDUSTRIELLE DE LA PONCETIERE,21 AVENUE DE L'INDUSTRIE,CORBAS,69960,69273,3,"{""bias"": 1.1616770029067993, ""margin"": 1.4162662029266357, ""prob_from_margin"": 0.8047524074116883, ""top"": [{""feature"": ""name_semantic_max"", ""shap"": -2.167341470718384, ""value"": 0.4467335641384125, ""model_input"": 0.4467335641384125}, {""feature"": ""street_number_diff"", ""shap"": 1.1365771293640137, ""value"": 0.0, ""model_input"": 0.0}, {""feature"": ""name_sim_max_pm_dirigeant"", ""shap"": 0.9454308152198792, ""value"": 0.5214285714285715, ""model_input"": 0.5214285714285715}, {""feature"": ""type_of_max_name"", ""shap"": 0.699566125869751, ""value"": 7.0, ""model_input"": 7.0}, {""feature"": ""addr_levenshtein"", ""shap"": 0.5724583268165588, ""value"": 0.9583333333333334, ""model_input"": 0.9583333333333334}, {""feature"": ""addr_token_overlap"", ""shap"": 0.4810408353805542, ""value"": 0.5, ""model_input"": 0.5}, {""feature"": ""name_semantic_second"", ""shap"": -0.40716323256492615, ""value"": 0.3411598205566406, ""model_input"": 0.3411598205566406}, {""feature"": ""name_token_overlap_max"", ""shap"": -0.38757646083831787, ""value"": 0.0, ""model_input"": 0.0}, {""feature"": ""name_addr_consistency"", ""shap"": -0.36620354652404785, ""value"": 0.5521600171600172, ""model_input"": 0.5521600171600172}, {""feature"": ""name_count"", ""shap"": 0.35931602120399475, ""value"": 2.0, ""model_input"": 2.0}]}"
ITAFRAN Site 2,21 AVENUE DE L INDUSTRIE,69960,CORBAS,80139224200021,0.7678782939910889,COURRIER SUD,21 AVENUE DE L'INDUSTRIE,CORBAS,69960,69273,4,"{""bias"": 1.1616770029067993, ""margin"": 1.1963698863983154, ""prob_from_margin"": 0.7678783770790875, ""top"": [{""feature"": ""name_semantic_max"", ""shap"": -1.9642682075500488, ""value"": 0.4467335641384125, ""model_input"": 0.4467335641384125}, {""feature"": ""street_number_diff"", ""shap"": 1.098771572113037, ""value"": 0.0, ""model_input"": 0.0}, {""feature"": ""name_sim_max_pm_dirigeant"", ""shap"": 0.7348623275756836, ""value"": 0.5214285714285715, ""model_input"": 0.5214285714285715}, {""feature"": ""type_of_max_name"", ""shap"": 0.7109628915786743, ""value"": 4.0, ""model_input"": 4.0}, {""feature"": ""addr_levenshtein"", ""shap"": 0.5999382138252258, ""value"": 0.9583333333333334, ""model_input"": 0.9583333333333334}, {""feature"": ""addr_token_overlap"", ""shap"": 0.5741803646087646, ""value"": 0.5, ""model_input"": 0.5}, {""feature"": ""name_semantic_second"", ""shap"": -0.5185484886169434, ""value"": 0.19193123281002045, ""model_input"": 0.19193123281002045}, {""feature"": ""name_token_overlap_max"", ""shap"": -0.3710077702999115, ""value"": 0.0, ""model_input"": 0.0}, {""feature"": ""name_addr_consistency"", ""shap"": -0.3630047142505646, ""value"": 0.5127380952380953, ""model_input"": 0.5127380952380953}, {""feature"": ""token_overlap_ul"", ""shap"": -0.3407926559448242, ""value"": 0.0, ""model_input"": 0.0}]}"
ITAFRAN Site 2,21 AVENUE DE L INDUSTRIE,69960,CORBAS,51469668100014,0.7606061697006226,LOCO,21 AVENUE DE MONTMARTIN,CORBAS,69960,69273,5,"{""bias"": 1.1616770029067993, ""margin"": 1.1560055017471313, ""prob_from_margin"": 0.7606061361861103, ""top"": [{""feature"": ""name_semantic_max"", ""shap"": -2.333425760269165, ""value"": 0.3660586178302765, ""model_input"": 0.3660586178302765}, {""feature"": ""name_addr_consistency"", ""shap"": 0.9657508730888367, ""value"": 0.0, ""model_input"": 0.0}, {""feature"": ""street_number_diff"", ""shap"": 0.8670676350593567, ""value"": 0.0, ""model_input"": 0.0}, {""feature"": ""name_sim_max_etab"", ""shap"": 0.8043072819709778, ""value"": 0.0, ""model_input"": 0.0}, {""feature"": ""type_of_max_name"", ""shap"": 0.6369075775146484, ""value"": 7.0, ""model_input"": 7.0}, {""feature"": ""name_jaro_max"", ""shap"": 0.5454467535018921, ""value"": 0.0, ""model_input"": 0.0}, {""feature"": ""addr_token_overlap"", ""shap"": 0.5326149463653564, ""value"": 0.5, ""model_input"": 0.5}, {""feature"": ""name_sim_max_ul"", ""shap"": -0.45775142312049866, ""value"": 0.0, ""model_input"": 0.0}, {""feature"": ""street_name_jaro"", ""shap"": -0.45580917596817017, ""value"": 0.8447619047619048, ""model_input"": 0.8447619047619048}, {""feature"": ""name_token_overlap_max"", ""shap"": -0.36668676137924194, ""value"": 0.0, ""model_input"": 0.0}]}"
JNC,1 IMPASSE DU RHONE,69960,CORBAS,79341104200013,0.9983160495758057,J.N.C,1 IMPASSE DU RHONE,CORBAS,69960,69273,1,"{""bias"": 1.1616770029067993, ""margin"": 6.384915351867676, ""prob_from_margin"": 0.9983160292658341, ""top"": [{""feature"": ""name_semantic_max"", ""shap"": 2.6773436069488525, ""value"": 0.89202880859375, ""model_input"": 0.89202880859375}, {""feature"": ""name_sim_max_etab"", ""shap"": 1.0002108812332153, ""value"": 0.0, ""model_input"": 0.0}, {""feature"": ""street_number_diff"", ""shap"": 0.8450433611869812, ""value"": 0.0, ""model_input"": 0.0}, {""feature"": ""addr_token_overlap"", ""shap"": 0.7105294466018677, ""value"": 1.0, ""model_input"": 1.0}, {""feature"": ""addr_jaro"", ""shap"": 0.4161328971385956, ""value"": 1.0, ""model_input"": 1.0}, {""feature"": ""name_semantic_second"", ""shap"": -0.3607713580131531, ""value"": 0.0, ""model_input"": 0.0}, {""feature"": ""name_sim_max_pm_dirigeant"", ""shap"": -0.3607290983200073, ""value"": 0.0, ""model_input"": 0.0}, {""feature"": ""addr_levenshtein"", ""shap"": 0.3507216274738312, ""value"": 1.0, ""model_input"": 1.0}, {""feature"": ""token_overlap_ul"", ""shap"": -0.267892450094223, ""value"": 0.0, ""model_input"": 0.0}, {""feature"": ""name_token_overlap_max"", ""shap"": -0.2514162063598633, ""value"": 0.0, ""model_input"": 0.0}]}"
JNC,1 IMPASSE DU RHONE,69960,CORBAS,51304869400048,0.9568487405776978,NEWCO MADIS,1 IMPASSE DU RHONE,CORBAS,69960,69273,2,"{""bias"": 1.1616770029067993, ""margin"": 3.0989327430725098, ""prob_from_margin"": 0.9568487002840689, ""top"": [{""feature"": ""addr_token_overlap"", ""shap"": 1.2718907594680786, ""value"": 1.0, ""model_input"": 1.0}, {""feature"": ""street_number_diff"", ""shap"": 1.1806608438491821, ""value"": 0.0, ""model_input"": 0.0}, {""feature"": ""name_semantic_max"", ""shap"": -1.0110454559326172, ""value"": 0.5226320028305054, ""model_input"": 0.5226320028305054}, {""feature"": ""name_sim_max_etab"", ""shap"": 0.7590794563293457, ""value"": 0.0, ""model_input"": 0.0}, {""feature"": ""addr_jaro"", ""shap"": 0.7314080595970154, ""value"": 1.0, ""model_input"": 1.0}, {""feature"": ""name_sim_max_pm_dirigeant"", ""shap"": -0.5383577942848206, ""value"": 0.0, ""model_input"": 0.0}, {""feature"": ""type_of_max_name"", ""shap"": 0.5325022339820862, ""value"": 7.0, ""model_input"": 7.0}, {""feature"": ""addr_levenshtein"", ""shap"": 0.5256319642066956, ""value"": 1.0, ""model_input"": 1.0}, {""feature"": ""name_semantic_second"", ""shap"": -0.365857869386673, ""value"": 0.0, ""model_input"": 0.0}, {""feature"": ""name_token_overlap_max"", ""shap"": -0.3192397952079773, ""value"": 0.0, ""model_input"": 0.0}]}"
JNC,1 IMPASSE DU RHONE,69960,CORBAS,87919666500027,0.9252923727035522,DENJEAN B.E,1 IMPASSE DU RHONE,CORBAS,69960,69273,3,"{""bias"": 1.1616770029067993, ""margin"": 2.5165252685546875, ""prob_from_margin"": 0.9252922133685207, ""top"": [{""feature"": ""name_semantic_max"", ""shap"": -1.6931384801864624, ""value"": 0.4676656424999237, ""model_input"": 0.4676656424999237}, {""feature"": ""addr_token_overlap"", ""shap"": 1.3185820579528809, ""value"": 1.0, ""model_input"": 1.0}, {""feature"": ""street_number_diff"", ""shap"": 1.0703829526901245, ""value"": 0.0, ""model_input"": 0.0}, {""feature"": ""addr_jaro"", ""shap"": 0.689015805721283, ""value"": 1.0, ""model_input"": 1.0}, {""feature"": ""name_sim_max_etab"", ""shap"": 0.634482741355896, ""value"": 0.0, ""model_input"": 0.0}, {""feature"": ""addr_levenshtein"", ""shap"": 0.6255754232406616, ""value"": 1.0, ""model_input"": 1.0}, {""feature"": ""type_of_max_name"", ""shap"": 0.41736161708831787, ""value"": 5.0, ""model_input"": 5.0}, {""feature"": ""name_token_overlap_max"", ""shap"": -0.3396645486354828, ""value"": 0.0, ""model_input"": 0.0}, {""feature"": ""name_sim_max_pm_dirigeant"", ""shap"": -0.3190021812915802, ""value"": 0.0, ""model_input"": 0.0}, {""feature"": ""name_count"", ""shap"": 0.3060670793056488, ""value"": 2.0, ""model_input"": 2.0}]}"
JNC,1 IMPASSE DU RHONE,69960,CORBAS,52281662800039,0.9014536738395691,LA MITHOLIERE,1 IMPASSE DU RHONE,CORBAS,69960,69273,4,"{""bias"": 1.1616770029067993, ""margin"": 2.213484287261963, ""prob_from_margin"": 0.9014538859565818, ""top"": [{""feature"": ""name_semantic_max"", ""shap"": -3.4085445404052734, ""value"": 0.2755500078201294, ""model_input"": 0.2755500078201294}, {""feature"": ""addr_token_overlap"", ""shap"": 1.195845127105713, ""value"": 1.0, ""model_input"": 1.0}, {""feature"": ""name_addr_consistency"", ""shap"": 1.0329418182373047, ""value"": 0.0, ""model_input"": 0.0}, {""feature"": ""street_number_diff"", ""shap"": 1.005835771560669, ""value"": 0.0, ""model_input"": 0.0}, {""feature"": ""addr_jaro"", ""shap"": 0.9596049189567566, ""value"": 1.0, ""model_input"": 1.0}, {""feature"": ""name_sim_max_etab"", ""shap"": 0.8521033525466919, ""value"": 0.0, ""model_input"": 0.0}, {""feature"": ""addr_levenshtein"", ""shap"": 0.6529850959777832, ""value"": 1.0, ""model_input"": 1.0}, {""feature"": ""name_sim_max_ul"", ""shap"": -0.5105717182159424, ""value"": 0.0, ""model_input"": 0.0}, {""feature"": ""name_jaro_max"", ""shap"": 0.4852275550365448, ""value"": 0.0, ""model_input"": 0.0}, {""feature"": ""name_semantic_second"", ""shap"": -0.3438861668109894, ""value"": 0.0, ""model_input"": 0.0}]}"
JNC,1 IMPASSE DU RHONE,69960,CORBAS,97775821800019,0.8924892544746399,MEL'ART,1 IMPASSE DU RHONE,CORBAS,69960,69273,5,"{""bias"": 1.1616770029067993, ""margin"": 2.1164255142211914, ""prob_from_margin"": 0.8924894311600844, ""top"": [{""feature"": ""name_semantic_max"", ""shap"": -2.8312342166900635, ""value"": 0.12509869039058685, ""model_input"": 0.12509869039058685}, {""feature"": ""addr_token_overlap"", ""shap"": 1.337835669517517, ""value"": 1.0, ""model_input"": 1.0}, {""feature"": ""name_addr_consistency"", ""shap"": 1.2587039470672607, ""value"": 0.0, ""model_input"": 0.0}, {""feature"": ""street_number_diff"", ""shap"": 1.0490516424179077, ""value"": 0.0, ""model_input"": 0.0}, {""feature"": ""addr_jaro"", ""shap"": 1.0031906366348267, ""value"": 1.0, ""model_input"": 1.0}, {""feature"": ""name_sim_max_etab"", ""shap"": 0.9062075018882751, ""value"": 0.0, ""model_input"": 0.0}, {""feature"": ""addr_levenshtein"", ""shap"": 0.889763593673706, ""value"": 1.0, ""model_input"": 1.0}, {""feature"": ""name_count"", ""shap"": -0.7102996110916138, ""value"": 4.0, ""model_input"": 4.0}, {""feature"": ""name_jaro_max"", ""shap"": 0.5875611901283264, ""value"": 0.0, ""model_input"": 0.0}, {""feature"": ""name_sim_max_pm_dirigeant"", ""shap"": -0.47850823402404785, ""value"": 0.0, ""model_input"": 0.0}]}"
JOURDAN ET MARZE,69 Rue Marcel Merieux,69960,CORBAS,41255269700028,0.9994864463806152,JOURDAN ET MARZE SUCCESSEURS,69 RUE MARCEL MERIEUX,CORBAS,69960,69273,1,"{""bias"": 1.1616770029067993, ""margin"": 7.573608875274658, ""prob_from_margin"": 0.9994864291575034, ""top"": [{""feature"": ""name_semantic_max"", ""shap"": 2.1589832305908203, ""value"": 0.9225637912750244, ""model_input"": 0.9225637912750244}, {""feature"": ""token_overlap_ul"", ""shap"": 0.9034743309020996, ""value"": 1.0, ""model_input"": 1.0}, {""feature"": ""name_token_overlap_max"", ""shap"": 0.8225053548812866, ""value"": 0.75, ""model_input"": 0.75}, {""feature"": ""name_sim_max_pm_dirigeant"", ""shap"": 0.6701922416687012, ""value"": 0.4847222222222222, ""model_input"": 0.4847222222222222}, {""feature"": ""addr_token_overlap"", ""shap"": 0.5407882332801819, ""value"": 1.0, ""model_input"": 1.0}, {""feature"": ""street_number_diff"", ""shap"": 0.5122600793838501, ""value"": 0.0, ""model_input"": 0.0}, {""feature"": ""name_addr_consistency"", ""shap"": 0.30205032229423523, ""value"": 0.9142857142857143, ""model_input"": 0.9142857142857143}, {""feature"": ""name_semantic_second"", ""shap"": -0.2794661223888397, ""value"": 0.3534868061542511, ""model_input"": 0.3534868061542511}, {""feature"": ""name_sim_max_etab"", ""shap"": 0.1971566528081894, ""value"": 0.4847222222222222, ""model_input"": 0.4847222222222222}, {""feature"": ""is_siege"", ""shap"": 0.19327382743358612, ""value"": 1.0, ""model_input"": 1.0}]}"
JOURDAN ET MARZE,69 Rue Marcel Merieux,69960,CORBAS,50062848200027,0.9598994255065918,MARCHE DE CORBAS,69 RUE MARCEL MERIEUX,CORBAS,69960,69273,2,"{""bias"": 1.1616770029067993, ""margin"": 3.175436019897461, ""prob_from_margin"": 0.9598993549401204, ""top"": [{""feature"": ""name_semantic_max"", ""shap"": -1.7362366914749146, ""value"": 0.45267367362976074, ""model_input"": 0.45267367362976074}, {""feature"": ""addr_token_overlap"", ""shap"": 1.2104686498641968, ""value"": 1.0, ""model_input"": 1.0}, {""feature"": ""street_number_diff"", ""shap"": 0.8774368166923523, ""value"": 0.0, ""model_input"": 0.0}, {""feature"": ""name_city_overlap_max"", ""shap"": 0.6975129246711731, ""value"": 0.3333333333333333, ""model_input"": 0.3333333333333333}, {""feature"": ""addr_jaro"", ""shap"": 0.6391468644142151, ""value"": 1.0, ""model_input"": 1.0}, {""feature"": ""type_of_max_name"", ""shap"": 0.47397997975349426, ""value"": 7.0, ""model_input"": 7.0}, {""feature"": ""name_semantic_second"", ""shap"": -0.4678942561149597, ""value"": 0.3439830541610718, ""model_input"": 0.3439830541610718}, {""feature"": ""name_sim_max_pm_dirigeant"", ""shap"": 0.42860177159309387, ""value"": 0.4375, ""model_input"": 0.4375}, {""feature"": ""name_sim_max_etab"", ""shap"": 0.4026428759098053, ""value"": 0.4375, ""model_input"": 0.4375}, {""feature"": ""name_addr_consistency"", ""shap"": -0.36531251668930054, ""value"": 0.5972222222222222, ""model_input"": 0.5972222222222222}]}"
JOURDAN ET MARZE,69 Rue Marcel Merieux,69960,CORBAS,84357049000022,0.9512054920196533,RORI CORBAS,69 RUE MARCEL MERIEUX,CORBAS,69960,69273,3,"{""bias"": 1.1616770029067993, ""margin"": 2.9701132774353027, ""prob_from_margin"": 0.9512055348795717, ""top"": [{""feature"": ""name_semantic_max"", ""shap"": -1.8675986528396606, ""value"": 0.4423953890800476, ""model_input"": 0.4423953890800476}, {""feature"": ""addr_token_overlap"", ""shap"": 1.0633882284164429, ""value"": 1.0, ""model_input"": 1.0}, {""feature"": ""name_city_overlap_max"", ""shap"": 0.8885009288787842, ""value"": 0.5, ""model_input"": 0.5}, {""feature"": ""street_number_diff"", ""shap"": 0.8591699600219727, ""value"": 0.0, ""model_input"": 0.0}, {""feature"": ""addr_jaro"", ""shap"": 0.7053075432777405, ""value"": 1.0, ""model_input"": 1.0}, {""feature"": ""name_semantic_second"", ""shap"": -0.5668995976448059, ""value"": 0.345302939414978, ""model_input"": 0.345302939414978}, {""feature"": ""type_of_max_name"", ""shap"": 0.4524001181125641, ""value"": 4.0, ""model_input"": 4.0}, {""feature"": ""name_sim_max_pm_dirigeant"", ""shap"": 0.40755191445350647, ""value"": 0.4648692810457516, ""model_input"": 0.4648692810457516}, {""feature"": ""name_count"", ""shap"": 0.39684733748435974, ""value"": 2.0, ""model_input"": 2.0}, {""feature"": ""addr_levenshtein"", ""shap"": 0.3549782931804657, ""value"": 1.0, ""model_input"": 1.0}]}"
JOURDAN ET MARZE,69 Rue Marcel Merieux,69960,CORBAS,89124205900014,0.9243959188461304,GE FRUITS HOLDING,69 RUE MARCEL MERIEUX,CORBAS,69960,69273,4,"{""bias"": 1.1616770029067993, ""margin"": 2.5036282539367676, ""prob_from_margin"": 0.9243957829635198, ""top"": [{""feature"": ""name_semantic_max"", ""shap"": -2.1304070949554443, ""value"": 0.4423953890800476, ""model_input"": 0.4423953890800476}, {""feature"": ""addr_token_overlap"", ""shap"": 1.2542645931243896, ""value"": 1.0, ""model_input"": 1.0}, {""feature"": ""street_number_diff"", ""shap"": 1.0109453201293945, ""value"": 0.0, ""model_input"": 0.0}, {""feature"": ""addr_jaro"", ""shap"": 0.6806584596633911, ""value"": 1.0, ""model_input"": 1.0}, {""feature"": ""name_sim_max_pm_dirigeant"", ""shap"": 0.5930696725845337, ""value"": 0.4893518518518518, ""model_input"": 0.4893518518518518}, {""feature"": ""type_of_max_name"", ""shap"": 0.5043632388114929, ""value"": 4.0, ""model_input"": 4.0}, {""feature"": ""name_semantic_gap"", ""shap"": 0.48635587096214294, ""value"": 0.01973038911819458, ""model_input"": 0.01973038911819458}, {""feature"": ""addr_levenshtein"", ""shap"": 0.4630332291126251, ""value"": 1.0, ""model_input"": 1.0}, {""feature"": ""name_addr_consistency"", ""shap"": -0.3262914717197418, ""value"": 0.4893518518518518, ""model_input"": 0.4893518518518518}, {""feature"": ""name_token_overlap_max"", ""shap"": -0.3180241882801056, ""value"": 0.0, ""model_input"": 0.0}]}"
JOURDAN ET MARZE,69 Rue Marcel Merieux,69960,CORBAS,53194863600018,0.8973641991615295,GIE DU MARCHE DE GROS LYON CORBAS,69 RUE MARCEL MERIEUX,CORBAS,69960,69273,5,"{""bias"": 1.1616770029067993, ""margin"": 2.168276786804199, ""prob_from_margin"": 0.8973643645702355, ""top"": [{""feature"": ""name_semantic_max"", ""shap"": 2.0544235706329346, ""value"": 0.9225637912750244, ""model_input"": 0.9225637912750244}, {""feature"": ""name_count"", ""shap"": -0.9714532494544983, ""value"": 17.0, ""model_input"": 17.0}, {""feature"": ""name_sim_max_etab"", ""shap"": -0.7441752552986145, ""value"": 0.9142857142857143, ""model_input"": 0.9142857142857143}, {""feature"": ""name_token_overlap_max"", ""shap"": 0.7365205883979797, ""value"": 0.75, ""model_input"": 0.75}, {""feature"": ""ul_vs_pm_indicator"", ""shap"": -0.5745974779129028, ""value"": 0.0, ""model_input"": 0.0}, {""feature"": ""token_overlap_ul"", ""shap"": -0.5274173021316528, ""value"": 0.0, ""model_input"": 0.0}, {""feature"": ""addr_token_overlap"", ""shap"": 0.5024188160896301, ""value"": 1.0, ""model_input"": 1.0}, {""feature"": ""name_semantic_second"", ""shap"": 0.44097310304641724, ""value"": 0.5333358645439148, ""model_input"": 0.5333358645439148}, {""feature"": ""street_number_diff"", ""shap"": 0.3340657651424408, ""value"": 0.0, ""model_input"": 0.0}, {""feature"": ""name_sim_max_ul"", ""shap"": -0.2970486283302307, ""value"": 0.5093434343434343, ""model_input"": 0.5093434343434343}]}"
KOPSTER HOTEL,12 AVENUE SIMONE VEIL,69150,DECINES CHARPIEU,83508352800025,0.9992772936820984,KOPSTER HOTEL,12 AVENUE SIMONE VEIL,DECINES-CHARPIEU,69150,69275,1,"{""bias"": 1.1616770029067993, ""margin"": 7.23169469833374, ""prob_from_margin"": 0.9992772287174988, ""top"": [{""feature"": ""name_semantic_max"", ""shap"": 2.1582775115966797, ""value"": 1.0, ""model_input"": 1.0}, {""feature"": ""name_sim_max_pm_dirigeant"", ""shap"": 0.8671112656593323, ""value"": 0.7043142043142043, ""model_input"": 0.7043142043142043}, {""feature"": ""name_token_overlap_max"", ""shap"": 0.8642152547836304, ""value"": 1.0, ""model_input"": 1.0}, {""feature"": ""addr_token_overlap"", ""shap"": 0.7780801057815552, ""value"": 1.0, ""model_input"": 1.0}, {""feature"": ""token_overlap_ul"", ""shap"": 0.6858893632888794, ""value"": 1.0, ""model_input"": 1.0}, {""feature"": ""name_sim_max_etab"", ""shap"": -0.6729848384857178, ""value"": 0.7043142043142043, ""model_input"": 0.7043142043142043}, {""feature"": ""name_crm_contains_cand_max"", ""shap"": 0.4853286147117615, ""value"": 1.0, ""model_input"": 1.0}, {""feature"": ""is_siege"", ""shap"": -0.432456374168396, ""value"": 0.0, ""model_input"": 0.0}, {""feature"": ""street_number_diff"", ""shap"": 0.39150479435920715, ""value"": 0.0, ""model_input"": 0.0}, {""feature"": ""addr_jaro"", ""shap"": 0.2862587571144104, ""value"": 1.0, ""model_input"": 1.0}]}"
KOPSTER HOTEL,12 AVENUE SIMONE VEIL,69150,DECINES CHARPIEU,39336910300030,0.9264089465141296,PREMIERE CLASSE,BOULEVARD CHARLES DE GAULLE,DECINES-CHARPIEU,69150,69275,2,"{""bias"": 1.1616770029067993, ""margin"": 2.532792568206787, ""prob_from_margin"": 0.9264089646891311, ""top"": [{""feature"": ""name_semantic_max"", ""shap"": 0.7897003889083862, ""value"": 0.629973828792572, ""model_input"": 0.629973828792572}, {""feature"": ""addr_token_overlap"", ""shap"": -0.5790936350822449, ""value"": 0.0, ""model_input"": 0.0}, {""feature"": ""is_siege"", ""shap"": -0.5504955053329468, ""value"": 0.0, ""model_input"": 0.0}, {""feature"": ""token_overlap_ul"", ""shap"": 0.46706297993659973, ""value"": 0.5, ""model_input"": 0.5}, {""feature"": ""street_number_diff"", ""shap"": 0.3792908489704132, ""value"": 9999.0, ""model_input"": 9999.0}, {""feature"": ""name_addr_consistency"", ""shap"": 0.35354122519493103, ""value"": 0.3029124981865051, ""model_input"": 0.3029124981865051}, {""feature"": ""type_of_max_name"", ""shap"": 0.332935631275177, ""value"": 7.0, ""model_input"": 7.0}, {""feature"": ""addr_jaro"", ""shap"": -0.32258856296539307, ""value"": 0.5463302129968796, ""model_input"": 0.5463302129968796}, {""feature"": ""addr_levenshtein"", ""shap"": -0.2687632143497467, ""value"": 0.18518518518518523, ""model_input"": 0.18518518518518523}, {""feature"": ""name_sim_max_etab"", ""shap"": 0.18041019141674042, ""value"": 0.5094017094017094, ""model_input"": 0.5094017094017094}]}"
KOPSTER HOTEL,12 AVENUE SIMONE VEIL,69150,DECINES CHARPIEU,47787810200011,0.6636925339698792,HOTEL DE LA POSTE,15 RUE DU DAUPHINE,DECINES-CHARPIEU,69150,69275,3,"{""bias"": 1.1616770029067993, ""margin"": 0.6797939538955688, ""prob_from_margin"": 0.6636927084972949, ""top"": [{""feature"": ""name_semantic_max"", ""shap"": -1.6951439380645752, ""value"": 0.5134446024894714, ""model_input"": 0.5134446024894714}, {""feature"": ""name_sim_max_etab"", ""shap"": 1.0881338119506836, ""value"": 0.0, ""model_input"": 0.0}, {""feature"": ""type_of_max_name"", ""shap"": 0.8048555254936218, ""value"": 7.0, ""model_input"": 7.0}, {""feature"": ""token_overlap_ul"", ""shap"": 0.6351380348205566, ""value"": 0.5, ""model_input"": 0.5}, {""feature"": ""name_sim_max_pm_dirigeant"", ""shap"": -0.4869360029697418, ""value"": 0.0, ""model_input"": 0.0}, {""feature"": ""street_number_diff"", ""shap"": -0.40270620584487915, ""value"": 3.0, ""model_input"": 3.0}, {""feature"": ""name_semantic_second"", ""shap"": -0.32455819845199585, ""value"": 0.0, ""model_input"": 0.0}, {""feature"": ""addr_levenshtein"", ""shap"": -0.31019794940948486, ""value"": 0.23809523809523814, ""model_input"": 0.23809523809523814}, {""feature"": ""street_name_jaro"", ""shap"": 0.3091331124305725, ""value"": 0.5342592592592593, ""model_input"": 0.5342592592592593}, {""feature"": ""name_count"", ""shap"": 0.2986297011375427, ""value"": 1.0, ""model_input"": 1.0}]}"
KOPSTER HOTEL,12 AVENUE SIMONE VEIL,69150,DECINES CHARPIEU,84480092000051,0.5174798369407654,VORTEX DEVELOPPEMENT,AVENUE SIMONE VEIL,DECINES-CHARPIEU,69150,69275,4,"{""bias"": 1.1616770029067993, ""margin"": 0.06994903087615967, ""prob_from_margin"": 0.5174801309706408, ""top"": [{""feature"": ""name_semantic_max"", ""shap"": -1.2476617097854614, ""value"": 0.5370836853981018, ""model_input"": 0.5370836853981018}, {""feature"": ""addr_token_overlap"", ""shap"": 1.0425870418548584, ""value"": 0.75, ""model_input"": 0.75}, {""feature"": ""addr_jaro"", ""shap"": -0.5582639575004578, ""value"": 0.8227513227513228, ""model_input"": 0.8227513227513228}, {""feature"": ""name_sim_max_pm_dirigeant"", ""shap"": 0.5439785122871399, ""value"": 0.47008547008547, ""model_input"": 0.47008547008547}, {""feature"": ""type_of_max_name"", ""shap"": 0.5178619623184204, ""value"": 7.0, ""model_input"": 7.0}, {""feature"": ""name_token_overlap_max"", ""shap"": -0.46886011958122253, ""value"": 0.0, ""model_input"": 0.0}, {""feature"": ""name_addr_consistency"", ""shap"": -0.42590999603271484, ""value"": 0.49611201555646, ""model_input"": 0.49611201555646}, {""feature"": ""addr_levenshtein"", ""shap"": 0.410291463136673, ""value"": 0.8571428571428572, ""model_input"": 0.8571428571428572}, {""feature"": ""token_overlap_ul"", ""shap"": -0.27395564317703247, ""value"": 0.0, ""model_input"": 0.0}, {""feature"": ""name_sim_max_etab"", ""shap"": 0.21833699941635132, ""value"": 0.47008547008547, ""model_input"": 0.47008547008547}]}"
KOPSTER HOTEL,12 AVENUE SIMONE VEIL,69150,DECINES CHARPIEU,42826885800019,0.5101956725120544,DANY,RUE ELISEE RECLUS,DECINES-CHARPIEU,69150,69275,5,"{""bias"": 1.1616770029067993, ""margin"": 0.040787458419799805, ""prob_from_margin"": 0.5101954512005108, ""top"": [{""feature"": ""name_semantic_max"", ""shap"": -2.0284619331359863, ""value"": 0.3703230023384094, ""model_input"": 0.3703230023384094}, {""feature"": ""name_jaro_max"", ""shap"": 0.8467881679534912, ""value"": 0.0, ""model_input"": 0.0}, {""feature"": ""name_sim_max_ul"", ""shap"": -0.6901652812957764, ""value"": 0.0, ""model_input"": 0.0}, {""feature"": ""name_addr_consistency"", ""shap"": 0.6553410291671753, ""value"": 0.0, ""model_input"": 0.0}, {""feature"": ""name_sim_max_etab"", ""shap"": 0.6479132175445557, ""value"": 0.0, ""model_input"": 0.0}, {""feature"": ""type_of_max_name"", ""shap"": 0.5443369150161743, ""value"": 7.0, ""model_input"": 7.0}, {""feature"": ""addr_token_overlap"", ""shap"": -0.4871141314506531, ""value"": 0.0, ""model_input"": 0.0}, {""feature"": ""name_semantic_second"", ""shap"": -0.39653873443603516, ""value"": 0.0, ""model_input"": 0.0}, {""feature"": ""token_overlap_ul"", ""shap"": -0.38517510890960693, ""value"": 0.0, ""model_input"": 0.0}, {""feature"": ""street_number_diff"", ""shap"": 0.38399478793144226, ""value"": 9999.0, ""model_input"": 9999.0}]}"
L2G,17 Avenue du 24 Août 1944,69960,CORBAS,44888664800055,0.9994199275970459,"LA GENERALE DE GASTRONOMIE, REMINOX, BM PRODUCTION",17 AVENUE DU 24 AOUT 1944,CORBAS,69960,69273,1,"{""bias"": 1.1616770029067993, ""margin"": 7.4516801834106445, ""prob_from_margin"": 0.9994198712408398, ""top"": [{""feature"": ""name_semantic_max"", ""shap"": 2.2439780235290527, ""value"": 0.9999999403953552, ""model_input"": 0.9999999403953552}, {""feature"": ""name_token_overlap_max"", ""shap"": 1.060123324394226, ""value"": 1.0, ""model_input"": 1.0}, {""feature"": ""token_overlap_ul"", ""shap"": 1.0523619651794434, ""value"": 1.0, ""model_input"": 1.0}, {""feature"": ""name_crm_contains_cand_max"", ""shap"": 0.6387742161750793, ""value"": 1.0, ""model_input"": 1.0}, {""feature"": ""name_length_max"", ""shap"": -0.5284826755523682, ""value"": 3.0, ""model_input"": 3.0}, {""feature"": ""name_count"", ""shap"": -0.4936077892780304, ""value"": 5.0, ""model_input"": 5.0}, {""feature"": ""addr_token_overlap"", ""shap"": 0.4611346125602722, ""value"": 1.0, ""model_input"": 1.0}, {""feature"": ""street_number_diff"", ""shap"": 0.4422006607055664, ""value"": 0.0, ""model_input"": 0.0}, {""feature"": ""name_sim_max_pm_dirigeant"", ""shap"": 0.4177842140197754, ""value"": 0.47008547008547, ""model_input"": 0.47008547008547}, {""feature"": ""is_siege"", ""shap"": 0.3259704113006592, ""value"": 1.0, ""model_input"": 1.0}]}"
L2G,17 Avenue du 24 Août 1944,69960,CORBAS,83057359800018,0.6870285868644714,LAJIL AGRO ALIMENTAIRE,17 RUE DU VERCORS,CORBAS,69960,69273,2,"{""bias"": 1.1616770029067993, ""margin"": 0.7862639427185059, ""prob_from_margin"": 0.6870285642312648, ""top"": [{""feature"": ""type_of_max_name"", ""shap"": 0.8094961047172546, ""value"": 7.0, ""model_input"": 7.0}, {""feature"": ""name_sim_max_etab"", ""shap"": 0.796556830406189, ""value"": 0.0, ""model_input"": 0.0}, {""feature"": ""street_number_diff"", ""shap"": 0.6814921498298645, ""value"": 0.0, ""model_input"": 0.0}, {""feature"": ""addr_levenshtein"", ""shap"": -0.5731244087219238, ""value"": 0.4, ""model_input"": 0.4}, {""feature"": ""name_sim_max_pm_dirigeant"", ""shap"": -0.5155001878738403, ""value"": 0.0, ""model_input"": 0.0}, {""feature"": ""name_token_overlap_max"", ""shap"": -0.44237688183784485, ""value"": 0.0, ""model_input"": 0.0}, {""feature"": ""token_overlap_ul"", ""shap"": -0.42051124572753906, ""value"": 0.0, ""model_input"": 0.0}, {""feature"": ""name_semantic_max"", ""shap"": -0.41686326265335083, ""value"": 0.574528157711029, ""model_input"": 0.574528157711029}, {""feature"": ""name_semantic_second"", ""shap"": -0.41677403450012207, ""value"": 0.0, ""model_input"": 0.0}, {""feature"": ""addr_jaro"", ""shap"": -0.324641615152359, ""value"": 0.6452941176470589, ""model_input"": 0.6452941176470589}]}"
L2G,17 Avenue du 24 Août 1944,69960,CORBAS,40987740400056,0.5681598782539368,MADIAL,17 AVENUE DU 24 AOUT 1944,CORBAS,69960,69273,3,"{""bias"": 1.1616770029067993, ""margin"": 0.2743499279022217, ""prob_from_margin"": 0.5681604926655859, ""top"": [{""feature"": ""name_semantic_max"", ""shap"": -1.7931034564971924, ""value"": 0.43501484394073486, ""model_input"": 0.43501484394073486}, {""feature"": ""addr_token_overlap"", ""shap"": 1.2113714218139648, ""value"": 1.0, ""model_input"": 1.0}, {""feature"": ""street_number_diff"", ""shap"": 0.9858642220497131, ""value"": 0.0, ""model_input"": 0.0}, {""feature"": ""addr_jaro"", ""shap"": 0.7628158926963806, ""value"": 1.0, ""model_input"": 1.0}, {""feature"": ""name_sim_max_ul"", ""shap"": -0.7559182047843933, ""value"": 0.0, ""model_input"": 0.0}, {""feature"": ""name_addr_consistency"", ""shap"": -0.598578691482544, ""value"": 0.47008547008547, ""model_input"": 0.47008547008547}, {""feature"": ""name_sim_max_pm_dirigeant"", ""shap"": 0.5512611269950867, ""value"": 0.47008547008547, ""model_input"": 0.47008547008547}, {""feature"": ""addr_levenshtein"", ""shap"": 0.47331714630126953, ""value"": 1.0, ""model_input"": 1.0}, {""feature"": ""type_of_max_name"", ""shap"": 0.4557234048843384, ""value"": 4.0, ""model_input"": 4.0}, {""feature"": ""name_semantic_second"", ""shap"": -0.44170647859573364, ""value"": 0.1603936105966568, ""model_input"": 0.1603936105966568}]}"
L2G,17 Avenue du 24 Août 1944,69960,CORBAS,79783988300015,0.3998340666294098,EALC,RUE NUNGESSER ET COLI,CORBAS,69960,69273,4,"{""bias"": 1.1616770029067993, ""margin"": -0.4061555862426758, ""prob_from_margin"": 0.3998342966957515, ""top"": [{""feature"": ""name_semantic_max"", ""shap"": -2.5244688987731934, ""value"": 0.32772162556648254, ""model_input"": 0.32772162556648254}, {""feature"": ""addr_jaro"", ""shap"": -0.9383652210235596, ""value"": 0.4920634920634921, ""model_input"": 0.4920634920634921}, {""feature"": ""name_sim_max_ul"", ""shap"": -0.7407065033912659, ""value"": 0.0, ""model_input"": 0.0}, {""feature"": ""name_addr_consistency"", ""shap"": 0.7089789509773254, ""value"": 0.0, ""model_input"": 0.0}, {""feature"": ""name_jaro_max"", ""shap"": 0.6046804189682007, ""value"": 0.0, ""model_input"": 0.0}, {""feature"": ""name_levenshtein_max"", ""shap"": 0.5954978466033936, ""value"": 0.0, ""model_input"": 0.0}, {""feature"": ""name_city_overlap_max"", ""shap"": 0.5679607391357422, ""value"": 0.25, ""model_input"": 0.25}, {""feature"": ""name_sim_max_etab"", ""shap"": 0.5446587204933167, ""value"": 0.0, ""model_input"": 0.0}, {""feature"": ""name_semantic_second"", ""shap"": -0.5310205817222595, ""value"": 0.2590548098087311, ""model_input"": 0.2590548098087311}, {""feature"": ""is_sigle_max"", ""shap"": 0.46575748920440674, ""value"": 1.0, ""model_input"": 1.0}]}"
L2G,17 Avenue du 24 Août 1944,69960,CORBAS,50972207000026,0.36485418677330017,GAMI,13 AVENUE DU 24 AOUT 1944,CORBAS,69960,69273,5,"{""bias"": 1.1616770029067993, ""margin"": -0.5543583631515503, ""prob_from_margin"": 0.3648538278232757, ""top"": [{""feature"": ""name_semantic_max"", ""shap"": -2.5118448734283447, ""value"": 0.328341007232666, ""model_input"": 0.328341007232666}, {""feature"": ""street_number_diff"", ""shap"": -1.1088759899139404, ""value"": 4.0, ""model_input"": 4.0}, {""feature"": ""name_addr_consistency"", ""shap"": 0.8970125913619995, ""value"": 0.0, ""model_input"": 0.0}, {""feature"": ""name_sim_max_etab"", ""shap"": 0.8470540642738342, ""value"": 0.0, ""model_input"": 0.0}, {""feature"": ""name_jaro_max"", ""shap"": 0.6429570317268372, ""value"": 0.0, ""model_input"": 0.0}, {""feature"": ""addr_levenshtein"", ""shap"": 0.5989440679550171, ""value"": 0.96, ""model_input"": 0.96}, {""feature"": ""name_sim_max_ul"", ""shap"": -0.4491294026374817, ""value"": 0.0, ""model_input"": 0.0}, {""feature"": ""name_token_overlap_max"", ""shap"": -0.44147440791130066, ""value"": 0.0, ""model_input"": 0.0}, {""feature"": ""token_overlap_ul"", ""shap"": -0.36350271105766296, ""value"": 0.0, ""model_input"": 0.0}, {""feature"": ""addr_jaro"", ""shap"": 0.32994937896728516, ""value"": 0.976, ""model_input"": 0.976}]}"
LES BANQUES ALIMENTAIRES,127 Avenue Franklin Roosevelt,69150,DECINES-CHARPIEU,38078113800033,0.9987381100654602,BANQUE ALIMENTAIRE DU RHONE,127 AVENUE FRANKLIN ROOSEVELT,DECINES-CHARPIEU,69150,69275,1,"{""bias"": 1.1616770029067993, ""margin"": 6.673902988433838, ""prob_from_margin"": 0.9987381364576459, ""top"": [{""feature"": ""name_semantic_max"", ""shap"": 2.5463967323303223, ""value"": 0.7892460823059082, ""model_input"": 0.7892460823059082}, {""feature"": ""name_sim_max_etab"", ""shap"": 0.9957180023193359, ""value"": 0.0, ""model_input"": 0.0}, {""feature"": ""token_overlap_ul"", ""shap"": 0.8002572655677795, ""value"": 0.6666666666666666, ""model_input"": 0.6666666666666666}, {""feature"": ""street_number_diff"", ""shap"": 0.7555705904960632, ""value"": 0.0, ""model_input"": 0.0}, {""feature"": ""addr_token_overlap"", ""shap"": 0.6810132265090942, ""value"": 1.0, ""model_input"": 1.0}, {""feature"": ""name_sim_max_pm_dirigeant"", ""shap"": -0.37229588627815247, ""value"": 0.0, ""model_input"": 0.0}, {""feature"": ""addr_levenshtein"", ""shap"": 0.3288310468196869, ""value"": 1.0, ""model_input"": 1.0}, {""feature"": ""addr_jaro"", ""shap"": 0.32113581895828247, ""value"": 1.0, ""model_input"": 1.0}, {""feature"": ""name_token_overlap_max"", ""shap"": -0.30931514501571655, ""value"": 0.0, ""model_input"": 0.0}, {""feature"": ""name_semantic_second"", ""shap"": -0.29549115896224976, ""value"": 0.0, ""model_input"": 0.0}]}"
LES BANQUES ALIMENTAIRES,127 Avenue Franklin Roosevelt,69150,DECINES-CHARPIEU,80328373800018,0.9954944849014282,FONDS DE DOTATION DE LA BANQUE ALIMENTAIRE DU RHONE,127 AVENUE FRANKLIN ROOSEVELT,DECINES-CHARPIEU,69150,69275,2,"{""bias"": 1.1616770029067993, ""margin"": 5.397933483123779, ""prob_from_margin"": 0.9954944675144268, ""top"": [{""feature"": ""addr_token_overlap"", ""shap"": 1.0440360307693481, ""value"": 1.0, ""model_input"": 1.0}, {""feature"": ""name_sim_max_etab"", ""shap"": 0.9858300685882568, ""value"": 0.0, ""model_input"": 0.0}, {""feature"": ""token_overlap_ul"", ""shap"": 0.9015346765518188, ""value"": 0.6666666666666666, ""model_input"": 0.6666666666666666}, {""feature"": ""name_semantic_max"", ""shap"": 0.8892995715141296, ""value"": 0.6295576691627502, ""model_input"": 0.6295576691627502}, {""feature"": ""street_number_diff"", ""shap"": 0.8624178767204285, ""value"": 0.0, ""model_input"": 0.0}, {""feature"": ""type_of_max_name"", ""shap"": 0.4601607918739319, ""value"": 7.0, ""model_input"": 7.0}, {""feature"": ""name_sim_max_pm_dirigeant"", ""shap"": -0.39546552300453186, ""value"": 0.0, ""model_input"": 0.0}, {""feature"": ""addr_levenshtein"", ""shap"": 0.3833932876586914, ""value"": 1.0, ""model_input"": 1.0}, {""feature"": ""name_token_overlap_max"", ""shap"": -0.3500802218914032, ""value"": 0.0, ""model_input"": 0.0}, {""feature"": ""name_semantic_second"", ""shap"": -0.33646848797798157, ""value"": 0.0, ""model_input"": 0.0}]}"
LES BANQUES ALIMENTAIRES,127 Avenue Franklin Roosevelt,69150,DECINES-CHARPIEU,44303932600022,0.9927825927734375,DITIB,127 AVENUE FRANKLIN ROOSEVELT,DECINES-CHARPIEU,69150,69275,3,"{""bias"": 1.1616770029067993, ""margin"": 4.924020290374756, ""prob_from_margin"": 0.9927826240759179, ""top"": [{""feature"": ""name_semantic_max"", ""shap"": -1.570925235748291, ""value"": 0.4258453845977783, ""model_input"": 0.4258453845977783}, {""feature"": ""addr_token_overlap"", ""shap"": 1.4281381368637085, ""value"": 1.0, ""model_input"": 1.0}, {""feature"": ""street_number_diff"", ""shap"": 0.9538466334342957, ""value"": 0.0, ""model_input"": 0.0}, {""feature"": ""name_addr_consistency"", ""shap"": 0.8268954157829285, ""value"": 0.3277777777777778, ""model_input"": 0.3277777777777778}, {""feature"": ""name_sim_max_etab"", ""shap"": 0.8091995120048523, ""value"": 0.0, ""model_input"": 0.0}, {""feature"": ""addr_jaro"", ""shap"": 0.7842728495597839, ""value"": 1.0, ""model_input"": 1.0}, {""feature"": ""name_jaro_max"", ""shap"": 0.6711742877960205, ""value"": 0.3277777777777778, ""model_input"": 0.3277777777777778}, {""feature"": ""addr_levenshtein"", ""shap"": 0.6283227801322937, ""value"": 1.0, ""model_input"": 1.0}, {""feature"": ""type_of_max_name"", ""shap"": 0.34136828780174255, ""value"": 7.0, ""model_input"": 7.0}, {""feature"": ""name_semantic_second"", ""shap"": -0.3286656141281128, ""value"": 0.0, ""model_input"": 0.0}]}"
LES BANQUES ALIMENTAIRES,127 Avenue Franklin Roosevelt,69150,DECINES-CHARPIEU,79996542100032,0.7437934875488281,COLLECTIF ALIMENTAIRE D'INITIATIVES SOLIDAIRES,45 RUE GEORGES BIZET,DECINES-CHARPIEU,69150,69275,4,"{""bias"": 1.1616770029067993, ""margin"": 1.065779447555542, ""prob_from_margin"": 0.743793455208887, ""top"": [{""feature"": ""name_sim_max_etab"", ""shap"": 0.9613699913024902, ""value"": 0.0, ""model_input"": 0.0}, {""feature"": ""name_semantic_max"", ""shap"": -0.9134528040885925, ""value"": 0.5650111436843872, ""model_input"": 0.5650111436843872}, {""feature"": ""token_overlap_ul"", ""shap"": 0.8751576542854309, ""value"": 0.3333333333333333, ""model_input"": 0.3333333333333333}, {""feature"": ""type_of_max_name"", ""shap"": 0.820801317691803, ""value"": 7.0, ""model_input"": 7.0}, {""feature"": ""street_number_diff"", ""shap"": -0.42340075969696045, ""value"": 82.0, ""model_input"": 82.0}, {""feature"": ""name_token_overlap_max"", ""shap"": -0.4226083755493164, ""value"": 0.0, ""model_input"": 0.0}, {""feature"": ""name_sim_max_pm_dirigeant"", ""shap"": -0.39163050055503845, ""value"": 0.0, ""model_input"": 0.0}, {""feature"": ""addr_levenshtein"", ""shap"": -0.3876531720161438, ""value"": 0.24137931034482762, ""model_input"": 0.24137931034482762}, {""feature"": ""name_semantic_second"", ""shap"": -0.3382037580013275, ""value"": 0.0, ""model_input"": 0.0}, {""feature"": ""name_count"", ""shap"": 0.30352431535720825, ""value"": 1.0, ""model_input"": 1.0}]}"
LES BANQUES ALIMENTAIRES,127 Avenue Franklin Roosevelt,69150,DECINES-CHARPIEU,99161175700014,0.6098946332931519,1 2 3 PARE BRISE,201 AVENUE FRANKLIN ROOSEVELT,DECINES-CHARPIEU,69150,69275,5,"{""bias"": 1.1616770029067993, ""margin"": 0.4468708038330078, ""prob_from_margin"": 0.6098949824618042, ""top"": [{""feature"": ""street_number_diff"", ""shap"": -1.2050820589065552, ""value"": 74.0, ""model_input"": 74.0}, {""feature"": ""name_semantic_second"", ""shap"": 1.0877782106399536, ""value"": 0.5801814198493958, ""model_input"": 0.5801814198493958}, {""feature"": ""name_sim_max_pm_dirigeant"", ""shap"": 1.083899974822998, ""value"": 0.6616739288307917, ""model_input"": 0.6616739288307917}, {""feature"": ""name_city_overlap_max"", ""shap"": 0.8510280847549438, ""value"": 0.25, ""model_input"": 0.25}, {""feature"": ""name_sim_max_etab"", ""shap"": -0.637008011341095, ""value"": 0.6616739288307917, ""model_input"": 0.6616739288307917}, {""feature"": ""addr_token_overlap"", ""shap"": 0.49417224526405334, ""value"": 0.6, ""model_input"": 0.6}, {""feature"": ""name_count"", ""shap"": -0.486777663230896, ""value"": 5.0, ""model_input"": 5.0}, {""feature"": ""name_token_overlap_max"", ""shap"": -0.47324371337890625, ""value"": 0.0, ""model_input"": 0.0}, {""feature"": ""name_semantic_gap"", ""shap"": -0.4441045820713043, ""value"": 0.0, ""model_input"": 0.0}, {""feature"": ""type_of_max_name"", ""shap"": 0.39244621992111206, ""value"": 4.0, ""model_input"": 4.0}]}"
LES DOUCEURS DU MOULIN,69 Rue Marcel Mérieux,69960,CORBAS,89357911000022,0.9949091076850891,LES DOUCEURS DU MOULIN FRUITS ET LEGUMES,69 RUE MARCEL MERIEUX,CORBAS,69960,69273,1,"{""bias"": 1.1616770029067993, ""margin"": 5.275201320648193, ""prob_from_margin"": 0.9949091231806905, ""top"": [{""feature"": ""name_semantic_max"", ""shap"": 2.2743728160858154, ""value"": 0.8764561414718628, ""model_input"": 0.8764561414718628}, {""feature"": ""name_token_overlap_max"", ""shap"": 1.0118863582611084, ""value"": 0.5714285714285714, ""model_input"": 0.5714285714285714}, {""feature"": ""addr_token_overlap"", ""shap"": 0.7644182443618774, ""value"": 1.0, ""model_input"": 1.0}, {""feature"": ""name_sim_max_etab"", ""shap"": -0.6501970887184143, ""value"": 0.91, ""model_input"": 0.91}, {""feature"": ""token_overlap_ul"", ""shap"": 0.6036105155944824, ""value"": 1.0, ""model_input"": 1.0}, {""feature"": ""street_number_diff"", ""shap"": 0.5626907348632812, ""value"": 0.0, ""model_input"": 0.0}, {""feature"": ""name_semantic_second"", ""shap"": 0.5382352471351624, ""value"": 0.8764561414718628, ""model_input"": 0.8764561414718628}, {""feature"": ""name_sim_max_pm_dirigeant"", ""shap"": -0.3866419792175293, ""value"": 0.0, ""model_input"": 0.0}, {""feature"": ""name_jaro_gap"", ""shap"": -0.3108719289302826, ""value"": 0.0, ""model_input"": 0.0}, {""feature"": ""name_addr_consistency"", ""shap"": 0.3054487109184265, ""value"": 0.91, ""model_input"": 0.91}]}"
LES DOUCEURS DU MOULIN,69 Rue Marcel Mérieux,69960,CORBAS,49852066700029,0.9762871861457825,LES MURIERS,69 RUE MARCEL MERIEUX,CORBAS,69960,69273,2,"{""bias"": 1.1616770029067993, ""margin"": 3.717742919921875, ""prob_from_margin"": 0.9762872254941667, ""top"": [{""feature"": ""name_sim_max_pm_dirigeant"", ""shap"": 1.52031409740448, ""value"": 0.6079545454545454, ""model_input"": 0.6079545454545454}, {""feature"": ""addr_token_overlap"", ""shap"": 1.2172348499298096, ""value"": 1.0, ""model_input"": 1.0}, {""feature"": ""street_number_diff"", ""shap"": 0.9720843434333801, ""value"": 0.0, ""model_input"": 0.0}, {""feature"": ""name_semantic_max"", ""shap"": -0.9439107179641724, ""value"": 0.5298876166343689, ""model_input"": 0.5298876166343689}, {""feature"": ""token_overlap_ul"", ""shap"": 0.5461819767951965, ""value"": 0.3333333333333333, ""model_input"": 0.3333333333333333}, {""feature"": ""type_of_max_name"", ""shap"": 0.5173739194869995, ""value"": 7.0, ""model_input"": 7.0}, {""feature"": ""name_sim_max_etab"", ""shap"": -0.4987662136554718, ""value"": 0.6079545454545454, ""model_input"": 0.6079545454545454}, {""feature"": ""name_semantic_second"", ""shap"": -0.47032618522644043, ""value"": 0.27716323733329773, ""model_input"": 0.27716323733329773}, {""feature"": ""addr_jaro"", ""shap"": 0.4535931646823883, ""value"": 1.0, ""model_input"": 1.0}, {""feature"": ""addr_levenshtein"", ""shap"": 0.33378908038139343, ""value"": 1.0, ""model_input"": 1.0}]}"
LES DOUCEURS DU MOULIN,69 Rue Marcel Mérieux,69960,CORBAS,79249138300016,0.9294544458389282,DU 41,69 RUE MARCEL MERIEUX,CORBAS,69960,69273,3,"{""bias"": 1.1616770029067993, ""margin"": 2.578339099884033, ""prob_from_margin"": 0.9294544433933676, ""top"": [{""feature"": ""name_semantic_max"", ""shap"": -1.5011314153671265, ""value"": 0.48908117413520813, ""model_input"": 0.48908117413520813}, {""feature"": ""addr_token_overlap"", ""shap"": 1.210041880607605, ""value"": 1.0, ""model_input"": 1.0}, {""feature"": ""street_number_diff"", ""shap"": 0.9868664145469666, ""value"": 0.0, ""model_input"": 0.0}, {""feature"": ""name_sim_max_etab"", ""shap"": 0.6678827404975891, ""value"": 0.0, ""model_input"": 0.0}, {""feature"": ""addr_levenshtein"", ""shap"": 0.5352568030357361, ""value"": 1.0, ""model_input"": 1.0}, {""feature"": ""addr_jaro"", ""shap"": 0.4938666820526123, ""value"": 1.0, ""model_input"": 1.0}, {""feature"": ""type_of_max_name"", ""shap"": 0.43647074699401855, ""value"": 7.0, ""model_input"": 7.0}, {""feature"": ""name_semantic_second"", ""shap"": -0.38238999247550964, ""value"": 0.0, ""model_input"": 0.0}, {""feature"": ""name_addr_consistency"", ""shap"": -0.38197290897369385, ""value"": 0.46767676767676764, ""model_input"": 0.46767676767676764}, {""feature"": ""token_overlap_ul"", ""shap"": -0.3468952178955078, ""value"": 0.0, ""model_input"": 0.0}]}"
LES DOUCEURS DU MOULIN,69 Rue Marcel Mérieux,69960,CORBAS,31554738000024,0.9252707362174988,FRUTAS SANCHEZ,69 RUE MARCEL MERIEUX,CORBAS,69960,69273,4,"{""bias"": 1.1616770029067993, ""margin"": 2.5162134170532227, ""prob_from_margin"": 0.9252706532960415, ""top"": [{""feature"": ""addr_token_overlap"", ""shap"": 1.3769781589508057, ""value"": 1.0, ""model_input"": 1.0}, {""feature"": ""name_semantic_max"", ""shap"": -1.2711149454116821, ""value"": 0.4848277270793915, ""model_input"": 0.4848277270793915}, {""feature"": ""street_number_diff"", ""shap"": 0.9589906930923462, ""value"": 0.0, ""model_input"": 0.0}, {""feature"": ""name_sim_max_pm_dirigeant"", ""shap"": 0.8665631413459778, ""value"": 0.5358345358345359, ""model_input"": 0.5358345358345359}, {""feature"": ""type_of_max_name"", ""shap"": 0.572955310344696, ""value"": 4.0, ""model_input"": 4.0}, {""feature"": ""addr_jaro"", ""shap"": 0.5282600522041321, ""value"": 1.0, ""model_input"": 1.0}, {""feature"": ""addr_levenshtein"", ""shap"": 0.48693639039993286, ""value"": 1.0, ""model_input"": 1.0}, {""feature"": ""name_semantic_second"", ""shap"": -0.43042102456092834, ""value"": 0.33660176396369934, ""model_input"": 0.33660176396369934}, {""feature"": ""name_addr_consistency"", ""shap"": -0.34150680899620056, ""value"": 0.5358345358345359, ""model_input"": 0.5358345358345359}, {""feature"": ""name_levenshtein_max"", ""shap"": -0.3386026620864868, ""value"": 0.2727272727272727, ""model_input"": 0.2727272727272727}]}"
LES DOUCEURS DU MOULIN,69 Rue Marcel Mérieux,69960,CORBAS,84146910900018,0.911161482334137,VERT FRAMBOISE,69 RUE MARCEL MERIEUX,CORBAS,69960,69273,5,"{""bias"": 1.1616770029067993, ""margin"": 2.3278989791870117, ""prob_from_margin"": 0.9111614137533361, ""top"": [{""feature"": ""addr_token_overlap"", ""shap"": 1.3895729780197144, ""value"": 1.0, ""model_input"": 1.0}, {""feature"": ""name_semantic_max"", ""shap"": -1.2897453308105469, ""value"": 0.4848277270793915, ""model_input"": 0.4848277270793915}, {""feature"": ""street_number_diff"", ""shap"": 0.9739016890525818, ""value"": 0.0, ""model_input"": 0.0}, {""feature"": ""name_sim_max_pm_dirigeant"", ""shap"": 0.9104050993919373, ""value"": 0.5358345358345359, ""model_input"": 0.5358345358345359}, {""feature"": ""type_of_max_name"", ""shap"": 0.5624740719795227, ""value"": 4.0, ""model_input"": 4.0}, {""feature"": ""addr_jaro"", ""shap"": 0.531279981136322, ""value"": 1.0, ""model_input"": 1.0}, {""feature"": ""addr_levenshtein"", ""shap"": 0.49331191182136536, ""value"": 1.0, ""model_input"": 1.0}, {""feature"": ""name_token_overlap_max"", ""shap"": -0.3548273742198944, ""value"": 0.0, ""model_input"": 0.0}, {""feature"": ""name_levenshtein_max"", ""shap"": -0.33792412281036377, ""value"": 0.2727272727272727, ""model_input"": 0.2727272727272727}, {""feature"": ""name_semantic_second"", ""shap"": -0.30209001898765564, ""value"": 0.3791540861129761, ""model_input"": 0.3791540861129761}]}"
LTP Carreau Corbas,"4, rue du Carreau",69960,CORBAS,89096240000010,0.8592463135719299,S.P.R,4 RUE DU CARREAU,CORBAS,69960,69273,1,"{""bias"": 1.1616770029067993, ""margin"": 1.8090431690216064, ""prob_from_margin"": 0.8592461928211204, ""top"": [{""feature"": ""name_semantic_max"", ""shap"": -1.4419903755187988, ""value"": 0.5094090700149536, ""model_input"": 0.5094090700149536}, {""feature"": ""street_number_diff"", ""shap"": 1.2965940237045288, ""value"": 0.0, ""model_input"": 0.0}, {""feature"": ""type_of_max_name"", ""shap"": 0.8354204893112183, ""value"": 7.0, ""model_input"": 7.0}, {""feature"": ""name_sim_max_etab"", ""shap"": 0.7717628479003906, ""value"": 0.0, ""model_input"": 0.0}, {""feature"": ""addr_levenshtein"", ""shap"": 0.5731709599494934, ""value"": 0.9411764705882353, ""model_input"": 0.9411764705882353}, {""feature"": ""addr_token_overlap"", ""shap"": 0.5258828401565552, ""value"": 0.6, ""model_input"": 0.6}, {""feature"": ""name_addr_consistency"", ""shap"": -0.4493957757949829, ""value"": 0.5179679144385027, ""model_input"": 0.5179679144385027}, {""feature"": ""name_token_overlap_max"", ""shap"": -0.4039137661457062, ""value"": 0.0, ""model_input"": 0.0}, {""feature"": ""name_semantic_second"", ""shap"": -0.40114760398864746, ""value"": 0.0, ""model_input"": 0.0}, {""feature"": ""name_sim_max_pm_dirigeant"", ""shap"": -0.3813416063785553, ""value"": 0.0, ""model_input"": 0.0}]}"
LTP Carreau Corbas,"4, rue du Carreau",69960,CORBAS,83144406200051,0.8288626670837402,H2O DETECTION,4 RUE DU CARREAU,CORBAS,69960,69273,2,"{""bias"": 1.1616770029067993, ""margin"": 1.577589511871338, ""prob_from_margin"": 0.8288628631254422, ""top"": [{""feature"": ""name_semantic_max"", ""shap"": -2.8649253845214844, ""value"": 0.3047741651535034, ""model_input"": 0.3047741651535034}, {""feature"": ""street_number_diff"", ""shap"": 1.0892685651779175, ""value"": 0.0, ""model_input"": 0.0}, {""feature"": ""addr_token_overlap"", ""shap"": 0.8427448272705078, ""value"": 0.6, ""model_input"": 0.6}, {""feature"": ""name_sim_max_etab"", ""shap"": 0.7825074195861816, ""value"": 0.0, ""model_input"": 0.0}, {""feature"": ""addr_levenshtein"", ""shap"": 0.7173743844032288, ""value"": 0.9411764705882353, ""model_input"": 0.9411764705882353}, {""feature"": ""type_of_max_name"", ""shap"": 0.6016871333122253, ""value"": 7.0, ""model_input"": 7.0}, {""feature"": ""addr_jaro"", ""shap"": 0.5861024856567383, ""value"": 0.9823529411764707, ""model_input"": 0.9823529411764707}, {""feature"": ""name_levenshtein_max"", ""shap"": 0.4871031641960144, ""value"": 0.07692307692307687, ""model_input"": 0.07692307692307687}, {""feature"": ""name_addr_consistency"", ""shap"": 0.43473488092422485, ""value"": 0.3835527217880159, ""model_input"": 0.3835527217880159}, {""feature"": ""name_semantic_second"", ""shap"": -0.4249536693096161, ""value"": 0.0, ""model_input"": 0.0}]}"
LTP Carreau Corbas,"4, rue du Carreau",69960,CORBAS,44062776800052,0.4348691999912262,MB DIFFUSION,RUE DU CARREAU,CORBAS,69960,69273,3,"{""bias"": 1.1616770029067993, ""margin"": -0.26201188564300537, ""prob_from_margin"": 0.43486920661528555, ""top"": [{""feature"": ""name_semantic_max"", ""shap"": -1.70899498462677, ""value"": 0.47514408826828003, ""model_input"": 0.47514408826828003}, {""feature"": ""addr_token_overlap"", ""shap"": 1.4988237619400024, ""value"": 0.75, ""model_input"": 0.75}, {""feature"": ""name_sim_max_pm_dirigeant"", ""shap"": 0.8088870644569397, ""value"": 0.5151515151515151, ""model_input"": 0.5151515151515151}, {""feature"": ""name_count"", ""shap"": -0.515467643737793, ""value"": 4.0, ""model_input"": 4.0}, {""feature"": ""name_addr_consistency"", ""shap"": -0.5061589479446411, ""value"": 0.4770435446906035, ""model_input"": 0.4770435446906035}, {""feature"": ""type_of_max_name"", ""shap"": 0.45765742659568787, ""value"": 7.0, ""model_input"": 7.0}, {""feature"": ""name_token_overlap_max"", ""shap"": -0.4405633509159088, ""value"": 0.0, ""model_input"": 0.0}, {""feature"": ""name_semantic_second"", ""shap"": -0.3653705418109894, ""value"": 0.280161052942276, ""model_input"": 0.280161052942276}, {""feature"": ""addr_levenshtein"", ""shap"": 0.3295793831348419, ""value"": 0.8235294117647058, ""model_input"": 0.8235294117647058}, {""feature"": ""token_overlap_ul"", ""shap"": -0.3254181742668152, ""value"": 0.0, ""model_input"": 0.0}]}"
LTP Carreau Corbas,"4, rue du Carreau",69960,CORBAS,52820294800014,0.4189620018005371,CORBAS VOLLEY,62 RTE DE ST PRIEST,CORBAS,69960,69273,4,"{""bias"": 1.1616770029067993, ""margin"": -0.32703518867492676, ""prob_from_margin"": 0.4189621818024727, ""top"": [{""feature"": ""name_semantic_max"", ""shap"": -1.5360937118530273, ""value"": 0.49307650327682495, ""model_input"": 0.49307650327682495}, {""feature"": ""name_city_overlap_max"", ""shap"": 1.412987470626831, ""value"": 0.5, ""model_input"": 0.5}, {""feature"": ""name_sim_max_etab"", ""shap"": 0.6921846270561218, ""value"": 0.0, ""model_input"": 0.0}, {""feature"": ""name_semantic_second"", ""shap"": -0.5722827911376953, ""value"": 0.0, ""model_input"": 0.0}, {""feature"": ""type_of_max_name"", ""shap"": 0.5608440637588501, ""value"": 7.0, ""model_input"": 7.0}, {""feature"": ""name_jaro_gap"", ""shap"": -0.44749993085861206, ""value"": 0.5463869463869464, ""model_input"": 0.5463869463869464}, {""feature"": ""is_siege"", ""shap"": 0.4276864528656006, ""value"": 1.0, ""model_input"": 1.0}, {""feature"": ""street_number_diff"", ""shap"": -0.4154961407184601, ""value"": 58.0, ""model_input"": 58.0}, {""feature"": ""name_token_overlap_max"", ""shap"": -0.41405895352363586, ""value"": 0.0, ""model_input"": 0.0}, {""feature"": ""name_sim_max_pm_dirigeant"", ""shap"": -0.3948057293891907, ""value"": 0.0, ""model_input"": 0.0}]}"
LTP Carreau Corbas,"4, rue du Carreau",69960,CORBAS,92133268000013,0.3481431305408478,HDN,4 IMPASSE DU CHALET,CORBAS,69960,69273,5,"{""bias"": 1.1616770029067993, ""margin"": -0.627211332321167, ""prob_from_margin"": 0.34814312833119393, ""top"": [{""feature"": ""name_semantic_max"", ""shap"": -2.1576855182647705, ""value"": 0.47170019149780273, ""model_input"": 0.47170019149780273}, {""feature"": ""type_of_max_name"", ""shap"": 0.7040169835090637, ""value"": 7.0, ""model_input"": 7.0}, {""feature"": ""street_number_diff"", ""shap"": 0.6484941840171814, ""value"": 0.0, ""model_input"": 0.0}, {""feature"": ""addr_levenshtein"", ""shap"": -0.5484296679496765, ""value"": 0.368421052631579, ""model_input"": 0.368421052631579}, {""feature"": ""name_token_overlap_max"", ""shap"": -0.4552466869354248, ""value"": 0.0, ""model_input"": 0.0}, {""feature"": ""name_sim_max_pm_dirigeant"", ""shap"": 0.4404788017272949, ""value"": 0.4718614718614718, ""model_input"": 0.4718614718614718}, {""feature"": ""name_addr_consistency"", ""shap"": 0.3871186077594757, ""value"": 0.328365070836222, ""model_input"": 0.328365070836222}, {""feature"": ""name_semantic_second"", ""shap"": -0.35591939091682434, ""value"": 0.3957766890525818, ""model_input"": 0.3957766890525818}, {""feature"": ""name_sim_max_etab"", ""shap"": 0.35186684131622314, ""value"": 0.4718614718614718, ""model_input"": 0.4718614718614718}, {""feature"": ""token_overlap_ul"", ""shap"": -0.3305501341819763, ""value"": 0.0, ""model_input"": 0.0}]}"
La Tresse du Boucher,4 impasse du Rhone,69960,CORBAS,42476102100023,0.9968366622924805,LA TRESSE DU BOUCHER,4 IMPASSE DU RHONE,CORBAS,69960,69273,1,"{""bias"": 1.1616770029067993, ""margin"": 5.752960681915283, ""prob_from_margin"": 0.9968366669004406, ""top"": [{""feature"": ""name_semantic_max"", ""shap"": 2.2744228839874268, ""value"": 0.8300439119338989, ""model_input"": 0.8300439119338989}, {""feature"": ""name_token_overlap_max"", ""shap"": 1.0141178369522095, ""value"": 1.0, ""model_input"": 1.0}, {""feature"": ""name_semantic_second"", ""shap"": 0.7725982069969177, ""value"": 0.6876791715621948, ""model_input"": 0.6876791715621948}, {""feature"": ""name_count"", ""shap"": -0.756483256816864, ""value"": 6.0, ""model_input"": 6.0}, {""feature"": ""addr_token_overlap"", ""shap"": 0.6217331886291504, ""value"": 1.0, ""model_input"": 1.0}, {""feature"": ""name_crm_contains_cand_max"", ""shap"": 0.6120189428329468, ""value"": 1.0, ""model_input"": 1.0}, {""feature"": ""street_number_diff"", ""shap"": 0.5362833142280579, ""value"": 0.0, ""model_input"": 0.0}, {""feature"": ""name_sim_max_etab"", ""shap"": -0.5206350684165955, ""value"": 1.0, ""model_input"": 1.0}, {""feature"": ""token_overlap_ul"", ""shap"": -0.4049108624458313, ""value"": 0.0, ""model_input"": 0.0}, {""feature"": ""addr_jaro"", ""shap"": 0.24916450679302216, ""value"": 1.0, ""model_input"": 1.0}]}"
La Tresse du Boucher,4 impasse du Rhone,69960,CORBAS,51809239000278,0.654373049736023,DIPENERGIE,IMPASSE DU RHONE,CORBAS,69960,69273,2,"{""bias"": 1.1616770029067993, ""margin"": 0.6383184194564819, ""prob_from_margin"": 0.6543732381708512, ""top"": [{""feature"": ""name_semantic_max"", ""shap"": -2.464627981185913, ""value"": 0.3787347376346588, ""model_input"": 0.3787347376346588}, {""feature"": ""addr_token_overlap"", ""shap"": 1.513168215751648, ""value"": 0.75, ""model_input"": 0.75}, {""feature"": ""name_sim_max_etab"", ""shap"": 0.7159502506256104, ""value"": 0.0, ""model_input"": 0.0}, {""feature"": ""name_token_overlap_max"", ""shap"": -0.42146140336990356, ""value"": 0.0, ""model_input"": 0.0}, {""feature"": ""name_semantic_second"", ""shap"": -0.4044930636882782, ""value"": 0.0, ""model_input"": 0.0}, {""feature"": ""name_sim_max_pm_dirigeant"", ""shap"": -0.3908626139163971, ""value"": 0.0, ""model_input"": 0.0}, {""feature"": ""name_addr_consistency"", ""shap"": 0.37738412618637085, ""value"": 0.38645833333333335, ""model_input"": 0.38645833333333335}, {""feature"": ""name_jaro_max"", ""shap"": 0.3579682409763336, ""value"": 0.45, ""model_input"": 0.45}, {""feature"": ""addr_levenshtein"", ""shap"": 0.3432524502277374, ""value"": 0.8888888888888888, ""model_input"": 0.8888888888888888}, {""feature"": ""type_of_max_name"", ""shap"": 0.3162930905818939, ""value"": 7.0, ""model_input"": 7.0}]}"
La Tresse du Boucher,4 impasse du Rhone,69960,CORBAS,48302368500033,0.6247835159301758,BOUCHERIE LA QUALITE,17 RUE DU VERCORS,CORBAS,69960,69273,3,"{""bias"": 1.1616770029067993, ""margin"": 0.5099009275436401, ""prob_from_margin"": 0.6247832492847603, ""top"": [{""feature"": ""name_semantic_max"", ""shap"": -1.4844812154769897, ""value"": 0.5198054313659668, ""model_input"": 0.5198054313659668}, {""feature"": ""name_sim_max_etab"", ""shap"": 0.9438624978065491, ""value"": 0.0, ""model_input"": 0.0}, {""feature"": ""type_of_max_name"", ""shap"": 0.7841377258300781, ""value"": 7.0, ""model_input"": 7.0}, {""feature"": ""token_overlap_ul"", ""shap"": 0.7017778754234314, ""value"": 0.5, ""model_input"": 0.5}, {""feature"": ""addr_levenshtein"", ""shap"": -0.4353647530078888, ""value"": 0.2777777777777778, ""model_input"": 0.2777777777777778}, {""feature"": ""name_sim_max_pm_dirigeant"", ""shap"": -0.35521116852760315, ""value"": 0.0, ""model_input"": 0.0}, {""feature"": ""name_count"", ""shap"": 0.3063279390335083, ""value"": 1.0, ""model_input"": 1.0}, {""feature"": ""name_semantic_second"", ""shap"": -0.2830450236797333, ""value"": 0.0, ""model_input"": 0.0}, {""feature"": ""street_number_diff"", ""shap"": -0.24778440594673157, ""value"": 13.0, ""model_input"": 13.0}, {""feature"": ""name_city_overlap_max"", ""shap"": -0.23465807735919952, ""value"": 0.0, ""model_input"": 0.0}]}"
La Tresse du Boucher,4 impasse du Rhone,69960,CORBAS,92236797400016,0.5874953866004944,INFINITY ODEM HOLDING,4 IMPASSE DU CHALET,CORBAS,69960,69273,4,"{""bias"": 1.1616770029067993, ""margin"": 0.3536207675933838, ""prob_from_margin"": 0.5874953293858032, ""top"": [{""feature"": ""name_semantic_max"", ""shap"": -2.769559621810913, ""value"": 0.35099807381629944, ""model_input"": 0.35099807381629944}, {""feature"": ""street_number_diff"", ""shap"": 0.8919247388839722, ""value"": 0.0, ""model_input"": 0.0}, {""feature"": ""addr_token_overlap"", ""shap"": 0.8003243207931519, ""value"": 0.6, ""model_input"": 0.6}, {""feature"": ""name_sim_max_etab"", ""shap"": 0.7484170794487, ""value"": 0.0, ""model_input"": 0.0}, {""feature"": ""type_of_max_name"", ""shap"": 0.7054299712181091, ""value"": 7.0, ""model_input"": 7.0}, {""feature"": ""addr_levenshtein"", ""shap"": 0.5479803085327148, ""value"": 0.7894736842105263, ""model_input"": 0.7894736842105263}, {""feature"": ""name_semantic_second"", ""shap"": -0.4450906217098236, ""value"": 0.0, ""model_input"": 0.0}, {""feature"": ""name_addr_consistency"", ""shap"": 0.43964770436286926, ""value"": 0.3867014759120022, ""model_input"": 0.3867014759120022}, {""feature"": ""name_token_overlap_max"", ""shap"": -0.3790418803691864, ""value"": 0.0, ""model_input"": 0.0}, {""feature"": ""name_sim_max_pm_dirigeant"", ""shap"": -0.3470836281776428, ""value"": 0.0, ""model_input"": 0.0}]}"
La Tresse du Boucher,4 impasse du Rhone,69960,CORBAS,91375396800019,0.5590559244155884,CDV INVEST,4 IMPASSE DU RHONE,CORBAS,69960,69273,5,"{""bias"": 1.1616770029067993, ""margin"": 0.23733073472976685, ""prob_from_margin"": 0.5590557463283967, ""top"": [{""feature"": ""name_semantic_max"", ""shap"": -3.100874662399292, ""value"": 0.321331262588501, ""model_input"": 0.321331262588501}, {""feature"": ""addr_token_overlap"", ""shap"": 1.13083815574646, ""value"": 1.0, ""model_input"": 1.0}, {""feature"": ""street_number_diff"", ""shap"": 1.0431627035140991, ""value"": 0.0, ""model_input"": 0.0}, {""feature"": ""addr_jaro"", ""shap"": 0.7894877195358276, ""value"": 1.0, ""model_input"": 1.0}, {""feature"": ""name_sim_max_etab"", ""shap"": 0.7290945649147034, ""value"": 0.37222222222222223, ""model_input"": 0.37222222222222223}, {""feature"": ""name_semantic_second"", ""shap"": -0.470664381980896, ""value"": 0.2811451554298401, ""model_input"": 0.2811451554298401}, {""feature"": ""addr_levenshtein"", ""shap"": 0.4673667252063751, ""value"": 1.0, ""model_input"": 1.0}, {""feature"": ""name_addr_consistency"", ""shap"": -0.4069975018501282, ""value"": 0.5166666666666667, ""model_input"": 0.5166666666666667}, {""feature"": ""name_token_overlap_max"", ""shap"": -0.3498438596725464, ""value"": 0.0, ""model_input"": 0.0}, {""feature"": ""name_count"", ""shap"": 0.29839107394218445, ""value"": 2.0, ""model_input"": 2.0}]}"
Lyon Select,69 Rue Marcel Merieux,69960,CORBAS,42414632200021,0.9996609687805176,EKVAL PRIMEURS,69 RUE MARCEL MERIEUX,CORBAS,69960,69273,1,"{""bias"": 1.1616770029067993, ""margin"": 7.988899230957031, ""prob_from_margin"": 0.9996609077557636, ""top"": [{""feature"": ""name_semantic_max"", ""shap"": 1.3233206272125244, ""value"": 0.7034887671470642, ""model_input"": 0.7034887671470642}, {""feature"": ""name_token_overlap_max"", ""shap"": 1.0089482069015503, ""value"": 1.0, ""model_input"": 1.0}, {""feature"": ""token_overlap_ul"", ""shap"": 0.9086622595787048, ""value"": 1.0, ""model_input"": 1.0}, {""feature"": ""name_sim_max_pm_dirigeant"", ""shap"": 0.8116148114204407, ""value"": 0.6454124579124579, ""model_input"": 0.6454124579124579}, {""feature"": ""name_crm_contains_cand_max"", ""shap"": 0.7142704129219055, ""value"": 1.0, ""model_input"": 1.0}, {""feature"": ""addr_token_overlap"", ""shap"": 0.7139745354652405, ""value"": 1.0, ""model_input"": 1.0}, {""feature"": ""name_sim_max_etab"", ""shap"": -0.5621908903121948, ""value"": 0.6454124579124579, ""model_input"": 0.6454124579124579}, {""feature"": ""street_number_diff"", ""shap"": 0.5128282308578491, ""value"": 0.0, ""model_input"": 0.0}, {""feature"": ""name_semantic_second"", ""shap"": 0.396860271692276, ""value"": 0.6720284223556519, ""model_input"": 0.6720284223556519}, {""feature"": ""is_siege"", ""shap"": 0.32284796237945557, ""value"": 1.0, ""model_input"": 1.0}]}"
Lyon Select,69 Rue Marcel Merieux,69960,CORBAS,80372802100012,0.9974773526191711,SELECT GROUP L,69 RUE MARCEL MERIEUX,CORBAS,69960,69273,2,"{""bias"": 1.1616770029067993, ""margin"": 5.979925155639648, ""prob_from_margin"": 0.9974773642174672, ""top"": [{""feature"": ""name_semantic_max"", ""shap"": 1.6386260986328125, ""value"": 0.7040632963180542, ""model_input"": 0.7040632963180542}, {""feature"": ""addr_token_overlap"", ""shap"": 0.8365209698677063, ""value"": 1.0, ""model_input"": 1.0}, {""feature"": ""street_number_diff"", ""shap"": 0.8128034472465515, ""value"": 0.0, ""model_input"": 0.0}, {""feature"": ""name_sim_max_etab"", ""shap"": 0.6038628220558167, ""value"": 0.3900543900543901, ""model_input"": 0.3900543900543901}, {""feature"": ""token_overlap_ul"", ""shap"": 0.4460563659667969, ""value"": 0.5, ""model_input"": 0.5}, {""feature"": ""addr_levenshtein"", ""shap"": 0.3390964865684509, ""value"": 1.0, ""model_input"": 1.0}, {""feature"": ""addr_jaro"", ""shap"": 0.3245042562484741, ""value"": 1.0, ""model_input"": 1.0}, {""feature"": ""name_addr_consistency"", ""shap"": -0.2550962567329407, ""value"": 0.6412337662337663, ""model_input"": 0.6412337662337663}, {""feature"": ""name_levenshtein_max"", ""shap"": 0.21021918952465057, ""value"": 0.1428571428571429, ""model_input"": 0.1428571428571429}, {""feature"": ""name_sim_max_pm_dirigeant"", ""shap"": 0.177704319357872, ""value"": 0.3900543900543901, ""model_input"": 0.3900543900543901}]}"
Lyon Select,69 Rue Marcel Merieux,69960,CORBAS,80369965100011,0.9939234852790833,SELECT GROUP T,69 RUE MARCEL MERIEUX,CORBAS,69960,69273,3,"{""bias"": 1.1616770029067993, ""margin"": 5.09722375869751, ""prob_from_margin"": 0.9939234540332292, ""top"": [{""feature"": ""name_semantic_max"", ""shap"": 1.1002695560455322, ""value"": 0.671099066734314, ""model_input"": 0.671099066734314}, {""feature"": ""addr_token_overlap"", ""shap"": 0.8714022636413574, ""value"": 1.0, ""model_input"": 1.0}, {""feature"": ""street_number_diff"", ""shap"": 0.7380247712135315, ""value"": 0.0, ""model_input"": 0.0}, {""feature"": ""name_sim_max_etab"", ""shap"": 0.5787585973739624, ""value"": 0.3900543900543901, ""model_input"": 0.3900543900543901}, {""feature"": ""token_overlap_ul"", ""shap"": 0.43282410502433777, ""value"": 0.5, ""model_input"": 0.5}, {""feature"": ""addr_levenshtein"", ""shap"": 0.3067333698272705, ""value"": 1.0, ""model_input"": 1.0}, {""feature"": ""addr_jaro"", ""shap"": 0.3008502721786499, ""value"": 1.0, ""model_input"": 1.0}, {""feature"": ""name_addr_consistency"", ""shap"": -0.2757183015346527, ""value"": 0.5692640692640693, ""model_input"": 0.5692640692640693}, {""feature"": ""type_of_max_name"", ""shap"": 0.21522602438926697, ""value"": 7.0, ""model_input"": 7.0}, {""feature"": ""name_token_overlap_max"", ""shap"": 0.1844751536846161, ""value"": 0.25, ""model_input"": 0.25}]}"
Lyon Select,69 Rue Marcel Merieux,69960,CORBAS,49852066700029,0.9840641021728516,LES MURIERS,69 RUE MARCEL MERIEUX,CORBAS,69960,69273,4,"{""bias"": 1.1616770029067993, ""margin"": 4.123118877410889, ""prob_from_margin"": 0.9840641355340931, ""top"": [{""feature"": ""addr_token_overlap"", ""shap"": 1.245468020439148, ""value"": 1.0, ""model_input"": 1.0}, {""feature"": ""name_semantic_max"", ""shap"": 1.0487638711929321, ""value"": 0.6720284223556519, ""model_input"": 0.6720284223556519}, {""feature"": ""name_semantic_second"", ""shap"": 1.0050667524337769, ""value"": 0.6712765097618103, ""model_input"": 0.6712765097618103}, {""feature"": ""street_number_diff"", ""shap"": 0.890339195728302, ""value"": 0.0, ""model_input"": 0.0}, {""feature"": ""name_sim_max_etab"", ""shap"": -0.6571645736694336, ""value"": 0.6454124579124579, ""model_input"": 0.6454124579124579}, {""feature"": ""name_sim_max_pm_dirigeant"", ""shap"": 0.5300868153572083, ""value"": 0.6454124579124579, ""model_input"": 0.6454124579124579}, {""feature"": ""name_sim_max_ul"", ""shap"": -0.40810737013816833, ""value"": 0.49242424242424243, ""model_input"": 0.49242424242424243}, {""feature"": ""addr_levenshtein"", ""shap"": 0.4015207886695862, ""value"": 1.0, ""model_input"": 1.0}, {""feature"": ""token_overlap_ul"", ""shap"": -0.31952032446861267, ""value"": 0.0, ""model_input"": 0.0}, {""feature"": ""addr_jaro"", ""shap"": 0.3150211274623871, ""value"": 1.0, ""model_input"": 1.0}]}"
Lyon Select,69 Rue Marcel Merieux,69960,CORBAS,44209549300049,0.9570713639259338,JABRI,69 RUE MARCEL MERIEUX,CORBAS,69960,69273,5,"{""bias"": 1.1616770029067993, ""margin"": 3.104341506958008, ""prob_from_margin"": 0.9570714731578073, ""top"": [{""feature"": ""name_semantic_max"", ""shap"": -3.374952793121338, ""value"": 0.19741207361221313, ""model_input"": 0.19741207361221313}, {""feature"": ""addr_token_overlap"", ""shap"": 1.1383053064346313, ""value"": 1.0, ""model_input"": 1.0}, {""feature"": ""street_number_diff"", ""shap"": 1.0529124736785889, ""value"": 0.0, ""model_input"": 0.0}, {""feature"": ""name_addr_consistency"", ""shap"": 1.0088530778884888, ""value"": 0.0, ""model_input"": 0.0}, {""feature"": ""addr_jaro"", ""shap"": 0.9795817732810974, ""value"": 1.0, ""model_input"": 1.0}, {""feature"": ""name_sim_max_etab"", ""shap"": 0.818616509437561, ""value"": 0.0, ""model_input"": 0.0}, {""feature"": ""addr_levenshtein"", ""shap"": 0.6370536088943481, ""value"": 1.0, ""model_input"": 1.0}, {""feature"": ""name_jaro_max"", ""shap"": 0.5348547697067261, ""value"": 0.0, ""model_input"": 0.0}, {""feature"": ""name_sim_max_ul"", ""shap"": -0.44454318284988403, ""value"": 0.0, ""model_input"": 0.0}, {""feature"": ""name_levenshtein_max"", ""shap"": 0.37444522976875305, ""value"": 0.0, ""model_input"": 0.0}]}"
MAHLE AFTERMARKET FRANCE SAS,2bis Rue de Catalogne,69150,DECINES-CHARPIEU,95850100900129,0.999786913394928,COFFI,6 RUE DE CATALOGNE,DECINES-CHARPIEU,69150,69275,1,"{""bias"": 1.1616770029067993, ""margin"": 8.453483581542969, ""prob_from_margin"": 0.9997868888538413, ""top"": [{""feature"": ""name_semantic_max"", ""shap"": 2.600473403930664, ""value"": 1.0, ""model_input"": 1.0}, {""feature"": ""name_token_overlap_max"", ""shap"": 1.4220503568649292, ""value"": 1.0, ""model_input"": 1.0}, {""feature"": ""token_overlap_ul"", ""shap"": 1.0844426155090332, ""value"": 1.0, ""model_input"": 1.0}, {""feature"": ""name_sim_max_pm_dirigeant"", ""shap"": 0.9299775958061218, ""value"": 0.5753968253968255, ""model_input"": 0.5753968253968255}, {""feature"": ""name_crm_contains_cand_max"", ""shap"": 0.6326930522918701, ""value"": 1.0, ""model_input"": 1.0}, {""feature"": ""street_number_diff"", ""shap"": -0.47934648394584656, ""value"": 4.0, ""model_input"": 4.0}, {""feature"": ""is_siege"", ""shap"": 0.41223010420799255, ""value"": 1.0, ""model_input"": 1.0}, {""feature"": ""name_sim_max_ul"", ""shap"": 0.3044520318508148, ""value"": 1.0, ""model_input"": 1.0}, {""feature"": ""addr_token_overlap"", ""shap"": 0.2715245187282562, ""value"": 0.6, ""model_input"": 0.6}, {""feature"": ""type_of_max_name"", ""shap"": 0.17158399522304535, ""value"": 7.0, ""model_input"": 7.0}]}"
MAHLE AFTERMARKET FRANCE SAS,2bis Rue de Catalogne,69150,DECINES-CHARPIEU,37920621200027,0.99775630235672,MAHLE FRANCE,6 RUE DE CATALOGNE,DECINES-CHARPIEU,69150,69275,2,"{""bias"": 1.1616770029067993, ""margin"": 6.097396373748779, ""prob_from_margin"": 0.9977563304557597, ""top"": [{""feature"": ""name_semantic_max"", ""shap"": 2.711186408996582, ""value"": 0.8186371326446533, ""model_input"": 0.8186371326446533}, {""feature"": ""name_token_overlap_max"", ""shap"": 1.3238760232925415, ""value"": 0.6666666666666666, ""model_input"": 0.6666666666666666}, {""feature"": ""name_sim_max_pm_dirigeant"", ""shap"": 1.209737777709961, ""value"": 0.5753968253968255, ""model_input"": 0.5753968253968255}, {""feature"": ""token_overlap_ul"", ""shap"": 0.984266459941864, ""value"": 0.6666666666666666, ""model_input"": 0.6666666666666666}, {""feature"": ""street_number_diff"", ""shap"": -0.5774879455566406, ""value"": 4.0, ""model_input"": 4.0}, {""feature"": ""addr_token_overlap"", ""shap"": 0.38845357298851013, ""value"": 0.6, ""model_input"": 0.6}, {""feature"": ""name_addr_consistency"", ""shap"": -0.34952855110168457, ""value"": 0.6272927689594355, ""model_input"": 0.6272927689594355}, {""feature"": ""name_sim_max_etab"", ""shap"": -0.26458603143692017, ""value"": 0.5753968253968255, ""model_input"": 0.5753968253968255}, {""feature"": ""type_of_max_name"", ""shap"": 0.20333033800125122, ""value"": 7.0, ""model_input"": 7.0}, {""feature"": ""name_count"", ""shap"": 0.18463285267353058, ""value"": 2.0, ""model_input"": 2.0}]}"
MAHLE AFTERMARKET FRANCE SAS,2bis Rue de Catalogne,69150,DECINES-CHARPIEU,49104276800029,0.8051408529281616,JMH IRIS FINANCE,2 RUE DE CATALOGNE,DECINES-CHARPIEU,69150,69275,3,"{""bias"": 1.1616770029067993, ""margin"": 1.4187400341033936, ""prob_from_margin"": 0.8051408175125979, ""top"": [{""feature"": ""name_semantic_max"", ""shap"": -2.1501200199127197, ""value"": 0.4551731050014496, ""model_input"": 0.4551731050014496}, {""feature"": ""street_number_diff"", ""shap"": 1.3234227895736694, ""value"": 0.0, ""model_input"": 0.0}, {""feature"": ""name_sim_max_etab"", ""shap"": 0.8020084500312805, ""value"": 0.0, ""model_input"": 0.0}, {""feature"": ""type_of_max_name"", ""shap"": 0.7790566682815552, ""value"": 7.0, ""model_input"": 7.0}, {""feature"": ""addr_token_overlap"", ""shap"": 0.6510037779808044, ""value"": 0.6, ""model_input"": 0.6}, {""feature"": ""name_jaro_gap"", ""shap"": 0.451428085565567, ""value"": 0.5805555555555556, ""model_input"": 0.5805555555555556}, {""feature"": ""name_sim_max_pm_dirigeant"", ""shap"": -0.40811124444007874, ""value"": 0.0, ""model_input"": 0.0}, {""feature"": ""name_token_overlap_max"", ""shap"": -0.3965843915939331, ""value"": 0.0, ""model_input"": 0.0}, {""feature"": ""addr_levenshtein"", ""shap"": 0.3868510127067566, ""value"": 0.8571428571428572, ""model_input"": 0.8571428571428572}, {""feature"": ""name_addr_consistency"", ""shap"": -0.3593013286590576, ""value"": 0.5556746031746033, ""model_input"": 0.5556746031746033}]}"
MAHLE AFTERMARKET FRANCE SAS,2bis Rue de Catalogne,69150,DECINES-CHARPIEU,95230141400043,0.8007032871246338,UPTEL,2 RUE DE CATALOGNE,DECINES-CHARPIEU,69150,69275,4,"{""bias"": 1.1616770029067993, ""margin"": 1.3906956911087036, ""prob_from_margin"": 0.8007032830486626, ""top"": [{""feature"": ""name_semantic_max"", ""shap"": -2.2275891304016113, ""value"": 0.4203563928604126, ""model_input"": 0.4203563928604126}, {""feature"": ""street_number_diff"", ""shap"": 1.414207100868225, ""value"": 0.0, ""model_input"": 0.0}, {""feature"": ""name_sim_max_etab"", ""shap"": 0.7230898141860962, ""value"": 0.0, ""model_input"": 0.0}, {""feature"": ""type_of_max_name"", ""shap"": 0.6931064128875732, ""value"": 7.0, ""model_input"": 7.0}, {""feature"": ""addr_token_overlap"", ""shap"": 0.5917417407035828, ""value"": 0.6, ""model_input"": 0.6}, {""feature"": ""addr_levenshtein"", ""shap"": 0.4978083670139313, ""value"": 0.8571428571428572, ""model_input"": 0.8571428571428572}, {""feature"": ""name_token_overlap_max"", ""shap"": -0.39390644431114197, ""value"": 0.0, ""model_input"": 0.0}, {""feature"": ""name_semantic_second"", ""shap"": -0.3709627389907837, ""value"": 0.0, ""model_input"": 0.0}, {""feature"": ""name_sim_max_pm_dirigeant"", ""shap"": -0.35474205017089844, ""value"": 0.0, ""model_input"": 0.0}, {""feature"": ""token_overlap_ul"", ""shap"": -0.27285701036453247, ""value"": 0.0, ""model_input"": 0.0}]}"
MAHLE AFTERMARKET FRANCE SAS,2bis Rue de Catalogne,69150,DECINES-CHARPIEU,21690275900010,0.7023956179618835,MAIRIE,PLACE ROGER SALENGRO,DECINES-CHARPIEU,69150,69275,5,"{""bias"": 1.1616770029067993, ""margin"": 0.8587312698364258, ""prob_from_margin"": 0.702395512114543, ""top"": [{""feature"": ""name_semantic_max"", ""shap"": -2.2500250339508057, ""value"": 0.3681137263774872, ""model_input"": 0.3681137263774872}, {""feature"": ""name_city_overlap_max"", ""shap"": 2.2155635356903076, ""value"": 0.5, ""model_input"": 0.5}, {""feature"": ""name_length_max"", ""shap"": 0.7107000350952148, ""value"": 6.0, ""model_input"": 6.0}, {""feature"": ""name_semantic_second"", ""shap"": -0.6913321018218994, ""value"": 0.2865173816680908, ""model_input"": 0.2865173816680908}, {""feature"": ""name_token_overlap_max"", ""shap"": -0.43270060420036316, ""value"": 0.0, ""model_input"": 0.0}, {""feature"": ""addr_levenshtein"", ""shap"": -0.4070664048194885, ""value"": 0.19047619047619047, ""model_input"": 0.19047619047619047}, {""feature"": ""street_number_diff"", ""shap"": 0.40151944756507874, ""value"": 9999.0, ""model_input"": 9999.0}, {""feature"": ""name_count"", ""shap"": 0.36207300424575806, ""value"": 2.0, ""model_input"": 2.0}, {""feature"": ""type_of_max_name"", ""shap"": 0.3597237169742584, ""value"": 1.0, ""model_input"": 1.0}, {""feature"": ""is_siege"", ""shap"": 0.3345455527305603, ""value"": 1.0, ""model_input"": 1.0}]}"
MAHLE BEHR FRANCE ROUFFACH S.A.S Site Décines - Aftermarket,6 Rue de Catalogne,69150,DECINES-CHARPIEU,95850100900129,0.997771143913269,COFFI,6 RUE DE CATALOGNE,DECINES-CHARPIEU,69150,69275,1,"{""bias"": 1.1616770029067993, ""margin"": 6.104027271270752, ""prob_from_margin"": 0.9977711257312197, ""top"": [{""feature"": ""name_semantic_max"", ""shap"": 1.7293412685394287, ""value"": 0.723681628704071, ""model_input"": 0.723681628704071}, {""feature"": ""name_sim_max_pm_dirigeant"", ""shap"": 0.9628602862358093, ""value"": 0.565968492660222, ""model_input"": 0.565968492660222}, {""feature"": ""addr_token_overlap"", ""shap"": 0.8111885786056519, ""value"": 1.0, ""model_input"": 1.0}, {""feature"": ""name_token_overlap_max"", ""shap"": 0.8062822222709656, ""value"": 0.42857142857142855, ""model_input"": 0.42857142857142855}, {""feature"": ""street_number_diff"", ""shap"": 0.6148654222488403, ""value"": 0.0, ""model_input"": 0.0}, {""feature"": ""token_overlap_ul"", ""shap"": 0.3514529764652252, ""value"": 0.42857142857142855, ""model_input"": 0.42857142857142855}, {""feature"": ""addr_jaro"", ""shap"": 0.23527845740318298, ""value"": 1.0, ""model_input"": 1.0}, {""feature"": ""name_addr_consistency"", ""shap"": -0.21696773171424866, ""value"": 0.6726190476190476, ""model_input"": 0.6726190476190476}, {""feature"": ""type_of_max_name"", ""shap"": 0.2125881314277649, ""value"": 7.0, ""model_input"": 7.0}, {""feature"": ""name_sim_max_etab"", ""shap"": -0.18253764510154724, ""value"": 0.565968492660222, ""model_input"": 0.565968492660222}]}"
MAHLE BEHR FRANCE ROUFFACH S.A.S Site Décines - Aftermarket,6 Rue de Catalogne,69150,DECINES-CHARPIEU,37920621200027,0.9948208332061768,MAHLE FRANCE,6 RUE DE CATALOGNE,DECINES-CHARPIEU,69150,69275,2,"{""bias"": 1.1616770029067993, ""margin"": 5.2579240798950195, ""prob_from_margin"": 0.9948208621560823, ""top"": [{""feature"": ""name_semantic_max"", ""shap"": 1.2016844749450684, ""value"": 0.6769633293151855, ""model_input"": 0.6769633293151855}, {""feature"": ""addr_token_overlap"", ""shap"": 1.028228998184204, ""value"": 1.0, ""model_input"": 1.0}, {""feature"": ""name_sim_max_pm_dirigeant"", ""shap"": 0.9542163610458374, ""value"": 0.565968492660222, ""model_input"": 0.565968492660222}, {""feature"": ""street_number_diff"", ""shap"": 0.6212331652641296, ""value"": 0.0, ""model_input"": 0.0}, {""feature"": ""name_token_overlap_max"", ""shap"": 0.5367928743362427, ""value"": 0.2857142857142857, ""model_input"": 0.2857142857142857}, {""feature"": ""token_overlap_ul"", ""shap"": 0.3935442864894867, ""value"": 0.2857142857142857, ""model_input"": 0.2857142857142857}, {""feature"": ""addr_jaro"", ""shap"": 0.36527448892593384, ""value"": 1.0, ""model_input"": 1.0}, {""feature"": ""addr_levenshtein"", ""shap"": 0.250203400850296, ""value"": 1.0, ""model_input"": 1.0}, {""feature"": ""type_of_max_name"", ""shap"": 0.23367585241794586, ""value"": 7.0, ""model_input"": 7.0}, {""feature"": ""name_count"", ""shap"": 0.22197023034095764, ""value"": 2.0, ""model_input"": 2.0}]}"
MAHLE BEHR FRANCE ROUFFACH S.A.S Site Décines - Aftermarket,6 Rue de Catalogne,69150,DECINES-CHARPIEU,89784621800013,0.5621641278266907,GRAND LARGE ASSURANCE & PRET,6 ALLEE HORIZON,DECINES-CHARPIEU,69150,69275,3,"{""bias"": 1.1616770029067993, ""margin"": 0.24994933605194092, ""prob_from_margin"": 0.562164030722135, ""top"": [{""feature"": ""name_semantic_max"", ""shap"": -2.0485355854034424, ""value"": 0.47332412004470825, ""model_input"": 0.47332412004470825}, {""feature"": ""name_sim_max_etab"", ""shap"": 0.9110458493232727, ""value"": 0.0, ""model_input"": 0.0}, {""feature"": ""type_of_max_name"", ""shap"": 0.8424544930458069, ""value"": 7.0, ""model_input"": 7.0}, {""feature"": ""street_number_diff"", ""shap"": 0.7753286361694336, ""value"": 0.0, ""model_input"": 0.0}, {""feature"": ""addr_levenshtein"", ""shap"": -0.49442002177238464, ""value"": 0.33333333333333337, ""model_input"": 0.33333333333333337}, {""feature"": ""name_token_overlap_max"", ""shap"": -0.42124220728874207, ""value"": 0.0, ""model_input"": 0.0}, {""feature"": ""name_semantic_second"", ""shap"": -0.41705456376075745, ""value"": 0.0, ""model_input"": 0.0}, {""feature"": ""name_sim_max_pm_dirigeant"", ""shap"": -0.37108105421066284, ""value"": 0.0, ""model_input"": 0.0}, {""feature"": ""name_length_max"", ""shap"": 0.3662457764148712, ""value"": 28.0, ""model_input"": 28.0}, {""feature"": ""token_overlap_ul"", ""shap"": -0.3615243434906006, ""value"": 0.0, ""model_input"": 0.0}]}"
MAHLE BEHR FRANCE ROUFFACH S.A.S Site Décines - Aftermarket,6 Rue de Catalogne,69150,DECINES-CHARPIEU,42952680900026,0.47250062227249146,S.C.I 3 AMT,6 RUE DE LOMBARDIE,DECINES-CHARPIEU,69150,69275,4,"{""bias"": 1.1616770029067993, ""margin"": -0.11010825634002686, ""prob_from_margin"": 0.47250071335471017, ""top"": [{""feature"": ""name_semantic_max"", ""shap"": -2.108301877975464, ""value"": 0.46843209862709045, ""model_input"": 0.46843209862709045}, {""feature"": ""type_of_max_name"", ""shap"": 0.6976036429405212, ""value"": 7.0, ""model_input"": 7.0}, {""feature"": ""name_addr_consistency"", ""shap"": 0.6713093519210815, ""value"": 0.3367610167610168, ""model_input"": 0.3367610167610168}, {""feature"": ""name_sim_max_etab"", ""shap"": 0.6611589789390564, ""value"": 0.0, ""model_input"": 0.0}, {""feature"": ""addr_token_overlap"", ""shap"": 0.5881814360618591, ""value"": 0.6, ""model_input"": 0.6}, {""feature"": ""street_number_diff"", ""shap"": 0.5479800701141357, ""value"": 0.0, ""model_input"": 0.0}, {""feature"": ""addr_levenshtein"", ""shap"": -0.5090534090995789, ""value"": 0.5555555555555556, ""model_input"": 0.5555555555555556}, {""feature"": ""name_token_overlap_max"", ""shap"": -0.40525421500205994, ""value"": 0.0, ""model_input"": 0.0}, {""feature"": ""name_length_max"", ""shap"": -0.3899109363555908, ""value"": 11.0, ""model_input"": 11.0}, {""feature"": ""name_sim_max_ul"", ""shap"": -0.37857866287231445, ""value"": 0.3855287569573284, ""model_input"": 0.3855287569573284}]}"
MAHLE BEHR FRANCE ROUFFACH S.A.S Site Décines - Aftermarket,6 Rue de Catalogne,69150,DECINES-CHARPIEU,39978192100065,0.3471437394618988,NICE FRANCE,RUE EMILE ZOLA,DECINES-CHARPIEU,69150,69275,5,"{""bias"": 1.1616770029067993, ""margin"": -0.6316182613372803, ""prob_from_margin"": 0.3471436925678478, ""top"": [{""feature"": ""name_semantic_max"", ""shap"": -2.039717435836792, ""value"": 0.47245919704437256, ""model_input"": 0.47245919704437256}, {""feature"": ""name_sim_max_pm_dirigeant"", ""shap"": 0.7855767607688904, ""value"": 0.5538548752834468, ""model_input"": 0.5538548752834468}, {""feature"": ""type_of_max_name"", ""shap"": 0.5078118443489075, ""value"": 4.0, ""model_input"": 4.0}, {""feature"": ""addr_token_overlap"", ""shap"": -0.4118741750717163, ""value"": 0.16666666666666666, ""model_input"": 0.16666666666666666}, {""feature"": ""street_number_diff"", ""shap"": 0.4093615412712097, ""value"": 9999.0, ""model_input"": 9999.0}, {""feature"": ""name_token_overlap_max"", ""shap"": -0.3623421788215637, ""value"": 0.125, ""model_input"": 0.125}, {""feature"": ""addr_jaro"", ""shap"": -0.3485707938671112, ""value"": 0.5661375661375662, ""model_input"": 0.5661375661375662}, {""feature"": ""name_count"", ""shap"": 0.3455122113227844, ""value"": 2.0, ""model_input"": 2.0}, {""feature"": ""token_overlap_ul"", ""shap"": 0.3180975019931793, ""value"": 0.14285714285714285, ""model_input"": 0.14285714285714285}, {""feature"": ""name_semantic_second"", ""shap"": -0.3053218126296997, ""value"": 0.3523443043231964, ""model_input"": 0.3523443043231964}]}"
MAIRIE DE CORBAS,1 place Charles Jocteur,69960,CORBAS,21690273400013,0.9996030926704407,MAIRIE,PL CHARLES JOCTEUR,CORBAS,69960,69273,1,"{""bias"": 1.1616770029067993, ""margin"": 7.831360340118408, ""prob_from_margin"": 0.9996030726717274, ""top"": [{""feature"": ""name_semantic_max"", ""shap"": 2.806817054748535, ""value"": 0.9480947256088257, ""model_input"": 0.9480947256088257}, {""feature"": ""name_token_overlap_max"", ""shap"": 1.157399296760559, ""value"": 0.5, ""model_input"": 0.5}, {""feature"": ""name_city_overlap_max"", ""shap"": 0.6861445307731628, ""value"": 0.3333333333333333, ""model_input"": 0.3333333333333333}, {""feature"": ""name_semantic_second"", ""shap"": 0.6800917983055115, ""value"": 0.7202868461608887, ""model_input"": 0.7202868461608887}, {""feature"": ""name_crm_contains_cand_max"", ""shap"": 0.6763043999671936, ""value"": 1.0, ""model_input"": 1.0}, {""feature"": ""is_siege"", ""shap"": 0.42776671051979065, ""value"": 1.0, ""model_input"": 1.0}, {""feature"": ""name_sim_max_etab"", ""shap"": -0.41614770889282227, ""value"": 0.9333333333333333, ""model_input"": 0.9333333333333333}, {""feature"": ""name_length_max"", ""shap"": 0.34288251399993896, ""value"": 6.0, ""model_input"": 6.0}, {""feature"": ""token_overlap_ul"", ""shap"": -0.21115843951702118, ""value"": 0.0, ""model_input"": 0.0}, {""feature"": ""name_addr_consistency"", ""shap"": 0.20390044152736664, ""value"": 0.7274288781535158, ""model_input"": 0.7274288781535158}]}"
MAIRIE DE CORBAS,1 place Charles Jocteur,69960,CORBAS,21690273400088,0.9437963366508484,MAISON DE SANTE,PL CHARLES JOCTEUR,CORBAS,69960,69273,2,"{""bias"": 1.1616770029067993, ""margin"": 2.8209290504455566, ""prob_from_margin"": 0.9437963680307442, ""top"": [{""feature"": ""name_semantic_max"", ""shap"": 1.9343715906143188, ""value"": 0.7202868461608887, ""model_input"": 0.7202868461608887}, {""feature"": ""name_semantic_second"", ""shap"": 0.7659839987754822, ""value"": 0.5950608253479004, ""model_input"": 0.5950608253479004}, {""feature"": ""name_sim_max_etab"", ""shap"": -0.561769962310791, ""value"": 0.7903703703703704, ""model_input"": 0.7903703703703704}, {""feature"": ""name_city_overlap_max"", ""shap"": 0.5312003493309021, ""value"": 0.3333333333333333, ""model_input"": 0.3333333333333333}, {""feature"": ""addr_token_overlap"", ""shap"": 0.394474059343338, ""value"": 0.4, ""model_input"": 0.4}, {""feature"": ""street_number_diff"", ""shap"": 0.2972909212112427, ""value"": 9999.0, ""model_input"": 9999.0}, {""feature"": ""name_token_overlap_max"", ""shap"": 0.29685109853744507, ""value"": 0.25, ""model_input"": 0.25}, {""feature"": ""addr_jaro"", ""shap"": -0.295308381319046, ""value"": 0.7793880837359097, ""model_input"": 0.7793880837359097}, {""feature"": ""is_siege"", ""shap"": -0.28924375772476196, ""value"": 0.0, ""model_input"": 0.0}, {""feature"": ""name_addr_consistency"", ""shap"": -0.2820151150226593, ""value"": 0.6160052484046042, ""model_input"": 0.6160052484046042}]}"
MAIRIE DE CORBAS,1 place Charles Jocteur,69960,CORBAS,52837424200014,0.839276909828186,SCC,PL CHARLES JOCTEUR,CORBAS,69960,69273,3,"{""bias"": 1.1616770029067993, ""margin"": 1.6528578996658325, ""prob_from_margin"": 0.8392769297320847, ""top"": [{""feature"": ""name_semantic_max"", ""shap"": -1.4504737854003906, ""value"": 0.49444833397865295, ""model_input"": 0.49444833397865295}, {""feature"": ""name_city_overlap_max"", ""shap"": 0.6346501111984253, ""value"": 0.25, ""model_input"": 0.25}, {""feature"": ""type_of_max_name"", ""shap"": 0.5808520913124084, ""value"": 7.0, ""model_input"": 7.0}, {""feature"": ""name_sim_max_etab"", ""shap"": 0.5509378910064697, ""value"": 0.0, ""model_input"": 0.0}, {""feature"": ""name_semantic_second"", ""shap"": -0.40953490138053894, ""value"": 0.3906342387199402, ""model_input"": 0.3906342387199402}, {""feature"": ""token_overlap_ul"", ""shap"": -0.4028783142566681, ""value"": 0.0, ""model_input"": 0.0}, {""feature"": ""name_sim_max_pm_dirigeant"", ""shap"": -0.3827775716781616, ""value"": 0.0, ""model_input"": 0.0}, {""feature"": ""is_siege"", ""shap"": 0.3014528453350067, ""value"": 1.0, ""model_input"": 1.0}, {""feature"": ""name_jaro_max"", ""shap"": 0.2941620647907257, ""value"": 0.46164021164021163, ""model_input"": 0.46164021164021163}, {""feature"": ""name_count"", ""shap"": 0.27865657210350037, ""value"": 2.0, ""model_input"": 2.0}]}"
MAIRIE DE CORBAS,1 place Charles Jocteur,69960,CORBAS,51909802400010,0.7822096347808838,CLUB DE CHIENS DE POLICE DE CORBAS,PL CHARLES JOCTEUR,CORBAS,69960,69273,4,"{""bias"": 1.1616770029067993, ""margin"": 1.2785896062850952, ""prob_from_margin"": 0.782209600571636, ""top"": [{""feature"": ""name_semantic_max"", ""shap"": -2.2930002212524414, ""value"": 0.4039887487888336, ""model_input"": 0.4039887487888336}, {""feature"": ""name_sim_max_etab"", ""shap"": 0.6875194907188416, ""value"": 0.0, ""model_input"": 0.0}, {""feature"": ""name_city_overlap_max"", ""shap"": 0.5567074418067932, ""value"": 0.2, ""model_input"": 0.2}, {""feature"": ""name_semantic_second"", ""shap"": -0.5206636786460876, ""value"": 0.0, ""model_input"": 0.0}, {""feature"": ""token_overlap_ul"", ""shap"": -0.4296177923679352, ""value"": 0.0, ""model_input"": 0.0}, {""feature"": ""name_addr_consistency"", ""shap"": 0.4186619520187378, ""value"": 0.3384140415872915, ""model_input"": 0.3384140415872915}, {""feature"": ""type_of_max_name"", ""shap"": 0.3893168270587921, ""value"": 7.0, ""model_input"": 7.0}, {""feature"": ""name_jaro_max"", ""shap"": 0.37250781059265137, ""value"": 0.43420479302832243, ""model_input"": 0.43420479302832243}, {""feature"": ""addr_levenshtein"", ""shap"": 0.3400097191333771, ""value"": 0.782608695652174, ""model_input"": 0.782608695652174}, {""feature"": ""name_sim_max_pm_dirigeant"", ""shap"": -0.31092172861099243, ""value"": 0.0, ""model_input"": 0.0}]}"
MAIRIE DE CORBAS,1 place Charles Jocteur,69960,CORBAS,26691041300019,0.6765391230583191,CCAS,PL CHARLES JOCTEUR,CORBAS,69960,69273,5,"{""bias"": 1.1616770029067993, ""margin"": 0.7379119396209717, ""prob_from_margin"": 0.6765390862782736, ""top"": [{""feature"": ""name_sim_max_etab"", ""shap"": 0.5908973217010498, ""value"": 0.0, ""model_input"": 0.0}, {""feature"": ""type_of_max_name"", ""shap"": 0.5860505104064941, ""value"": 7.0, ""model_input"": 7.0}, {""feature"": ""name_token_overlap_max"", ""shap"": -0.4833827018737793, ""value"": 0.0, ""model_input"": 0.0}, {""feature"": ""name_semantic_max"", ""shap"": -0.41441312432289124, ""value"": 0.5751969814300537, ""model_input"": 0.5751969814300537}, {""feature"": ""addr_token_overlap"", ""shap"": 0.4030133783817291, ""value"": 0.4, ""model_input"": 0.4}, {""feature"": ""name_sim_max_pm_dirigeant"", ""shap"": -0.3780136704444885, ""value"": 0.0, ""model_input"": 0.0}, {""feature"": ""token_overlap_ul"", ""shap"": -0.3749410808086395, ""value"": 0.0, ""model_input"": 0.0}, {""feature"": ""street_name_jaro"", ""shap"": -0.3624478578567505, ""value"": 0.873015873015873, ""model_input"": 0.873015873015873}, {""feature"": ""name_city_overlap_max"", ""shap"": -0.30795612931251526, ""value"": 0.0, ""model_input"": 0.0}, {""feature"": ""addr_levenshtein"", ""shap"": 0.2841164171695709, ""value"": 0.782608695652174, ""model_input"": 0.782608695652174}]}"
MASE RHONE ALPES,4 Avenue du 24 Août 1944,69960,CORBAS,48239538100023,0.9997935891151428,ASSOCIATION,4 AVENUE DU 24 AOUT 1944,CORBAS,69960,69273,1,"{""bias"": 1.1616770029067993, ""margin"": 8.485434532165527, ""prob_from_margin"": 0.9997935889449548, ""top"": [{""feature"": ""name_semantic_max"", ""shap"": 2.2979178428649902, ""value"": 1.0, ""model_input"": 1.0}, {""feature"": ""name_token_overlap_max"", ""shap"": 0.8673478364944458, ""value"": 1.0, ""model_input"": 1.0}, {""feature"": ""name_sim_max_etab"", ""shap"": 0.8518956899642944, ""value"": 0.0, ""model_input"": 0.0}, {""feature"": ""token_overlap_ul"", ""shap"": 0.8203868269920349, ""value"": 1.0, ""model_input"": 1.0}, {""feature"": ""name_crm_contains_cand_max"", ""shap"": 0.6554898023605347, ""value"": 1.0, ""model_input"": 1.0}, {""feature"": ""street_number_diff"", ""shap"": 0.5483654141426086, ""value"": 0.0, ""model_input"": 0.0}, {""feature"": ""is_siege"", ""shap"": 0.46332091093063354, ""value"": 1.0, ""model_input"": 1.0}, {""feature"": ""addr_token_overlap"", ""shap"": 0.44147056341171265, ""value"": 1.0, ""model_input"": 1.0}, {""feature"": ""name_semantic_second"", ""shap"": -0.41109219193458557, ""value"": 0.4018467366695404, ""model_input"": 0.4018467366695404}, {""feature"": ""name_sim_max_pm_dirigeant"", ""shap"": -0.3872879147529602, ""value"": 0.0, ""model_input"": 0.0}]}"
MASE RHONE ALPES,4 Avenue du 24 Août 1944,69960,CORBAS,50949159300034,0.9990547299385071,MASE,4 AVENUE DU 24 AOUT 1944,CORBAS,69960,69273,2,"{""bias"": 1.1616770029067993, ""margin"": 6.9631028175354, ""prob_from_margin"": 0.9990547381004409, ""top"": [{""feature"": ""name_semantic_max"", ""shap"": 2.379077196121216, ""value"": 0.7970954179763794, ""model_input"": 0.7970954179763794}, {""feature"": ""name_sim_max_etab"", ""shap"": 0.9209045767784119, ""value"": 0.0, ""model_input"": 0.0}, {""feature"": ""name_crm_contains_cand_max"", ""shap"": 0.629265546798706, ""value"": 1.0, ""model_input"": 1.0}, {""feature"": ""street_number_diff"", ""shap"": 0.6267634034156799, ""value"": 0.0, ""model_input"": 0.0}, {""feature"": ""addr_token_overlap"", ""shap"": 0.6039962768554688, ""value"": 1.0, ""model_input"": 1.0}, {""feature"": ""name_token_overlap_max"", ""shap"": 0.5825738906860352, ""value"": 0.3333333333333333, ""model_input"": 0.3333333333333333}, {""feature"": ""name_levenshtein_max"", ""shap"": -0.4292241632938385, ""value"": 0.25, ""model_input"": 0.25}, {""feature"": ""token_overlap_ul"", ""shap"": 0.3496786653995514, ""value"": 0.3333333333333333, ""model_input"": 0.3333333333333333}, {""feature"": ""name_length_max"", ""shap"": -0.3470546007156372, ""value"": 4.0, ""model_input"": 4.0}, {""feature"": ""name_sim_max_pm_dirigeant"", ""shap"": -0.3432849049568176, ""value"": 0.0, ""model_input"": 0.0}]}"
MASE RHONE ALPES,4 Avenue du 24 Août 1944,69960,CORBAS,90208475500013,0.9893325567245483,PRIMEVER RHONE ALPES,AVENUE DU 24 AOUT 1944,CORBAS,69960,69273,3,"{""bias"": 1.1616770029067993, ""margin"": 4.529829978942871, ""prob_from_margin"": 0.9893325131047604, ""top"": [{""feature"": ""name_semantic_max"", ""shap"": 1.6230789422988892, ""value"": 0.6963373422622681, ""model_input"": 0.6963373422622681}, {""feature"": ""name_sim_max_pm_dirigeant"", ""shap"": 1.1323373317718506, ""value"": 0.5648148148148148, ""model_input"": 0.5648148148148148}, {""feature"": ""name_token_overlap_max"", ""shap"": 1.08277428150177, ""value"": 0.5, ""model_input"": 0.5}, {""feature"": ""token_overlap_ul"", ""shap"": 0.8392033576965332, ""value"": 0.6666666666666666, ""model_input"": 0.6666666666666666}, {""feature"": ""addr_token_overlap"", ""shap"": 0.678704559803009, ""value"": 0.8333333333333334, ""model_input"": 0.8333333333333334}, {""feature"": ""name_addr_consistency"", ""shap"": -0.5685081481933594, ""value"": 0.5871963684463684, ""model_input"": 0.5871963684463684}, {""feature"": ""name_jaro_max"", ""shap"": -0.30819451808929443, ""value"": 0.7154761904761905, ""model_input"": 0.7154761904761905}, {""feature"": ""name_semantic_second"", ""shap"": -0.23349590599536896, ""value"": 0.43193376064300537, ""model_input"": 0.43193376064300537}, {""feature"": ""street_name_jaro"", ""shap"": -0.22332991659641266, ""value"": 1.0, ""model_input"": 1.0}, {""feature"": ""name_length_max"", ""shap"": -0.17978186905384064, ""value"": 20.0, ""model_input"": 20.0}]}"
MASE RHONE ALPES,4 Avenue du 24 Août 1944,69960,CORBAS,48101142700095,0.9852105975151062,PRIMEVER TRANSPORT RHONE ALPES,AVENUE DU 24 AOUT 1944,CORBAS,69960,69273,4,"{""bias"": 1.1616770029067993, ""margin"": 4.198941707611084, ""prob_from_margin"": 0.9852105561441661, ""top"": [{""feature"": ""name_semantic_max"", ""shap"": 1.5808054208755493, ""value"": 0.697030782699585, ""model_input"": 0.697030782699585}, {""feature"": ""name_token_overlap_max"", ""shap"": 1.117913842201233, ""value"": 0.5, ""model_input"": 0.5}, {""feature"": ""token_overlap_ul"", ""shap"": 0.8419636487960815, ""value"": 0.6666666666666666, ""model_input"": 0.6666666666666666}, {""feature"": ""addr_token_overlap"", ""shap"": 0.8388365507125854, ""value"": 0.8333333333333334, ""model_input"": 0.8333333333333334}, {""feature"": ""name_sim_max_pm_dirigeant"", ""shap"": 0.8024322390556335, ""value"": 0.7154761904761905, ""model_input"": 0.7154761904761905}, {""feature"": ""name_sim_max_etab"", ""shap"": -0.8015484809875488, ""value"": 0.7154761904761905, ""model_input"": 0.7154761904761905}, {""feature"": ""name_addr_consistency"", ""shap"": -0.5604045987129211, ""value"": 0.5904531425364759, ""model_input"": 0.5904531425364759}, {""feature"": ""name_semantic_second"", ""shap"": 0.43667522072792053, ""value"": 0.6963373422622681, ""model_input"": 0.6963373422622681}, {""feature"": ""name_jaro_max"", ""shap"": -0.22070367634296417, ""value"": 0.7194444444444444, ""model_input"": 0.7194444444444444}, {""feature"": ""addr_levenshtein"", ""shap"": 0.18119145929813385, ""value"": 0.9166666666666666, ""model_input"": 0.9166666666666666}]}"
MASE RHONE ALPES,4 Avenue du 24 Août 1944,69960,CORBAS,40917892800266,0.9843946695327759,PRODOMO,4 AVENUE DU 24 AOUT 1944,CORBAS,69960,69273,5,"{""bias"": 1.1616770029067993, ""margin"": 4.144415378570557, ""prob_from_margin"": 0.984394685317268, ""top"": [{""feature"": ""addr_token_overlap"", ""shap"": 1.236539363861084, ""value"": 1.0, ""model_input"": 1.0}, {""feature"": ""street_number_diff"", ""shap"": 1.1111658811569214, ""value"": 0.0, ""model_input"": 0.0}, {""feature"": ""name_sim_max_pm_dirigeant"", ""shap"": 0.8128100633621216, ""value"": 0.5527777777777777, ""model_input"": 0.5527777777777777}, {""feature"": ""addr_jaro"", ""shap"": 0.608657956123352, ""value"": 1.0, ""model_input"": 1.0}, {""feature"": ""addr_levenshtein"", ""shap"": 0.4104498624801636, ""value"": 1.0, ""model_input"": 1.0}, {""feature"": ""type_of_max_name"", ""shap"": 0.3666839897632599, ""value"": 4.0, ""model_input"": 4.0}, {""feature"": ""name_token_overlap_max"", ""shap"": -0.3048340678215027, ""value"": 0.0, ""model_input"": 0.0}, {""feature"": ""name_semantic_max"", ""shap"": 0.3043012022972107, ""value"": 0.5965791344642639, ""model_input"": 0.5965791344642639}, {""feature"": ""token_overlap_ul"", ""shap"": -0.2782260477542877, ""value"": 0.0, ""model_input"": 0.0}, {""feature"": ""name_addr_consistency"", ""shap"": -0.24759921431541443, ""value"": 0.5527777777777777, ""model_input"": 0.5527777777777777}]}"
MAUFFREY,11 avenue du 24-août-1944,69960,CORBAS,95750241200076,0.9993488192558289,MAUFFREY RHONE ALPES,11 AVENUE DU 24 AOUT 1944,CORBAS,69960,69273,1,"{""bias"": 1.1616770029067993, ""margin"": 7.335996150970459, ""prob_from_margin"": 0.9993487699463552, ""top"": [{""feature"": ""name_semantic_max"", ""shap"": 2.2452855110168457, ""value"": 0.892839252948761, ""model_input"": 0.892839252948761}, {""feature"": ""name_token_overlap_max"", ""shap"": 0.7717678546905518, ""value"": 0.5, ""model_input"": 0.5}, {""feature"": ""token_overlap_ul"", ""shap"": 0.6651496887207031, ""value"": 1.0, ""model_input"": 1.0}, {""feature"": ""addr_token_overlap"", ""shap"": 0.6204045414924622, ""value"": 1.0, ""model_input"": 1.0}, {""feature"": ""name_sim_max_etab"", ""shap"": 0.6042788028717041, ""value"": 0.40350877192982454, ""model_input"": 0.40350877192982454}, {""feature"": ""street_number_diff"", ""shap"": 0.592223048210144, ""value"": 0.0, ""model_input"": 0.0}, {""feature"": ""name_semantic_second"", ""shap"": 0.42428457736968994, ""value"": 0.7757675647735596, ""model_input"": 0.7757675647735596}, {""feature"": ""addr_jaro"", ""shap"": 0.2397998422384262, ""value"": 1.0, ""model_input"": 1.0}, {""feature"": ""name_sim_max_pm_dirigeant"", ""shap"": 0.2117031216621399, ""value"": 0.40350877192982454, ""model_input"": 0.40350877192982454}, {""feature"": ""addr_levenshtein"", ""shap"": 0.2110648900270462, ""value"": 1.0, ""model_input"": 1.0}]}"
MAUFFREY,11 avenue du 24-août-1944,69960,CORBAS,78979146400876,0.9710577726364136,CEVA LOGISTICS GROUND & RAIL FRANCE,11 AVENUE DU 24 AOUT 1944,CORBAS,69960,69273,2,"{""bias"": 1.1616770029067993, ""margin"": 3.513087749481201, ""prob_from_margin"": 0.9710578701029016, ""top"": [{""feature"": ""name_semantic_max"", ""shap"": -1.6153861284255981, ""value"": 0.45641061663627625, ""model_input"": 0.45641061663627625}, {""feature"": ""addr_token_overlap"", ""shap"": 1.399255633354187, ""value"": 1.0, ""model_input"": 1.0}, {""feature"": ""street_number_diff"", ""shap"": 1.1031955480575562, ""value"": 0.0, ""model_input"": 0.0}, {""feature"": ""addr_jaro"", ""shap"": 0.7261634469032288, ""value"": 1.0, ""model_input"": 1.0}, {""feature"": ""name_sim_max_pm_dirigeant"", ""shap"": 0.5575517416000366, ""value"": 0.4868421052631579, ""model_input"": 0.4868421052631579}, {""feature"": ""addr_levenshtein"", ""shap"": 0.5306483507156372, ""value"": 1.0, ""model_input"": 1.0}, {""feature"": ""type_of_max_name"", ""shap"": 0.4374564290046692, ""value"": 4.0, ""model_input"": 4.0}, {""feature"": ""name_count"", ""shap"": 0.3862314820289612, ""value"": 2.0, ""model_input"": 2.0}, {""feature"": ""name_addr_consistency"", ""shap"": -0.36008164286613464, ""value"": 0.4868421052631579, ""model_input"": 0.4868421052631579}, {""feature"": ""name_sim_max_etab"", ""shap"": 0.30899778008461, ""value"": 0.4868421052631579, ""model_input"": 0.4868421052631579}]}"
MAUFFREY,11 avenue du 24-août-1944,69960,CORBAS,38521863101094,0.8542749881744385,POINT RELAIS,11 AVENUE DU 24 AOUT 1944,CORBAS,69960,69273,3,"{""bias"": 1.1616770029067993, ""margin"": 1.7685325145721436, ""prob_from_margin"": 0.8542750799841916, ""top"": [{""feature"": ""name_semantic_max"", ""shap"": -1.5842480659484863, ""value"": 0.4891965687274933, ""model_input"": 0.4891965687274933}, {""feature"": ""addr_token_overlap"", ""shap"": 1.4491499662399292, ""value"": 1.0, ""model_input"": 1.0}, {""feature"": ""street_number_diff"", ""shap"": 1.0563842058181763, ""value"": 0.0, ""model_input"": 0.0}, {""feature"": ""name_sim_max_etab"", ""shap"": 0.586442232131958, ""value"": 0.38095238095238093, ""model_input"": 0.38095238095238093}, {""feature"": ""addr_jaro"", ""shap"": 0.5317861437797546, ""value"": 1.0, ""model_input"": 1.0}, {""feature"": ""addr_levenshtein"", ""shap"": 0.42116791009902954, ""value"": 1.0, ""model_input"": 1.0}, {""feature"": ""type_of_max_name"", ""shap"": 0.4098575711250305, ""value"": 7.0, ""model_input"": 7.0}, {""feature"": ""name_token_overlap_max"", ""shap"": -0.38993215560913086, ""value"": 0.0, ""model_input"": 0.0}, {""feature"": ""name_semantic_second"", ""shap"": -0.28374889492988586, ""value"": 0.4091498851776123, ""model_input"": 0.4091498851776123}, {""feature"": ""token_overlap_ul"", ""shap"": -0.2564525604248047, ""value"": 0.0, ""model_input"": 0.0}]}"
MAUFFREY,11 avenue du 24-août-1944,69960,CORBAS,39102934500645,0.6904172301292419,COLIS PRIVE FRANCE,11 AVENUE DU 24 AOUT 1944,CORBAS,69960,69273,4,"{""bias"": 1.1616770029067993, ""margin"": 0.8020716905593872, ""prob_from_margin"": 0.6904174613250388, ""top"": [{""feature"": ""addr_token_overlap"", ""shap"": 1.244386076927185, ""value"": 1.0, ""model_input"": 1.0}, {""feature"": ""street_number_diff"", ""shap"": 1.2189656496047974, ""value"": 0.0, ""model_input"": 0.0}, {""feature"": ""name_count"", ""shap"": -0.8634835481643677, ""value"": 5.0, ""model_input"": 5.0}, {""feature"": ""name_semantic_max"", ""shap"": -0.7313936948776245, ""value"": 0.5529637336730957, ""model_input"": 0.5529637336730957}, {""feature"": ""name_sim_max_pm_dirigeant"", ""shap"": 0.7308340668678284, ""value"": 0.625, ""model_input"": 0.625}, {""feature"": ""name_sim_max_etab"", ""shap"": -0.6035893559455872, ""value"": 0.625, ""model_input"": 0.625}, {""feature"": ""addr_jaro"", ""shap"": 0.5459086298942566, ""value"": 1.0, ""model_input"": 1.0}, {""feature"": ""name_semantic_second"", ""shap"": -0.4748566150665283, ""value"": 0.41392630338668823, ""model_input"": 0.41392630338668823}, {""feature"": ""type_of_max_name"", ""shap"": 0.44582852721214294, ""value"": 4.0, ""model_input"": 4.0}, {""feature"": ""addr_levenshtein"", ""shap"": 0.4246057868003845, ""value"": 1.0, ""model_input"": 1.0}]}"
MAUFFREY,11 avenue du 24-août-1944,69960,CORBAS,37837810300055,0.6127755641937256,DE LA RUE DE BAYONNE,11 AVENUE DU 24 AOUT 1944,CORBAS,69960,69273,5,"{""bias"": 1.1616770029067993, ""margin"": 0.4589956998825073, ""prob_from_margin"": 0.6127759012117359, ""top"": [{""feature"": ""name_semantic_max"", ""shap"": -2.4942290782928467, ""value"": 0.3783428966999054, ""model_input"": 0.3783428966999054}, {""feature"": ""addr_token_overlap"", ""shap"": 1.1904758214950562, ""value"": 1.0, ""model_input"": 1.0}, {""feature"": ""street_number_diff"", ""shap"": 0.9479690790176392, ""value"": 0.0, ""model_input"": 0.0}, {""feature"": ""name_sim_max_etab"", ""shap"": 0.8027231097221375, ""value"": 0.31666666666666665, ""model_input"": 0.31666666666666665}, {""feature"": ""addr_jaro"", ""shap"": 0.6781537532806396, ""value"": 1.0, ""model_input"": 1.0}, {""feature"": ""addr_levenshtein"", ""shap"": 0.44596508145332336, ""value"": 1.0, ""model_input"": 1.0}, {""feature"": ""name_sim_max_pm_dirigeant"", ""shap"": -0.43304315209388733, ""value"": 0.31666666666666665, ""model_input"": 0.31666666666666665}, {""feature"": ""name_semantic_second"", ""shap"": -0.3485897481441498, ""value"": 0.36110466718673706, ""model_input"": 0.36110466718673706}, {""feature"": ""name_token_overlap_max"", ""shap"": -0.33003878593444824, ""value"": 0.0, ""model_input"": 0.0}, {""feature"": ""name_addr_consistency"", ""shap"": -0.3111564815044403, ""value"": 0.5583333333333333, ""model_input"": 0.5583333333333333}]}"
MC2A DECINES,"35 rue Emile Zola, Rez-de-chaussée",69150,DECINES CHARPIEU,92437886200305,0.998999297618866,MC2A,35 RUE EMILE ZOLA,DECINES-CHARPIEU,69150,69275,1,"{""bias"": 1.1616770029067993, ""margin"": 6.906056880950928, ""prob_from_margin"": 0.9989993025573434, ""top"": [{""feature"": ""name_semantic_max"", ""shap"": 2.6093413829803467, ""value"": 1.0, ""model_input"": 1.0}, {""feature"": ""name_sim_max_etab"", ""shap"": 1.1207305192947388, ""value"": 0.0, ""model_input"": 0.0}, {""feature"": ""name_token_overlap_max"", ""shap"": 1.0085080862045288, ""value"": 1.0, ""model_input"": 1.0}, {""feature"": ""token_overlap_ul"", ""shap"": 0.8871729969978333, ""value"": 1.0, ""model_input"": 1.0}, {""feature"": ""name_sim_max_pm_dirigeant"", ""shap"": -0.4732200801372528, ""value"": 0.0, ""model_input"": 0.0}, {""feature"": ""name_crm_contains_cand_max"", ""shap"": 0.4647355079650879, ""value"": 1.0, ""model_input"": 1.0}, {""feature"": ""is_siege"", ""shap"": -0.44324347376823425, ""value"": 0.0, ""model_input"": 0.0}, {""feature"": ""addr_levenshtein"", ""shap"": -0.3212149739265442, ""value"": 0.5, ""model_input"": 0.5}, {""feature"": ""name_semantic_second"", ""shap"": -0.31113770604133606, ""value"": 0.0, ""model_input"": 0.0}, {""feature"": ""name_addr_consistency"", ""shap"": 0.29614388942718506, ""value"": 0.9, ""model_input"": 0.9}]}"
MC2A DECINES,"35 rue Emile Zola, Rez-de-chaussée",69150,DECINES CHARPIEU,82106729500039,0.3792565166950226,NH EXPERTISE ET CONSEILS,23 RUE GAMBETTA,DECINES-CHARPIEU,69150,69275,2,"{""bias"": 1.1616770029067993, ""margin"": -0.49270498752593994, ""prob_from_margin"": 0.3792565490690949, ""top"": [{""feature"": ""name_semantic_max"", ""shap"": -1.255488395690918, ""value"": 0.4997498393058777, ""model_input"": 0.4997498393058777}, {""feature"": ""name_sim_max_ul"", ""shap"": -1.0342179536819458, ""value"": 0.0, ""model_input"": 0.0}, {""feature"": ""type_of_max_name"", ""shap"": 0.845748782157898, ""value"": 7.0, ""model_input"": 7.0}, {""feature"": ""name_sim_max_etab"", ""shap"": 0.8450848460197449, ""value"": 0.0, ""model_input"": 0.0}, {""feature"": ""name_jaro_max"", ""shap"": 0.6200175285339355, ""value"": 0.0, ""model_input"": 0.0}, {""feature"": ""addr_token_overlap"", ""shap"": -0.4426892399787903, ""value"": 0.1111111111111111, ""model_input"": 0.1111111111111111}, {""feature"": ""name_token_overlap_max"", ""shap"": -0.39633437991142273, ""value"": 0.0, ""model_input"": 0.0}, {""feature"": ""name_addr_consistency"", ""shap"": 0.39583805203437805, ""value"": 0.0, ""model_input"": 0.0}, {""feature"": ""token_overlap_ul"", ""shap"": -0.3930704593658447, ""value"": 0.0, ""model_input"": 0.0}, {""feature"": ""name_count"", ""shap"": 0.3775297999382019, ""value"": 1.0, ""model_input"": 1.0}]}"
MC2A DECINES,"35 rue Emile Zola, Rez-de-chaussée",69150,DECINES CHARPIEU,85062992400018,0.31492912769317627,S.L.I,89 RUE RASPAIL,DECINES CHARPIEU,69150,69275,3,"{""bias"": 1.1616770029067993, ""margin"": -0.7771743535995483, ""prob_from_margin"": 0.3149291968344789, ""top"": [{""feature"": ""name_semantic_max"", ""shap"": -2.1054418087005615, ""value"": 0.37999874353408813, ""model_input"": 0.37999874353408813}, {""feature"": ""name_jaro_max"", ""shap"": 0.7928312420845032, ""value"": 0.0, ""model_input"": 0.0}, {""feature"": ""name_addr_consistency"", ""shap"": 0.775038480758667, ""value"": 0.0, ""model_input"": 0.0}, {""feature"": ""name_sim_max_ul"", ""shap"": -0.6978394389152527, ""value"": 0.0, ""model_input"": 0.0}, {""feature"": ""name_sim_max_etab"", ""shap"": 0.6920111179351807, ""value"": 0.0, ""model_input"": 0.0}, {""feature"": ""street_number_diff"", ""shap"": -0.6313571333885193, ""value"": 54.0, ""model_input"": 54.0}, {""feature"": ""type_of_max_name"", ""shap"": 0.5042840242385864, ""value"": 5.0, ""model_input"": 5.0}, {""feature"": ""addr_jaro"", ""shap"": -0.454622358083725, ""value"": 0.5617802676626207, ""model_input"": 0.5617802676626207}, {""feature"": ""token_overlap_ul"", ""shap"": -0.3845284581184387, ""value"": 0.0, ""model_input"": 0.0}, {""feature"": ""name_token_overlap_max"", ""shap"": -0.37954822182655334, ""value"": 0.0, ""model_input"": 0.0}]}"
MC2A DECINES,"35 rue Emile Zola, Rez-de-chaussée",69150,DECINES CHARPIEU,49451274200011,0.30977916717529297,A S C,35 RUE ANTOINE LUMIERE,DECINES-CHARPIEU,69150,69275,4,"{""bias"": 1.1616770029067993, ""margin"": -0.8011513948440552, ""prob_from_margin"": 0.3097792782395263, ""top"": [{""feature"": ""name_semantic_max"", ""shap"": -1.5151116847991943, ""value"": 0.4969715476036072, ""model_input"": 0.4969715476036072}, {""feature"": ""addr_levenshtein"", ""shap"": -0.9355666637420654, ""value"": 0.3529411764705882, ""model_input"": 0.3529411764705882}, {""feature"": ""type_of_max_name"", ""shap"": 0.8713338971138, ""value"": 7.0, ""model_input"": 7.0}, {""feature"": ""name_sim_max_etab"", ""shap"": 0.6758269667625427, ""value"": 0.0, ""model_input"": 0.0}, {""feature"": ""name_jaro_max"", ""shap"": 0.5058675408363342, ""value"": 0.36000000000000004, ""model_input"": 0.36000000000000004}, {""feature"": ""street_number_diff"", ""shap"": 0.4460165202617645, ""value"": 0.0, ""model_input"": 0.0}, {""feature"": ""name_token_overlap_max"", ""shap"": -0.38455861806869507, ""value"": 0.0, ""model_input"": 0.0}, {""feature"": ""name_semantic_second"", ""shap"": -0.37890195846557617, ""value"": 0.3129314184188843, ""model_input"": 0.3129314184188843}, {""feature"": ""token_overlap_ul"", ""shap"": -0.370472252368927, ""value"": 0.0, ""model_input"": 0.0}, {""feature"": ""name_sim_max_pm_dirigeant"", ""shap"": -0.36494070291519165, ""value"": 0.0, ""model_input"": 0.0}]}"
MC2A DECINES,"35 rue Emile Zola, Rez-de-chaussée",69150,DECINES CHARPIEU,81879433100012,0.2599497437477112,DECINES OLYMPIQUE HANDISPORT,51 RUE DANTON,DECINES-CHARPIEU,69150,69275,5,"{""bias"": 1.1616770029067993, ""margin"": -1.0462292432785034, ""prob_from_margin"": 0.2599498467484945, ""top"": [{""feature"": ""name_semantic_max"", ""shap"": -2.533107280731201, ""value"": 0.37792325019836426, ""model_input"": 0.37792325019836426}, {""feature"": ""name_city_overlap_max"", ""shap"": 0.8124688863754272, ""value"": 0.25, ""model_input"": 0.25}, {""feature"": ""street_number_diff"", ""shap"": -0.803678572177887, ""value"": 16.0, ""model_input"": 16.0}, {""feature"": ""name_sim_max_etab"", ""shap"": 0.7062987089157104, ""value"": 0.0, ""model_input"": 0.0}, {""feature"": ""name_jaro_max"", ""shap"": 0.6478326320648193, ""value"": 0.35714285714285715, ""model_input"": 0.35714285714285715}, {""feature"": ""name_semantic_second"", ""shap"": -0.5476126670837402, ""value"": 0.0, ""model_input"": 0.0}, {""feature"": ""name_levenshtein_max"", ""shap"": 0.49000054597854614, ""value"": 0.0714285714285714, ""model_input"": 0.0714285714285714}, {""feature"": ""type_of_max_name"", ""shap"": 0.4852217733860016, ""value"": 7.0, ""model_input"": 7.0}, {""feature"": ""name_sim_max_ul"", ""shap"": -0.4439544975757599, ""value"": 0.35714285714285715, ""model_input"": 0.35714285714285715}, {""feature"": ""name_token_overlap_max"", ""shap"": -0.41958147287368774, ""value"": 0.0, ""model_input"": 0.0}]}"
MEDISTOCK,Zi du Carreau - Rue du Carreau,69960,CORBAS,42045590900036,0.9998030066490173,MEDISTOCK,RUE DU CARREAU,CORBAS,69960,69273,1,"{""bias"": 1.1616770029067993, ""margin"": 8.532172203063965, ""prob_from_margin"": 0.9998030122886646, ""top"": [{""feature"": ""name_semantic_max"", ""shap"": 2.4448490142822266, ""value"": 1.0, ""model_input"": 1.0}, {""feature"": ""name_token_overlap_max"", ""shap"": 1.192573070526123, ""value"": 1.0, ""model_input"": 1.0}, {""feature"": ""token_overlap_ul"", ""shap"": 1.0233094692230225, ""value"": 1.0, ""model_input"": 1.0}, {""feature"": ""name_crm_contains_cand_max"", ""shap"": 0.6931171417236328, ""value"": 1.0, ""model_input"": 1.0}, {""feature"": ""addr_token_overlap"", ""shap"": 0.6074969172477722, ""value"": 0.75, ""model_input"": 0.75}, {""feature"": ""name_sim_max_pm_dirigeant"", ""shap"": 0.6034827828407288, ""value"": 0.5185185185185185, ""model_input"": 0.5185185185185185}, {""feature"": ""is_siege"", ""shap"": 0.364113986492157, ""value"": 1.0, ""model_input"": 1.0}, {""feature"": ""street_number_diff"", ""shap"": 0.21004334092140198, ""value"": 9999.0, ""model_input"": 9999.0}, {""feature"": ""name_sim_max_ul"", ""shap"": 0.19096170365810394, ""value"": 1.0, ""model_input"": 1.0}, {""feature"": ""name_levenshtein_max"", ""shap"": 0.17999984323978424, ""value"": 1.0, ""model_input"": 1.0}]}"
MEDISTOCK,Zi du Carreau - Rue du Carreau,69960,CORBAS,88194102500010,0.9525220990180969,PRIMMO CORBAS NOUVELLE,4 RUE DU DAUPHINE,CORBAS,69960,69273,2,"{""bias"": 1.1616770029067993, ""margin"": 2.9988484382629395, ""prob_from_margin"": 0.9525220759882512, ""top"": [{""feature"": ""name_city_overlap_max"", ""shap"": 1.108209490776062, ""value"": 0.3333333333333333, ""model_input"": 0.3333333333333333}, {""feature"": ""name_semantic_max"", ""shap"": -0.9013616442680359, ""value"": 0.5451223850250244, ""model_input"": 0.5451223850250244}, {""feature"": ""type_of_max_name"", ""shap"": 0.5755535960197449, ""value"": 7.0, ""model_input"": 7.0}, {""feature"": ""name_token_overlap_max"", ""shap"": -0.4505556523799896, ""value"": 0.0, ""model_input"": 0.0}, {""feature"": ""is_siege"", ""shap"": 0.4016602039337158, ""value"": 1.0, ""model_input"": 1.0}, {""feature"": ""addr_levenshtein"", ""shap"": -0.3855520188808441, ""value"": 0.2857142857142857, ""model_input"": 0.2857142857142857}, {""feature"": ""name_sim_max_etab"", ""shap"": 0.321553111076355, ""value"": 0.4444444444444444, ""model_input"": 0.4444444444444444}, {""feature"": ""street_name_jaro"", ""shap"": 0.3172176778316498, ""value"": 0.603968253968254, ""model_input"": 0.603968253968254}, {""feature"": ""street_number_diff"", ""shap"": 0.3054863512516022, ""value"": 9999.0, ""model_input"": 9999.0}, {""feature"": ""token_overlap_ul"", ""shap"": -0.30129778385162354, ""value"": 0.0, ""model_input"": 0.0}]}"
MEDISTOCK,Zi du Carreau - Rue du Carreau,69960,CORBAS,78994691000013,0.9000632166862488,MACHEUROP,51 RUE DU CARREAU,CORBAS,69960,69273,3,"{""bias"": 1.1616770029067993, ""margin"": 2.1979267597198486, ""prob_from_margin"": 0.9000631786667519, ""top"": [{""feature"": ""name_sim_max_pm_dirigeant"", ""shap"": 0.9305618405342102, ""value"": 0.5353535353535354, ""model_input"": 0.5353535353535354}, {""feature"": ""addr_token_overlap"", ""shap"": 0.7727454304695129, ""value"": 0.6, ""model_input"": 0.6}, {""feature"": ""name_token_overlap_max"", ""shap"": -0.535646915435791, ""value"": 0.0, ""model_input"": 0.0}, {""feature"": ""type_of_max_name"", ""shap"": 0.4787403345108032, ""value"": 7.0, ""model_input"": 7.0}, {""feature"": ""street_number_diff"", ""shap"": 0.46981871128082275, ""value"": 9999.0, ""model_input"": 9999.0}, {""feature"": ""name_semantic_max"", ""shap"": 0.4411036968231201, ""value"": 0.6021953821182251, ""model_input"": 0.6021953821182251}, {""feature"": ""token_overlap_ul"", ""shap"": -0.38327112793922424, ""value"": 0.0, ""model_input"": 0.0}, {""feature"": ""addr_jaro"", ""shap"": -0.35843122005462646, ""value"": 0.672689075630252, ""model_input"": 0.672689075630252}, {""feature"": ""name_count"", ""shap"": 0.32983794808387756, ""value"": 2.0, ""model_input"": 2.0}, {""feature"": ""name_length_max"", ""shap"": -0.271194189786911, ""value"": 9.0, ""model_input"": 9.0}]}"
MEDISTOCK,Zi du Carreau - Rue du Carreau,69960,CORBAS,79427511500010,0.8328968286514282,PRIMMO CASTELNAUDARY,4 RUE DU DAUPHINE,CORBAS,69960,69273,4,"{""bias"": 1.1616770029067993, ""margin"": 1.6062989234924316, ""prob_from_margin"": 0.8328969063588602, ""top"": [{""feature"": ""name_semantic_max"", ""shap"": -1.213705062866211, ""value"": 0.5451223850250244, ""model_input"": 0.5451223850250244}, {""feature"": ""type_of_max_name"", ""shap"": 0.6068894267082214, ""value"": 7.0, ""model_input"": 7.0}, {""feature"": ""name_semantic_second"", ""shap"": 0.5477386713027954, ""value"": 0.5235185027122498, ""model_input"": 0.5235185027122498}, {""feature"": ""name_token_overlap_max"", ""shap"": -0.43627455830574036, ""value"": 0.0, ""model_input"": 0.0}, {""feature"": ""street_number_diff"", ""shap"": 0.40037497878074646, ""value"": 9999.0, ""model_input"": 9999.0}, {""feature"": ""addr_levenshtein"", ""shap"": -0.37471112608909607, ""value"": 0.2857142857142857, ""model_input"": 0.2857142857142857}, {""feature"": ""token_overlap_ul"", ""shap"": -0.3585534989833832, ""value"": 0.0, ""model_input"": 0.0}, {""feature"": ""street_name_jaro"", ""shap"": 0.32940518856048584, ""value"": 0.603968253968254, ""model_input"": 0.603968253968254}, {""feature"": ""name_city_overlap_max"", ""shap"": -0.327644407749176, ""value"": 0.0, ""model_input"": 0.0}, {""feature"": ""name_sim_max_etab"", ""shap"": 0.3243613541126251, ""value"": 0.42424242424242414, ""model_input"": 0.42424242424242414}]}"
MEDISTOCK,Zi du Carreau - Rue du Carreau,69960,CORBAS,98224718100018,0.7921873331069946,ATELIER DU COMPTOIR EN ETAIN,4 RUE DU MONT BLANC,CORBAS,69960,69273,5,"{""bias"": 1.1616770029067993, ""margin"": 1.338160514831543, ""prob_from_margin"": 0.7921872760193684, ""top"": [{""feature"": ""type_of_max_name"", ""shap"": 0.8245398998260498, ""value"": 7.0, ""model_input"": 7.0}, {""feature"": ""addr_levenshtein"", ""shap"": -0.5448811650276184, ""value"": 0.2142857142857143, ""model_input"": 0.2142857142857143}, {""feature"": ""name_sim_max_etab"", ""shap"": 0.5031207799911499, ""value"": 0.40740740740740744, ""model_input"": 0.40740740740740744}, {""feature"": ""name_token_overlap_max"", ""shap"": -0.4782196581363678, ""value"": 0.0, ""model_input"": 0.0}, {""feature"": ""token_overlap_ul"", ""shap"": -0.39650601148605347, ""value"": 0.0, ""model_input"": 0.0}, {""feature"": ""name_semantic_second"", ""shap"": -0.38030651211738586, ""value"": 0.3872217535972595, ""model_input"": 0.3872217535972595}, {""feature"": ""street_number_diff"", ""shap"": 0.33618852496147156, ""value"": 9999.0, ""model_input"": 9999.0}, {""feature"": ""name_city_overlap_max"", ""shap"": -0.2854453921318054, ""value"": 0.0, ""model_input"": 0.0}, {""feature"": ""name_addr_consistency"", ""shap"": 0.2756424844264984, ""value"": 0.3112812243451341, ""model_input"": 0.3112812243451341}, {""feature"": ""name_count"", ""shap"": 0.26678356528282166, ""value"": 2.0, ""model_input"": 2.0}]}"
MELEO,4 Rue des Allobroges,69960,CORBAS,30870001200021,0.9980539083480835,ENTREPRISE MELEO,4 RUE DES ALLOBROGES,CORBAS,69960,69273,1,"{""bias"": 1.1616770029067993, ""margin"": 6.2399582862854, ""prob_from_margin"": 0.998053857993775, ""top"": [{""feature"": ""name_semantic_max"", ""shap"": 2.4442906379699707, ""value"": 0.9468293190002441, ""model_input"": 0.9468293190002441}, {""feature"": ""name_sim_max_etab"", ""shap"": 1.0732959508895874, ""value"": 0.0, ""model_input"": 0.0}, {""feature"": ""token_overlap_ul"", ""shap"": 0.8754942417144775, ""value"": 1.0, ""model_input"": 1.0}, {""feature"": ""name_token_overlap_max"", ""shap"": 0.7576215267181396, ""value"": 0.5, ""model_input"": 0.5}, {""feature"": ""street_number_diff"", ""shap"": 0.5744350552558899, ""value"": 0.0, ""model_input"": 0.0}, {""feature"": ""addr_token_overlap"", ""shap"": 0.4944349229335785, ""value"": 1.0, ""model_input"": 1.0}, {""feature"": ""name_addr_consistency"", ""shap"": -0.4576689898967743, ""value"": 0.5083333333333333, ""model_input"": 0.5083333333333333}, {""feature"": ""name_sim_max_pm_dirigeant"", ""shap"": -0.3799896240234375, ""value"": 0.0, ""model_input"": 0.0}, {""feature"": ""name_semantic_second"", ""shap"": -0.2871888279914856, ""value"": 0.0, ""model_input"": 0.0}, {""feature"": ""addr_jaro"", ""shap"": 0.23517458140850067, ""value"": 1.0, ""model_input"": 1.0}]}"
MELEO,4 Rue des Allobroges,69960,CORBAS,49938790000016,0.9405794739723206,INDUSTRIE METALLERIE CORBASIENNE,4 RUE DES ALLOBROGES,CORBAS,69960,69273,2,"{""bias"": 1.1616770029067993, ""margin"": 2.7618560791015625, ""prob_from_margin"": 0.9405794546791101, ""top"": [{""feature"": ""name_semantic_max"", ""shap"": -1.4861639738082886, ""value"": 0.47562313079833984, ""model_input"": 0.47562313079833984}, {""feature"": ""addr_token_overlap"", ""shap"": 1.2566256523132324, ""value"": 1.0, ""model_input"": 1.0}, {""feature"": ""street_number_diff"", ""shap"": 0.903532087802887, ""value"": 0.0, ""model_input"": 0.0}, {""feature"": ""name_sim_max_etab"", ""shap"": 0.729487419128418, ""value"": 0.0, ""model_input"": 0.0}, {""feature"": ""addr_jaro"", ""shap"": 0.5883421301841736, ""value"": 1.0, ""model_input"": 1.0}, {""feature"": ""name_addr_consistency"", ""shap"": -0.5083484649658203, ""value"": 0.47500000000000003, ""model_input"": 0.47500000000000003}, {""feature"": ""type_of_max_name"", ""shap"": 0.499468058347702, ""value"": 7.0, ""model_input"": 7.0}, {""feature"": ""addr_levenshtein"", ""shap"": 0.4785916209220886, ""value"": 1.0, ""model_input"": 1.0}, {""feature"": ""name_semantic_second"", ""shap"": -0.3739256262779236, ""value"": 0.0, ""model_input"": 0.0}, {""feature"": ""name_token_overlap_max"", ""shap"": -0.33098965883255005, ""value"": 0.0, ""model_input"": 0.0}]}"
MELEO,4 Rue des Allobroges,69960,CORBAS,50357495600010,0.8074821829795837,PINZERE,4 RUE DES ALLOBROGES,CORBAS,69960,69273,3,"{""bias"": 1.1616770029067993, ""margin"": 1.4337321519851685, ""prob_from_margin"": 0.8074821622960797, ""top"": [{""feature"": ""name_semantic_max"", ""shap"": -2.393292188644409, ""value"": 0.36174914240837097, ""model_input"": 0.36174914240837097}, {""feature"": ""addr_token_overlap"", ""shap"": 1.2720056772232056, ""value"": 1.0, ""model_input"": 1.0}, {""feature"": ""street_number_diff"", ""shap"": 1.1198855638504028, ""value"": 0.0, ""model_input"": 0.0}, {""feature"": ""name_sim_max_etab"", ""shap"": 0.7279453277587891, ""value"": 0.0, ""model_input"": 0.0}, {""feature"": ""addr_jaro"", ""shap"": 0.7244938015937805, ""value"": 1.0, ""model_input"": 1.0}, {""feature"": ""addr_levenshtein"", ""shap"": 0.6115455627441406, ""value"": 1.0, ""model_input"": 1.0}, {""feature"": ""name_sim_max_pm_dirigeant"", ""shap"": -0.4431222379207611, ""value"": 0.0, ""model_input"": 0.0}, {""feature"": ""type_of_max_name"", ""shap"": 0.42744550108909607, ""value"": 7.0, ""model_input"": 7.0}, {""feature"": ""name_semantic_second"", ""shap"": -0.37571099400520325, ""value"": 0.0, ""model_input"": 0.0}, {""feature"": ""name_token_overlap_max"", ""shap"": -0.34945353865623474, ""value"": 0.0, ""model_input"": 0.0}]}"
MELEO,4 Rue des Allobroges,69960,CORBAS,88008402500019,0.6273123621940613,TUYAUTERIE DES ALLOBROGES,4 RUE DES ALLOBROGES,CORBAS,69960,69273,4,"{""bias"": 1.1616770029067993, ""margin"": 0.5207034349441528, ""prob_from_margin"": 0.6273122382127085, ""top"": [{""feature"": ""name_semantic_max"", ""shap"": -3.120253324508667, ""value"": 0.3263373374938965, ""model_input"": 0.3263373374938965}, {""feature"": ""addr_token_overlap"", ""shap"": 1.176356315612793, ""value"": 1.0, ""model_input"": 1.0}, {""feature"": ""street_number_diff"", ""shap"": 1.064135193824768, ""value"": 0.0, ""model_input"": 0.0}, {""feature"": ""name_sim_max_etab"", ""shap"": 0.778243362903595, ""value"": 0.0, ""model_input"": 0.0}, {""feature"": ""addr_jaro"", ""shap"": 0.7017167806625366, ""value"": 1.0, ""model_input"": 1.0}, {""feature"": ""name_addr_consistency"", ""shap"": -0.5374104976654053, ""value"": 0.49333333333333335, ""model_input"": 0.49333333333333335}, {""feature"": ""addr_levenshtein"", ""shap"": 0.5067582726478577, ""value"": 1.0, ""model_input"": 1.0}, {""feature"": ""name_semantic_second"", ""shap"": -0.4043945074081421, ""value"": 0.0, ""model_input"": 0.0}, {""feature"": ""name_sim_max_pm_dirigeant"", ""shap"": -0.38293638825416565, ""value"": 0.0, ""model_input"": 0.0}, {""feature"": ""type_of_max_name"", ""shap"": 0.3641943037509918, ""value"": 7.0, ""model_input"": 7.0}]}"
MELEO,4 Rue des Allobroges,69960,CORBAS,84357049000022,0.614233672618866,RORI CORBAS,69 RUE MARCEL MERIEUX,CORBAS,69960,69273,5,"{""bias"": 1.1616770029067993, ""margin"": 0.4651440382003784, ""prob_from_margin"": 0.6142337732829107, ""top"": [{""feature"": ""name_city_overlap_max"", ""shap"": 1.3166084289550781, ""value"": 0.5, ""model_input"": 0.5}, {""feature"": ""name_semantic_max"", ""shap"": -1.1883000135421753, ""value"": 0.4994848370552063, ""model_input"": 0.4994848370552063}, {""feature"": ""street_number_diff"", ""shap"": -0.6011754274368286, ""value"": 65.0, ""model_input"": 65.0}, {""feature"": ""type_of_max_name"", ""shap"": 0.565784752368927, ""value"": 4.0, ""model_input"": 4.0}, {""feature"": ""name_sim_max_pm_dirigeant"", ""shap"": 0.5173343420028687, ""value"": 0.5058823529411764, ""model_input"": 0.5058823529411764}, {""feature"": ""is_siege"", ""shap"": 0.5036665201187134, ""value"": 1.0, ""model_input"": 1.0}, {""feature"": ""name_sim_max_ul"", ""shap"": -0.47559159994125366, ""value"": 0.43030303030303035, ""model_input"": 0.43030303030303035}, {""feature"": ""name_token_overlap_max"", ""shap"": -0.40495535731315613, ""value"": 0.0, ""model_input"": 0.0}, {""feature"": ""addr_levenshtein"", ""shap"": -0.38056454062461853, ""value"": 0.33333333333333337, ""model_input"": 0.33333333333333337}, {""feature"": ""name_semantic_second"", ""shap"": -0.33661407232284546, ""value"": 0.36532697081565857, ""model_input"": 0.36532697081565857}]}"
MERGER,15 Avenue de Montmartin,69960,CORBAS,80931437000028,0.9996552467346191,MERGER,15 AVENUE DE MONTMARTIN,CORBAS,69960,69273,1,"{""bias"": 1.1616770029067993, ""margin"": 7.972274303436279, ""prob_from_margin"": 0.9996552252103371, ""top"": [{""feature"": ""name_semantic_max"", ""shap"": 2.4869678020477295, ""value"": 1.0, ""model_input"": 1.0}, {""feature"": ""name_token_overlap_max"", ""shap"": 1.0910298824310303, ""value"": 1.0, ""model_input"": 1.0}, {""feature"": ""token_overlap_ul"", ""shap"": 0.9175683856010437, ""value"": 1.0, ""model_input"": 1.0}, {""feature"": ""name_crm_contains_cand_max"", ""shap"": 0.6993129849433899, ""value"": 1.0, ""model_input"": 1.0}, {""feature"": ""name_sim_max_etab"", ""shap"": -0.6035405993461609, ""value"": 1.0, ""model_input"": 1.0}, {""feature"": ""addr_token_overlap"", ""shap"": 0.5480155348777771, ""value"": 1.0, ""model_input"": 1.0}, {""feature"": ""name_semantic_second"", ""shap"": 0.517798125743866, ""value"": 1.0, ""model_input"": 1.0}, {""feature"": ""street_number_diff"", ""shap"": 0.47714900970458984, ""value"": 0.0, ""model_input"": 0.0}, {""feature"": ""name_addr_consistency"", ""shap"": 0.3860745131969452, ""value"": 1.0, ""model_input"": 1.0}, {""feature"": ""type_of_max_name"", ""shap"": -0.35286566615104675, ""value"": 2.0, ""model_input"": 2.0}]}"
MERGER,15 Avenue de Montmartin,69960,CORBAS,80273964900027,0.9382767677307129,BLG GROUPE,15 AVENUE DE MONTMARTIN,CORBAS,69960,69273,2,"{""bias"": 1.1616770029067993, ""margin"": 2.7213876247406006, ""prob_from_margin"": 0.9382769445819161, ""top"": [{""feature"": ""name_semantic_max"", ""shap"": -2.313868284225464, ""value"": 0.3485918343067169, ""model_input"": 0.3485918343067169}, {""feature"": ""addr_token_overlap"", ""shap"": 1.2790498733520508, ""value"": 1.0, ""model_input"": 1.0}, {""feature"": ""addr_jaro"", ""shap"": 0.8719209432601929, ""value"": 1.0, ""model_input"": 1.0}, {""feature"": ""street_number_diff"", ""shap"": 0.8717091679573059, ""value"": 0.0, ""model_input"": 0.0}, {""feature"": ""name_addr_consistency"", ""shap"": 0.8322924375534058, ""value"": 0.3444444444444444, ""model_input"": 0.3444444444444444}, {""feature"": ""name_sim_max_etab"", ""shap"": 0.8025738596916199, ""value"": 0.0, ""model_input"": 0.0}, {""feature"": ""addr_levenshtein"", ""shap"": 0.6638714075088501, ""value"": 1.0, ""model_input"": 1.0}, {""feature"": ""name_jaro_max"", ""shap"": 0.49770587682724, ""value"": 0.3444444444444444, ""model_input"": 0.3444444444444444}, {""feature"": ""name_sim_max_pm_dirigeant"", ""shap"": -0.4387173354625702, ""value"": 0.0, ""model_input"": 0.0}, {""feature"": ""name_semantic_second"", ""shap"": -0.36052143573760986, ""value"": 0.0, ""model_input"": 0.0}]}"
MERGER,15 Avenue de Montmartin,69960,CORBAS,94259977000016,0.836835503578186,SPIRIT,15 AVENUE DE MONTMARTIN,CORBAS,69960,69273,3,"{""bias"": 1.1616770029067993, ""margin"": 1.634867787361145, ""prob_from_margin"": 0.8368353860954614, ""top"": [{""feature"": ""name_semantic_max"", ""shap"": -2.500274181365967, ""value"": 0.3485918343067169, ""model_input"": 0.3485918343067169}, {""feature"": ""street_number_diff"", ""shap"": 1.1200708150863647, ""value"": 0.0, ""model_input"": 0.0}, {""feature"": ""addr_token_overlap"", ""shap"": 1.110485553741455, ""value"": 1.0, ""model_input"": 1.0}, {""feature"": ""addr_jaro"", ""shap"": 0.727321207523346, ""value"": 1.0, ""model_input"": 1.0}, {""feature"": ""name_sim_max_etab"", ""shap"": 0.6949458122253418, ""value"": 0.3444444444444444, ""model_input"": 0.3444444444444444}, {""feature"": ""name_semantic_second"", ""shap"": -0.4817397892475128, ""value"": 0.23995882272720337, ""model_input"": 0.23995882272720337}, {""feature"": ""addr_levenshtein"", ""shap"": 0.4632890224456787, ""value"": 1.0, ""model_input"": 1.0}, {""feature"": ""name_token_overlap_max"", ""shap"": -0.345166951417923, ""value"": 0.0, ""model_input"": 0.0}, {""feature"": ""type_of_max_name"", ""shap"": 0.32508140802383423, ""value"": 7.0, ""model_input"": 7.0}, {""feature"": ""name_count"", ""shap"": 0.30516278743743896, ""value"": 2.0, ""model_input"": 2.0}]}"
MERGER,15 Avenue de Montmartin,69960,CORBAS,83124006400020,0.7337833046913147,RUE MEDIA,15 AVENUE DE MONTMARTIN,CORBAS,69960,69273,4,"{""bias"": 1.1616770029067993, ""margin"": 1.0139026641845703, ""prob_from_margin"": 0.7337832120059382, ""top"": [{""feature"": ""name_semantic_max"", ""shap"": -2.103977918624878, ""value"": 0.42017239332199097, ""model_input"": 0.42017239332199097}, {""feature"": ""addr_token_overlap"", ""shap"": 1.3088562488555908, ""value"": 1.0, ""model_input"": 1.0}, {""feature"": ""street_number_diff"", ""shap"": 1.2042893171310425, ""value"": 0.0, ""model_input"": 0.0}, {""feature"": ""name_sim_max_etab"", ""shap"": 0.7149282693862915, ""value"": 0.0, ""model_input"": 0.0}, {""feature"": ""addr_jaro"", ""shap"": 0.6508331894874573, ""value"": 1.0, ""model_input"": 1.0}, {""feature"": ""addr_levenshtein"", ""shap"": 0.5746731162071228, ""value"": 1.0, ""model_input"": 1.0}, {""feature"": ""type_of_max_name"", ""shap"": 0.4216989278793335, ""value"": 7.0, ""model_input"": 7.0}, {""feature"": ""name_sim_max_pm_dirigeant"", ""shap"": -0.41909030079841614, ""value"": 0.0, ""model_input"": 0.0}, {""feature"": ""name_addr_consistency"", ""shap"": -0.3918825685977936, ""value"": 0.5, ""model_input"": 0.5}, {""feature"": ""name_semantic_second"", ""shap"": -0.3850999176502228, ""value"": 0.0, ""model_input"": 0.0}]}"
MERGER,15 Avenue de Montmartin,69960,CORBAS,50288639300011,0.6658710837364197,LYCO,AVENUE DE MONTMARTIN,CORBAS,69960,69273,5,"{""bias"": 1.1616770029067993, ""margin"": 0.6895684003829956, ""prob_from_margin"": 0.6658709083915604, ""top"": [{""feature"": ""name_semantic_max"", ""shap"": -2.5797810554504395, ""value"": 0.3317655920982361, ""model_input"": 0.3317655920982361}, {""feature"": ""addr_token_overlap"", ""shap"": 0.9519380331039429, ""value"": 0.75, ""model_input"": 0.75}, {""feature"": ""name_addr_consistency"", ""shap"": 0.9364133477210999, ""value"": 0.0, ""model_input"": 0.0}, {""feature"": ""name_jaro_max"", ""shap"": 0.7236568927764893, ""value"": 0.0, ""model_input"": 0.0}, {""feature"": ""name_sim_max_etab"", ""shap"": 0.6994796395301819, ""value"": 0.0, ""model_input"": 0.0}, {""feature"": ""name_sim_max_ul"", ""shap"": -0.6152050495147705, ""value"": 0.0, ""model_input"": 0.0}, {""feature"": ""addr_levenshtein"", ""shap"": 0.4163704812526703, ""value"": 0.8695652173913043, ""model_input"": 0.8695652173913043}, {""feature"": ""name_semantic_second"", ""shap"": -0.3793112337589264, ""value"": 0.0, ""model_input"": 0.0}, {""feature"": ""name_token_overlap_max"", ""shap"": -0.35234859585762024, ""value"": 0.0, ""model_input"": 0.0}, {""feature"": ""token_overlap_ul"", ""shap"": -0.3414539098739624, ""value"": 0.0, ""model_input"": 0.0}]}"
METALDYNE-  AAM Powertrain Decines Manufacturing Facility,51 Rue Vaucanson,69150,DECINES CHARPIEU,41267067100020,0.9982743263244629,METALDYNE INTERNATIONAL FRANCE,51 RUE VAUCANSON,DECINES-CHARPIEU,69150,69275,1,"{""bias"": 1.1616770029067993, ""margin"": 6.360413074493408, ""prob_from_margin"": 0.9982743305806597, ""top"": [{""feature"": ""name_semantic_max"", ""shap"": 1.8895466327667236, ""value"": 0.722286581993103, ""model_input"": 0.722286581993103}, {""feature"": ""name_sim_max_pm_dirigeant"", ""shap"": 0.9110034704208374, ""value"": 0.5115714818962299, ""model_input"": 0.5115714818962299}, {""feature"": ""addr_token_overlap"", ""shap"": 0.8610767722129822, ""value"": 1.0, ""model_input"": 1.0}, {""feature"": ""street_number_diff"", ""shap"": 0.7947900295257568, ""value"": 0.0, ""model_input"": 0.0}, {""feature"": ""token_overlap_ul"", ""shap"": 0.3450044095516205, ""value"": 0.2, ""model_input"": 0.2}, {""feature"": ""addr_jaro"", ""shap"": 0.3052630126476288, ""value"": 1.0, ""model_input"": 1.0}, {""feature"": ""name_levenshtein_max"", ""shap"": -0.2729959189891815, ""value"": 0.3829787234042553, ""model_input"": 0.3829787234042553}, {""feature"": ""addr_levenshtein"", ""shap"": 0.2653307616710663, ""value"": 1.0, ""model_input"": 1.0}, {""feature"": ""name_addr_consistency"", ""shap"": 0.24063736200332642, ""value"": 0.8486727456940223, ""model_input"": 0.8486727456940223}, {""feature"": ""name_count"", ""shap"": 0.20550692081451416, ""value"": 2.0, ""model_input"": 2.0}]}"
METALDYNE-  AAM Powertrain Decines Manufacturing Facility,51 Rue Vaucanson,69150,DECINES CHARPIEU,38009882200022,0.38373836874961853,ACCESS,9 RUE VAUCANSON,DECINES-CHARPIEU,69150,69275,2,"{""bias"": 1.1616770029067993, ""margin"": -0.47370851039886475, ""prob_from_margin"": 0.38373886537045804, ""top"": [{""feature"": ""name_semantic_max"", ""shap"": -2.708070993423462, ""value"": 0.3383561968803406, ""model_input"": 0.3383561968803406}, {""feature"": ""street_number_diff"", ""shap"": -1.0709683895111084, ""value"": 42.0, ""model_input"": 42.0}, {""feature"": ""name_sim_max_etab"", ""shap"": 0.8166919350624084, ""value"": 0.0, ""model_input"": 0.0}, {""feature"": ""name_jaro_max"", ""shap"": 0.7948928475379944, ""value"": 0.2919621749408983, ""model_input"": 0.2919621749408983}, {""feature"": ""name_sim_max_ul"", ""shap"": -0.5749041438102722, ""value"": 0.2919621749408983, ""model_input"": 0.2919621749408983}, {""feature"": ""addr_token_overlap"", ""shap"": 0.5224505662918091, ""value"": 0.5, ""model_input"": 0.5}, {""feature"": ""name_levenshtein_max"", ""shap"": 0.5054377317428589, ""value"": 0.06382978723404253, ""model_input"": 0.06382978723404253}, {""feature"": ""addr_levenshtein"", ""shap"": 0.41978898644447327, ""value"": 0.875, ""model_input"": 0.875}, {""feature"": ""name_token_overlap_max"", ""shap"": -0.4023771584033966, ""value"": 0.0, ""model_input"": 0.0}, {""feature"": ""type_of_max_name"", ""shap"": 0.37236446142196655, ""value"": 7.0, ""model_input"": 7.0}]}"
METALDYNE-  AAM Powertrain Decines Manufacturing Facility,51 Rue Vaucanson,69150,DECINES CHARPIEU,45273624200028,0.3668476343154907,B.B.J.,7 RUE VAUCANSON,DECINES-CHARPIEU,69150,69275,3,"{""bias"": 1.1616770029067993, ""margin"": -0.5457636117935181, ""prob_from_margin"": 0.36684784079751903, ""top"": [{""feature"": ""name_semantic_max"", ""shap"": -2.866973876953125, ""value"": 0.3202529549598694, ""model_input"": 0.3202529549598694}, {""feature"": ""street_number_diff"", ""shap"": -1.0443346500396729, ""value"": 44.0, ""model_input"": 44.0}, {""feature"": ""name_addr_consistency"", ""shap"": 0.9225810766220093, ""value"": 0.0, ""model_input"": 0.0}, {""feature"": ""name_jaro_max"", ""shap"": 0.9077922105789185, ""value"": 0.0, ""model_input"": 0.0}, {""feature"": ""name_sim_max_etab"", ""shap"": 0.793389081954956, ""value"": 0.0, ""model_input"": 0.0}, {""feature"": ""name_sim_max_ul"", ""shap"": -0.5082412362098694, ""value"": 0.0, ""model_input"": 0.0}, {""feature"": ""addr_token_overlap"", ""shap"": 0.4689776301383972, ""value"": 0.5, ""model_input"": 0.5}, {""feature"": ""name_token_overlap_max"", ""shap"": -0.3945619761943817, ""value"": 0.0, ""model_input"": 0.0}, {""feature"": ""token_overlap_ul"", ""shap"": -0.360656201839447, ""value"": 0.0, ""model_input"": 0.0}, {""feature"": ""name_semantic_second"", ""shap"": -0.3076581656932831, ""value"": 0.0, ""model_input"": 0.0}]}"
METALDYNE-  AAM Powertrain Decines Manufacturing Facility,51 Rue Vaucanson,69150,DECINES CHARPIEU,92844206000010,0.3424994647502899,C'MOON,34 RUE VAUCANSON,DECINES-CHARPIEU,69150,69275,4,"{""bias"": 1.1616770029067993, ""margin"": -0.6521738767623901, ""prob_from_margin"": 0.3424998265078847, ""top"": [{""feature"": ""name_semantic_max"", ""shap"": -2.571739435195923, ""value"": 0.36190563440322876, ""model_input"": 0.36190563440322876}, {""feature"": ""street_number_diff"", ""shap"": -1.1107488870620728, ""value"": 17.0, ""model_input"": 17.0}, {""feature"": ""name_sim_max_etab"", ""shap"": 0.8116525411605835, ""value"": 0.0, ""model_input"": 0.0}, {""feature"": ""name_addr_consistency"", ""shap"": 0.6068655252456665, ""value"": 0.3759850275807722, ""model_input"": 0.3759850275807722}, {""feature"": ""addr_token_overlap"", ""shap"": 0.56186443567276, ""value"": 0.5, ""model_input"": 0.5}, {""feature"": ""name_levenshtein_max"", ""shap"": 0.5574795007705688, ""value"": 0.06382978723404253, ""model_input"": 0.06382978723404253}, {""feature"": ""name_sim_max_ul"", ""shap"": -0.4826779067516327, ""value"": 0.41016548463356967, ""model_input"": 0.41016548463356967}, {""feature"": ""addr_levenshtein"", ""shap"": 0.46330687403678894, ""value"": 0.875, ""model_input"": 0.875}, {""feature"": ""name_token_overlap_max"", ""shap"": -0.446728378534317, ""value"": 0.0, ""model_input"": 0.0}, {""feature"": ""type_of_max_name"", ""shap"": 0.40231069922447205, ""value"": 7.0, ""model_input"": 7.0}]}"
METALDYNE-  AAM Powertrain Decines Manufacturing Facility,51 Rue Vaucanson,69150,DECINES CHARPIEU,30365637500696,0.2715288996696472,PERNOD RICARD FRANCE,RUE VAUCANSON,DECINES-CHARPIEU,69150,69275,5,"{""bias"": 1.1616770029067993, ""margin"": -0.9868787527084351, ""prob_from_margin"": 0.271529023072316, ""top"": [{""feature"": ""name_semantic_max"", ""shap"": -2.3782143592834473, ""value"": 0.43136143684387207, ""model_input"": 0.43136143684387207}, {""feature"": ""name_sim_max_pm_dirigeant"", ""shap"": 0.7128757238388062, ""value"": 0.5042768106597894, ""model_input"": 0.5042768106597894}, {""feature"": ""addr_token_overlap"", ""shap"": 0.5652205944061279, ""value"": 0.6666666666666666, ""model_input"": 0.6666666666666666}, {""feature"": ""name_token_overlap_max"", ""shap"": -0.473728746175766, ""value"": 0.0, ""model_input"": 0.0}, {""feature"": ""type_of_max_name"", ""shap"": 0.46685662865638733, ""value"": 7.0, ""model_input"": 7.0}, {""feature"": ""name_addr_consistency"", ""shap"": -0.371075838804245, ""value"": 0.5143354607254796, ""model_input"": 0.5143354607254796}, {""feature"": ""token_overlap_ul"", ""shap"": -0.3095361888408661, ""value"": 0.0, ""model_input"": 0.0}, {""feature"": ""addr_levenshtein"", ""shap"": 0.26096832752227783, ""value"": 0.8125, ""model_input"": 0.8125}, {""feature"": ""street_number_diff"", ""shap"": 0.2205716222524643, ""value"": 9999.0, ""model_input"": 9999.0}, {""feature"": ""street_name_jaro"", ""shap"": -0.22008706629276276, ""value"": 1.0, ""model_input"": 1.0}]}"
Mecanhor,103 Avenue Franklin Roosevelt,69150,DECINES CHARPIEU,95751549700031,0.9998233914375305,MECANHOR,103 AVENUE FRANKLIN ROOSEVELT,DECINES-CHARPIEU,69150,69275,1,"{""bias"": 1.1616770029067993, ""margin"": 8.641080856323242, ""prob_from_margin"": 0.9998233353996931, ""top"": [{""feature"": ""name_semantic_max"", ""shap"": 2.1152894496917725, ""value"": 0.8701701760292053, ""model_input"": 0.8701701760292053}, {""feature"": ""token_overlap_ul"", ""shap"": 0.9514157176017761, ""value"": 1.0, ""model_input"": 1.0}, {""feature"": ""name_token_overlap_max"", ""shap"": 0.871385931968689, ""value"": 1.0, ""model_input"": 1.0}, {""feature"": ""name_crm_contains_cand_max"", ""shap"": 0.6107637882232666, ""value"": 1.0, ""model_input"": 1.0}, {""feature"": ""addr_token_overlap"", ""shap"": 0.5219951272010803, ""value"": 1.0, ""model_input"": 1.0}, {""feature"": ""street_number_diff"", ""shap"": 0.5218824148178101, ""value"": 0.0, ""model_input"": 0.0}, {""feature"": ""name_sim_max_etab"", ""shap"": 0.38230255246162415, ""value"": 0.4305555555555555, ""model_input"": 0.4305555555555555}, {""feature"": ""name_sim_max_pm_dirigeant"", ""shap"": 0.35053834319114685, ""value"": 0.4305555555555555, ""model_input"": 0.4305555555555555}, {""feature"": ""is_siege"", ""shap"": 0.29393139481544495, ""value"": 1.0, ""model_input"": 1.0}, {""feature"": ""addr_jaro"", ""shap"": 0.23893603682518005, ""value"": 1.0, ""model_input"": 1.0}]}"
Mecanhor,103 Avenue Franklin Roosevelt,69150,DECINES CHARPIEU,21690275900010,0.6929186582565308,MAIRIE,PLACE ROGER SALENGRO,DECINES-CHARPIEU,69150,69275,2,"{""bias"": 1.1616770029067993, ""margin"": 0.8137998580932617, ""prob_from_margin"": 0.6929186393948925, ""top"": [{""feature"": ""name_semantic_max"", ""shap"": -2.0558125972747803, ""value"": 0.4404684007167816, ""model_input"": 0.4404684007167816}, {""feature"": ""name_city_overlap_max"", ""shap"": 1.98124098777771, ""value"": 0.5, ""model_input"": 0.5}, {""feature"": ""name_length_max"", ""shap"": 0.9827111959457397, ""value"": 6.0, ""model_input"": 6.0}, {""feature"": ""is_siege"", ""shap"": 0.5139694809913635, ""value"": 1.0, ""model_input"": 1.0}, {""feature"": ""addr_levenshtein"", ""shap"": -0.42894288897514343, ""value"": 0.24137931034482762, ""model_input"": 0.24137931034482762}, {""feature"": ""name_sim_max_ul"", ""shap"": -0.41509419679641724, ""value"": 0.4700617283950617, ""model_input"": 0.4700617283950617}, {""feature"": ""name_token_overlap_max"", ""shap"": -0.40799200534820557, ""value"": 0.0, ""model_input"": 0.0}, {""feature"": ""name_semantic_second"", ""shap"": -0.4010853171348572, ""value"": 0.39112022519111633, ""model_input"": 0.39112022519111633}, {""feature"": ""street_number_diff"", ""shap"": 0.35449734330177307, ""value"": 9999.0, ""model_input"": 9999.0}, {""feature"": ""name_levenshtein_max"", ""shap"": -0.33705538511276245, ""value"": 0.25, ""model_input"": 0.25}]}"
Mecanhor,103 Avenue Franklin Roosevelt,69150,DECINES CHARPIEU,48107423500013,0.5118277668952942,TOUT L'IMMOBILIER LYON,151 AVENUE FRANKLIN ROOSEVELT,DECINES-CHARPIEU,69150,69275,3,"{""bias"": 1.1616770029067993, ""margin"": 0.047319650650024414, ""prob_from_margin"": 0.511827705744908, ""top"": [{""feature"": ""name_semantic_max"", ""shap"": -1.6102933883666992, ""value"": 0.5003877282142639, ""model_input"": 0.5003877282142639}, {""feature"": ""name_sim_max_etab"", ""shap"": 0.8034859299659729, ""value"": 0.0, ""model_input"": 0.0}, {""feature"": ""type_of_max_name"", ""shap"": 0.7827388048171997, ""value"": 7.0, ""model_input"": 7.0}, {""feature"": ""street_number_diff"", ""shap"": -0.7392127513885498, ""value"": 48.0, ""model_input"": 48.0}, {""feature"": ""name_sim_max_ul"", ""shap"": -0.5557928681373596, ""value"": 0.3926767676767677, ""model_input"": 0.3926767676767677}, {""feature"": ""addr_token_overlap"", ""shap"": 0.515570878982544, ""value"": 0.6, ""model_input"": 0.6}, {""feature"": ""name_token_overlap_max"", ""shap"": -0.41902849078178406, ""value"": 0.0, ""model_input"": 0.0}, {""feature"": ""name_sim_max_pm_dirigeant"", ""shap"": -0.37698936462402344, ""value"": 0.0, ""model_input"": 0.0}, {""feature"": ""token_overlap_ul"", ""shap"": -0.3544740378856659, ""value"": 0.0, ""model_input"": 0.0}, {""feature"": ""name_semantic_second"", ""shap"": -0.34070533514022827, ""value"": 0.0, ""model_input"": 0.0}]}"
Mecanhor,103 Avenue Franklin Roosevelt,69150,DECINES CHARPIEU,52237889200015,0.4589737057685852,PB3,133 AVENUE FRANKLIN ROOSEVELT,DECINES-CHARPIEU,69150,69275,4,"{""bias"": 1.1616770029067993, ""margin"": -0.16447579860687256, ""prob_from_margin"": 0.45897349707359486, ""top"": [{""feature"": ""name_semantic_max"", ""shap"": -2.412360429763794, ""value"": 0.3519194722175598, ""model_input"": 0.3519194722175598}, {""feature"": ""street_number_diff"", ""shap"": -1.3571823835372925, ""value"": 30.0, ""model_input"": 30.0}, {""feature"": ""name_addr_consistency"", ""shap"": 0.9027262926101685, ""value"": 0.0, ""model_input"": 0.0}, {""feature"": ""name_sim_max_etab"", ""shap"": 0.8914790749549866, ""value"": 0.0, ""model_input"": 0.0}, {""feature"": ""name_jaro_max"", ""shap"": 0.7213250398635864, ""value"": 0.0, ""model_input"": 0.0}, {""feature"": ""addr_levenshtein"", ""shap"": 0.6651750802993774, ""value"": 0.9655172413793104, ""model_input"": 0.9655172413793104}, {""feature"": ""addr_token_overlap"", ""shap"": 0.6537891030311584, ""value"": 0.6, ""model_input"": 0.6}, {""feature"": ""addr_jaro"", ""shap"": 0.5049231052398682, ""value"": 0.9793103448275864, ""model_input"": 0.9793103448275864}, {""feature"": ""name_sim_max_ul"", ""shap"": -0.4583393335342407, ""value"": 0.0, ""model_input"": 0.0}, {""feature"": ""name_token_overlap_max"", ""shap"": -0.4161321222782135, ""value"": 0.0, ""model_input"": 0.0}]}"
Mecanhor,103 Avenue Franklin Roosevelt,69150,DECINES CHARPIEU,44303932600022,0.43851643800735474,DITIB,127 AVENUE FRANKLIN ROOSEVELT,DECINES-CHARPIEU,69150,69275,5,"{""bias"": 1.1616770029067993, ""margin"": -0.2471855878829956, ""prob_from_margin"": 0.43851634264263195, ""top"": [{""feature"": ""name_semantic_max"", ""shap"": -2.395414352416992, ""value"": 0.36598747968673706, ""model_input"": 0.36598747968673706}, {""feature"": ""street_number_diff"", ""shap"": -1.354854702949524, ""value"": 24.0, ""model_input"": 24.0}, {""feature"": ""name_addr_consistency"", ""shap"": 0.957687497138977, ""value"": 0.0, ""model_input"": 0.0}, {""feature"": ""name_sim_max_etab"", ""shap"": 0.8432326316833496, ""value"": 0.0, ""model_input"": 0.0}, {""feature"": ""name_jaro_max"", ""shap"": 0.7977875471115112, ""value"": 0.0, ""model_input"": 0.0}, {""feature"": ""addr_token_overlap"", ""shap"": 0.5817737579345703, ""value"": 0.6, ""model_input"": 0.6}, {""feature"": ""name_sim_max_ul"", ""shap"": -0.5003401637077332, ""value"": 0.0, ""model_input"": 0.0}, {""feature"": ""name_token_overlap_max"", ""shap"": -0.40862101316452026, ""value"": 0.0, ""model_input"": 0.0}, {""feature"": ""token_overlap_ul"", ""shap"": -0.356413871049881, ""value"": 0.0, ""model_input"": 0.0}, {""feature"": ""type_of_max_name"", ""shap"": 0.3451235890388489, ""value"": 7.0, ""model_input"": 7.0}]}"
OLYMPIQUE LYONNAIS,10 Avenue Simone Veil,69150,DECINES CHARPIEU,38507188100093,0.9998016953468323,OLYMPIQUE LYONNAIS,10 AVENUE SIMONE VEIL,DECINES-CHARPIEU,69150,69275,1,"{""bias"": 1.1616770029067993, ""margin"": 8.525189399719238, ""prob_from_margin"": 0.9998016322223169, ""top"": [{""feature"": ""name_semantic_max"", ""shap"": 2.2435219287872314, ""value"": 1.0, ""model_input"": 1.0}, {""feature"": ""token_overlap_ul"", ""shap"": 0.9679691791534424, ""value"": 1.0, ""model_input"": 1.0}, {""feature"": ""name_token_overlap_max"", ""shap"": 0.9045555591583252, ""value"": 1.0, ""model_input"": 1.0}, {""feature"": ""name_crm_contains_cand_max"", ""shap"": 0.6932639479637146, ""value"": 1.0, ""model_input"": 1.0}, {""feature"": ""name_sim_max_pm_dirigeant"", ""shap"": 0.6237514615058899, ""value"": 0.5133442265795206, ""model_input"": 0.5133442265795206}, {""feature"": ""addr_token_overlap"", ""shap"": 0.5124592185020447, ""value"": 1.0, ""model_input"": 1.0}, {""feature"": ""street_number_diff"", ""shap"": 0.47394803166389465, ""value"": 0.0, ""model_input"": 0.0}, {""feature"": ""is_siege"", ""shap"": 0.3669767677783966, ""value"": 1.0, ""model_input"": 1.0}, {""feature"": ""name_addr_consistency"", ""shap"": 0.29607924818992615, ""value"": 1.0, ""model_input"": 1.0}, {""feature"": ""name_semantic_second"", ""shap"": -0.2837207615375519, ""value"": 0.415500283241272, ""model_input"": 0.415500283241272}]}"
OLYMPIQUE LYONNAIS,10 Avenue Simone Veil,69150,DECINES CHARPIEU,38507188100119,0.9994902610778809,OL STADE,10 AVENUE SIMONE VEIL,DECINES-CHARPIEU,69150,69275,2,"{""bias"": 1.1616770029067993, ""margin"": 7.581247329711914, ""prob_from_margin"": 0.9994903351089187, ""top"": [{""feature"": ""name_semantic_max"", ""shap"": 2.1737453937530518, ""value"": 1.0, ""model_input"": 1.0}, {""feature"": ""name_token_overlap_max"", ""shap"": 0.838541567325592, ""value"": 1.0, ""model_input"": 1.0}, {""feature"": ""token_overlap_ul"", ""shap"": 0.7785082459449768, ""value"": 1.0, ""model_input"": 1.0}, {""feature"": ""addr_token_overlap"", ""shap"": 0.6537899374961853, ""value"": 1.0, ""model_input"": 1.0}, {""feature"": ""name_crm_contains_cand_max"", ""shap"": 0.5764768123626709, ""value"": 1.0, ""model_input"": 1.0}, {""feature"": ""name_sim_max_pm_dirigeant"", ""shap"": 0.5707435607910156, ""value"": 0.5133442265795206, ""model_input"": 0.5133442265795206}, {""feature"": ""street_number_diff"", ""shap"": 0.5102806091308594, ""value"": 0.0, ""model_input"": 0.0}, {""feature"": ""is_siege"", ""shap"": -0.46546968817710876, ""value"": 0.0, ""model_input"": 0.0}, {""feature"": ""name_semantic_second"", ""shap"": 0.3707415759563446, ""value"": 0.6160933971405029, ""model_input"": 0.6160933971405029}, {""feature"": ""name_count"", ""shap"": -0.35246890783309937, ""value"": 5.0, ""model_input"": 5.0}]}"
OLYMPIQUE LYONNAIS,10 Avenue Simone Veil,69150,DECINES CHARPIEU,77984556900069,0.9991699457168579,OLYMPIQUE LYONNAIS SECTION FOOT BALL,10 AVENUE SIMONE VEIL,DECINES-CHARPIEU,69150,69275,3,"{""bias"": 1.1616770029067993, ""margin"": 7.093191146850586, ""prob_from_margin"": 0.9991699474484741, ""top"": [{""feature"": ""name_semantic_max"", ""shap"": 1.5664422512054443, ""value"": 0.7192989587783813, ""model_input"": 0.7192989587783813}, {""feature"": ""name_sim_max_etab"", ""shap"": 1.2343322038650513, ""value"": 0.0, ""model_input"": 0.0}, {""feature"": ""addr_token_overlap"", ""shap"": 0.7628405094146729, ""value"": 1.0, ""model_input"": 1.0}, {""feature"": ""token_overlap_ul"", ""shap"": 0.726102888584137, ""value"": 1.0, ""model_input"": 1.0}, {""feature"": ""street_number_diff"", ""shap"": 0.6329927444458008, ""value"": 0.0, ""model_input"": 0.0}, {""feature"": ""name_token_overlap_max"", ""shap"": 0.5807772874832153, ""value"": 0.4, ""model_input"": 0.4}, {""feature"": ""name_sim_max_pm_dirigeant"", ""shap"": -0.4686775803565979, ""value"": 0.0, ""model_input"": 0.0}, {""feature"": ""name_jaro_gap"", ""shap"": 0.46651768684387207, ""value"": 0.9, ""model_input"": 0.9}, {""feature"": ""name_addr_consistency"", ""shap"": 0.2928031384944916, ""value"": 0.9, ""model_input"": 0.9}, {""feature"": ""addr_levenshtein"", ""shap"": 0.2780499756336212, ""value"": 1.0, ""model_input"": 1.0}]}"
OLYMPIQUE LYONNAIS,10 Avenue Simone Veil,69150,DECINES CHARPIEU,95352154900014,0.9987396597862244,OL FEMININ,10 AVENUE SIMONE VEIL,DECINES-CHARPIEU,69150,69275,4,"{""bias"": 1.1616770029067993, ""margin"": 6.6751322746276855, ""prob_from_margin"": 0.9987396847422494, ""top"": [{""feature"": ""name_semantic_max"", ""shap"": 2.1258468627929688, ""value"": 0.788575291633606, ""model_input"": 0.788575291633606}, {""feature"": ""name_token_overlap_max"", ""shap"": 0.9480621218681335, ""value"": 0.6666666666666666, ""model_input"": 0.6666666666666666}, {""feature"": ""token_overlap_ul"", ""shap"": 0.8518879413604736, ""value"": 1.0, ""model_input"": 1.0}, {""feature"": ""name_sim_max_etab"", ""shap"": -0.70079106092453, ""value"": 0.6888888888888888, ""model_input"": 0.6888888888888888}, {""feature"": ""addr_token_overlap"", ""shap"": 0.5873628258705139, ""value"": 1.0, ""model_input"": 1.0}, {""feature"": ""street_number_diff"", ""shap"": 0.5124025940895081, ""value"": 0.0, ""model_input"": 0.0}, {""feature"": ""name_sim_max_pm_dirigeant"", ""shap"": 0.31544890999794006, ""value"": 0.47222222222222215, ""model_input"": 0.47222222222222215}, {""feature"": ""name_addr_consistency"", ""shap"": 0.26498153805732727, ""value"": 0.9384615384615385, ""model_input"": 0.9384615384615385}, {""feature"": ""is_siege"", ""shap"": 0.24725432693958282, ""value"": 1.0, ""model_input"": 1.0}, {""feature"": ""addr_jaro"", ""shap"": 0.2243906557559967, ""value"": 1.0, ""model_input"": 1.0}]}"
OLYMPIQUE LYONNAIS,10 Avenue Simone Veil,69150,DECINES CHARPIEU,38507188100085,0.9986513257026672,OL IMAGES,10 AVENUE SIMONE VEIL,DECINES-CHARPIEU,69150,69275,5,"{""bias"": 1.1616770029067993, ""margin"": 6.607262134552002, ""prob_from_margin"": 0.9986512968098076, ""top"": [{""feature"": ""name_semantic_max"", ""shap"": 2.369734525680542, ""value"": 1.0, ""model_input"": 1.0}, {""feature"": ""name_token_overlap_max"", ""shap"": 0.8770079016685486, ""value"": 1.0, ""model_input"": 1.0}, {""feature"": ""token_overlap_ul"", ""shap"": 0.7697484493255615, ""value"": 1.0, ""model_input"": 1.0}, {""feature"": ""addr_token_overlap"", ""shap"": 0.6465667486190796, ""value"": 1.0, ""model_input"": 1.0}, {""feature"": ""name_count"", ""shap"": -0.6373775005340576, ""value"": 6.0, ""model_input"": 6.0}, {""feature"": ""name_crm_contains_cand_max"", ""shap"": 0.5454748868942261, ""value"": 1.0, ""model_input"": 1.0}, {""feature"": ""name_sim_max_pm_dirigeant"", ""shap"": 0.5195031762123108, ""value"": 0.5133442265795206, ""model_input"": 0.5133442265795206}, {""feature"": ""is_siege"", ""shap"": -0.4766247570514679, ""value"": 0.0, ""model_input"": 0.0}, {""feature"": ""name_sim_max_etab"", ""shap"": -0.43017885088920593, ""value"": 0.6111111111111112, ""model_input"": 0.6111111111111112}, {""feature"": ""street_number_diff"", ""shap"": 0.39792925119400024, ""value"": 0.0, ""model_input"": 0.0}]}"
OREXAD BRAMMER SOL 69,33 Avenue Franklin Roosevelt,69150,DECINES CHARPIEU,31413618500035,0.9886038303375244,SOLYRO,33 AVENUE FRANKLIN ROOSEVELT,DECINES-CHARPIEU,69150,69275,1,"{""bias"": 1.1616770029067993, ""margin"": 4.463016033172607, ""prob_from_margin"": 0.9886038265320201, ""top"": [{""feature"": ""name_semantic_max"", ""shap"": 1.863625407218933, ""value"": 0.6872401237487793, ""model_input"": 0.6872401237487793}, {""feature"": ""street_number_diff"", ""shap"": 1.0830833911895752, ""value"": 0.0, ""model_input"": 0.0}, {""feature"": ""addr_token_overlap"", ""shap"": 1.0148375034332275, ""value"": 1.0, ""model_input"": 1.0}, {""feature"": ""name_semantic_second"", ""shap"": 0.6948009729385376, ""value"": 0.6872401237487793, ""model_input"": 0.6872401237487793}, {""feature"": ""addr_levenshtein"", ""shap"": 0.4244947135448456, ""value"": 1.0, ""model_input"": 1.0}, {""feature"": ""name_addr_consistency"", ""shap"": -0.3762001395225525, ""value"": 0.5293650793650794, ""model_input"": 0.5293650793650794}, {""feature"": ""name_semantic_gap"", ""shap"": -0.36455193161964417, ""value"": 0.0, ""model_input"": 0.0}, {""feature"": ""name_token_overlap_max"", ""shap"": -0.3285467028617859, ""value"": 0.0, ""model_input"": 0.0}, {""feature"": ""addr_jaro"", ""shap"": 0.32285255193710327, ""value"": 1.0, ""model_input"": 1.0}, {""feature"": ""name_count"", ""shap"": -0.31422901153564453, ""value"": 4.0, ""model_input"": 4.0}]}"
OREXAD BRAMMER SOL 69,33 Avenue Franklin Roosevelt,69150,DECINES CHARPIEU,39950094100030,0.9306326508522034,HYBELE,33 AVENUE FRANKLIN ROOSEVELT,DECINES-CHARPIEU,69150,69275,2,"{""bias"": 1.1616770029067993, ""margin"": 2.5964484214782715, ""prob_from_margin"": 0.9306326560364464, ""top"": [{""feature"": ""name_semantic_max"", ""shap"": -2.1462786197662354, ""value"": 0.3817219138145447, ""model_input"": 0.3817219138145447}, {""feature"": ""addr_token_overlap"", ""shap"": 1.2047882080078125, ""value"": 1.0, ""model_input"": 1.0}, {""feature"": ""street_number_diff"", ""shap"": 1.1169081926345825, ""value"": 0.0, ""model_input"": 0.0}, {""feature"": ""addr_jaro"", ""shap"": 0.7361968755722046, ""value"": 1.0, ""model_input"": 1.0}, {""feature"": ""name_sim_max_etab"", ""shap"": 0.7248828411102295, ""value"": 0.0, ""model_input"": 0.0}, {""feature"": ""addr_levenshtein"", ""shap"": 0.5782877206802368, ""value"": 1.0, ""model_input"": 1.0}, {""feature"": ""type_of_max_name"", ""shap"": 0.39991578459739685, ""value"": 7.0, ""model_input"": 7.0}, {""feature"": ""name_sim_max_pm_dirigeant"", ""shap"": -0.3886432945728302, ""value"": 0.0, ""model_input"": 0.0}, {""feature"": ""name_semantic_second"", ""shap"": -0.35968106985092163, ""value"": 0.0, ""model_input"": 0.0}, {""feature"": ""name_token_overlap_max"", ""shap"": -0.33912181854248047, ""value"": 0.0, ""model_input"": 0.0}]}"
OREXAD BRAMMER SOL 69,33 Avenue Franklin Roosevelt,69150,DECINES CHARPIEU,35395258300022,0.6680498719215393,NET SOL EXPANSION,17 RUE EMILE ZOLA,DECINES-CHARPIEU,69150,69275,3,"{""bias"": 1.1616770029067993, ""margin"": 0.6993778944015503, ""prob_from_margin"": 0.6680498289198123, ""top"": [{""feature"": ""name_semantic_max"", ""shap"": -1.4002618789672852, ""value"": 0.5417346358299255, ""model_input"": 0.5417346358299255}, {""feature"": ""name_sim_max_etab"", ""shap"": 0.8958897590637207, ""value"": 0.0, ""model_input"": 0.0}, {""feature"": ""token_overlap_ul"", ""shap"": 0.8089679479598999, ""value"": 0.3333333333333333, ""model_input"": 0.3333333333333333}, {""feature"": ""type_of_max_name"", ""shap"": 0.6151288747787476, ""value"": 7.0, ""model_input"": 7.0}, {""feature"": ""street_number_diff"", ""shap"": -0.5531356930732727, ""value"": 16.0, ""model_input"": 16.0}, {""feature"": ""name_addr_consistency"", ""shap"": 0.48573851585388184, ""value"": 0.3468265134107942, ""model_input"": 0.3468265134107942}, {""feature"": ""name_sim_max_pm_dirigeant"", ""shap"": -0.4403727948665619, ""value"": 0.0, ""model_input"": 0.0}, {""feature"": ""addr_levenshtein"", ""shap"": -0.412477970123291, ""value"": 0.2857142857142857, ""model_input"": 0.2857142857142857}, {""feature"": ""name_count"", ""shap"": 0.3272658586502075, ""value"": 1.0, ""model_input"": 1.0}, {""feature"": ""name_semantic_second"", ""shap"": -0.2554263770580292, ""value"": 0.0, ""model_input"": 0.0}]}"
OREXAD BRAMMER SOL 69,33 Avenue Franklin Roosevelt,69150,DECINES CHARPIEU,53257969500018,0.6190317869186401,HYBAT,33 AVENUE FRANKLIN ROOSEVELT,DECINES-CHARPIEU,69150,69275,4,"{""bias"": 1.1616770029067993, ""margin"": 0.48544347286224365, ""prob_from_margin"": 0.6190324450909775, ""top"": [{""feature"": ""name_semantic_max"", ""shap"": -4.175889492034912, ""value"": 0.1947275996208191, ""model_input"": 0.1947275996208191}, {""feature"": ""addr_token_overlap"", ""shap"": 1.1784226894378662, ""value"": 1.0, ""model_input"": 1.0}, {""feature"": ""addr_jaro"", ""shap"": 0.9368224740028381, ""value"": 1.0, ""model_input"": 1.0}, {""feature"": ""street_number_diff"", ""shap"": 0.8933678269386292, ""value"": 0.0, ""model_input"": 0.0}, {""feature"": ""name_sim_max_etab"", ""shap"": 0.7710744142532349, ""value"": 0.0, ""model_input"": 0.0}, {""feature"": ""addr_levenshtein"", ""shap"": 0.654950737953186, ""value"": 1.0, ""model_input"": 1.0}, {""feature"": ""name_addr_consistency"", ""shap"": 0.5771562457084656, ""value"": 0.33174603174603173, ""model_input"": 0.33174603174603173}, {""feature"": ""name_sim_max_pm_dirigeant"", ""shap"": -0.5084555745124817, ""value"": 0.0, ""model_input"": 0.0}, {""feature"": ""name_jaro_max"", ""shap"": 0.4791463017463684, ""value"": 0.33174603174603173, ""model_input"": 0.33174603174603173}, {""feature"": ""name_sim_max_ul"", ""shap"": -0.3794269561767578, ""value"": 0.33174603174603173, ""model_input"": 0.33174603174603173}]}"
OREXAD BRAMMER SOL 69,33 Avenue Franklin Roosevelt,69150,DECINES CHARPIEU,53520765800035,0.5304026007652283,PRO SNACK,133 AVENUE FRANKLIN ROOSEVELT,DECINES-CHARPIEU,69150,69275,5,"{""bias"": 1.1616770029067993, ""margin"": 0.12176191806793213, ""prob_from_margin"": 0.5304029260697326, ""top"": [{""feature"": ""name_semantic_max"", ""shap"": -2.7794737815856934, ""value"": 0.32282474637031555, ""model_input"": 0.32282474637031555}, {""feature"": ""name_sim_max_etab"", ""shap"": 0.8877894878387451, ""value"": 0.0, ""model_input"": 0.0}, {""feature"": ""name_jaro_max"", ""shap"": 0.817007839679718, ""value"": 0.3783068783068783, ""model_input"": 0.3783068783068783}, {""feature"": ""street_number_diff"", ""shap"": -0.780829131603241, ""value"": 100.0, ""model_input"": 100.0}, {""feature"": ""addr_token_overlap"", ""shap"": 0.7672972679138184, ""value"": 0.6, ""model_input"": 0.6}, {""feature"": ""addr_levenshtein"", ""shap"": 0.683955192565918, ""value"": 0.9655172413793104, ""model_input"": 0.9655172413793104}, {""feature"": ""name_addr_consistency"", ""shap"": 0.6293638944625854, ""value"": 0.37395852338381075, ""model_input"": 0.37395852338381075}, {""feature"": ""addr_jaro"", ""shap"": 0.5759484171867371, ""value"": 0.9885057471264368, ""model_input"": 0.9885057471264368}, {""feature"": ""name_token_overlap_max"", ""shap"": -0.4316588044166565, ""value"": 0.0, ""model_input"": 0.0}, {""feature"": ""token_overlap_ul"", ""shap"": -0.35520416498184204, ""value"": 0.0, ""model_input"": 0.0}]}"
OREXAD CORBAS,4 rue du Mont Blanc,69960,CORBAS,32095539602898,0.9963334798812866,RUBIX CORBAS,4 RUE DU MONT BLANC,CORBAS,69960,69273,1,"{""bias"": 1.1616770029067993, ""margin"": 5.604832649230957, ""prob_from_margin"": 0.9963334566631189, ""top"": [{""feature"": ""name_semantic_max"", ""shap"": 2.12673282623291, ""value"": 0.7756854295730591, ""model_input"": 0.7756854295730591}, {""feature"": ""addr_token_overlap"", ""shap"": 0.9168919324874878, ""value"": 1.0, ""model_input"": 1.0}, {""feature"": ""street_number_diff"", ""shap"": 0.7807129621505737, ""value"": 0.0, ""model_input"": 0.0}, {""feature"": ""name_semantic_second"", ""shap"": 0.7278414368629456, ""value"": 0.7329121828079224, ""model_input"": 0.7329121828079224}, {""feature"": ""name_city_overlap_max"", ""shap"": 0.49748313426971436, ""value"": 0.5, ""model_input"": 0.5}, {""feature"": ""addr_jaro"", ""shap"": 0.39187926054000854, ""value"": 1.0, ""model_input"": 1.0}, {""feature"": ""is_siege"", ""shap"": -0.3832842707633972, ""value"": 0.0, ""model_input"": 0.0}, {""feature"": ""name_sim_max_pm_dirigeant"", ""shap"": 0.3502807915210724, ""value"": 0.4365079365079365, ""model_input"": 0.4365079365079365}, {""feature"": ""name_token_overlap_max"", ""shap"": -0.3236010670661926, ""value"": 0.0, ""model_input"": 0.0}, {""feature"": ""name_count"", ""shap"": -0.30580782890319824, ""value"": 4.0, ""model_input"": 4.0}]}"
OREXAD CORBAS,4 rue du Mont Blanc,69960,CORBAS,89503864400038,0.9745714068412781,MIM FRET,4 RUE DU MONT BLANC,CORBAS,69960,69273,2,"{""bias"": 1.1616770029067993, ""margin"": 3.6461262702941895, ""prob_from_margin"": 0.9745714746065458, ""top"": [{""feature"": ""name_semantic_max"", ""shap"": -2.170254707336426, ""value"": 0.3327066898345947, ""model_input"": 0.3327066898345947}, {""feature"": ""addr_token_overlap"", ""shap"": 1.3321892023086548, ""value"": 1.0, ""model_input"": 1.0}, {""feature"": ""name_addr_consistency"", ""shap"": 1.2154762744903564, ""value"": 0.0, ""model_input"": 0.0}, {""feature"": ""street_number_diff"", ""shap"": 0.9615625143051147, ""value"": 0.0, ""model_input"": 0.0}, {""feature"": ""addr_jaro"", ""shap"": 0.8837831616401672, ""value"": 1.0, ""model_input"": 1.0}, {""feature"": ""name_sim_max_etab"", ""shap"": 0.8749107718467712, ""value"": 0.0, ""model_input"": 0.0}, {""feature"": ""addr_levenshtein"", ""shap"": 0.6529295444488525, ""value"": 1.0, ""model_input"": 1.0}, {""feature"": ""name_jaro_max"", ""shap"": 0.5540894269943237, ""value"": 0.0, ""model_input"": 0.0}, {""feature"": ""name_sim_max_ul"", ""shap"": -0.47879913449287415, ""value"": 0.0, ""model_input"": 0.0}, {""feature"": ""name_semantic_second"", ""shap"": -0.36006301641464233, ""value"": 0.0, ""model_input"": 0.0}]}"
OREXAD CORBAS,4 rue du Mont Blanc,69960,CORBAS,40748977200019,0.9718756079673767,BOVEXPO,4 RUE DU MONT BLANC,CORBAS,69960,69273,3,"{""bias"": 1.1616770029067993, ""margin"": 3.542588710784912, ""prob_from_margin"": 0.9718755569503225, ""top"": [{""feature"": ""addr_token_overlap"", ""shap"": 1.2365798950195312, ""value"": 1.0, ""model_input"": 1.0}, {""feature"": ""street_number_diff"", ""shap"": 1.0831574201583862, ""value"": 0.0, ""model_input"": 0.0}, {""feature"": ""name_sim_max_etab"", ""shap"": 0.7819758057594299, ""value"": 0.0, ""model_input"": 0.0}, {""feature"": ""addr_jaro"", ""shap"": 0.49008023738861084, ""value"": 1.0, ""model_input"": 1.0}, {""feature"": ""addr_levenshtein"", ""shap"": 0.4825274348258972, ""value"": 1.0, ""model_input"": 1.0}, {""feature"": ""name_semantic_max"", ""shap"": 0.45544224977493286, ""value"": 0.6017675399780273, ""model_input"": 0.6017675399780273}, {""feature"": ""type_of_max_name"", ""shap"": 0.44721317291259766, ""value"": 7.0, ""model_input"": 7.0}, {""feature"": ""name_sim_max_pm_dirigeant"", ""shap"": -0.43775907158851624, ""value"": 0.0, ""model_input"": 0.0}, {""feature"": ""name_length_max"", ""shap"": -0.3862501382827759, ""value"": 7.0, ""model_input"": 7.0}, {""feature"": ""name_semantic_second"", ""shap"": -0.38206955790519714, ""value"": 0.0, ""model_input"": 0.0}]}"
OREXAD CORBAS,4 rue du Mont Blanc,69960,CORBAS,85299724600024,0.9487712979316711,SM2G,4 RUE DU MONT BLANC,CORBAS,69960,69273,4,"{""bias"": 1.1616770029067993, ""margin"": 2.918868064880371, ""prob_from_margin"": 0.9487713100952333, ""top"": [{""feature"": ""name_semantic_max"", ""shap"": -2.841883659362793, ""value"": 0.16884830594062805, ""model_input"": 0.16884830594062805}, {""feature"": ""addr_token_overlap"", ""shap"": 1.2962143421173096, ""value"": 1.0, ""model_input"": 1.0}, {""feature"": ""name_addr_consistency"", ""shap"": 1.2867246866226196, ""value"": 0.0, ""model_input"": 0.0}, {""feature"": ""street_number_diff"", ""shap"": 1.0199873447418213, ""value"": 0.0, ""model_input"": 0.0}, {""feature"": ""addr_jaro"", ""shap"": 1.0071545839309692, ""value"": 1.0, ""model_input"": 1.0}, {""feature"": ""addr_levenshtein"", ""shap"": 0.8743780851364136, ""value"": 1.0, ""model_input"": 1.0}, {""feature"": ""name_sim_max_etab"", ""shap"": 0.8529987335205078, ""value"": 0.0, ""model_input"": 0.0}, {""feature"": ""name_jaro_max"", ""shap"": 0.5669093132019043, ""value"": 0.0, ""model_input"": 0.0}, {""feature"": ""name_count"", ""shap"": -0.4801430106163025, ""value"": 3.0, ""model_input"": 3.0}, {""feature"": ""name_sim_max_pm_dirigeant"", ""shap"": -0.4310281276702881, ""value"": 0.0, ""model_input"": 0.0}]}"
OREXAD CORBAS,4 rue du Mont Blanc,69960,CORBAS,81217721000034,0.9398011565208435,FOX TEN LOGISTIQUE,4 RUE DU MONT BLANC,CORBAS,69960,69273,5,"{""bias"": 1.1616770029067993, ""margin"": 2.748014450073242, ""prob_from_margin"": 0.9398011154260748, ""top"": [{""feature"": ""name_semantic_max"", ""shap"": -1.682988166809082, ""value"": 0.4736695885658264, ""model_input"": 0.4736695885658264}, {""feature"": ""addr_token_overlap"", ""shap"": 1.4316205978393555, ""value"": 1.0, ""model_input"": 1.0}, {""feature"": ""street_number_diff"", ""shap"": 1.1145062446594238, ""value"": 0.0, ""model_input"": 0.0}, {""feature"": ""addr_jaro"", ""shap"": 0.8066499829292297, ""value"": 1.0, ""model_input"": 1.0}, {""feature"": ""type_of_max_name"", ""shap"": 0.4959765374660492, ""value"": 7.0, ""model_input"": 7.0}, {""feature"": ""name_sim_max_etab"", ""shap"": 0.46208456158638, ""value"": 0.42492492492492495, ""model_input"": 0.42492492492492495}, {""feature"": ""addr_levenshtein"", ""shap"": 0.4399855136871338, ""value"": 1.0, ""model_input"": 1.0}, {""feature"": ""name_semantic_second"", ""shap"": -0.36545121669769287, ""value"": 0.24602511525154114, ""model_input"": 0.24602511525154114}, {""feature"": ""name_count"", ""shap"": 0.3652780055999756, ""value"": 2.0, ""model_input"": 2.0}, {""feature"": ""name_token_overlap_max"", ""shap"": -0.3226858675479889, ""value"": 0.0, ""model_input"": 0.0}]}"
PAACK LOGISTICS CORBAS,32 Rue Colière,69960,CORBAS,84144832700087,0.9995991587638855,PAACK,32 RUE COLIERE,CORBAS,69960,69273,1,"{""bias"": 1.1616770029067993, ""margin"": 7.8214335441589355, ""prob_from_margin"": 0.9995991144208347, ""top"": [{""feature"": ""name_semantic_max"", ""shap"": 2.4814555644989014, ""value"": 0.9286510348320007, ""model_input"": 0.9286510348320007}, {""feature"": ""name_token_overlap_max"", ""shap"": 0.7944639325141907, ""value"": 0.5, ""model_input"": 0.5}, {""feature"": ""addr_token_overlap"", ""shap"": 0.6796399354934692, ""value"": 1.0, ""model_input"": 1.0}, {""feature"": ""street_number_diff"", ""shap"": 0.6656121611595154, ""value"": 0.0, ""model_input"": 0.0}, {""feature"": ""name_sim_max_etab"", ""shap"": 0.6095758676528931, ""value"": 0.4052631578947368, ""model_input"": 0.4052631578947368}, {""feature"": ""name_semantic_second"", ""shap"": 0.5476959943771362, ""value"": 0.8338963389396667, ""model_input"": 0.8338963389396667}, {""feature"": ""name_crm_contains_cand_max"", ""shap"": 0.47240954637527466, ""value"": 1.0, ""model_input"": 1.0}, {""feature"": ""addr_jaro"", ""shap"": 0.3311867117881775, ""value"": 1.0, ""model_input"": 1.0}, {""feature"": ""is_siege"", ""shap"": -0.2984936237335205, ""value"": 0.0, ""model_input"": 0.0}, {""feature"": ""name_addr_consistency"", ""shap"": 0.25157690048217773, ""value"": 0.9228011204481793, ""model_input"": 0.9228011204481793}]}"
PAACK LOGISTICS CORBAS,32 Rue Colière,69960,CORBAS,79146066000065,0.943777322769165,UTOPYA,32 RUE COLIERE,CORBAS,69960,69273,2,"{""bias"": 1.1616770029067993, ""margin"": 2.8205695152282715, ""prob_from_margin"": 0.943777293519571, ""top"": [{""feature"": ""name_semantic_max"", ""shap"": -1.5713683366775513, ""value"": 0.4560561776161194, ""model_input"": 0.4560561776161194}, {""feature"": ""addr_token_overlap"", ""shap"": 1.2816081047058105, ""value"": 1.0, ""model_input"": 1.0}, {""feature"": ""street_number_diff"", ""shap"": 0.9708709716796875, ""value"": 0.0, ""model_input"": 0.0}, {""feature"": ""addr_jaro"", ""shap"": 0.6534079909324646, ""value"": 1.0, ""model_input"": 1.0}, {""feature"": ""name_sim_max_pm_dirigeant"", ""shap"": 0.6507110595703125, ""value"": 0.5255189255189255, ""model_input"": 0.5255189255189255}, {""feature"": ""addr_levenshtein"", ""shap"": 0.5260915756225586, ""value"": 1.0, ""model_input"": 1.0}, {""feature"": ""type_of_max_name"", ""shap"": 0.4543273150920868, ""value"": 4.0, ""model_input"": 4.0}, {""feature"": ""name_token_overlap_max"", ""shap"": -0.3074111342430115, ""value"": 0.0, ""model_input"": 0.0}, {""feature"": ""name_addr_consistency"", ""shap"": -0.3067191541194916, ""value"": 0.5255189255189255, ""model_input"": 0.5255189255189255}, {""feature"": ""token_overlap_ul"", ""shap"": -0.27780765295028687, ""value"": 0.0, ""model_input"": 0.0}]}"
PAACK LOGISTICS CORBAS,32 Rue Colière,69960,CORBAS,52781027900010,0.4863152801990509,C.M.,32 RUE MARCEL MERIEUX,CORBAS,69960,69273,3,"{""bias"": 1.1616770029067993, ""margin"": -0.05475258827209473, ""prob_from_margin"": 0.48631527148680614, ""top"": [{""feature"": ""name_semantic_max"", ""shap"": -2.728152275085449, ""value"": 0.35689878463745117, ""model_input"": 0.35689878463745117}, {""feature"": ""street_number_diff"", ""shap"": 0.7043638229370117, ""value"": 0.0, ""model_input"": 0.0}, {""feature"": ""name_sim_max_etab"", ""shap"": 0.7014449834823608, ""value"": 0.0, ""model_input"": 0.0}, {""feature"": ""type_of_max_name"", ""shap"": 0.6116028428077698, ""value"": 7.0, ""model_input"": 7.0}, {""feature"": ""name_levenshtein_max"", ""shap"": 0.5564697980880737, ""value"": 0.06666666666666665, ""model_input"": 0.06666666666666665}, {""feature"": ""name_addr_consistency"", ""shap"": 0.5314698219299316, ""value"": 0.37892348392348396, ""model_input"": 0.37892348392348396}, {""feature"": ""name_token_overlap_max"", ""shap"": -0.43243804574012756, ""value"": 0.0, ""model_input"": 0.0}, {""feature"": ""name_sim_max_pm_dirigeant"", ""shap"": -0.38554853200912476, ""value"": 0.0, ""model_input"": 0.0}, {""feature"": ""token_overlap_ul"", ""shap"": -0.3414459228515625, ""value"": 0.0, ""model_input"": 0.0}, {""feature"": ""addr_levenshtein"", ""shap"": -0.32145610451698303, ""value"": 0.5714285714285714, ""model_input"": 0.5714285714285714}]}"
PAACK LOGISTICS CORBAS,32 Rue Colière,69960,CORBAS,79102747700011,0.4024973511695862,CORBAS PELLOCH'CLUB,5 IMPASSE DES GERFAUTS,CORBAS,69960,69273,4,"{""bias"": 1.1616770029067993, ""margin"": -0.3950706720352173, ""prob_from_margin"": 0.40249723791117, ""top"": [{""feature"": ""name_semantic_max"", ""shap"": -1.7096339464187622, ""value"": 0.4859236478805542, ""model_input"": 0.4859236478805542}, {""feature"": ""name_city_overlap_max"", ""shap"": 1.1617099046707153, ""value"": 0.5, ""model_input"": 0.5}, {""feature"": ""name_sim_max_etab"", ""shap"": 0.7675896286964417, ""value"": 0.0, ""model_input"": 0.0}, {""feature"": ""type_of_max_name"", ""shap"": 0.6744666695594788, ""value"": 7.0, ""model_input"": 7.0}, {""feature"": ""name_semantic_second"", ""shap"": -0.6066511869430542, ""value"": 0.0, ""model_input"": 0.0}, {""feature"": ""street_number_diff"", ""shap"": -0.49821633100509644, ""value"": 27.0, ""model_input"": 27.0}, {""feature"": ""is_siege"", ""shap"": 0.46016624569892883, ""value"": 1.0, ""model_input"": 1.0}, {""feature"": ""addr_levenshtein"", ""shap"": -0.4547636806964874, ""value"": 0.18181818181818177, ""model_input"": 0.18181818181818177}, {""feature"": ""name_jaro_gap"", ""shap"": -0.42457351088523865, ""value"": 0.5264619883040935, ""model_input"": 0.5264619883040935}, {""feature"": ""addr_jaro"", ""shap"": -0.3840826451778412, ""value"": 0.5108225108225107, ""model_input"": 0.5108225108225107}]}"
PAACK LOGISTICS CORBAS,32 Rue Colière,69960,CORBAS,41397404900012,0.35559841990470886,TCC,4 PL CHARLES JOCTEUR,CORBAS,69960,69273,5,"{""bias"": 1.1616770029067993, ""margin"": -0.5945190191268921, ""prob_from_margin"": 0.355598654563191, ""top"": [{""feature"": ""name_semantic_max"", ""shap"": -1.2224936485290527, ""value"": 0.5249878168106079, ""model_input"": 0.5249878168106079}, {""feature"": ""name_city_overlap_max"", ""shap"": 0.8215728998184204, ""value"": 0.25, ""model_input"": 0.25}, {""feature"": ""street_number_diff"", ""shap"": -0.6713042855262756, ""value"": 28.0, ""model_input"": 28.0}, {""feature"": ""name_sim_max_etab"", ""shap"": 0.5560005903244019, ""value"": 0.0, ""model_input"": 0.0}, {""feature"": ""is_siege"", ""shap"": 0.4535905718803406, ""value"": 1.0, ""model_input"": 1.0}, {""feature"": ""name_sim_max_pm_dirigeant"", ""shap"": -0.45354118943214417, ""value"": 0.0, ""model_input"": 0.0}, {""feature"": ""name_token_overlap_max"", ""shap"": -0.4499155580997467, ""value"": 0.0, ""model_input"": 0.0}, {""feature"": ""name_sim_max_sigle"", ""shap"": -0.3659258484840393, ""value"": 0.4666666666666666, ""model_input"": 0.4666666666666666}, {""feature"": ""type_of_max_name"", ""shap"": 0.3594371974468231, ""value"": 7.0, ""model_input"": 7.0}, {""feature"": ""addr_levenshtein"", ""shap"": -0.3491627275943756, ""value"": 0.30000000000000004, ""model_input"": 0.30000000000000004}]}"
PEINTURE VALBERT SAS,8 Rue Paul et Marc Barbezat,69150,DECINES-CHARPIEU,81269442000025,0.9994495511054993,PEINTURES VALBERT,8 RUE PAUL ET MARC BARBEZAT,DECINES-CHARPIEU,69150,69275,1,"{""bias"": 1.1616770029067993, ""margin"": 7.504335403442383, ""prob_from_margin"": 0.9994496113778826, ""top"": [{""feature"": ""name_semantic_max"", ""shap"": 2.4753458499908447, ""value"": 0.9536504149436951, ""model_input"": 0.9536504149436951}, {""feature"": ""name_sim_max_pm_dirigeant"", ""shap"": 1.2036975622177124, ""value"": 0.5819444444444445, ""model_input"": 0.5819444444444445}, {""feature"": ""token_overlap_ul"", ""shap"": 0.8203251361846924, ""value"": 1.0, ""model_input"": 1.0}, {""feature"": ""addr_token_overlap"", ""shap"": 0.7266125679016113, ""value"": 1.0, ""model_input"": 1.0}, {""feature"": ""name_token_overlap_max"", ""shap"": 0.5725553035736084, ""value"": 0.3333333333333333, ""model_input"": 0.3333333333333333}, {""feature"": ""street_number_diff"", ""shap"": 0.4923853278160095, ""value"": 0.0, ""model_input"": 0.0}, {""feature"": ""is_siege"", ""shap"": -0.3398352265357971, ""value"": 0.0, ""model_input"": 0.0}, {""feature"": ""name_addr_consistency"", ""shap"": 0.27924612164497375, ""value"": 0.9882352941176471, ""model_input"": 0.9882352941176471}, {""feature"": ""addr_jaro"", ""shap"": 0.2478805035352707, ""value"": 1.0, ""model_input"": 1.0}, {""feature"": ""name_sim_max_etab"", ""shap"": -0.23131707310676575, ""value"": 0.5819444444444445, ""model_input"": 0.5819444444444445}]}"
PEINTURE VALBERT SAS,8 Rue Paul et Marc Barbezat,69150,DECINES-CHARPIEU,38394592000023,0.9893010258674622,JUHEM,8 RUE PAUL ET MARC BARBEZAT,DECINES-CHARPIEU,69150,69275,2,"{""bias"": 1.1616770029067993, ""margin"": 4.52685022354126, ""prob_from_margin"": 0.9893010197883279, ""top"": [{""feature"": ""name_semantic_max"", ""shap"": -1.519418478012085, ""value"": 0.4416044354438782, ""model_input"": 0.4416044354438782}, {""feature"": ""addr_token_overlap"", ""shap"": 1.2168949842453003, ""value"": 1.0, ""model_input"": 1.0}, {""feature"": ""street_number_diff"", ""shap"": 0.9478296637535095, ""value"": 0.0, ""model_input"": 0.0}, {""feature"": ""addr_jaro"", ""shap"": 0.7799893617630005, ""value"": 1.0, ""model_input"": 1.0}, {""feature"": ""name_jaro_max"", ""shap"": 0.7337482571601868, ""value"": 0.3416666666666666, ""model_input"": 0.3416666666666666}, {""feature"": ""name_sim_max_etab"", ""shap"": 0.731967031955719, ""value"": 0.0, ""model_input"": 0.0}, {""feature"": ""name_addr_consistency"", ""shap"": 0.6985320448875427, ""value"": 0.3416666666666666, ""model_input"": 0.3416666666666666}, {""feature"": ""addr_levenshtein"", ""shap"": 0.5540199279785156, ""value"": 1.0, ""model_input"": 1.0}, {""feature"": ""type_of_max_name"", ""shap"": 0.3699289560317993, ""value"": 7.0, ""model_input"": 7.0}, {""feature"": ""name_count"", ""shap"": 0.3212329149246216, ""value"": 1.0, ""model_input"": 1.0}]}"
PEINTURE VALBERT SAS,8 Rue Paul et Marc Barbezat,69150,DECINES-CHARPIEU,54001848800028,0.9807631969451904,SOLUTION PEINTURE DISTRIBUTION,45 AVENUE FRANKLIN ROOSEVELT,DECINES-CHARPIEU,69150,69275,3,"{""bias"": 1.1616770029067993, ""margin"": 3.9315075874328613, ""prob_from_margin"": 0.9807632312166064, ""top"": [{""feature"": ""name_sim_max_etab"", ""shap"": 1.0918272733688354, ""value"": 0.0, ""model_input"": 0.0}, {""feature"": ""type_of_max_name"", ""shap"": 0.876237690448761, ""value"": 7.0, ""model_input"": 7.0}, {""feature"": ""name_semantic_max"", ""shap"": 0.77687668800354, ""value"": 0.6306698322296143, ""model_input"": 0.6306698322296143}, {""feature"": ""token_overlap_ul"", ""shap"": 0.6791259050369263, ""value"": 0.5, ""model_input"": 0.5}, {""feature"": ""name_sim_max_pm_dirigeant"", ""shap"": -0.4400470554828644, ""value"": 0.0, ""model_input"": 0.0}, {""feature"": ""name_length_max"", ""shap"": 0.3527335822582245, ""value"": 30.0, ""model_input"": 30.0}, {""feature"": ""name_semantic_second"", ""shap"": -0.34713268280029297, ""value"": 0.0, ""model_input"": 0.0}, {""feature"": ""name_addr_consistency"", ""shap"": 0.3340247571468353, ""value"": 0.338757153669903, ""model_input"": 0.338757153669903}, {""feature"": ""street_number_diff"", ""shap"": -0.32768648862838745, ""value"": 37.0, ""model_input"": 37.0}, {""feature"": ""street_name_jaro"", ""shap"": 0.2992091476917267, ""value"": 0.5422222222222222, ""model_input"": 0.5422222222222222}]}"
PEINTURE VALBERT SAS,8 Rue Paul et Marc Barbezat,69150,DECINES-CHARPIEU,93448655600012,0.9494025707244873,S.A.S. PEINTURE,15 RUE DE LA FRATERNITE,DECINES-CHARPIEU,69150,69275,4,"{""bias"": 1.1616770029067993, ""margin"": 2.9319331645965576, ""prob_from_margin"": 0.9494026197666451, ""top"": [{""feature"": ""name_sim_max_etab"", ""shap"": 1.2460447549819946, ""value"": 0.0, ""model_input"": 0.0}, {""feature"": ""name_semantic_max"", ""shap"": 1.0171968936920166, ""value"": 0.6697633266448975, ""model_input"": 0.6697633266448975}, {""feature"": ""name_token_overlap_max"", ""shap"": 0.8013120889663696, ""value"": 0.3333333333333333, ""model_input"": 0.3333333333333333}, {""feature"": ""token_overlap_ul"", ""shap"": 0.6309181451797485, ""value"": 0.5, ""model_input"": 0.5}, {""feature"": ""addr_token_overlap"", ""shap"": -0.5582003593444824, ""value"": 0.1, ""model_input"": 0.1}, {""feature"": ""street_number_diff"", ""shap"": -0.5310778021812439, ""value"": 7.0, ""model_input"": 7.0}, {""feature"": ""street_name_jaro"", ""shap"": -0.5270364880561829, ""value"": 0.6944444444444445, ""model_input"": 0.6944444444444445}, {""feature"": ""name_sim_max_pm_dirigeant"", ""shap"": -0.4384000599384308, ""value"": 0.0, ""model_input"": 0.0}, {""feature"": ""type_of_max_name"", ""shap"": 0.43630558252334595, ""value"": 7.0, ""model_input"": 7.0}, {""feature"": ""name_semantic_second"", ""shap"": -0.2930309474468231, ""value"": 0.0, ""model_input"": 0.0}]}"
PEINTURE VALBERT SAS,8 Rue Paul et Marc Barbezat,69150,DECINES-CHARPIEU,81476208400022,0.8819104433059692,ANG PEINTURE,60 RUE PAUL ET MARC BARBEZAT,DECINES-CHARPIEU,69150,69275,5,"{""bias"": 1.1616770029067993, ""margin"": 2.0106492042541504, ""prob_from_margin"": 0.8819106498495592, ""top"": [{""feature"": ""street_number_diff"", ""shap"": -1.2907394170761108, ""value"": 52.0, ""model_input"": 52.0}, {""feature"": ""name_sim_max_pm_dirigeant"", ""shap"": 1.1356862783432007, ""value"": 0.5972222222222222, ""model_input"": 0.5972222222222222}, {""feature"": ""name_semantic_max"", ""shap"": 0.945281982421875, ""value"": 0.6388890147209167, ""model_input"": 0.6388890147209167}, {""feature"": ""name_token_overlap_max"", ""shap"": 0.8176809549331665, ""value"": 0.3333333333333333, ""model_input"": 0.3333333333333333}, {""feature"": ""token_overlap_ul"", ""shap"": 0.5070545673370361, ""value"": 0.5, ""model_input"": 0.5}, {""feature"": ""name_addr_consistency"", ""shap"": -0.47904571890830994, ""value"": 0.6001718760206415, ""model_input"": 0.6001718760206415}, {""feature"": ""type_of_max_name"", ""shap"": 0.4222813546657562, ""value"": 7.0, ""model_input"": 7.0}, {""feature"": ""name_semantic_second"", ""shap"": -0.3804533779621124, ""value"": 0.3558730185031891, ""model_input"": 0.3558730185031891}, {""feature"": ""name_sim_max_etab"", ""shap"": -0.33163687586784363, ""value"": 0.5972222222222222, ""model_input"": 0.5972222222222222}, {""feature"": ""addr_token_overlap"", ""shap"": 0.30209293961524963, ""value"": 0.7142857142857143, ""model_input"": 0.7142857142857143}]}"
PLEXY SIGN,48 Rue Vaucanson,69150,DECINES CHARPIEU,81021053400022,0.9998713731765747,PLEXY SIGN,48 RUE VAUCANSON,DECINES-CHARPIEU,69150,69275,1,"{""bias"": 1.1616770029067993, ""margin"": 8.958330154418945, ""prob_from_margin"": 0.9998713556331804, ""top"": [{""feature"": ""name_semantic_max"", ""shap"": 2.2995643615722656, ""value"": 1.0, ""model_input"": 1.0}, {""feature"": ""token_overlap_ul"", ""shap"": 0.9276115894317627, ""value"": 1.0, ""model_input"": 1.0}, {""feature"": ""name_sim_max_etab"", ""shap"": 0.86652010679245, ""value"": 0.0, ""model_input"": 0.0}, {""feature"": ""name_token_overlap_max"", ""shap"": 0.8344505429267883, ""value"": 1.0, ""model_input"": 1.0}, {""feature"": ""name_crm_contains_cand_max"", ""shap"": 0.6361393928527832, ""value"": 1.0, ""model_input"": 1.0}, {""feature"": ""addr_token_overlap"", ""shap"": 0.5227906107902527, ""value"": 1.0, ""model_input"": 1.0}, {""feature"": ""street_number_diff"", ""shap"": 0.48829302191734314, ""value"": 0.0, ""model_input"": 0.0}, {""feature"": ""is_siege"", ""shap"": 0.3702431619167328, ""value"": 1.0, ""model_input"": 1.0}, {""feature"": ""name_addr_consistency"", ""shap"": 0.36033087968826294, ""value"": 1.0, ""model_input"": 1.0}, {""feature"": ""name_sim_max_pm_dirigeant"", ""shap"": -0.354214608669281, ""value"": 0.0, ""model_input"": 0.0}]}"
PLEXY SIGN,48 Rue Vaucanson,69150,DECINES CHARPIEU,91151240800012,0.8667618632316589,INDIVISION MONTZIKIAN ALAIN,48 RUE VAUCANSON,DECINES-CHARPIEU,69150,69275,2,"{""bias"": 1.1616770029067993, ""margin"": 1.8726264238357544, ""prob_from_margin"": 0.866761884196657, ""top"": [{""feature"": ""name_semantic_max"", ""shap"": -1.7315725088119507, ""value"": 0.4166233539581299, ""model_input"": 0.4166233539581299}, {""feature"": ""addr_token_overlap"", ""shap"": 1.1259596347808838, ""value"": 1.0, ""model_input"": 1.0}, {""feature"": ""street_number_diff"", ""shap"": 0.8528571724891663, ""value"": 0.0, ""model_input"": 0.0}, {""feature"": ""name_sim_max_etab"", ""shap"": 0.7779214382171631, ""value"": 0.0, ""model_input"": 0.0}, {""feature"": ""addr_jaro"", ""shap"": 0.6592851281166077, ""value"": 1.0, ""model_input"": 1.0}, {""feature"": ""name_addr_consistency"", ""shap"": 0.5676125288009644, ""value"": 0.34938271604938276, ""model_input"": 0.34938271604938276}, {""feature"": ""addr_levenshtein"", ""shap"": 0.5409085750579834, ""value"": 1.0, ""model_input"": 1.0}, {""feature"": ""name_jaro_max"", ""shap"": 0.5309149622917175, ""value"": 0.34938271604938276, ""model_input"": 0.34938271604938276}, {""feature"": ""has_person_name"", ""shap"": -0.5232954621315002, ""value"": 1.0, ""model_input"": 1.0}, {""feature"": ""name_sim_max_ul"", ""shap"": -0.43093228340148926, ""value"": 0.34938271604938276, ""model_input"": 0.34938271604938276}]}"
PLEXY SIGN,48 Rue Vaucanson,69150,DECINES CHARPIEU,64605047600068,0.4696713387966156,SIGNAUX GIROD,163 AVENUE FRANKLIN ROOSEVELT,DECINES-CHARPIEU,69150,69275,3,"{""bias"": 1.1616770029067993, ""margin"": -0.12146377563476562, ""prob_from_margin"": 0.46967133462678307, ""top"": [{""feature"": ""name_semantic_max"", ""shap"": -1.4714202880859375, ""value"": 0.5438845157623291, ""model_input"": 0.5438845157623291}, {""feature"": ""token_overlap_ul"", ""shap"": 0.8373161554336548, ""value"": 0.5, ""model_input"": 0.5}, {""feature"": ""name_sim_max_etab"", ""shap"": 0.6969339847564697, ""value"": 0.3991452991452991, ""model_input"": 0.3991452991452991}, {""feature"": ""street_number_diff"", ""shap"": -0.6465280055999756, ""value"": 115.0, ""model_input"": 115.0}, {""feature"": ""type_of_max_name"", ""shap"": 0.47859176993370056, ""value"": 7.0, ""model_input"": 7.0}, {""feature"": ""addr_levenshtein"", ""shap"": -0.422654926776886, ""value"": 0.24137931034482762, ""model_input"": 0.24137931034482762}, {""feature"": ""name_token_overlap_max"", ""shap"": -0.4002962112426758, ""value"": 0.0, ""model_input"": 0.0}, {""feature"": ""addr_token_overlap"", ""shap"": -0.33449605107307434, ""value"": 0.0, ""model_input"": 0.0}, {""feature"": ""addr_jaro"", ""shap"": -0.2791415750980377, ""value"": 0.6101532567049808, ""model_input"": 0.6101532567049808}, {""feature"": ""name_length_max"", ""shap"": -0.21504399180412292, ""value"": 13.0, ""model_input"": 13.0}]}"
PLEXY SIGN,48 Rue Vaucanson,69150,DECINES CHARPIEU,49133002300020,0.46241042017936707,ACHARD,7 RUE VAUCANSON,DECINES-CHARPIEU,69150,69275,4,"{""bias"": 1.1616770029067993, ""margin"": -0.1506427526473999, ""prob_from_margin"": 0.46241037083616865, ""top"": [{""feature"": ""name_semantic_max"", ""shap"": -2.4871485233306885, ""value"": 0.35809874534606934, ""model_input"": 0.35809874534606934}, {""feature"": ""street_number_diff"", ""shap"": -1.125127911567688, ""value"": 41.0, ""model_input"": 41.0}, {""feature"": ""name_addr_consistency"", ""shap"": 0.9619560241699219, ""value"": 0.0, ""model_input"": 0.0}, {""feature"": ""name_jaro_max"", ""shap"": 0.8414739966392517, ""value"": 0.0, ""model_input"": 0.0}, {""feature"": ""name_sim_max_etab"", ""shap"": 0.802367091178894, ""value"": 0.0, ""model_input"": 0.0}, {""feature"": ""name_sim_max_ul"", ""shap"": -0.5276654362678528, ""value"": 0.0, ""model_input"": 0.0}, {""feature"": ""addr_token_overlap"", ""shap"": 0.5064274072647095, ""value"": 0.5, ""model_input"": 0.5}, {""feature"": ""addr_levenshtein"", ""shap"": 0.4023929536342621, ""value"": 0.875, ""model_input"": 0.875}, {""feature"": ""name_token_overlap_max"", ""shap"": -0.3941288888454437, ""value"": 0.0, ""model_input"": 0.0}, {""feature"": ""token_overlap_ul"", ""shap"": -0.36009421944618225, ""value"": 0.0, ""model_input"": 0.0}]}"
PLEXY SIGN,48 Rue Vaucanson,69150,DECINES CHARPIEU,96350502900032,0.3437768816947937,SCHEIDEGGER W ET CIE MECANIQUE,17 RUE VAUCANSON,DECINES-CHARPIEU,69150,69275,5,"{""bias"": 1.1616770029067993, ""margin"": -0.6465072631835938, ""prob_from_margin"": 0.3437770486534695, ""top"": [{""feature"": ""name_semantic_max"", ""shap"": -2.180734157562256, ""value"": 0.43409571051597595, ""model_input"": 0.43409571051597595}, {""feature"": ""name_sim_max_etab"", ""shap"": 0.8091116547584534, ""value"": 0.0, ""model_input"": 0.0}, {""feature"": ""street_number_diff"", ""shap"": -0.7719707489013672, ""value"": 31.0, ""model_input"": 31.0}, {""feature"": ""type_of_max_name"", ""shap"": 0.6295409202575684, ""value"": 7.0, ""model_input"": 7.0}, {""feature"": ""addr_token_overlap"", ""shap"": 0.5457344651222229, ""value"": 0.5, ""model_input"": 0.5}, {""feature"": ""name_token_overlap_max"", ""shap"": -0.431814044713974, ""value"": 0.0, ""model_input"": 0.0}, {""feature"": ""name_semantic_second"", ""shap"": -0.3577897250652313, ""value"": 0.0, ""model_input"": 0.0}, {""feature"": ""token_overlap_ul"", ""shap"": -0.3563011586666107, ""value"": 0.0, ""model_input"": 0.0}, {""feature"": ""name_sim_max_ul"", ""shap"": -0.3417571485042572, ""value"": 0.4222222222222222, ""model_input"": 0.4222222222222222}, {""feature"": ""addr_levenshtein"", ""shap"": 0.33345088362693787, ""value"": 0.875, ""model_input"": 0.875}]}"
POP Corbas,Rue Louis Pradel,69960,CORBAS,87805985600020,0.8692965507507324,B.C.D.,40 ROUTE DE LYON,CORBAS,69960,69273,1,"{""bias"": 1.1616770029067993, ""margin"": 1.8947535753250122, ""prob_from_margin"": 0.8692965807419025, ""top"": [{""feature"": ""name_semantic_max"", ""shap"": -1.4998224973678589, ""value"": 0.3084280788898468, ""model_input"": 0.3084280788898468}, {""feature"": ""name_addr_consistency"", ""shap"": 0.9631866812705994, ""value"": 0.0, ""model_input"": 0.0}, {""feature"": ""name_jaro_max"", ""shap"": 0.7829887866973877, ""value"": 0.0, ""model_input"": 0.0}, {""feature"": ""name_sim_max_ul"", ""shap"": -0.736722469329834, ""value"": 0.0, ""model_input"": 0.0}, {""feature"": ""street_number_diff"", ""shap"": 0.6658777594566345, ""value"": 9999.0, ""model_input"": 9999.0}, {""feature"": ""name_sim_max_etab"", ""shap"": 0.6334571242332458, ""value"": 0.0, ""model_input"": 0.0}, {""feature"": ""type_of_max_name"", ""shap"": 0.565191924571991, ""value"": 7.0, ""model_input"": 7.0}, {""feature"": ""name_length_max"", ""shap"": 0.5261542797088623, ""value"": 6.0, ""model_input"": 6.0}, {""feature"": ""name_semantic_second"", ""shap"": -0.4063897430896759, ""value"": 0.0, ""model_input"": 0.0}, {""feature"": ""token_overlap_ul"", ""shap"": -0.3866156339645386, ""value"": 0.0, ""model_input"": 0.0}]}"
POP Corbas,Rue Louis Pradel,69960,CORBAS,32876945000011,0.7149789929389954,MLM,RUE LOUIS PRADEL,CORBAS,69960,69273,2,"{""bias"": 1.1616770029067993, ""margin"": 0.9196897745132446, ""prob_from_margin"": 0.714978890903099, ""top"": [{""feature"": ""name_semantic_max"", ""shap"": -2.1539340019226074, ""value"": 0.3456437587738037, ""model_input"": 0.3456437587738037}, {""feature"": ""name_addr_consistency"", ""shap"": 0.9831606149673462, ""value"": 0.0, ""model_input"": 0.0}, {""feature"": ""addr_token_overlap"", ""shap"": 0.9216850399971008, ""value"": 1.0, ""model_input"": 1.0}, {""feature"": ""name_jaro_max"", ""shap"": 0.7432852387428284, ""value"": 0.0, ""model_input"": 0.0}, {""feature"": ""name_sim_max_etab"", ""shap"": 0.7228075265884399, ""value"": 0.0, ""model_input"": 0.0}, {""feature"": ""addr_jaro"", ""shap"": 0.6630353331565857, ""value"": 1.0, ""model_input"": 1.0}, {""feature"": ""name_sim_max_ul"", ""shap"": -0.596572995185852, ""value"": 0.0, ""model_input"": 0.0}, {""feature"": ""addr_levenshtein"", ""shap"": 0.47172078490257263, ""value"": 1.0, ""model_input"": 1.0}, {""feature"": ""street_number_diff"", ""shap"": -0.42130282521247864, ""value"": 9999.0, ""model_input"": 9999.0}, {""feature"": ""name_semantic_second"", ""shap"": -0.38934195041656494, ""value"": 0.0, ""model_input"": 0.0}]}"
POP Corbas,Rue Louis Pradel,69960,CORBAS,93045692600011,0.676676332950592,IDAK,40 ROUTE DE LYON,CORBAS,69960,69273,3,"{""bias"": 1.1616770029067993, ""margin"": 0.7385386228561401, ""prob_from_margin"": 0.6766762106715414, ""top"": [{""feature"": ""name_semantic_max"", ""shap"": -2.108226776123047, ""value"": 0.3157958388328552, ""model_input"": 0.3157958388328552}, {""feature"": ""name_addr_consistency"", ""shap"": 0.9744187593460083, ""value"": 0.0, ""model_input"": 0.0}, {""feature"": ""name_jaro_max"", ""shap"": 0.7381626963615417, ""value"": 0.0, ""model_input"": 0.0}, {""feature"": ""name_sim_max_ul"", ""shap"": -0.6907844543457031, ""value"": 0.0, ""model_input"": 0.0}, {""feature"": ""name_sim_max_etab"", ""shap"": 0.6429483890533447, ""value"": 0.0, ""model_input"": 0.0}, {""feature"": ""type_of_max_name"", ""shap"": 0.5764119625091553, ""value"": 7.0, ""model_input"": 7.0}, {""feature"": ""name_levenshtein_max"", ""shap"": 0.42332977056503296, ""value"": 0.0, ""model_input"": 0.0}, {""feature"": ""street_number_diff"", ""shap"": 0.4099389612674713, ""value"": 9999.0, ""model_input"": 9999.0}, {""feature"": ""addr_token_overlap"", ""shap"": -0.3964926302433014, ""value"": 0.0, ""model_input"": 0.0}, {""feature"": ""token_overlap_ul"", ""shap"": -0.3850439488887787, ""value"": 0.0, ""model_input"": 0.0}]}"
POP Corbas,Rue Louis Pradel,69960,CORBAS,83222260800024,0.6681652665138245,ALLIANCE ET DEVELOPPEMENT,65 RUE LOUIS PRADEL,CORBAS,69960,69273,4,"{""bias"": 1.1616770029067993, ""margin"": 0.6998997926712036, ""prob_from_margin"": 0.6681655545389441, ""top"": [{""feature"": ""name_semantic_max"", ""shap"": -1.7877650260925293, ""value"": 0.4347062110900879, ""model_input"": 0.4347062110900879}, {""feature"": ""addr_token_overlap"", ""shap"": 0.9616162180900574, ""value"": 0.75, ""model_input"": 0.75}, {""feature"": ""name_sim_max_ul"", ""shap"": -0.8729127645492554, ""value"": 0.0, ""model_input"": 0.0}, {""feature"": ""name_jaro_max"", ""shap"": 0.7380490303039551, ""value"": 0.0, ""model_input"": 0.0}, {""feature"": ""name_sim_max_etab"", ""shap"": 0.6934640407562256, ""value"": 0.0, ""model_input"": 0.0}, {""feature"": ""name_addr_consistency"", ""shap"": 0.6879348158836365, ""value"": 0.0, ""model_input"": 0.0}, {""feature"": ""name_semantic_second"", ""shap"": -0.4719872772693634, ""value"": 0.0, ""model_input"": 0.0}, {""feature"": ""addr_levenshtein"", ""shap"": 0.4424747824668884, ""value"": 0.8421052631578947, ""model_input"": 0.8421052631578947}, {""feature"": ""type_of_max_name"", ""shap"": 0.3741496205329895, ""value"": 4.0, ""model_input"": 4.0}, {""feature"": ""token_overlap_ul"", ""shap"": -0.35654616355895996, ""value"": 0.0, ""model_input"": 0.0}]}"
POP Corbas,Rue Louis Pradel,69960,CORBAS,79341104200013,0.6588588356971741,J.N.C,1 IMPASSE DU RHONE,CORBAS,69960,69273,5,"{""bias"": 1.1616770029067993, ""margin"": 0.6582125425338745, ""prob_from_margin"": 0.6588587466971412, ""top"": [{""feature"": ""name_semantic_max"", ""shap"": -2.095515251159668, ""value"": 0.3216376304626465, ""model_input"": 0.3216376304626465}, {""feature"": ""name_addr_consistency"", ""shap"": 0.9912101626396179, ""value"": 0.0, ""model_input"": 0.0}, {""feature"": ""name_jaro_max"", ""shap"": 0.9315735101699829, ""value"": 0.0, ""model_input"": 0.0}, {""feature"": ""name_sim_max_ul"", ""shap"": -0.7089983820915222, ""value"": 0.0, ""model_input"": 0.0}, {""feature"": ""name_sim_max_etab"", ""shap"": 0.6677631735801697, ""value"": 0.0, ""model_input"": 0.0}, {""feature"": ""type_of_max_name"", ""shap"": 0.5698585510253906, ""value"": 7.0, ""model_input"": 7.0}, {""feature"": ""name_levenshtein_max"", ""shap"": 0.4732816219329834, ""value"": 0.0, ""model_input"": 0.0}, {""feature"": ""name_semantic_second"", ""shap"": -0.42763230204582214, ""value"": 0.0, ""model_input"": 0.0}, {""feature"": ""street_number_diff"", ""shap"": 0.4174467623233795, ""value"": 9999.0, ""model_input"": 9999.0}, {""feature"": ""token_overlap_ul"", ""shap"": -0.3884751796722412, ""value"": 0.0, ""model_input"": 0.0}]}"
PORTUGAULE,Rue du Carreau,69960,CORBAS,44062776800052,0.9998315572738647,MB DIFFUSION,RUE DU CARREAU,CORBAS,69960,69273,1,"{""bias"": 1.1616770029067993, ""margin"": 8.688859939575195, ""prob_from_margin"": 0.9998315764090769, ""top"": [{""feature"": ""name_semantic_max"", ""shap"": 2.3760955333709717, ""value"": 0.9999998807907104, ""model_input"": 0.9999998807907104}, {""feature"": ""name_token_overlap_max"", ""shap"": 1.165151834487915, ""value"": 1.0, ""model_input"": 1.0}, {""feature"": ""token_overlap_ul"", ""shap"": 1.0652823448181152, ""value"": 1.0, ""model_input"": 1.0}, {""feature"": ""name_sim_max_pm_dirigeant"", ""shap"": 0.9430747628211975, ""value"": 0.5738095238095239, ""model_input"": 0.5738095238095239}, {""feature"": ""name_crm_contains_cand_max"", ""shap"": 0.6556563377380371, ""value"": 1.0, ""model_input"": 1.0}, {""feature"": ""addr_token_overlap"", ""shap"": 0.5113528370857239, ""value"": 1.0, ""model_input"": 1.0}, {""feature"": ""is_siege"", ""shap"": 0.34431037306785583, ""value"": 1.0, ""model_input"": 1.0}, {""feature"": ""name_sim_max_ul"", ""shap"": 0.30255675315856934, ""value"": 1.0, ""model_input"": 1.0}, {""feature"": ""name_addr_consistency"", ""shap"": 0.18797320127487183, ""value"": 1.0, ""model_input"": 1.0}, {""feature"": ""name_count"", ""shap"": -0.18233370780944824, ""value"": 4.0, ""model_input"": 4.0}]}"
PORTUGAULE,Rue du Carreau,69960,CORBAS,88501626100012,0.8597776293754578,LA BASCULE,2 RUE DU CARREAU,CORBAS,69960,69273,2,"{""bias"": 1.1616770029067993, ""margin"": 1.8134443759918213, ""prob_from_margin"": 0.8597776432126276, ""top"": [{""feature"": ""addr_token_overlap"", ""shap"": 1.2952041625976562, ""value"": 0.75, ""model_input"": 0.75}, {""feature"": ""name_sim_max_pm_dirigeant"", ""shap"": 0.6754412055015564, ""value"": 0.5750000000000001, ""model_input"": 0.5750000000000001}, {""feature"": ""name_token_overlap_max"", ""shap"": -0.489908903837204, ""value"": 0.0, ""model_input"": 0.0}, {""feature"": ""name_semantic_max"", ""shap"": 0.4728327691555023, ""value"": 0.6033645868301392, ""model_input"": 0.6033645868301392}, {""feature"": ""name_addr_consistency"", ""shap"": -0.4350118339061737, ""value"": 0.5099702380952381, ""model_input"": 0.5099702380952381}, {""feature"": ""token_overlap_ul"", ""shap"": -0.33394673466682434, ""value"": 0.0, ""model_input"": 0.0}, {""feature"": ""type_of_max_name"", ""shap"": 0.3054768443107605, ""value"": 4.0, ""model_input"": 4.0}, {""feature"": ""name_city_overlap_max"", ""shap"": -0.24980799853801727, ""value"": 0.0, ""model_input"": 0.0}, {""feature"": ""addr_levenshtein"", ""shap"": 0.24389062821865082, ""value"": 0.875, ""model_input"": 0.875}, {""feature"": ""name_jaro_second"", ""shap"": -0.22150027751922607, ""value"": 0.5583333333333333, ""model_input"": 0.5583333333333333}]}"
PORTUGAULE,Rue du Carreau,69960,CORBAS,38506853100073,0.7613492608070374,MAINE BACHES,RUE DU CARREAU,CORBAS,69960,69273,3,"{""bias"": 1.1616770029067993, ""margin"": 1.160090684890747, ""prob_from_margin"": 0.7613491923697117, ""top"": [{""feature"": ""addr_token_overlap"", ""shap"": 1.5155308246612549, ""value"": 1.0, ""model_input"": 1.0}, {""feature"": ""name_semantic_max"", ""shap"": -1.272533655166626, ""value"": 0.49801868200302124, ""model_input"": 0.49801868200302124}, {""feature"": ""name_sim_max_pm_dirigeant"", ""shap"": 1.0993279218673706, ""value"": 0.6, ""model_input"": 0.6}, {""feature"": ""type_of_max_name"", ""shap"": 0.48654013872146606, ""value"": 4.0, ""model_input"": 4.0}, {""feature"": ""name_semantic_second"", ""shap"": -0.46164071559906006, ""value"": 0.3016449213027954, ""model_input"": 0.3016449213027954}, {""feature"": ""name_token_overlap_max"", ""shap"": -0.3944042921066284, ""value"": 0.0, ""model_input"": 0.0}, {""feature"": ""addr_levenshtein"", ""shap"": 0.381376177072525, ""value"": 1.0, ""model_input"": 1.0}, {""feature"": ""name_sim_max_etab"", ""shap"": -0.3723941743373871, ""value"": 0.6, ""model_input"": 0.6}, {""feature"": ""addr_jaro"", ""shap"": 0.36679530143737793, ""value"": 1.0, ""model_input"": 1.0}, {""feature"": ""name_addr_consistency"", ""shap"": -0.31420576572418213, ""value"": 0.6, ""model_input"": 0.6}]}"
PORTUGAULE,Rue du Carreau,69960,CORBAS,79102747700011,0.6912451386451721,CORBAS PELLOCH'CLUB,5 IMPASSE DES GERFAUTS,CORBAS,69960,69273,4,"{""bias"": 1.1616770029067993, ""margin"": 0.8059464693069458, ""prob_from_margin"": 0.6912450494960387, ""top"": [{""feature"": ""name_city_overlap_max"", ""shap"": 1.126787781715393, ""value"": 0.5, ""model_input"": 0.5}, {""feature"": ""name_semantic_max"", ""shap"": -0.9993722438812256, ""value"": 0.5587749481201172, ""model_input"": 0.5587749481201172}, {""feature"": ""type_of_max_name"", ""shap"": 0.7673451900482178, ""value"": 7.0, ""model_input"": 7.0}, {""feature"": ""name_semantic_second"", ""shap"": -0.6634879112243652, ""value"": 0.0, ""model_input"": 0.0}, {""feature"": ""name_sim_max_etab"", ""shap"": 0.5509624481201172, ""value"": 0.0, ""model_input"": 0.0}, {""feature"": ""is_siege"", ""shap"": 0.4815398156642914, ""value"": 1.0, ""model_input"": 1.0}, {""feature"": ""addr_levenshtein"", ""shap"": -0.47525396943092346, ""value"": 0.2727272727272727, ""model_input"": 0.2727272727272727}, {""feature"": ""name_token_overlap_max"", ""shap"": -0.38366493582725525, ""value"": 0.0, ""model_input"": 0.0}, {""feature"": ""name_sim_max_pm_dirigeant"", ""shap"": -0.3353014588356018, ""value"": 0.0, ""model_input"": 0.0}, {""feature"": ""addr_token_overlap"", ""shap"": -0.334285706281662, ""value"": 0.0, ""model_input"": 0.0}]}"
PORTUGAULE,Rue du Carreau,69960,CORBAS,91364264100017,0.6863747835159302,CHAVEYRIEUX,2 RUE DU CARREAU,CORBAS,69960,69273,5,"{""bias"": 1.1616770029067993, ""margin"": 0.7832244634628296, ""prob_from_margin"": 0.6863746432100589, ""top"": [{""feature"": ""addr_token_overlap"", ""shap"": 1.5397651195526123, ""value"": 0.75, ""model_input"": 0.75}, {""feature"": ""name_semantic_max"", ""shap"": -0.6230321526527405, ""value"": 0.572048544883728, ""model_input"": 0.572048544883728}, {""feature"": ""name_sim_max_pm_dirigeant"", ""shap"": 0.5280485153198242, ""value"": 0.5750000000000001, ""model_input"": 0.5750000000000001}, {""feature"": ""name_token_overlap_max"", ""shap"": -0.47853681445121765, ""value"": 0.0, ""model_input"": 0.0}, {""feature"": ""name_sim_max_ul"", ""shap"": -0.44108808040618896, ""value"": 0.4212121212121212, ""model_input"": 0.4212121212121212}, {""feature"": ""type_of_max_name"", ""shap"": 0.43341127038002014, ""value"": 4.0, ""model_input"": 4.0}, {""feature"": ""name_addr_consistency"", ""shap"": -0.4038158655166626, ""value"": 0.5099702380952381, ""model_input"": 0.5099702380952381}, {""feature"": ""token_overlap_ul"", ""shap"": -0.3517633378505707, ""value"": 0.0, ""model_input"": 0.0}, {""feature"": ""addr_levenshtein"", ""shap"": 0.2731279730796814, ""value"": 0.875, ""model_input"": 0.875}, {""feature"": ""name_city_overlap_max"", ""shap"": -0.24015949666500092, ""value"": 0.0, ""model_input"": 0.0}]}"
PRIMEURS DU SUD EST,69 Rue Marcel Merieux,69960,CORBAS,78015368000076,0.9997784495353699,VINDRY,69 RUE MARCEL MERIEUX,CORBAS,69960,69273,1,"{""bias"": 1.1616770029067993, ""margin"": 8.414578437805176, ""prob_from_margin"": 0.9997784362115891, ""top"": [{""feature"": ""name_semantic_max"", ""shap"": 2.137730121612549, ""value"": 0.9999998807907104, ""model_input"": 0.9999998807907104}, {""feature"": ""token_overlap_ul"", ""shap"": 0.9287909865379333, ""value"": 1.0, ""model_input"": 1.0}, {""feature"": ""name_token_overlap_max"", ""shap"": 0.9200864434242249, ""value"": 1.0, ""model_input"": 1.0}, {""feature"": ""name_crm_contains_cand_max"", ""shap"": 0.6408805251121521, ""value"": 1.0, ""model_input"": 1.0}, {""feature"": ""addr_token_overlap"", ""shap"": 0.531219482421875, ""value"": 1.0, ""model_input"": 1.0}, {""feature"": ""name_sim_max_pm_dirigeant"", ""shap"": 0.516648530960083, ""value"": 0.5164805954279639, ""model_input"": 0.5164805954279639}, {""feature"": ""street_number_diff"", ""shap"": 0.4648442566394806, ""value"": 0.0, ""model_input"": 0.0}, {""feature"": ""is_siege"", ""shap"": 0.3616667091846466, ""value"": 1.0, ""model_input"": 1.0}, {""feature"": ""addr_jaro"", ""shap"": 0.21482443809509277, ""value"": 1.0, ""model_input"": 1.0}, {""feature"": ""name_sim_max_ul"", ""shap"": 0.18249014019966125, ""value"": 1.0, ""model_input"": 1.0}]}"
PRIMEURS DU SUD EST,69 Rue Marcel Merieux,69960,CORBAS,42037022300034,0.9905698299407959,COULEURS PRIMEURS,69 RUE MARCEL MERIEUX,CORBAS,69960,69273,2,"{""bias"": 1.1616770029067993, ""margin"": 4.654368877410889, ""prob_from_margin"": 0.9905698546427633, ""top"": [{""feature"": ""addr_token_overlap"", ""shap"": 0.9577105045318604, ""value"": 1.0, ""model_input"": 1.0}, {""feature"": ""street_number_diff"", ""shap"": 0.9453188180923462, ""value"": 0.0, ""model_input"": 0.0}, {""feature"": ""name_sim_max_etab"", ""shap"": 0.5514447689056396, ""value"": 0.41592442645074224, ""model_input"": 0.41592442645074224}, {""feature"": ""addr_jaro"", ""shap"": 0.4820089042186737, ""value"": 1.0, ""model_input"": 1.0}, {""feature"": ""token_overlap_ul"", ""shap"": 0.465339720249176, ""value"": 0.3333333333333333, ""model_input"": 0.3333333333333333}, {""feature"": ""type_of_max_name"", ""shap"": 0.45246610045433044, ""value"": 7.0, ""model_input"": 7.0}, {""feature"": ""name_semantic_second"", ""shap"": -0.3643266558647156, ""value"": 0.32409292459487915, ""model_input"": 0.32409292459487915}, {""feature"": ""name_sim_max_pm_dirigeant"", ""shap"": 0.290311723947525, ""value"": 0.41592442645074224, ""model_input"": 0.41592442645074224}, {""feature"": ""name_semantic_max"", ""shap"": 0.24250513315200806, ""value"": 0.5955793857574463, ""model_input"": 0.5955793857574463}, {""feature"": ""name_levenshtein_max"", ""shap"": -0.23998847603797913, ""value"": 0.3157894736842105, ""model_input"": 0.3157894736842105}]}"
PRIMEURS DU SUD EST,69 Rue Marcel Merieux,69960,CORBAS,97250554900022,0.9892816543579102,MILAN PRIMEURS,69 RUE MARCEL MERIEUX,CORBAS,69960,69273,3,"{""bias"": 1.1616770029067993, ""margin"": 4.525019645690918, ""prob_from_margin"": 0.9892816266499531, ""top"": [{""feature"": ""addr_token_overlap"", ""shap"": 0.9454020261764526, ""value"": 1.0, ""model_input"": 1.0}, {""feature"": ""street_number_diff"", ""shap"": 0.8739171624183655, ""value"": 0.0, ""model_input"": 0.0}, {""feature"": ""name_semantic_max"", ""shap"": 0.5930843949317932, ""value"": 0.623940110206604, ""model_input"": 0.623940110206604}, {""feature"": ""token_overlap_ul"", ""shap"": 0.3970341384410858, ""value"": 0.3333333333333333, ""model_input"": 0.3333333333333333}, {""feature"": ""name_addr_consistency"", ""shap"": -0.3809986412525177, ""value"": 0.5573656363130047, ""model_input"": 0.5573656363130047}, {""feature"": ""type_of_max_name"", ""shap"": 0.3263550102710724, ""value"": 7.0, ""model_input"": 7.0}, {""feature"": ""addr_jaro"", ""shap"": 0.32533299922943115, ""value"": 1.0, ""model_input"": 1.0}, {""feature"": ""addr_levenshtein"", ""shap"": 0.30389726161956787, ""value"": 1.0, ""model_input"": 1.0}, {""feature"": ""name_sim_max_pm_dirigeant"", ""shap"": 0.2873291075229645, ""value"": 0.45175438596491224, ""model_input"": 0.45175438596491224}, {""feature"": ""name_city_overlap_max"", ""shap"": -0.1837107092142105, ""value"": 0.0, ""model_input"": 0.0}]}"
PRIMEURS DU SUD EST,69 Rue Marcel Merieux,69960,CORBAS,79410910800017,0.9848986268043518,GESCO PRIMEURS,69 RUE MARCEL MERIEUX,CORBAS,69960,69273,4,"{""bias"": 1.1616770029067993, ""margin"": 4.177750587463379, ""prob_from_margin"": 0.9848985903398724, ""top"": [{""feature"": ""addr_token_overlap"", ""shap"": 1.1283663511276245, ""value"": 1.0, ""model_input"": 1.0}, {""feature"": ""name_semantic_max"", ""shap"": -1.0707966089248657, ""value"": 0.5172519683837891, ""model_input"": 0.5172519683837891}, {""feature"": ""street_number_diff"", ""shap"": 1.007055401802063, ""value"": 0.0, ""model_input"": 0.0}, {""feature"": ""name_sim_max_etab"", ""shap"": 0.7857372760772705, ""value"": 0.0, ""model_input"": 0.0}, {""feature"": ""addr_jaro"", ""shap"": 0.5592971444129944, ""value"": 1.0, ""model_input"": 1.0}, {""feature"": ""type_of_max_name"", ""shap"": 0.4932914972305298, ""value"": 7.0, ""model_input"": 7.0}, {""feature"": ""addr_levenshtein"", ""shap"": 0.4809229373931885, ""value"": 1.0, ""model_input"": 1.0}, {""feature"": ""name_sim_max_pm_dirigeant"", ""shap"": -0.46203628182411194, ""value"": 0.0, ""model_input"": 0.0}, {""feature"": ""token_overlap_ul"", ""shap"": 0.44125592708587646, ""value"": 0.3333333333333333, ""model_input"": 0.3333333333333333}, {""feature"": ""name_semantic_second"", ""shap"": -0.32084769010543823, ""value"": 0.0, ""model_input"": 0.0}]}"
PRIMEURS DU SUD EST,69 Rue Marcel Merieux,69960,CORBAS,82891506600017,0.9837566614151001,FEL'SUCCES,69 RUE MARCEL MERIEUX,CORBAS,69960,69273,5,"{""bias"": 1.1616770029067993, ""margin"": 4.103698253631592, ""prob_from_margin"": 0.9837567025457025, ""top"": [{""feature"": ""name_semantic_max"", ""shap"": 1.579500675201416, ""value"": 0.7318416833877563, ""model_input"": 0.7318416833877563}, {""feature"": ""name_semantic_second"", ""shap"": 1.0815740823745728, ""value"": 0.6830364465713501, ""model_input"": 0.6830364465713501}, {""feature"": ""addr_token_overlap"", ""shap"": 0.9328334927558899, ""value"": 1.0, ""model_input"": 1.0}, {""feature"": ""street_number_diff"", ""shap"": 0.8929709792137146, ""value"": 0.0, ""model_input"": 0.0}, {""feature"": ""name_count"", ""shap"": -0.8404673337936401, ""value"": 22.0, ""model_input"": 22.0}, {""feature"": ""name_sim_max_etab"", ""shap"": -0.6077197790145874, ""value"": 0.6985272545913278, ""model_input"": 0.6985272545913278}, {""feature"": ""token_overlap_ul"", ""shap"": -0.47986680269241333, ""value"": 0.0, ""model_input"": 0.0}, {""feature"": ""name_sim_max_pm_dirigeant"", ""shap"": 0.4728316068649292, ""value"": 0.6985272545913278, ""model_input"": 0.6985272545913278}, {""feature"": ""addr_levenshtein"", ""shap"": 0.28614524006843567, ""value"": 1.0, ""model_input"": 1.0}, {""feature"": ""addr_jaro"", ""shap"": 0.2666543424129486, ""value"": 1.0, ""model_input"": 1.0}]}"
PROVIDIS SIEGE,11 Rue Marcel Mérieux,69960,CORBAS,42228238400037,0.9982925057411194,PROVIDIS LOGISTIQUE,11 RUE MARCEL MERIEUX,CORBAS,69960,69273,1,"{""bias"": 1.1616770029067993, ""margin"": 6.37099027633667, ""prob_from_margin"": 0.9982924561392135, ""top"": [{""feature"": ""name_semantic_max"", ""shap"": 2.314441442489624, ""value"": 0.8448797464370728, ""model_input"": 0.8448797464370728}, {""feature"": ""street_number_diff"", ""shap"": 0.5994903445243835, ""value"": 0.0, ""model_input"": 0.0}, {""feature"": ""addr_token_overlap"", ""shap"": 0.588659942150116, ""value"": 1.0, ""model_input"": 1.0}, {""feature"": ""name_token_overlap_max"", ""shap"": 0.5400412082672119, ""value"": 0.3333333333333333, ""model_input"": 0.3333333333333333}, {""feature"": ""name_sim_max_pm_dirigeant"", ""shap"": 0.4403272867202759, ""value"": 0.4682539682539682, ""model_input"": 0.4682539682539682}, {""feature"": ""token_overlap_ul"", ""shap"": 0.2634897232055664, ""value"": 0.5, ""model_input"": 0.5}, {""feature"": ""addr_jaro"", ""shap"": 0.25892946124076843, ""value"": 1.0, ""model_input"": 1.0}, {""feature"": ""addr_levenshtein"", ""shap"": 0.2028191238641739, ""value"": 1.0, ""model_input"": 1.0}, {""feature"": ""name_sim_max_etab"", ""shap"": 0.17618991434574127, ""value"": 0.4682539682539682, ""model_input"": 0.4682539682539682}, {""feature"": ""name_city_overlap_max"", ""shap"": -0.1456535905599594, ""value"": 0.0, ""model_input"": 0.0}]}"
PROVIDIS SIEGE,11 Rue Marcel Mérieux,69960,CORBAS,82843700400017,0.9914639592170715,SICOVIDIS,11 RUE MARCEL MERIEUX,CORBAS,69960,69273,2,"{""bias"": 1.1616770029067993, ""margin"": 4.754885673522949, ""prob_from_margin"": 0.9914639623291847, ""top"": [{""feature"": ""name_semantic_max"", ""shap"": 2.254497528076172, ""value"": 0.7515208721160889, ""model_input"": 0.7515208721160889}, {""feature"": ""name_sim_max_etab"", ""shap"": 1.0010122060775757, ""value"": 0.0, ""model_input"": 0.0}, {""feature"": ""street_number_diff"", ""shap"": 0.9292428493499756, ""value"": 0.0, ""model_input"": 0.0}, {""feature"": ""addr_token_overlap"", ""shap"": 0.8144368529319763, ""value"": 1.0, ""model_input"": 1.0}, {""feature"": ""addr_jaro"", ""shap"": 0.4475162923336029, ""value"": 1.0, ""model_input"": 1.0}, {""feature"": ""name_sim_max_pm_dirigeant"", ""shap"": -0.42073023319244385, ""value"": 0.0, ""model_input"": 0.0}, {""feature"": ""name_semantic_second"", ""shap"": -0.38211262226104736, ""value"": 0.0, ""model_input"": 0.0}, {""feature"": ""addr_levenshtein"", ""shap"": 0.3737304210662842, ""value"": 1.0, ""model_input"": 1.0}, {""feature"": ""name_length_max"", ""shap"": -0.29377585649490356, ""value"": 9.0, ""model_input"": 9.0}, {""feature"": ""token_overlap_ul"", ""shap"": -0.29288309812545776, ""value"": 0.0, ""model_input"": 0.0}]}"
PROVIDIS SIEGE,11 Rue Marcel Mérieux,69960,CORBAS,53880777700015,0.9744934439659119,JARDINS ET VERGERS DISTRIBUTION,11 RUE MARCEL MERIEUX,CORBAS,69960,69273,3,"{""bias"": 1.1616770029067993, ""margin"": 3.6429810523986816, ""prob_from_margin"": 0.9744934136306044, ""top"": [{""feature"": ""addr_token_overlap"", ""shap"": 1.3167649507522583, ""value"": 1.0, ""model_input"": 1.0}, {""feature"": ""street_number_diff"", ""shap"": 1.1606112718582153, ""value"": 0.0, ""model_input"": 0.0}, {""feature"": ""name_semantic_max"", ""shap"": -1.1306564807891846, ""value"": 0.5131523609161377, ""model_input"": 0.5131523609161377}, {""feature"": ""name_sim_max_etab"", ""shap"": 0.805698812007904, ""value"": 0.0, ""model_input"": 0.0}, {""feature"": ""addr_jaro"", ""shap"": 0.5985642075538635, ""value"": 1.0, ""model_input"": 1.0}, {""feature"": ""type_of_max_name"", ""shap"": 0.5728138089179993, ""value"": 7.0, ""model_input"": 7.0}, {""feature"": ""addr_levenshtein"", ""shap"": 0.5165637135505676, ""value"": 1.0, ""model_input"": 1.0}, {""feature"": ""name_sim_max_pm_dirigeant"", ""shap"": -0.39011120796203613, ""value"": 0.0, ""model_input"": 0.0}, {""feature"": ""name_semantic_second"", ""shap"": -0.35674282908439636, ""value"": 0.0, ""model_input"": 0.0}, {""feature"": ""name_token_overlap_max"", ""shap"": -0.32709115743637085, ""value"": 0.0, ""model_input"": 0.0}]}"
PROVIDIS SIEGE,11 Rue Marcel Mérieux,69960,CORBAS,49112982100030,0.9679439663887024,CF CHAMPAGNE,11 RUE MARCEL MERIEUX,CORBAS,69960,69273,4,"{""bias"": 1.1616770029067993, ""margin"": 3.407691478729248, ""prob_from_margin"": 0.967944050194614, ""top"": [{""feature"": ""name_semantic_max"", ""shap"": -2.2983756065368652, ""value"": 0.32794424891471863, ""model_input"": 0.32794424891471863}, {""feature"": ""addr_token_overlap"", ""shap"": 1.4204485416412354, ""value"": 1.0, ""model_input"": 1.0}, {""feature"": ""street_number_diff"", ""shap"": 0.8841191530227661, ""value"": 0.0, ""model_input"": 0.0}, {""feature"": ""addr_jaro"", ""shap"": 0.8300479054450989, ""value"": 1.0, ""model_input"": 1.0}, {""feature"": ""name_sim_max_etab"", ""shap"": 0.8225287795066833, ""value"": 0.0, ""model_input"": 0.0}, {""feature"": ""name_addr_consistency"", ""shap"": 0.8104649782180786, ""value"": 0.376984126984127, ""model_input"": 0.376984126984127}, {""feature"": ""addr_levenshtein"", ""shap"": 0.7075877785682678, ""value"": 1.0, ""model_input"": 1.0}, {""feature"": ""name_levenshtein_max"", ""shap"": 0.5065374970436096, ""value"": 0.0714285714285714, ""model_input"": 0.0714285714285714}, {""feature"": ""name_semantic_second"", ""shap"": -0.42677825689315796, ""value"": 0.0, ""model_input"": 0.0}, {""feature"": ""name_sim_max_pm_dirigeant"", ""shap"": -0.4042336642742157, ""value"": 0.0, ""model_input"": 0.0}]}"
PROVIDIS SIEGE,11 Rue Marcel Mérieux,69960,CORBAS,89760414600018,0.9598836898803711,FRANKLIN,11 RUE MARCEL MERIEUX,CORBAS,69960,69273,5,"{""bias"": 1.1616770029067993, ""margin"": 3.17503023147583, ""prob_from_margin"": 0.9598837321801544, ""top"": [{""feature"": ""addr_token_overlap"", ""shap"": 1.24138605594635, ""value"": 1.0, ""model_input"": 1.0}, {""feature"": ""street_number_diff"", ""shap"": 1.175918698310852, ""value"": 0.0, ""model_input"": 0.0}, {""feature"": ""addr_jaro"", ""shap"": 0.5853569507598877, ""value"": 1.0, ""model_input"": 1.0}, {""feature"": ""addr_levenshtein"", ""shap"": 0.4668148159980774, ""value"": 1.0, ""model_input"": 1.0}, {""feature"": ""name_sim_max_pm_dirigeant"", ""shap"": 0.46672293543815613, ""value"": 0.5714285714285715, ""model_input"": 0.5714285714285715}, {""feature"": ""type_of_max_name"", ""shap"": 0.4613178074359894, ""value"": 4.0, ""model_input"": 4.0}, {""feature"": ""name_count"", ""shap"": -0.3425122797489166, ""value"": 4.0, ""model_input"": 4.0}, {""feature"": ""name_token_overlap_max"", ""shap"": -0.3373698592185974, ""value"": 0.0, ""model_input"": 0.0}, {""feature"": ""name_semantic_second"", ""shap"": -0.33010557293891907, ""value"": 0.4151245653629303, ""model_input"": 0.4151245653629303}, {""feature"": ""token_overlap_ul"", ""shap"": -0.3146885633468628, ""value"": 0.0, ""model_input"": 0.0}]}"
RACINE,Chemin des Pépinières,69150,DECINES-CHARPIEU,90861060300015,0.9939740300178528,25 RACINE,16 RUE DES MIMOSAS,DECINES-CHARPIEU,69150,69275,1,"{""bias"": 1.1616770029067993, ""margin"": 5.1056365966796875, ""prob_from_margin"": 0.9939740538351602, ""top"": [{""feature"": ""name_semantic_max"", ""shap"": 2.534675359725952, ""value"": 0.8054734468460083, ""model_input"": 0.8054734468460083}, {""feature"": ""name_sim_max_etab"", ""shap"": 1.08036470413208, ""value"": 0.0, ""model_input"": 0.0}, {""feature"": ""name_token_overlap_max"", ""shap"": 1.0802741050720215, ""value"": 0.5, ""model_input"": 0.5}, {""feature"": ""token_overlap_ul"", ""shap"": 1.0418789386749268, ""value"": 1.0, ""model_input"": 1.0}, {""feature"": ""name_sim_max_pm_dirigeant"", ""shap"": -0.517515242099762, ""value"": 0.0, ""model_input"": 0.0}, {""feature"": ""name_addr_consistency"", ""shap"": -0.42895597219467163, ""value"": 0.4397413286302175, ""model_input"": 0.4397413286302175}, {""feature"": ""name_length_max"", ""shap"": -0.4145461916923523, ""value"": 9.0, ""model_input"": 9.0}, {""feature"": ""addr_token_overlap"", ""shap"": -0.3488364815711975, ""value"": 0.16666666666666666, ""model_input"": 0.16666666666666666}, {""feature"": ""addr_jaro"", ""shap"": -0.30460870265960693, ""value"": 0.4947089947089947, ""model_input"": 0.4947089947089947}, {""feature"": ""name_semantic_second"", ""shap"": -0.296746164560318, ""value"": 0.0, ""model_input"": 0.0}]}"
RACINE,Chemin des Pépinières,69150,DECINES-CHARPIEU,81492147400023,0.6924625039100647,MJ2G,3 RUE MICHEL SERVET,DECINES-CHARPIEU,69150,69275,2,"{""bias"": 1.1616770029067993, ""margin"": 0.8116568326950073, ""prob_from_margin"": 0.6924624528840543, ""top"": [{""feature"": ""name_semantic_max"", ""shap"": -1.919187307357788, ""value"": 0.37017709016799927, ""model_input"": 0.37017709016799927}, {""feature"": ""name_jaro_max"", ""shap"": 0.7944973111152649, ""value"": 0.0, ""model_input"": 0.0}, {""feature"": ""name_addr_consistency"", ""shap"": 0.7535668015480042, ""value"": 0.0, ""model_input"": 0.0}, {""feature"": ""name_sim_max_ul"", ""shap"": -0.6655750274658203, ""value"": 0.0, ""model_input"": 0.0}, {""feature"": ""name_sim_max_etab"", ""shap"": 0.6422012448310852, ""value"": 0.0, ""model_input"": 0.0}, {""feature"": ""type_of_max_name"", ""shap"": 0.5924540162086487, ""value"": 7.0, ""model_input"": 7.0}, {""feature"": ""addr_token_overlap"", ""shap"": -0.42877402901649475, ""value"": 0.0, ""model_input"": 0.0}, {""feature"": ""street_number_diff"", ""shap"": 0.4285902678966522, ""value"": 9999.0, ""model_input"": 9999.0}, {""feature"": ""token_overlap_ul"", ""shap"": -0.3850446343421936, ""value"": 0.0, ""model_input"": 0.0}, {""feature"": ""name_levenshtein_max"", ""shap"": 0.3757791519165039, ""value"": 0.0, ""model_input"": 0.0}]}"
RACINE,Chemin des Pépinières,69150,DECINES-CHARPIEU,90315698200014,0.515333890914917,NEJP,205 AVENUE JEAN JAURES,DECINES-CHARPIEU,69150,69275,3,"{""bias"": 1.1616770029067993, ""margin"": 0.061354637145996094, ""prob_from_margin"": 0.5153338493705791, ""top"": [{""feature"": ""name_semantic_max"", ""shap"": -1.706050157546997, ""value"": 0.43032407760620117, ""model_input"": 0.43032407760620117}, {""feature"": ""name_jaro_max"", ""shap"": 0.9672302007675171, ""value"": 0.0, ""model_input"": 0.0}, {""feature"": ""name_sim_max_ul"", ""shap"": -0.7339904308319092, ""value"": 0.0, ""model_input"": 0.0}, {""feature"": ""name_sim_max_etab"", ""shap"": 0.6661487221717834, ""value"": 0.0, ""model_input"": 0.0}, {""feature"": ""type_of_max_name"", ""shap"": 0.6608623266220093, ""value"": 7.0, ""model_input"": 7.0}, {""feature"": ""name_addr_consistency"", ""shap"": 0.5590319633483887, ""value"": 0.0, ""model_input"": 0.0}, {""feature"": ""addr_jaro"", ""shap"": -0.5081626772880554, ""value"": 0.5769119769119769, ""model_input"": 0.5769119769119769}, {""feature"": ""name_semantic_second"", ""shap"": -0.40363195538520813, ""value"": 0.0, ""model_input"": 0.0}, {""feature"": ""token_overlap_ul"", ""shap"": -0.38713642954826355, ""value"": 0.0, ""model_input"": 0.0}, {""feature"": ""addr_token_overlap"", ""shap"": -0.3794806897640228, ""value"": 0.0, ""model_input"": 0.0}]}"
RACINE,Chemin des Pépinières,69150,DECINES-CHARPIEU,45108099800029,0.5007730722427368,SYJO,216 AVENUE JEAN JAURES,DECINES-CHARPIEU,69150,69275,4,"{""bias"": 1.1616770029067993, ""margin"": 0.0030924081802368164, ""prob_from_margin"": 0.5007731014289626, ""top"": [{""feature"": ""name_semantic_max"", ""shap"": -1.4498475790023804, ""value"": 0.4751523733139038, ""model_input"": 0.4751523733139038}, {""feature"": ""name_jaro_max"", ""shap"": 0.9081259965896606, ""value"": 0.0, ""model_input"": 0.0}, {""feature"": ""type_of_max_name"", ""shap"": 0.7799327373504639, ""value"": 7.0, ""model_input"": 7.0}, {""feature"": ""name_sim_max_ul"", ""shap"": -0.7168915867805481, ""value"": 0.0, ""model_input"": 0.0}, {""feature"": ""name_sim_max_etab"", ""shap"": 0.6758680939674377, ""value"": 0.0, ""model_input"": 0.0}, {""feature"": ""addr_jaro"", ""shap"": -0.4580841362476349, ""value"": 0.5769119769119769, ""model_input"": 0.5769119769119769}, {""feature"": ""name_semantic_second"", ""shap"": -0.4130812883377075, ""value"": 0.0, ""model_input"": 0.0}, {""feature"": ""token_overlap_ul"", ""shap"": -0.4010528028011322, ""value"": 0.0, ""model_input"": 0.0}, {""feature"": ""name_token_overlap_max"", ""shap"": -0.3797509968280792, ""value"": 0.0, ""model_input"": 0.0}, {""feature"": ""name_count"", ""shap"": 0.3612052798271179, ""value"": 1.0, ""model_input"": 1.0}]}"
RACINE,Chemin des Pépinières,69150,DECINES-CHARPIEU,79451537900038,0.47844070196151733,TERELLIA,16 RUE PAUL ET MARC BARBEZAT,DECINES-CHARPIEU,69150,69275,5,"{""bias"": 1.1616770029067993, ""margin"": -0.0862889289855957, ""prob_from_margin"": 0.4784411429680974, ""top"": [{""feature"": ""name_semantic_max"", ""shap"": -2.074193000793457, ""value"": 0.4413134455680847, ""model_input"": 0.4413134455680847}, {""feature"": ""name_sim_max_pm_dirigeant"", ""shap"": 0.7534234523773193, ""value"": 0.5338983050847458, ""model_input"": 0.5338983050847458}, {""feature"": ""type_of_max_name"", ""shap"": 0.5541335344314575, ""value"": 4.0, ""model_input"": 4.0}, {""feature"": ""name_token_overlap_max"", ""shap"": -0.47124066948890686, ""value"": 0.0, ""model_input"": 0.0}, {""feature"": ""street_number_diff"", ""shap"": 0.44285503029823303, ""value"": 9999.0, ""model_input"": 9999.0}, {""feature"": ""addr_token_overlap"", ""shap"": -0.40401408076286316, ""value"": 0.0, ""model_input"": 0.0}, {""feature"": ""token_overlap_ul"", ""shap"": -0.36525389552116394, ""value"": 0.0, ""model_input"": 0.0}, {""feature"": ""name_count"", ""shap"": 0.36145126819610596, ""value"": 2.0, ""model_input"": 2.0}, {""feature"": ""addr_levenshtein"", ""shap"": -0.31172287464141846, ""value"": 0.1785714285714286, ""model_input"": 0.1785714285714286}, {""feature"": ""name_addr_consistency"", ""shap"": 0.26136672496795654, ""value"": 0.2298728813559322, ""model_input"": 0.2298728813559322}]}"
RAS INTERIM,5 Rue du Mont-Blanc,69960,CORBAS,79470553300063,0.9975764155387878,RAS 250,5 RUE DU MONT BLANC,CORBAS,69960,69273,1,"{""bias"": 1.1616770029067993, ""margin"": 6.0200958251953125, ""prob_from_margin"": 0.9975764510762839, ""top"": [{""feature"": ""name_semantic_max"", ""shap"": 2.153445243835449, ""value"": 0.8229914903640747, ""model_input"": 0.8229914903640747}, {""feature"": ""name_token_overlap_max"", ""shap"": 0.8865910172462463, ""value"": 0.5, ""model_input"": 0.5}, {""feature"": ""addr_token_overlap"", ""shap"": 0.7757193446159363, ""value"": 1.0, ""model_input"": 1.0}, {""feature"": ""name_sim_max_etab"", ""shap"": -0.7281190752983093, ""value"": 0.8303030303030302, ""model_input"": 0.8303030303030302}, {""feature"": ""name_sim_max_pm_dirigeant"", ""shap"": 0.6077108979225159, ""value"": 0.8303030303030302, ""model_input"": 0.8303030303030302}, {""feature"": ""name_semantic_second"", ""shap"": 0.5325274467468262, ""value"": 0.756056547164917, ""model_input"": 0.756056547164917}, {""feature"": ""name_crm_contains_cand_max"", ""shap"": 0.49922218918800354, ""value"": 1.0, ""model_input"": 1.0}, {""feature"": ""street_number_diff"", ""shap"": 0.4589100182056427, ""value"": 0.0, ""model_input"": 0.0}, {""feature"": ""token_overlap_ul"", ""shap"": 0.3544124662876129, ""value"": 0.5, ""model_input"": 0.5}, {""feature"": ""name_length_max"", ""shap"": -0.34876078367233276, ""value"": 3.0, ""model_input"": 3.0}]}"
RAS INTERIM,5 Rue du Mont-Blanc,69960,CORBAS,96950856302469,0.9975191354751587,RAS,5 RUE DU MONT BLANC,CORBAS,69960,69273,2,"{""bias"": 1.1616770029067993, ""margin"": 5.996660232543945, ""prob_from_margin"": 0.9975191255730503, ""top"": [{""feature"": ""name_semantic_max"", ""shap"": 2.3291940689086914, ""value"": 0.8229914903640747, ""model_input"": 0.8229914903640747}, {""feature"": ""name_sim_max_pm_dirigeant"", ""shap"": 1.112666368484497, ""value"": 0.5757575757575758, ""model_input"": 0.5757575757575758}, {""feature"": ""name_token_overlap_max"", ""shap"": 1.0526243448257446, ""value"": 0.5, ""model_input"": 0.5}, {""feature"": ""name_count"", ""shap"": -0.9699926972389221, ""value"": 6.0, ""model_input"": 6.0}, {""feature"": ""addr_token_overlap"", ""shap"": 0.6218031644821167, ""value"": 1.0, ""model_input"": 1.0}, {""feature"": ""name_crm_contains_cand_max"", ""shap"": 0.6032504439353943, ""value"": 1.0, ""model_input"": 1.0}, {""feature"": ""token_overlap_ul"", ""shap"": 0.5568937659263611, ""value"": 0.5, ""model_input"": 0.5}, {""feature"": ""street_number_diff"", ""shap"": 0.4347516894340515, ""value"": 0.0, ""model_input"": 0.0}, {""feature"": ""name_semantic_second"", ""shap"": -0.39644497632980347, ""value"": 0.3943262994289398, ""model_input"": 0.3943262994289398}, {""feature"": ""name_length_max"", ""shap"": -0.312773197889328, ""value"": 3.0, ""model_input"": 3.0}]}"
RAS INTERIM,5 Rue du Mont-Blanc,69960,CORBAS,32237493500086,0.9659111499786377,RAS,14 RUE MARCEL MERIEUX,CORBAS,69960,69273,3,"{""bias"": 1.1616770029067993, ""margin"": 3.3441009521484375, ""prob_from_margin"": 0.9659111319146093, ""top"": [{""feature"": ""name_semantic_max"", ""shap"": 2.577751874923706, ""value"": 0.8229914903640747, ""model_input"": 0.8229914903640747}, {""feature"": ""name_token_overlap_max"", ""shap"": 1.538033127784729, ""value"": 0.5, ""model_input"": 0.5}, {""feature"": ""name_sim_max_pm_dirigeant"", ""shap"": 1.1953494548797607, ""value"": 0.6412337662337663, ""model_input"": 0.6412337662337663}, {""feature"": ""name_sim_max_etab"", ""shap"": -0.8069505095481873, ""value"": 0.6412337662337663, ""model_input"": 0.6412337662337663}, {""feature"": ""name_addr_consistency"", ""shap"": -0.7660823464393616, ""value"": 0.4988754715070504, ""model_input"": 0.4988754715070504}, {""feature"": ""name_crm_contains_cand_max"", ""shap"": 0.7473005056381226, ""value"": 1.0, ""model_input"": 1.0}, {""feature"": ""addr_token_overlap"", ""shap"": -0.685042142868042, ""value"": 0.125, ""model_input"": 0.125}, {""feature"": ""street_number_diff"", ""shap"": -0.6450541019439697, ""value"": 9.0, ""model_input"": 9.0}, {""feature"": ""token_overlap_ul"", ""shap"": 0.6187068223953247, ""value"": 0.5, ""model_input"": 0.5}, {""feature"": ""name_length_max"", ""shap"": -0.6059103012084961, ""value"": 3.0, ""model_input"": 3.0}]}"
RAS INTERIM,5 Rue du Mont-Blanc,69960,CORBAS,96950270700025,0.9266894459724426,COBOLY,5 RUE DU MONT BLANC,CORBAS,69960,69273,4,"{""bias"": 1.1616770029067993, ""margin"": 2.5369153022766113, ""prob_from_margin"": 0.926689540071402, ""top"": [{""feature"": ""addr_token_overlap"", ""shap"": 1.2559337615966797, ""value"": 1.0, ""model_input"": 1.0}, {""feature"": ""name_semantic_max"", ""shap"": -1.1369433403015137, ""value"": 0.4935029447078705, ""model_input"": 0.4935029447078705}, {""feature"": ""street_number_diff"", ""shap"": 0.9460590481758118, ""value"": 0.0, ""model_input"": 0.0}, {""feature"": ""name_sim_max_pm_dirigeant"", ""shap"": 0.8368987441062927, ""value"": 0.5131313131313131, ""model_input"": 0.5131313131313131}, {""feature"": ""type_of_max_name"", ""shap"": 0.5535413026809692, ""value"": 7.0, ""model_input"": 7.0}, {""feature"": ""addr_jaro"", ""shap"": 0.5298563838005066, ""value"": 1.0, ""model_input"": 1.0}, {""feature"": ""name_semantic_second"", ""shap"": -0.48781922459602356, ""value"": 0.2387286126613617, ""model_input"": 0.2387286126613617}, {""feature"": ""addr_levenshtein"", ""shap"": 0.4519641101360321, ""value"": 1.0, ""model_input"": 1.0}, {""feature"": ""name_addr_consistency"", ""shap"": -0.3908310830593109, ""value"": 0.5228296478296478, ""model_input"": 0.5228296478296478}, {""feature"": ""name_length_max"", ""shap"": 0.33492419123649597, ""value"": 37.0, ""model_input"": 37.0}]}"
RAS INTERIM,5 Rue du Mont-Blanc,69960,CORBAS,93841560100013,0.8459867238998413,ECORENOVHABITAT,5 RUE DU MONT BLANC,CORBAS,69960,69273,5,"{""bias"": 1.1616770029067993, ""margin"": 1.7034653425216675, ""prob_from_margin"": 0.8459867868273809, ""top"": [{""feature"": ""name_semantic_max"", ""shap"": -2.512213706970215, ""value"": 0.35863882303237915, ""model_input"": 0.35863882303237915}, {""feature"": ""addr_token_overlap"", ""shap"": 1.2156299352645874, ""value"": 1.0, ""model_input"": 1.0}, {""feature"": ""street_number_diff"", ""shap"": 1.0668625831604004, ""value"": 0.0, ""model_input"": 0.0}, {""feature"": ""name_sim_max_etab"", ""shap"": 0.7644971013069153, ""value"": 0.0, ""model_input"": 0.0}, {""feature"": ""addr_jaro"", ""shap"": 0.7241070866584778, ""value"": 1.0, ""model_input"": 1.0}, {""feature"": ""addr_levenshtein"", ""shap"": 0.6019328236579895, ""value"": 1.0, ""model_input"": 1.0}, {""feature"": ""name_sim_max_pm_dirigeant"", ""shap"": -0.4156475067138672, ""value"": 0.0, ""model_input"": 0.0}, {""feature"": ""type_of_max_name"", ""shap"": 0.4111247956752777, ""value"": 7.0, ""model_input"": 7.0}, {""feature"": ""name_semantic_second"", ""shap"": -0.40904051065444946, ""value"": 0.0, ""model_input"": 0.0}, {""feature"": ""name_token_overlap_max"", ""shap"": -0.3528410792350769, ""value"": 0.0, ""model_input"": 0.0}]}"
REP,15 RUE DU DAUPHINE,69960,CORBAS,40013180100013,0.9983252882957458,REP INTERNATIONAL,15 RUE DU DAUPHINE,CORBAS,69960,69273,1,"{""bias"": 1.1616770029067993, ""margin"": 6.390468120574951, ""prob_from_margin"": 0.9983253384368168, ""top"": [{""feature"": ""name_semantic_max"", ""shap"": 1.9551060199737549, ""value"": 0.8308135271072388, ""model_input"": 0.8308135271072388}, {""feature"": ""name_sim_max_pm_dirigeant"", ""shap"": 0.9107999205589294, ""value"": 0.5763888888888888, ""model_input"": 0.5763888888888888}, {""feature"": ""name_token_overlap_max"", ""shap"": 0.8643893599510193, ""value"": 0.5, ""model_input"": 0.5}, {""feature"": ""token_overlap_ul"", ""shap"": 0.8600882887840271, ""value"": 1.0, ""model_input"": 1.0}, {""feature"": ""addr_token_overlap"", ""shap"": 0.5289081931114197, ""value"": 1.0, ""model_input"": 1.0}, {""feature"": ""street_number_diff"", ""shap"": 0.46683213114738464, ""value"": 0.0, ""model_input"": 0.0}, {""feature"": ""name_sim_max_etab"", ""shap"": -0.24380521476268768, ""value"": 0.5763888888888888, ""model_input"": 0.5763888888888888}, {""feature"": ""addr_jaro"", ""shap"": 0.22192831337451935, ""value"": 1.0, ""model_input"": 1.0}, {""feature"": ""type_of_max_name"", ""shap"": 0.21268542110919952, ""value"": 7.0, ""model_input"": 7.0}, {""feature"": ""is_siege"", ""shap"": 0.19913765788078308, ""value"": 1.0, ""model_input"": 1.0}]}"
REP,15 RUE DU DAUPHINE,69960,CORBAS,52035529800032,0.9087588787078857,PIERRON ASCO & CELDA,15 RUE DU DAUPHINE,CORBAS,69960,69273,2,"{""bias"": 1.1616770029067993, ""margin"": 2.2985734939575195, ""prob_from_margin"": 0.9087588274437202, ""top"": [{""feature"": ""name_semantic_max"", ""shap"": -1.9747724533081055, ""value"": 0.43846139311790466, ""model_input"": 0.43846139311790466}, {""feature"": ""addr_token_overlap"", ""shap"": 1.2549983263015747, ""value"": 1.0, ""model_input"": 1.0}, {""feature"": ""street_number_diff"", ""shap"": 1.071367859840393, ""value"": 0.0, ""model_input"": 0.0}, {""feature"": ""name_sim_max_pm_dirigeant"", ""shap"": 0.8131204843521118, ""value"": 0.5793650793650794, ""model_input"": 0.5793650793650794}, {""feature"": ""addr_jaro"", ""shap"": 0.6367218494415283, ""value"": 1.0, ""model_input"": 1.0}, {""feature"": ""addr_levenshtein"", ""shap"": 0.5403599739074707, ""value"": 1.0, ""model_input"": 1.0}, {""feature"": ""type_of_max_name"", ""shap"": 0.3325100243091583, ""value"": 7.0, ""model_input"": 7.0}, {""feature"": ""name_token_overlap_max"", ""shap"": -0.3095669448375702, ""value"": 0.0, ""model_input"": 0.0}, {""feature"": ""token_overlap_ul"", ""shap"": -0.2689204514026642, ""value"": 0.0, ""model_input"": 0.0}, {""feature"": ""name_jaro_second"", ""shap"": -0.23416364192962646, ""value"": 0.5793650793650794, ""model_input"": 0.5793650793650794}]}"
REP,15 RUE DU DAUPHINE,69960,CORBAS,52837424200014,0.8977446556091309,SCC,PL CHARLES JOCTEUR,CORBAS,69960,69273,3,"{""bias"": 1.1616770029067993, ""margin"": 2.172414779663086, ""prob_from_margin"": 0.8977448539969017, ""top"": [{""feature"": ""name_semantic_max"", ""shap"": -1.2774854898452759, ""value"": 0.4996708631515503, ""model_input"": 0.4996708631515503}, {""feature"": ""name_sim_max_ul"", ""shap"": -0.815108060836792, ""value"": 0.0, ""model_input"": 0.0}, {""feature"": ""name_city_overlap_max"", ""shap"": 0.8068379759788513, ""value"": 0.25, ""model_input"": 0.25}, {""feature"": ""name_addr_consistency"", ""shap"": 0.7274814248085022, ""value"": 0.0, ""model_input"": 0.0}, {""feature"": ""name_jaro_max"", ""shap"": 0.703094482421875, ""value"": 0.0, ""model_input"": 0.0}, {""feature"": ""type_of_max_name"", ""shap"": 0.6468449831008911, ""value"": 5.0, ""model_input"": 5.0}, {""feature"": ""name_sim_max_etab"", ""shap"": 0.6456708312034607, ""value"": 0.0, ""model_input"": 0.0}, {""feature"": ""addr_jaro"", ""shap"": -0.6040518283843994, ""value"": 0.44973544973544977, ""model_input"": 0.44973544973544977}, {""feature"": ""name_levenshtein_max"", ""shap"": 0.46804022789001465, ""value"": 0.0, ""model_input"": 0.0}, {""feature"": ""name_count"", ""shap"": 0.4208817481994629, ""value"": 2.0, ""model_input"": 2.0}]}"
REP,15 RUE DU DAUPHINE,69960,CORBAS,50953360000011,0.8310256600379944,PHARMACIE REALISATION MICHELIN,RUE DU CARREAU,CORBAS,69960,69273,4,"{""bias"": 1.1616770029067993, ""margin"": 1.5929136276245117, ""prob_from_margin"": 0.8310256352662979, ""top"": [{""feature"": ""name_semantic_max"", ""shap"": 0.6482810974121094, ""value"": 0.6246367692947388, ""model_input"": 0.6246367692947388}, {""feature"": ""name_sim_max_etab"", ""shap"": 0.6027636528015137, ""value"": 0.4155555555555555, ""model_input"": 0.4155555555555555}, {""feature"": ""name_token_overlap_max"", ""shap"": -0.49953556060791016, ""value"": 0.0, ""model_input"": 0.0}, {""feature"": ""type_of_max_name"", ""shap"": 0.47150301933288574, ""value"": 6.0, ""model_input"": 6.0}, {""feature"": ""addr_token_overlap"", ""shap"": 0.45819637179374695, ""value"": 0.4, ""model_input"": 0.4}, {""feature"": ""name_levenshtein_max"", ""shap"": 0.420228511095047, ""value"": 0.06666666666666665, ""model_input"": 0.06666666666666665}, {""feature"": ""token_overlap_ul"", ""shap"": -0.4108506739139557, ""value"": 0.0, ""model_input"": 0.0}, {""feature"": ""name_count"", ""shap"": -0.3684270977973938, ""value"": 4.0, ""model_input"": 4.0}, {""feature"": ""has_person_name"", ""shap"": -0.2928861975669861, ""value"": 1.0, ""model_input"": 1.0}, {""feature"": ""name_semantic_second"", ""shap"": -0.2690901756286621, ""value"": 0.3639652729034424, ""model_input"": 0.3639652729034424}]}"
REP,15 RUE DU DAUPHINE,69960,CORBAS,48011073300023,0.6922740936279297,PR DEVELOPPEMENT,9 RUE DU DAUPHINE,CORBAS,69960,69273,5,"{""bias"": 1.1616770029067993, ""margin"": 0.8107736110687256, ""prob_from_margin"": 0.6922743316266452, ""top"": [{""feature"": ""name_semantic_max"", ""shap"": 1.2543811798095703, ""value"": 0.6641960144042969, ""model_input"": 0.6641960144042969}, {""feature"": ""street_number_diff"", ""shap"": -1.0050510168075562, ""value"": 6.0, ""model_input"": 6.0}, {""feature"": ""name_sim_max_etab"", ""shap"": 0.8672399520874023, ""value"": 0.0, ""model_input"": 0.0}, {""feature"": ""name_token_overlap_max"", ""shap"": -0.4478570818901062, ""value"": 0.0, ""model_input"": 0.0}, {""feature"": ""addr_token_overlap"", ""shap"": 0.43642458319664, ""value"": 0.6, ""model_input"": 0.6}, {""feature"": ""type_of_max_name"", ""shap"": 0.4342317581176758, ""value"": 7.0, ""model_input"": 7.0}, {""feature"": ""name_sim_max_pm_dirigeant"", ""shap"": -0.42782437801361084, ""value"": 0.0, ""model_input"": 0.0}, {""feature"": ""name_semantic_second"", ""shap"": -0.39740246534347534, ""value"": 0.0, ""model_input"": 0.0}, {""feature"": ""token_overlap_ul"", ""shap"": -0.3860350549221039, ""value"": 0.0, ""model_input"": 0.0}, {""feature"": ""name_addr_consistency"", ""shap"": -0.3484290838241577, ""value"": 0.5830458726700556, ""model_input"": 0.5830458726700556}]}"
RHODANIENNE DE NEGOCE ET DE LOCATION,Rue Louis Pradel,69960,CORBAS,41983805700067,0.9998094439506531,RHODANIENNE DE NEGOCE ET DE LOCATION,65 RUE LOUIS PRADEL,CORBAS,69960,69273,1,"{""bias"": 1.1616770029067993, ""margin"": 8.565155029296875, ""prob_from_margin"": 0.9998094023021322, ""top"": [{""feature"": ""name_semantic_max"", ""shap"": 2.306628465652466, ""value"": 0.9999999403953552, ""model_input"": 0.9999999403953552}, {""feature"": ""name_token_overlap_max"", ""shap"": 1.1080639362335205, ""value"": 1.0, ""model_input"": 1.0}, {""feature"": ""name_sim_max_pm_dirigeant"", ""shap"": 1.1018604040145874, ""value"": 0.6103703703703703, ""model_input"": 0.6103703703703703}, {""feature"": ""token_overlap_ul"", ""shap"": 0.9690546989440918, ""value"": 1.0, ""model_input"": 1.0}, {""feature"": ""name_crm_contains_cand_max"", ""shap"": 0.6371154189109802, ""value"": 1.0, ""model_input"": 1.0}, {""feature"": ""addr_token_overlap"", ""shap"": 0.4965079724788666, ""value"": 0.75, ""model_input"": 0.75}, {""feature"": ""is_siege"", ""shap"": 0.3653953969478607, ""value"": 1.0, ""model_input"": 1.0}, {""feature"": ""name_sim_max_etab"", ""shap"": -0.30675122141838074, ""value"": 0.6103703703703703, ""model_input"": 0.6103703703703703}, {""feature"": ""name_sim_max_ul"", ""shap"": 0.29873454570770264, ""value"": 1.0, ""model_input"": 1.0}, {""feature"": ""name_semantic_second"", ""shap"": -0.21183112263679504, ""value"": 0.42721766233444214, ""model_input"": 0.42721766233444214}]}"
RHODANIENNE DE NEGOCE ET DE LOCATION,Rue Louis Pradel,69960,CORBAS,83283531800029,0.9803398251533508,LYON EST RHODANIENNE,65 RUE LOUIS PRADEL,CORBAS,69960,69273,2,"{""bias"": 1.1616770029067993, ""margin"": 3.9093055725097656, ""prob_from_margin"": 0.9803398503785732, ""top"": [{""feature"": ""name_semantic_max"", ""shap"": 2.0302724838256836, ""value"": 0.7099698781967163, ""model_input"": 0.7099698781967163}, {""feature"": ""name_sim_max_pm_dirigeant"", ""shap"": 1.1187328100204468, ""value"": 0.6103703703703703, ""model_input"": 0.6103703703703703}, {""feature"": ""addr_token_overlap"", ""shap"": 0.7237690687179565, ""value"": 0.75, ""model_input"": 0.75}, {""feature"": ""name_addr_consistency"", ""shap"": -0.48799437284469604, ""value"": 0.5204336754194856, ""model_input"": 0.5204336754194856}, {""feature"": ""token_overlap_ul"", ""shap"": 0.46227917075157166, ""value"": 0.3333333333333333, ""model_input"": 0.3333333333333333}, {""feature"": ""name_sim_max_etab"", ""shap"": -0.38122743368148804, ""value"": 0.6103703703703703, ""model_input"": 0.6103703703703703}, {""feature"": ""addr_levenshtein"", ""shap"": 0.3423483669757843, ""value"": 0.8421052631578947, ""model_input"": 0.8421052631578947}, {""feature"": ""name_semantic_second"", ""shap"": -0.3188753128051758, ""value"": 0.4058835208415985, ""model_input"": 0.4058835208415985}, {""feature"": ""name_levenshtein_max"", ""shap"": -0.30242255330085754, ""value"": 0.2222222222222222, ""model_input"": 0.2222222222222222}, {""feature"": ""name_count"", ""shap"": 0.2597675919532776, ""value"": 2.0, ""model_input"": 2.0}]}"
RHODANIENNE DE NEGOCE ET DE LOCATION,Rue Louis Pradel,69960,CORBAS,32316789000165,0.975992739200592,RDT (R D T ),12 AVENUE DE L'INDUSTRIE,CORBAS,69960,69273,3,"{""bias"": 1.1616770029067993, ""margin"": 3.705099582672119, ""prob_from_margin"": 0.9759927568565512, ""top"": [{""feature"": ""name_semantic_max"", ""shap"": 2.894967555999756, ""value"": 0.8053821921348572, ""model_input"": 0.8053821921348572}, {""feature"": ""name_sim_max_pm_dirigeant"", ""shap"": 0.8562955260276794, ""value"": 0.5363247863247863, ""model_input"": 0.5363247863247863}, {""feature"": ""addr_token_overlap"", ""shap"": -0.7501622438430786, ""value"": 0.0, ""model_input"": 0.0}, {""feature"": ""name_token_overlap_max"", ""shap"": 0.604543924331665, ""value"": 0.3333333333333333, ""model_input"": 0.3333333333333333}, {""feature"": ""token_overlap_ul"", ""shap"": 0.5470545887947083, ""value"": 0.3333333333333333, ""model_input"": 0.3333333333333333}, {""feature"": ""name_semantic_second"", ""shap"": 0.4923352003097534, ""value"": 0.608672022819519, ""model_input"": 0.608672022819519}, {""feature"": ""name_addr_consistency"", ""shap"": -0.476298451423645, ""value"": 0.4921249107233955, ""model_input"": 0.4921249107233955}, {""feature"": ""is_siege"", ""shap"": -0.42524853348731995, ""value"": 0.0, ""model_input"": 0.0}, {""feature"": ""name_count"", ""shap"": -0.41839510202407837, ""value"": 5.0, ""model_input"": 5.0}, {""feature"": ""street_number_diff"", ""shap"": 0.31856486201286316, ""value"": 9999.0, ""model_input"": 9999.0}]}"
RHODANIENNE DE NEGOCE ET DE LOCATION,Rue Louis Pradel,69960,CORBAS,55214642500186,0.8484258651733398,SCERT,20 RUE LOUIS PRADEL,CORBAS,69960,69273,4,"{""bias"": 1.1616770029067993, ""margin"": 1.7223082780838013, ""prob_from_margin"": 0.8484259182729413, ""top"": [{""feature"": ""addr_token_overlap"", ""shap"": 1.5514978170394897, ""value"": 0.75, ""model_input"": 0.75}, {""feature"": ""name_semantic_max"", ""shap"": -1.4368388652801514, ""value"": 0.483987957239151, ""model_input"": 0.483987957239151}, {""feature"": ""name_sim_max_pm_dirigeant"", ""shap"": 0.6637802124023438, ""value"": 0.4777777777777777, ""model_input"": 0.4777777777777777}, {""feature"": ""type_of_max_name"", ""shap"": 0.46289217472076416, ""value"": 7.0, ""model_input"": 7.0}, {""feature"": ""name_token_overlap_max"", ""shap"": -0.44862017035484314, ""value"": 0.0, ""model_input"": 0.0}, {""feature"": ""name_sim_max_etab"", ""shap"": 0.3453351557254791, ""value"": 0.4777777777777777, ""model_input"": 0.4777777777777777}, {""feature"": ""name_addr_consistency"", ""shap"": -0.3383592665195465, ""value"": 0.4425389678953275, ""model_input"": 0.4425389678953275}, {""feature"": ""addr_levenshtein"", ""shap"": 0.3351663649082184, ""value"": 0.8421052631578947, ""model_input"": 0.8421052631578947}, {""feature"": ""token_overlap_ul"", ""shap"": -0.30075904726982117, ""value"": 0.0, ""model_input"": 0.0}, {""feature"": ""street_number_diff"", ""shap"": 0.25174203515052795, ""value"": 9999.0, ""model_input"": 9999.0}]}"
RHODANIENNE DE NEGOCE ET DE LOCATION,Rue Louis Pradel,69960,CORBAS,91436787500012,0.843029260635376,TERRADE,65 RUE LOUIS PRADEL,CORBAS,69960,69273,5,"{""bias"": 1.1616770029067993, ""margin"": 1.6809412240982056, ""prob_from_margin"": 0.8430291244772077, ""top"": [{""feature"": ""addr_token_overlap"", ""shap"": 1.2745323181152344, ""value"": 0.75, ""model_input"": 0.75}, {""feature"": ""name_sim_max_pm_dirigeant"", ""shap"": 1.0598831176757812, ""value"": 0.6103703703703703, ""model_input"": 0.6103703703703703}, {""feature"": ""name_semantic_max"", ""shap"": -0.5637317299842834, ""value"": 0.5667734742164612, ""model_input"": 0.5667734742164612}, {""feature"": ""type_of_max_name"", ""shap"": 0.4540819227695465, ""value"": 4.0, ""model_input"": 4.0}, {""feature"": ""addr_levenshtein"", ""shap"": 0.4301910996437073, ""value"": 0.8421052631578947, ""model_input"": 0.8421052631578947}, {""feature"": ""name_semantic_second"", ""shap"": -0.3597254753112793, ""value"": 0.4058835208415985, ""model_input"": 0.4058835208415985}, {""feature"": ""name_sim_max_etab"", ""shap"": -0.3518357574939728, ""value"": 0.6103703703703703, ""model_input"": 0.6103703703703703}, {""feature"": ""name_addr_consistency"", ""shap"": -0.3252826929092407, ""value"": 0.5146653671215075, ""model_input"": 0.5146653671215075}, {""feature"": ""name_count"", ""shap"": 0.3020947277545929, ""value"": 2.0, ""model_input"": 2.0}, {""feature"": ""token_overlap_ul"", ""shap"": -0.2969052195549011, ""value"": 0.0, ""model_input"": 0.0}]}"
RUBIX FRANCE,33 Avenue Franklin Roosevelt,69150,DECINES CHARPIEU,31413618500035,0.9911477565765381,SOLYRO,33 AVENUE FRANKLIN ROOSEVELT,DECINES-CHARPIEU,69150,69275,1,"{""bias"": 1.1616770029067993, ""margin"": 4.718196868896484, ""prob_from_margin"": 0.9911477931485443, ""top"": [{""feature"": ""addr_token_overlap"", ""shap"": 1.356258749961853, ""value"": 1.0, ""model_input"": 1.0}, {""feature"": ""street_number_diff"", ""shap"": 1.1318068504333496, ""value"": 0.0, ""model_input"": 0.0}, {""feature"": ""name_semantic_second"", ""shap"": 0.8728427886962891, ""value"": 0.6117655038833618, ""model_input"": 0.6117655038833618}, {""feature"": ""name_semantic_max"", ""shap"": 0.6962229609489441, ""value"": 0.6117655038833618, ""model_input"": 0.6117655038833618}, {""feature"": ""addr_jaro"", ""shap"": 0.49215590953826904, ""value"": 1.0, ""model_input"": 1.0}, {""feature"": ""addr_levenshtein"", ""shap"": 0.4710843563079834, ""value"": 1.0, ""model_input"": 1.0}, {""feature"": ""name_sim_max_pm_dirigeant"", ""shap"": 0.3926869034767151, ""value"": 0.5158730158730159, ""model_input"": 0.5158730158730159}, {""feature"": ""name_count"", ""shap"": -0.3393588364124298, ""value"": 4.0, ""model_input"": 4.0}, {""feature"": ""name_token_overlap_max"", ""shap"": -0.32447487115859985, ""value"": 0.0, ""model_input"": 0.0}, {""feature"": ""name_addr_consistency"", ""shap"": -0.289934366941452, ""value"": 0.5158730158730159, ""model_input"": 0.5158730158730159}]}"
RUBIX FRANCE,33 Avenue Franklin Roosevelt,69150,DECINES CHARPIEU,49751383800027,0.8296976089477539,DEFI,34 RUE PAUL BERT,DECINES-CHARPIEU,69150,69275,2,"{""bias"": 1.1616770029067993, ""margin"": 1.5834853649139404, ""prob_from_margin"": 0.8296975644216982, ""top"": [{""feature"": ""name_sim_max_etab"", ""shap"": 0.8988197445869446, ""value"": 0.0, ""model_input"": 0.0}, {""feature"": ""street_number_diff"", ""shap"": -0.8892431259155273, ""value"": 1.0, ""model_input"": 1.0}, {""feature"": ""type_of_max_name"", ""shap"": 0.6310001015663147, ""value"": 7.0, ""model_input"": 7.0}, {""feature"": ""name_sim_max_ul"", ""shap"": -0.6251867413520813, ""value"": 0.43677248677248676, ""model_input"": 0.43677248677248676}, {""feature"": ""name_semantic_max"", ""shap"": 0.5688441395759583, ""value"": 0.6133320927619934, ""model_input"": 0.6133320927619934}, {""feature"": ""token_overlap_ul"", ""shap"": 0.5018089413642883, ""value"": 0.5, ""model_input"": 0.5}, {""feature"": ""addr_token_overlap"", ""shap"": -0.4719909131526947, ""value"": 0.0, ""model_input"": 0.0}, {""feature"": ""street_name_jaro"", ""shap"": 0.4477662444114685, ""value"": 0.535954415954416, ""model_input"": 0.535954415954416}, {""feature"": ""addr_levenshtein"", ""shap"": -0.36909180879592896, ""value"": 0.3571428571428571, ""model_input"": 0.3571428571428571}, {""feature"": ""addr_jaro"", ""shap"": -0.30020374059677124, ""value"": 0.6150793650793651, ""model_input"": 0.6150793650793651}]}"
RUBIX FRANCE,33 Avenue Franklin Roosevelt,69150,DECINES CHARPIEU,39950094100030,0.8261407017707825,HYBELE,33 AVENUE FRANKLIN ROOSEVELT,DECINES-CHARPIEU,69150,69275,3,"{""bias"": 1.1616770029067993, ""margin"": 1.558518886566162, ""prob_from_margin"": 0.8261407201060692, ""top"": [{""feature"": ""name_semantic_max"", ""shap"": -2.0989084243774414, ""value"": 0.4001936912536621, ""model_input"": 0.4001936912536621}, {""feature"": ""addr_token_overlap"", ""shap"": 1.1487481594085693, ""value"": 1.0, ""model_input"": 1.0}, {""feature"": ""street_number_diff"", ""shap"": 0.9467546343803406, ""value"": 0.0, ""model_input"": 0.0}, {""feature"": ""name_sim_max_etab"", ""shap"": 0.7359898686408997, ""value"": 0.0, ""model_input"": 0.0}, {""feature"": ""addr_jaro"", ""shap"": 0.7209271788597107, ""value"": 1.0, ""model_input"": 1.0}, {""feature"": ""addr_levenshtein"", ""shap"": 0.5116028785705566, ""value"": 1.0, ""model_input"": 1.0}, {""feature"": ""name_semantic_second"", ""shap"": -0.4533958435058594, ""value"": 0.0, ""model_input"": 0.0}, {""feature"": ""type_of_max_name"", ""shap"": 0.3771025240421295, ""value"": 7.0, ""model_input"": 7.0}, {""feature"": ""name_sim_max_ul"", ""shap"": -0.33797121047973633, ""value"": 0.4166666666666667, ""model_input"": 0.4166666666666667}, {""feature"": ""name_token_overlap_max"", ""shap"": -0.33584311604499817, ""value"": 0.0, ""model_input"": 0.0}]}"
RUBIX FRANCE,33 Avenue Franklin Roosevelt,69150,DECINES CHARPIEU,44147869000015,0.8056116104125977,LSFC,33 RUE PAUL BERT,DECINES-CHARPIEU,69150,69275,4,"{""bias"": 1.1616770029067993, ""margin"": 1.4217435121536255, ""prob_from_margin"": 0.8056115986080398, ""top"": [{""feature"": ""name_semantic_max"", ""shap"": -1.022315502166748, ""value"": 0.5315881967544556, ""model_input"": 0.5315881967544556}, {""feature"": ""name_sim_max_etab"", ""shap"": 0.9288366436958313, ""value"": 0.0, ""model_input"": 0.0}, {""feature"": ""type_of_max_name"", ""shap"": 0.8789901733398438, ""value"": 7.0, ""model_input"": 7.0}, {""feature"": ""street_number_diff"", ""shap"": 0.7162512540817261, ""value"": 0.0, ""model_input"": 0.0}, {""feature"": ""addr_levenshtein"", ""shap"": -0.4972522258758545, ""value"": 0.3928571428571429, ""model_input"": 0.3928571428571429}, {""feature"": ""addr_jaro"", ""shap"": -0.44327110052108765, ""value"": 0.6563644688644689, ""model_input"": 0.6563644688644689}, {""feature"": ""name_token_overlap_max"", ""shap"": -0.4104998707771301, ""value"": 0.0, ""model_input"": 0.0}, {""feature"": ""token_overlap_ul"", ""shap"": -0.33299535512924194, ""value"": 0.0, ""model_input"": 0.0}, {""feature"": ""name_sim_max_ul"", ""shap"": 0.3254151940345764, ""value"": 0.46296296296296297, ""model_input"": 0.46296296296296297}, {""feature"": ""name_semantic_second"", ""shap"": -0.3164496421813965, ""value"": 0.3959634006023407, ""model_input"": 0.3959634006023407}]}"
RUBIX FRANCE,33 Avenue Franklin Roosevelt,69150,DECINES CHARPIEU,30930461603575,0.7979984879493713,REXEL,80 RUE ELISEE RECLUS,DECINES-CHARPIEU,69150,69275,5,"{""bias"": 1.1616770029067993, ""margin"": 1.373829960823059, ""prob_from_margin"": 0.7979982366348507, ""top"": [{""feature"": ""name_semantic_max"", ""shap"": 1.7063106298446655, ""value"": 0.6952871084213257, ""model_input"": 0.6952871084213257}, {""feature"": ""addr_token_overlap"", ""shap"": -0.8797711730003357, ""value"": 0.0, ""model_input"": 0.0}, {""feature"": ""street_number_diff"", ""shap"": -0.7845078706741333, ""value"": 47.0, ""model_input"": 47.0}, {""feature"": ""name_sim_max_pm_dirigeant"", ""shap"": 0.6682698726654053, ""value"": 0.5158730158730159, ""model_input"": 0.5158730158730159}, {""feature"": ""name_token_overlap_max"", ""shap"": 0.6079562902450562, ""value"": 0.3333333333333333, ""model_input"": 0.3333333333333333}, {""feature"": ""name_addr_consistency"", ""shap"": -0.46542099118232727, ""value"": 0.5626190476190477, ""model_input"": 0.5626190476190477}, {""feature"": ""token_overlap_ul"", ""shap"": 0.41712379455566406, ""value"": 0.5, ""model_input"": 0.5}, {""feature"": ""addr_levenshtein"", ""shap"": -0.3180321156978607, ""value"": 0.25, ""model_input"": 0.25}, {""feature"": ""name_semantic_second"", ""shap"": 0.2655344009399414, ""value"": 0.6443167328834534, ""model_input"": 0.6443167328834534}, {""feature"": ""is_siege"", ""shap"": -0.26549094915390015, ""value"": 0.0, ""model_input"": 0.0}]}"
SARL White Warehouse,133 AVENUE FRANKLIN ROOSEVELT,69150,DECINES-CHARPIEU,52237889200015,0.9084633588790894,PB3,133 AVENUE FRANKLIN ROOSEVELT,DECINES-CHARPIEU,69150,69275,1,"{""bias"": 1.1616770029067993, ""margin"": 2.2950167655944824, ""prob_from_margin"": 0.9084634879024712, ""top"": [{""feature"": ""name_semantic_max"", ""shap"": -3.3830621242523193, ""value"": 0.22600169479846954, ""model_input"": 0.22600169479846954}, {""feature"": ""addr_token_overlap"", ""shap"": 1.1052906513214111, ""value"": 1.0, ""model_input"": 1.0}, {""feature"": ""name_addr_consistency"", ""shap"": 1.0594881772994995, ""value"": 0.0, ""model_input"": 0.0}, {""feature"": ""street_number_diff"", ""shap"": 1.0391610860824585, ""value"": 0.0, ""model_input"": 0.0}, {""feature"": ""addr_jaro"", ""shap"": 0.9410566687583923, ""value"": 1.0, ""model_input"": 1.0}, {""feature"": ""name_sim_max_etab"", ""shap"": 0.8300673365592957, ""value"": 0.0, ""model_input"": 0.0}, {""feature"": ""addr_levenshtein"", ""shap"": 0.6448180675506592, ""value"": 1.0, ""model_input"": 1.0}, {""feature"": ""name_jaro_max"", ""shap"": 0.5415888428688049, ""value"": 0.0, ""model_input"": 0.0}, {""feature"": ""name_sim_max_ul"", ""shap"": -0.42580944299697876, ""value"": 0.0, ""model_input"": 0.0}, {""feature"": ""name_levenshtein_max"", ""shap"": 0.3790370523929596, ""value"": 0.0, ""model_input"": 0.0}]}"
SARL White Warehouse,133 AVENUE FRANKLIN ROOSEVELT,69150,DECINES-CHARPIEU,90279716600029,0.8927226066589355,STUDIO SYLVAIN DE ROZEVIRE,133 AVENUE FRANKLIN ROOSEVELT,DECINES-CHARPIEU,69150,69275,2,"{""bias"": 1.1616770029067993, ""margin"": 2.1188597679138184, ""prob_from_margin"": 0.8927227797225741, ""top"": [{""feature"": ""name_semantic_max"", ""shap"": -1.9945034980773926, ""value"": 0.4582864046096802, ""model_input"": 0.4582864046096802}, {""feature"": ""addr_token_overlap"", ""shap"": 1.2582519054412842, ""value"": 1.0, ""model_input"": 1.0}, {""feature"": ""street_number_diff"", ""shap"": 1.0674662590026855, ""value"": 0.0, ""model_input"": 0.0}, {""feature"": ""name_sim_max_etab"", ""shap"": 0.7490973472595215, ""value"": 0.0, ""model_input"": 0.0}, {""feature"": ""addr_jaro"", ""shap"": 0.5528524518013, ""value"": 1.0, ""model_input"": 1.0}, {""feature"": ""addr_levenshtein"", ""shap"": 0.5309213995933533, ""value"": 1.0, ""model_input"": 1.0}, {""feature"": ""type_of_max_name"", ""shap"": 0.5137670040130615, ""value"": 7.0, ""model_input"": 7.0}, {""feature"": ""name_semantic_second"", ""shap"": -0.3831314742565155, ""value"": 0.0, ""model_input"": 0.0}, {""feature"": ""name_sim_max_pm_dirigeant"", ""shap"": -0.37979188561439514, ""value"": 0.0, ""model_input"": 0.0}, {""feature"": ""name_token_overlap_max"", ""shap"": -0.33221063017845154, ""value"": 0.0, ""model_input"": 0.0}]}"
SARL White Warehouse,133 AVENUE FRANKLIN ROOSEVELT,69150,DECINES-CHARPIEU,83013558800036,0.8396462798118591,CHARPENTERIE LYONNAISE,133 AVENUE FRANKLIN ROOSEVELT,DECINES-CHARPIEU,69150,69275,3,"{""bias"": 1.1616770029067993, ""margin"": 1.6555986404418945, ""prob_from_margin"": 0.8396462877619963, ""top"": [{""feature"": ""name_semantic_max"", ""shap"": -2.295900344848633, ""value"": 0.3976101875305176, ""model_input"": 0.3976101875305176}, {""feature"": ""addr_token_overlap"", ""shap"": 1.3287369012832642, ""value"": 1.0, ""model_input"": 1.0}, {""feature"": ""street_number_diff"", ""shap"": 1.2648389339447021, ""value"": 0.0, ""model_input"": 0.0}, {""feature"": ""name_sim_max_etab"", ""shap"": 0.8284372091293335, ""value"": 0.0, ""model_input"": 0.0}, {""feature"": ""addr_jaro"", ""shap"": 0.7384029030799866, ""value"": 1.0, ""model_input"": 1.0}, {""feature"": ""addr_levenshtein"", ""shap"": 0.5706368088722229, ""value"": 1.0, ""model_input"": 1.0}, {""feature"": ""name_sim_max_pm_dirigeant"", ""shap"": -0.4578654170036316, ""value"": 0.0, ""model_input"": 0.0}, {""feature"": ""name_semantic_second"", ""shap"": -0.40177857875823975, ""value"": 0.0, ""model_input"": 0.0}, {""feature"": ""type_of_max_name"", ""shap"": 0.38992226123809814, ""value"": 7.0, ""model_input"": 7.0}, {""feature"": ""name_addr_consistency"", ""shap"": -0.36411818861961365, ""value"": 0.6232323232323232, ""model_input"": 0.6232323232323232}]}"
SARL White Warehouse,133 AVENUE FRANKLIN ROOSEVELT,69150,DECINES-CHARPIEU,84295057800018,0.8298564553260803,AUTO EXTRA,133 AVENUE FRANKLIN ROOSEVELT,DECINES-CHARPIEU,69150,69275,4,"{""bias"": 1.1616770029067993, ""margin"": 1.5846102237701416, ""prob_from_margin"": 0.8298564474930227, ""top"": [{""feature"": ""name_semantic_max"", ""shap"": -2.225393295288086, ""value"": 0.39561861753463745, ""model_input"": 0.39561861753463745}, {""feature"": ""addr_token_overlap"", ""shap"": 1.2110495567321777, ""value"": 1.0, ""model_input"": 1.0}, {""feature"": ""street_number_diff"", ""shap"": 0.9924836158752441, ""value"": 0.0, ""model_input"": 0.0}, {""feature"": ""name_sim_max_etab"", ""shap"": 0.732836902141571, ""value"": 0.0, ""model_input"": 0.0}, {""feature"": ""addr_jaro"", ""shap"": 0.7264099717140198, ""value"": 1.0, ""model_input"": 1.0}, {""feature"": ""addr_levenshtein"", ""shap"": 0.5891597270965576, ""value"": 1.0, ""model_input"": 1.0}, {""feature"": ""name_addr_consistency"", ""shap"": -0.5576359033584595, ""value"": 0.4777777777777777, ""model_input"": 0.4777777777777777}, {""feature"": ""type_of_max_name"", ""shap"": 0.4201193153858185, ""value"": 7.0, ""model_input"": 7.0}, {""feature"": ""name_sim_max_pm_dirigeant"", ""shap"": -0.41620874404907227, ""value"": 0.0, ""model_input"": 0.0}, {""feature"": ""name_semantic_second"", ""shap"": -0.3860189616680145, ""value"": 0.0, ""model_input"": 0.0}]}"
SARL White Warehouse,133 AVENUE FRANKLIN ROOSEVELT,69150,DECINES-CHARPIEU,92902769600020,0.6897022724151611,FREIA HARD CIDER,133 AVENUE FRANKLIN ROOSEVELT,DECINES-CHARPIEU,69150,69275,5,"{""bias"": 1.1616770029067993, ""margin"": 0.7987276315689087, ""prob_from_margin"": 0.6897022434147552, ""top"": [{""feature"": ""name_semantic_max"", ""shap"": -2.0388998985290527, ""value"": 0.41662782430648804, ""model_input"": 0.41662782430648804}, {""feature"": ""addr_token_overlap"", ""shap"": 1.3007441759109497, ""value"": 1.0, ""model_input"": 1.0}, {""feature"": ""street_number_diff"", ""shap"": 1.1787174940109253, ""value"": 0.0, ""model_input"": 0.0}, {""feature"": ""addr_jaro"", ""shap"": 0.7502745389938354, ""value"": 1.0, ""model_input"": 1.0}, {""feature"": ""name_sim_max_pm_dirigeant"", ""shap"": -0.5283554196357727, ""value"": 0.0, ""model_input"": 0.0}, {""feature"": ""name_semantic_second"", ""shap"": -0.5124833583831787, ""value"": 0.38154593110084534, ""model_input"": 0.38154593110084534}, {""feature"": ""addr_levenshtein"", ""shap"": 0.5027339458465576, ""value"": 1.0, ""model_input"": 1.0}, {""feature"": ""name_count"", ""shap"": 0.43841907382011414, ""value"": 2.0, ""model_input"": 2.0}, {""feature"": ""name_levenshtein_max"", ""shap"": 0.3460291624069214, ""value"": 0.06666666666666665, ""model_input"": 0.06666666666666665}, {""feature"": ""name_token_overlap_max"", ""shap"": -0.3270244300365448, ""value"": 0.0, ""model_input"": 0.0}]}"
SARL White Warehouse Site 2,79 AVENUE FRANKLIN ROOSEVELT,69150,DECINES-CHARPIEU,80067624900025,0.9393852353096008,A.B.I.,79 AVENUE FRANKLIN ROOSEVELT,DECINES-CHARPIEU,69150,69275,1,"{""bias"": 1.1616770029067993, ""margin"": 2.740689277648926, ""prob_from_margin"": 0.9393853563928181, ""top"": [{""feature"": ""name_semantic_max"", ""shap"": -2.1829123497009277, ""value"": 0.3883640170097351, ""model_input"": 0.3883640170097351}, {""feature"": ""addr_token_overlap"", ""shap"": 1.3547385931015015, ""value"": 1.0, ""model_input"": 1.0}, {""feature"": ""street_number_diff"", ""shap"": 0.9636452198028564, ""value"": 0.0, ""model_input"": 0.0}, {""feature"": ""addr_jaro"", ""shap"": 0.8125934600830078, ""value"": 1.0, ""model_input"": 1.0}, {""feature"": ""name_sim_max_etab"", ""shap"": 0.7789360880851746, ""value"": 0.0, ""model_input"": 0.0}, {""feature"": ""addr_levenshtein"", ""shap"": 0.6154174208641052, ""value"": 1.0, ""model_input"": 1.0}, {""feature"": ""name_addr_consistency"", ""shap"": 0.5595351457595825, ""value"": 0.30808080808080807, ""model_input"": 0.30808080808080807}, {""feature"": ""name_jaro_max"", ""shap"": 0.5443821549415588, ""value"": 0.30808080808080807, ""model_input"": 0.30808080808080807}, {""feature"": ""name_sim_max_ul"", ""shap"": -0.5329500436782837, ""value"": 0.30808080808080807, ""model_input"": 0.30808080808080807}, {""feature"": ""name_sim_max_pm_dirigeant"", ""shap"": -0.414695143699646, ""value"": 0.0, ""model_input"": 0.0}]}"
SARL White Warehouse Site 2,79 AVENUE FRANKLIN ROOSEVELT,69150,DECINES-CHARPIEU,53206330200030,0.7709922790527344,A.L.S,79 AVENUE FRANKLIN ROOSEVELT,DECINES-CHARPIEU,69150,69275,2,"{""bias"": 1.1616770029067993, ""margin"": 1.213922381401062, ""prob_from_margin"": 0.7709922333227706, ""top"": [{""feature"": ""name_semantic_max"", ""shap"": -2.4329349994659424, ""value"": 0.3713991045951843, ""model_input"": 0.3713991045951843}, {""feature"": ""addr_token_overlap"", ""shap"": 1.1870967149734497, ""value"": 1.0, ""model_input"": 1.0}, {""feature"": ""street_number_diff"", ""shap"": 1.1419174671173096, ""value"": 0.0, ""model_input"": 0.0}, {""feature"": ""addr_jaro"", ""shap"": 0.8210856914520264, ""value"": 1.0, ""model_input"": 1.0}, {""feature"": ""name_sim_max_etab"", ""shap"": 0.7459924221038818, ""value"": 0.0, ""model_input"": 0.0}, {""feature"": ""addr_levenshtein"", ""shap"": 0.5375809669494629, ""value"": 1.0, ""model_input"": 1.0}, {""feature"": ""name_sim_max_pm_dirigeant"", ""shap"": -0.48017755150794983, ""value"": 0.0, ""model_input"": 0.0}, {""feature"": ""name_addr_consistency"", ""shap"": -0.41631385684013367, ""value"": 0.496969696969697, ""model_input"": 0.496969696969697}, {""feature"": ""name_semantic_second"", ""shap"": -0.4070548415184021, ""value"": 0.0, ""model_input"": 0.0}, {""feature"": ""type_of_max_name"", ""shap"": 0.36588436365127563, ""value"": 7.0, ""model_input"": 7.0}]}"
SARL White Warehouse Site 2,79 AVENUE FRANKLIN ROOSEVELT,69150,DECINES-CHARPIEU,82929870200012,0.7619432210922241,EGZON AUTO,79 AVENUE FRANKLIN ROOSEVELT,DECINES-CHARPIEU,69150,69275,3,"{""bias"": 1.1616770029067993, ""margin"": 1.163364291191101, ""prob_from_margin"": 0.7619434865213879, ""top"": [{""feature"": ""name_semantic_max"", ""shap"": -2.2783427238464355, ""value"": 0.41056370735168457, ""model_input"": 0.41056370735168457}, {""feature"": ""addr_token_overlap"", ""shap"": 1.2872695922851562, ""value"": 1.0, ""model_input"": 1.0}, {""feature"": ""street_number_diff"", ""shap"": 1.101489782333374, ""value"": 0.0, ""model_input"": 0.0}, {""feature"": ""name_sim_max_etab"", ""shap"": 0.7908951640129089, ""value"": 0.0, ""model_input"": 0.0}, {""feature"": ""addr_jaro"", ""shap"": 0.6891464591026306, ""value"": 1.0, ""model_input"": 1.0}, {""feature"": ""addr_levenshtein"", ""shap"": 0.5585793256759644, ""value"": 1.0, ""model_input"": 1.0}, {""feature"": ""name_sim_max_pm_dirigeant"", ""shap"": -0.4597788155078888, ""value"": 0.0, ""model_input"": 0.0}, {""feature"": ""name_addr_consistency"", ""shap"": -0.4075659215450287, ""value"": 0.5131313131313131, ""model_input"": 0.5131313131313131}, {""feature"": ""name_semantic_second"", ""shap"": -0.3928382396697998, ""value"": 0.0, ""model_input"": 0.0}, {""feature"": ""type_of_max_name"", ""shap"": 0.35795098543167114, ""value"": 7.0, ""model_input"": 7.0}]}"
SARL White Warehouse Site 2,79 AVENUE FRANKLIN ROOSEVELT,69150,DECINES-CHARPIEU,93253799600021,0.7561010718345642,LCO,79 AVENUE FRANKLIN ROOSEVELT,DECINES-CHARPIEU,69150,69275,4,"{""bias"": 1.1616770029067993, ""margin"": 1.1314198970794678, ""prob_from_margin"": 0.7561008408728617, ""top"": [{""feature"": ""name_semantic_max"", ""shap"": -2.3011093139648438, ""value"": 0.3968750238418579, ""model_input"": 0.3968750238418579}, {""feature"": ""addr_token_overlap"", ""shap"": 1.1557868719100952, ""value"": 1.0, ""model_input"": 1.0}, {""feature"": ""street_number_diff"", ""shap"": 1.0947434902191162, ""value"": 0.0, ""model_input"": 0.0}, {""feature"": ""addr_jaro"", ""shap"": 0.6203276515007019, ""value"": 1.0, ""model_input"": 1.0}, {""feature"": ""name_sim_max_pm_dirigeant"", ""shap"": 0.5789057016372681, ""value"": 0.5215488215488215, ""model_input"": 0.5215488215488215}, {""feature"": ""addr_levenshtein"", ""shap"": 0.5520856976509094, ""value"": 1.0, ""model_input"": 1.0}, {""feature"": ""name_semantic_second"", ""shap"": -0.3589074909687042, ""value"": 0.39341747760772705, ""model_input"": 0.39341747760772705}, {""feature"": ""type_of_max_name"", ""shap"": 0.3492782711982727, ""value"": 4.0, ""model_input"": 4.0}, {""feature"": ""name_addr_consistency"", ""shap"": -0.3369995355606079, ""value"": 0.5215488215488215, ""model_input"": 0.5215488215488215}, {""feature"": ""name_token_overlap_max"", ""shap"": -0.31597089767456055, ""value"": 0.0, ""model_input"": 0.0}]}"
SARL White Warehouse Site 2,79 AVENUE FRANKLIN ROOSEVELT,69150,DECINES-CHARPIEU,49473467600013,0.7345364093780518,KELIDJIAN,79 AVENUE FRANKLIN ROOSEVELT,DECINES-CHARPIEU,69150,69275,5,"{""bias"": 1.1616770029067993, ""margin"": 1.017764687538147, ""prob_from_margin"": 0.7345369590633827, ""top"": [{""feature"": ""name_semantic_max"", ""shap"": -3.0182723999023438, ""value"": 0.30145880579948425, ""model_input"": 0.30145880579948425}, {""feature"": ""addr_token_overlap"", ""shap"": 1.3523249626159668, ""value"": 1.0, ""model_input"": 1.0}, {""feature"": ""addr_jaro"", ""shap"": 0.875956118106842, ""value"": 1.0, ""model_input"": 1.0}, {""feature"": ""street_number_diff"", ""shap"": 0.8112434148788452, ""value"": 0.0, ""model_input"": 0.0}, {""feature"": ""name_sim_max_etab"", ""shap"": 0.7825327515602112, ""value"": 0.0, ""model_input"": 0.0}, {""feature"": ""addr_levenshtein"", ""shap"": 0.6589004397392273, ""value"": 1.0, ""model_input"": 1.0}, {""feature"": ""name_addr_consistency"", ""shap"": 0.4593823552131653, ""value"": 0.37878787878787873, ""model_input"": 0.37878787878787873}, {""feature"": ""name_sim_max_pm_dirigeant"", ""shap"": -0.4559975862503052, ""value"": 0.0, ""model_input"": 0.0}, {""feature"": ""name_semantic_second"", ""shap"": -0.4167102873325348, ""value"": 0.0, ""model_input"": 0.0}, {""feature"": ""name_token_overlap_max"", ""shap"": -0.31583234667778015, ""value"": 0.0, ""model_input"": 0.0}]}"
SAS THE REVIVAL,2 Rue Colière,69960,CORBAS,91505740000011,0.9980002045631409,TIRE REVIVAL,2 RUE COLIERE,CORBAS,69960,69273,1,"{""bias"": 1.1616770029067993, ""margin"": 6.2126874923706055, ""prob_from_margin"": 0.9980001624610663, ""top"": [{""feature"": ""name_semantic_max"", ""shap"": 1.5925954580307007, ""value"": 0.6952636241912842, ""model_input"": 0.6952636241912842}, {""feature"": ""name_sim_max_pm_dirigeant"", ""shap"": 0.9568551182746887, ""value"": 0.5574242424242425, ""model_input"": 0.5574242424242425}, {""feature"": ""addr_token_overlap"", ""shap"": 0.8514686822891235, ""value"": 1.0, ""model_input"": 1.0}, {""feature"": ""street_number_diff"", ""shap"": 0.5943642258644104, ""value"": 0.0, ""model_input"": 0.0}, {""feature"": ""name_token_overlap_max"", ""shap"": 0.5064663290977478, ""value"": 0.3333333333333333, ""model_input"": 0.3333333333333333}, {""feature"": ""addr_jaro"", ""shap"": 0.295937716960907, ""value"": 1.0, ""model_input"": 1.0}, {""feature"": ""token_overlap_ul"", ""shap"": 0.2885465621948242, ""value"": 0.5, ""model_input"": 0.5}, {""feature"": ""addr_levenshtein"", ""shap"": 0.2091669887304306, ""value"": 1.0, ""model_input"": 1.0}, {""feature"": ""type_of_max_name"", ""shap"": 0.17350143194198608, ""value"": 7.0, ""model_input"": 7.0}, {""feature"": ""name_city_overlap_max"", ""shap"": -0.16783297061920166, ""value"": 0.0, ""model_input"": 0.0}]}"
SAS THE REVIVAL,2 Rue Colière,69960,CORBAS,91505740000029,0.9015882611274719,TIRE REVIVAL,65 RUE LOUIS PRADEL,CORBAS,69960,69273,2,"{""bias"": 1.1616770029067993, ""margin"": 2.214998722076416, ""prob_from_margin"": 0.9015883386666034, ""top"": [{""feature"": ""name_semantic_max"", ""shap"": 1.6334818601608276, ""value"": 0.6952636241912842, ""model_input"": 0.6952636241912842}, {""feature"": ""name_sim_max_pm_dirigeant"", ""shap"": 1.1964515447616577, ""value"": 0.5574242424242425, ""model_input"": 0.5574242424242425}, {""feature"": ""addr_token_overlap"", ""shap"": -0.873237669467926, ""value"": 0.16666666666666666, ""model_input"": 0.16666666666666666}, {""feature"": ""street_number_diff"", ""shap"": -0.8616759181022644, ""value"": 63.0, ""model_input"": 63.0}, {""feature"": ""name_token_overlap_max"", ""shap"": 0.6241480112075806, ""value"": 0.3333333333333333, ""model_input"": 0.3333333333333333}, {""feature"": ""name_addr_consistency"", ""shap"": -0.4790150821208954, ""value"": 0.6235838547417495, ""model_input"": 0.6235838547417495}, {""feature"": ""token_overlap_ul"", ""shap"": 0.3609330654144287, ""value"": 0.5, ""model_input"": 0.5}, {""feature"": ""type_of_max_name"", ""shap"": 0.2722596526145935, ""value"": 7.0, ""model_input"": 7.0}, {""feature"": ""addr_levenshtein"", ""shap"": -0.24809762835502625, ""value"": 0.4736842105263158, ""model_input"": 0.4736842105263158}, {""feature"": ""is_siege"", ""shap"": -0.2317819595336914, ""value"": 0.0, ""model_input"": 0.0}]}"
SAS THE REVIVAL,2 Rue Colière,69960,CORBAS,75268671700022,0.5425927042961121,FRAICHEUR QUALITE,2 RUE COLIERE,CORBAS,69960,69273,3,"{""bias"": 1.1616770029067993, ""margin"": 0.1707857847213745, ""prob_from_margin"": 0.5425929679320737, ""top"": [{""feature"": ""name_semantic_max"", ""shap"": -2.392484664916992, ""value"": 0.4014946222305298, ""model_input"": 0.4014946222305298}, {""feature"": ""addr_token_overlap"", ""shap"": 1.2190006971359253, ""value"": 1.0, ""model_input"": 1.0}, {""feature"": ""street_number_diff"", ""shap"": 1.1550748348236084, ""value"": 0.0, ""model_input"": 0.0}, {""feature"": ""name_sim_max_etab"", ""shap"": 0.810929000377655, ""value"": 0.0, ""model_input"": 0.0}, {""feature"": ""addr_jaro"", ""shap"": 0.674748420715332, ""value"": 1.0, ""model_input"": 1.0}, {""feature"": ""addr_levenshtein"", ""shap"": 0.49300360679626465, ""value"": 1.0, ""model_input"": 1.0}, {""feature"": ""name_sim_max_pm_dirigeant"", ""shap"": -0.4806116819381714, ""value"": 0.0, ""model_input"": 0.0}, {""feature"": ""name_semantic_second"", ""shap"": -0.4732387065887451, ""value"": 0.0, ""model_input"": 0.0}, {""feature"": ""name_addr_consistency"", ""shap"": -0.4396953284740448, ""value"": 0.5398523045581869, ""model_input"": 0.5398523045581869}, {""feature"": ""type_of_max_name"", ""shap"": 0.35939398407936096, ""value"": 7.0, ""model_input"": 7.0}]}"
SAS THE REVIVAL,2 Rue Colière,69960,CORBAS,48011081600018,0.4925984740257263,MPJ,BOULEVARD DES NATIONS,CORBAS,69960,69273,4,"{""bias"": 1.1616770029067993, ""margin"": -0.029607653617858887, ""prob_from_margin"": 0.49259862726602666, ""top"": [{""feature"": ""name_semantic_max"", ""shap"": -1.8057479858398438, ""value"": 0.4374863803386688, ""model_input"": 0.4374863803386688}, {""feature"": ""name_jaro_max"", ""shap"": 1.001587986946106, ""value"": 0.0, ""model_input"": 0.0}, {""feature"": ""name_addr_consistency"", ""shap"": 0.7193220853805542, ""value"": 0.0, ""model_input"": 0.0}, {""feature"": ""name_sim_max_ul"", ""shap"": -0.6977980136871338, ""value"": 0.0, ""model_input"": 0.0}, {""feature"": ""name_sim_max_etab"", ""shap"": 0.6717061400413513, ""value"": 0.0, ""model_input"": 0.0}, {""feature"": ""type_of_max_name"", ""shap"": 0.6599698662757874, ""value"": 7.0, ""model_input"": 7.0}, {""feature"": ""addr_jaro"", ""shap"": -0.48506247997283936, ""value"": 0.5588115588115589, ""model_input"": 0.5588115588115589}, {""feature"": ""name_semantic_second"", ""shap"": -0.42112407088279724, ""value"": 0.0, ""model_input"": 0.0}, {""feature"": ""name_length_max"", ""shap"": -0.4098009765148163, ""value"": 3.0, ""model_input"": 3.0}, {""feature"": ""token_overlap_ul"", ""shap"": -0.3868759870529175, ""value"": 0.0, ""model_input"": 0.0}]}"
SAS THE REVIVAL,2 Rue Colière,69960,CORBAS,52195788600018,0.47384196519851685,CLM,PL CHARLES JOCTEUR,CORBAS,69960,69273,5,"{""bias"": 1.1616770029067993, ""margin"": -0.10472691059112549, ""prob_from_margin"": 0.4738421756369155, ""top"": [{""feature"": ""name_semantic_max"", ""shap"": -2.0128231048583984, ""value"": 0.42879557609558105, ""model_input"": 0.42879557609558105}, {""feature"": ""name_city_overlap_max"", ""shap"": 1.0992100238800049, ""value"": 0.3333333333333333, ""model_input"": 0.3333333333333333}, {""feature"": ""name_sim_max_etab"", ""shap"": 0.5709097981452942, ""value"": 0.0, ""model_input"": 0.0}, {""feature"": ""is_siege"", ""shap"": 0.43196621537208557, ""value"": 1.0, ""model_input"": 1.0}, {""feature"": ""type_of_max_name"", ""shap"": 0.4148968756198883, ""value"": 7.0, ""model_input"": 7.0}, {""feature"": ""addr_token_overlap"", ""shap"": -0.4048064947128296, ""value"": 0.0, ""model_input"": 0.0}, {""feature"": ""name_token_overlap_max"", ""shap"": -0.3795490562915802, ""value"": 0.0, ""model_input"": 0.0}, {""feature"": ""name_sim_max_ul"", ""shap"": -0.35696128010749817, ""value"": 0.43088023088023086, ""model_input"": 0.43088023088023086}, {""feature"": ""street_number_diff"", ""shap"": 0.29981088638305664, ""value"": 9999.0, ""model_input"": 9999.0}, {""feature"": ""name_jaro_gap"", ""shap"": -0.29757562279701233, ""value"": 0.43088023088023086, ""model_input"": 0.43088023088023086}]}"
SEI LYON,32 Rue Louis Pradel,69960,CORBAS,53952241700010,0.8714739084243774,LYON SUD EST,4 AVENUE DU 24 AOUT 1944,CORBAS,69960,69273,1,"{""bias"": 1.1616770029067993, ""margin"": 1.9140541553497314, ""prob_from_margin"": 0.8714739264061435, ""top"": [{""feature"": ""street_number_diff"", ""shap"": -0.8315476179122925, ""value"": 28.0, ""model_input"": 28.0}, {""feature"": ""type_of_max_name"", ""shap"": 0.6173692345619202, ""value"": 7.0, ""model_input"": 7.0}, {""feature"": ""token_overlap_ul"", ""shap"": 0.5918912291526794, ""value"": 0.5, ""model_input"": 0.5}, {""feature"": ""name_sim_max_pm_dirigeant"", ""shap"": 0.5255755186080933, ""value"": 0.5380952380952381, ""model_input"": 0.5380952380952381}, {""feature"": ""name_semantic_max"", ""shap"": 0.5026183724403381, ""value"": 0.6189449429512024, ""model_input"": 0.6189449429512024}, {""feature"": ""addr_token_overlap"", ""shap"": -0.4230930507183075, ""value"": 0.0, ""model_input"": 0.0}, {""feature"": ""is_siege"", ""shap"": 0.4079038202762604, ""value"": 1.0, ""model_input"": 1.0}, {""feature"": ""addr_levenshtein"", ""shap"": -0.37940526008605957, ""value"": 0.16666666666666663, ""model_input"": 0.16666666666666663}, {""feature"": ""name_semantic_second"", ""shap"": 0.369026243686676, ""value"": 0.5337119102478027, ""model_input"": 0.5337119102478027}, {""feature"": ""addr_jaro"", ""shap"": -0.3682194650173187, ""value"": 0.588184476342371, ""model_input"": 0.588184476342371}]}"
SEI LYON,32 Rue Louis Pradel,69960,CORBAS,98001975600017,0.7756155729293823,GROUPE HESTIA LYON DEVELOPPEMENT IMMOBILIER,44 AVENUE SALVADOR ALLENDE,CORBAS,69960,69273,2,"{""bias"": 1.1616770029067993, ""margin"": 1.2402958869934082, ""prob_from_margin"": 0.7756155134835505, ""top"": [{""feature"": ""name_semantic_max"", ""shap"": -1.3352748155593872, ""value"": 0.5538047552108765, ""model_input"": 0.5538047552108765}, {""feature"": ""name_sim_max_etab"", ""shap"": 1.0048508644104004, ""value"": 0.0, ""model_input"": 0.0}, {""feature"": ""type_of_max_name"", ""shap"": 0.7980166673660278, ""value"": 7.0, ""model_input"": 7.0}, {""feature"": ""token_overlap_ul"", ""shap"": 0.6433497071266174, ""value"": 0.5, ""model_input"": 0.5}, {""feature"": ""addr_levenshtein"", ""shap"": -0.4416444003582001, ""value"": 0.2692307692307693, ""model_input"": 0.2692307692307693}, {""feature"": ""name_sim_max_pm_dirigeant"", ""shap"": -0.4169827103614807, ""value"": 0.0, ""model_input"": 0.0}, {""feature"": ""name_count"", ""shap"": 0.31769487261772156, ""value"": 1.0, ""model_input"": 1.0}, {""feature"": ""name_semantic_second"", ""shap"": -0.2872902750968933, ""value"": 0.0, ""model_input"": 0.0}, {""feature"": ""street_number_diff"", ""shap"": -0.23131521046161652, ""value"": 12.0, ""model_input"": 12.0}, {""feature"": ""addr_token_overlap"", ""shap"": -0.2174995392560959, ""value"": 0.0, ""model_input"": 0.0}]}"
SEI LYON,32 Rue Louis Pradel,69960,CORBAS,96550733800048,0.7482931613922119,CLIMATIC ENERGIES,32 RUE LOUIS PRADEL,CORBAS,69960,69273,3,"{""bias"": 1.1616770029067993, ""margin"": 1.0895291566848755, ""prob_from_margin"": 0.7482930483721563, ""top"": [{""feature"": ""name_semantic_max"", ""shap"": -2.3756744861602783, ""value"": 0.3957064151763916, ""model_input"": 0.3957064151763916}, {""feature"": ""addr_token_overlap"", ""shap"": 1.2905577421188354, ""value"": 1.0, ""model_input"": 1.0}, {""feature"": ""street_number_diff"", ""shap"": 1.1798582077026367, ""value"": 0.0, ""model_input"": 0.0}, {""feature"": ""name_sim_max_etab"", ""shap"": 0.738113522529602, ""value"": 0.0, ""model_input"": 0.0}, {""feature"": ""addr_jaro"", ""shap"": 0.7299582362174988, ""value"": 1.0, ""model_input"": 1.0}, {""feature"": ""addr_levenshtein"", ""shap"": 0.5705613493919373, ""value"": 1.0, ""model_input"": 1.0}, {""feature"": ""name_addr_consistency"", ""shap"": -0.45603513717651367, ""value"": 0.4950980392156863, ""model_input"": 0.4950980392156863}, {""feature"": ""name_sim_max_pm_dirigeant"", ""shap"": -0.416310578584671, ""value"": 0.0, ""model_input"": 0.0}, {""feature"": ""name_semantic_second"", ""shap"": -0.3992014527320862, ""value"": 0.39029496908187866, ""model_input"": 0.39029496908187866}, {""feature"": ""name_sim_max_ul"", ""shap"": -0.36902305483818054, ""value"": 0.4950980392156863, ""model_input"": 0.4950980392156863}]}"
SEI LYON,32 Rue Louis Pradel,69960,CORBAS,90480839100018,0.746229887008667,TL LYON,11 RUE MARCEL MERIEUX,CORBAS,69960,69273,4,"{""bias"": 1.1616770029067993, ""margin"": 1.0786049365997314, ""prob_from_margin"": 0.7462298897684067, ""top"": [{""feature"": ""name_token_overlap_max"", ""shap"": 1.0266180038452148, ""value"": 0.3333333333333333, ""model_input"": 0.3333333333333333}, {""feature"": ""name_sim_max_etab"", ""shap"": 0.9980761408805847, ""value"": 0.0, ""model_input"": 0.0}, {""feature"": ""street_number_diff"", ""shap"": -0.6057063341140747, ""value"": 21.0, ""model_input"": 21.0}, {""feature"": ""token_overlap_ul"", ""shap"": 0.585310697555542, ""value"": 0.5, ""model_input"": 0.5}, {""feature"": ""type_of_max_name"", ""shap"": 0.5810468792915344, ""value"": 7.0, ""model_input"": 7.0}, {""feature"": ""name_sim_max_pm_dirigeant"", ""shap"": -0.49974310398101807, ""value"": 0.0, ""model_input"": 0.0}, {""feature"": ""addr_token_overlap"", ""shap"": -0.44378483295440674, ""value"": 0.14285714285714285, ""model_input"": 0.14285714285714285}, {""feature"": ""name_length_max"", ""shap"": -0.35470592975616455, ""value"": 7.0, ""model_input"": 7.0}, {""feature"": ""name_addr_consistency"", ""shap"": -0.35421401262283325, ""value"": 0.4349951357470154, ""model_input"": 0.4349951357470154}, {""feature"": ""name_jaro_max"", ""shap"": -0.33470264077186584, ""value"": 0.7130952380952381, ""model_input"": 0.7130952380952381}]}"
SEI LYON,32 Rue Louis Pradel,69960,CORBAS,75119730200035,0.7373952865600586,REP ARSTORES,88 RUE LOUIS PRADEL,CORBAS,69960,69273,5,"{""bias"": 1.1616770029067993, ""margin"": 1.0324747562408447, ""prob_from_margin"": 0.7373953975689702, ""top"": [{""feature"": ""street_number_diff"", ""shap"": -1.3476144075393677, ""value"": 56.0, ""model_input"": 56.0}, {""feature"": ""name_sim_max_pm_dirigeant"", ""shap"": 0.8576254844665527, ""value"": 0.537878787878788, ""model_input"": 0.537878787878788}, {""feature"": ""name_semantic_max"", ""shap"": 0.8249136209487915, ""value"": 0.6325341463088989, ""model_input"": 0.6325341463088989}, {""feature"": ""token_overlap_ul"", ""shap"": 0.6231476664543152, ""value"": 0.5, ""model_input"": 0.5}, {""feature"": ""type_of_max_name"", ""shap"": 0.5094245076179504, ""value"": 7.0, ""model_input"": 7.0}, {""feature"": ""name_addr_consistency"", ""shap"": -0.46148622035980225, ""value"": 0.5821337531863848, ""model_input"": 0.5821337531863848}, {""feature"": ""addr_token_overlap"", ""shap"": 0.41438379883766174, ""value"": 0.6, ""model_input"": 0.6}, {""feature"": ""name_count"", ""shap"": -0.37604621052742004, ""value"": 4.0, ""model_input"": 4.0}, {""feature"": ""name_semantic_second"", ""shap"": -0.3466123640537262, ""value"": 0.2475740909576416, ""model_input"": 0.2475740909576416}, {""feature"": ""name_levenshtein_max"", ""shap"": -0.20084123313426971, ""value"": 0.46153846153846156, ""model_input"": 0.46153846153846156}]}"
SERF EXTREMITY,16 RUE DE LOMBARDIE,69150,DECINES CHARPIEU,97350450900058,0.9989370703697205,SERF,16 RUE DE LOMBARDIE,DECINES-CHARPIEU,69150,69275,1,"{""bias"": 1.1616770029067993, ""margin"": 6.845641613006592, ""prob_from_margin"": 0.9989370477817718, ""top"": [{""feature"": ""name_semantic_max"", ""shap"": 2.498283624649048, ""value"": 0.8695582151412964, ""model_input"": 0.8695582151412964}, {""feature"": ""name_token_overlap_max"", ""shap"": 0.9780482053756714, ""value"": 0.5, ""model_input"": 0.5}, {""feature"": ""street_number_diff"", ""shap"": 0.6771486401557922, ""value"": 0.0, ""model_input"": 0.0}, {""feature"": ""name_sim_max_etab"", ""shap"": 0.6230283975601196, ""value"": 0.41865079365079366, ""model_input"": 0.41865079365079366}, {""feature"": ""addr_token_overlap"", ""shap"": 0.583870530128479, ""value"": 1.0, ""model_input"": 1.0}, {""feature"": ""name_crm_contains_cand_max"", ""shap"": 0.5486384034156799, ""value"": 1.0, ""model_input"": 1.0}, {""feature"": ""token_overlap_ul"", ""shap"": 0.40079861879348755, ""value"": 0.5, ""model_input"": 0.5}, {""feature"": ""name_sim_max_pm_dirigeant"", ""shap"": 0.35093602538108826, ""value"": 0.41865079365079366, ""model_input"": 0.41865079365079366}, {""feature"": ""name_semantic_second"", ""shap"": -0.30117955803871155, ""value"": 0.44494399428367615, ""model_input"": 0.44494399428367615}, {""feature"": ""name_length_max"", ""shap"": -0.2657907009124756, ""value"": 4.0, ""model_input"": 4.0}]}"
SERF EXTREMITY,16 RUE DE LOMBARDIE,69150,DECINES CHARPIEU,97350450900033,0.9967901110649109,SERF,85 AVENUE DES BRUYERES,DECINES-CHARPIEU,69150,69275,2,"{""bias"": 1.1616770029067993, ""margin"": 5.738327503204346, ""prob_from_margin"": 0.996790186615148, ""top"": [{""feature"": ""name_semantic_max"", ""shap"": 3.326373338699341, ""value"": 0.8695582151412964, ""model_input"": 0.8695582151412964}, {""feature"": ""name_token_overlap_max"", ""shap"": 1.368133306503296, ""value"": 0.5, ""model_input"": 0.5}, {""feature"": ""name_sim_max_etab"", ""shap"": 0.72312992811203, ""value"": 0.41865079365079366, ""model_input"": 0.41865079365079366}, {""feature"": ""street_number_diff"", ""shap"": -0.6153217554092407, ""value"": 69.0, ""model_input"": 69.0}, {""feature"": ""name_crm_contains_cand_max"", ""shap"": 0.5292413234710693, ""value"": 1.0, ""model_input"": 1.0}, {""feature"": ""is_siege"", ""shap"": 0.48740696907043457, ""value"": 1.0, ""model_input"": 1.0}, {""feature"": ""name_addr_consistency"", ""shap"": -0.4063074290752411, ""value"": 0.45167464114832534, ""model_input"": 0.45167464114832534}, {""feature"": ""addr_token_overlap"", ""shap"": -0.3884584307670593, ""value"": 0.0, ""model_input"": 0.0}, {""feature"": ""token_overlap_ul"", ""shap"": 0.3806372582912445, ""value"": 0.5, ""model_input"": 0.5}, {""feature"": ""name_sim_max_pm_dirigeant"", ""shap"": 0.25242289900779724, ""value"": 0.41865079365079366, ""model_input"": 0.41865079365079366}]}"
SERF EXTREMITY,16 RUE DE LOMBARDIE,69150,DECINES CHARPIEU,93754655400018,0.9847553372383118,SERF TECHNOLOGIES,85 AVENUE DES BRUYERES,DECINES-CHARPIEU,69150,69275,3,"{""bias"": 1.1616770029067993, ""margin"": 4.168161392211914, ""prob_from_margin"": 0.9847553016507848, ""top"": [{""feature"": ""name_semantic_max"", ""shap"": 3.1065285205841064, ""value"": 0.8253915309906006, ""model_input"": 0.8253915309906006}, {""feature"": ""name_sim_max_etab"", ""shap"": 1.2188920974731445, ""value"": 0.0, ""model_input"": 0.0}, {""feature"": ""name_token_overlap_max"", ""shap"": 0.5653207302093506, ""value"": 0.3333333333333333, ""model_input"": 0.3333333333333333}, {""feature"": ""token_overlap_ul"", ""shap"": 0.5459898710250854, ""value"": 0.5, ""model_input"": 0.5}, {""feature"": ""name_sim_max_pm_dirigeant"", ""shap"": -0.4734170436859131, ""value"": 0.0, ""model_input"": 0.0}, {""feature"": ""addr_token_overlap"", ""shap"": -0.44171157479286194, ""value"": 0.0, ""model_input"": 0.0}, {""feature"": ""name_semantic_second"", ""shap"": -0.3789231777191162, ""value"": 0.0, ""model_input"": 0.0}, {""feature"": ""street_number_diff"", ""shap"": -0.35383254289627075, ""value"": 69.0, ""model_input"": 69.0}, {""feature"": ""addr_jaro"", ""shap"": -0.3106043338775635, ""value"": 0.5269537480063796, ""model_input"": 0.5269537480063796}, {""feature"": ""name_jaro_gap"", ""shap"": -0.2943292558193207, ""value"": 0.6500155617802678, ""model_input"": 0.6500155617802678}]}"
SERF EXTREMITY,16 RUE DE LOMBARDIE,69150,DECINES CHARPIEU,92440626700014,0.9363659024238586,FONDS DE DOTATION RESSOURCES ET PARTAGES,16 RUE DE LOMBARDIE,DECINES-CHARPIEU,69150,69275,4,"{""bias"": 1.1616770029067993, ""margin"": 2.6888582706451416, ""prob_from_margin"": 0.9363659859174616, ""top"": [{""feature"": ""name_semantic_max"", ""shap"": -1.4907928705215454, ""value"": 0.4857007563114166, ""model_input"": 0.4857007563114166}, {""feature"": ""addr_token_overlap"", ""shap"": 1.3032194375991821, ""value"": 1.0, ""model_input"": 1.0}, {""feature"": ""street_number_diff"", ""shap"": 1.0109130144119263, ""value"": 0.0, ""model_input"": 0.0}, {""feature"": ""name_sim_max_etab"", ""shap"": 0.7882785797119141, ""value"": 0.0, ""model_input"": 0.0}, {""feature"": ""addr_jaro"", ""shap"": 0.5038862228393555, ""value"": 1.0, ""model_input"": 1.0}, {""feature"": ""type_of_max_name"", ""shap"": 0.5010553002357483, ""value"": 7.0, ""model_input"": 7.0}, {""feature"": ""addr_levenshtein"", ""shap"": 0.4855585992336273, ""value"": 1.0, ""model_input"": 1.0}, {""feature"": ""name_semantic_second"", ""shap"": -0.3535468280315399, ""value"": 0.0, ""model_input"": 0.0}, {""feature"": ""name_sim_max_pm_dirigeant"", ""shap"": -0.33651572465896606, ""value"": 0.0, ""model_input"": 0.0}, {""feature"": ""name_count"", ""shap"": 0.33352193236351013, ""value"": 1.0, ""model_input"": 1.0}]}"
SERF EXTREMITY,16 RUE DE LOMBARDIE,69150,DECINES CHARPIEU,38343468500038,0.897729218006134,GIE FLAVIEN GCAT,16 RUE DE LOMBARDIE,DECINES-CHARPIEU,69150,69275,5,"{""bias"": 1.1616770029067993, ""margin"": 2.172243595123291, ""prob_from_margin"": 0.8977291383520013, ""top"": [{""feature"": ""name_semantic_max"", ""shap"": -1.7571370601654053, ""value"": 0.46316900849342346, ""model_input"": 0.46316900849342346}, {""feature"": ""addr_token_overlap"", ""shap"": 1.4196877479553223, ""value"": 1.0, ""model_input"": 1.0}, {""feature"": ""street_number_diff"", ""shap"": 1.0400797128677368, ""value"": 0.0, ""model_input"": 0.0}, {""feature"": ""addr_jaro"", ""shap"": 0.7295913696289062, ""value"": 1.0, ""model_input"": 1.0}, {""feature"": ""addr_levenshtein"", ""shap"": 0.5452779531478882, ""value"": 1.0, ""model_input"": 1.0}, {""feature"": ""name_addr_consistency"", ""shap"": -0.3880198001861572, ""value"": 0.4900793650793651, ""model_input"": 0.4900793650793651}, {""feature"": ""type_of_max_name"", ""shap"": 0.3624582588672638, ""value"": 7.0, ""model_input"": 7.0}, {""feature"": ""name_token_overlap_max"", ""shap"": -0.3403743803501129, ""value"": 0.0, ""model_input"": 0.0}, {""feature"": ""name_sim_max_pm_dirigeant"", ""shap"": 0.27721863985061646, ""value"": 0.47343358395989976, ""model_input"": 0.47343358395989976}, {""feature"": ""token_overlap_ul"", ""shap"": -0.2672268748283386, ""value"": 0.0, ""model_input"": 0.0}]}"
SERPAY,25 Avenue Beauregard,69150,DECINES-CHARPIEU,42322927700029,0.9998990297317505,SERPAY,25 AVENUE BEAUREGARD,DECINES-CHARPIEU,69150,69275,1,"{""bias"": 1.1616770029067993, ""margin"": 9.20099925994873, ""prob_from_margin"": 0.9998990716999122, ""top"": [{""feature"": ""name_semantic_max"", ""shap"": 2.1234278678894043, ""value"": 1.0, ""model_input"": 1.0}, {""feature"": ""token_overlap_ul"", ""shap"": 0.9554406404495239, ""value"": 1.0, ""model_input"": 1.0}, {""feature"": ""name_token_overlap_max"", ""shap"": 0.8915465474128723, ""value"": 1.0, ""model_input"": 1.0}, {""feature"": ""name_sim_max_pm_dirigeant"", ""shap"": 0.6761090755462646, ""value"": 0.48888888888888893, ""model_input"": 0.48888888888888893}, {""feature"": ""name_crm_contains_cand_max"", ""shap"": 0.6679092645645142, ""value"": 1.0, ""model_input"": 1.0}, {""feature"": ""addr_token_overlap"", ""shap"": 0.5073907971382141, ""value"": 1.0, ""model_input"": 1.0}, {""feature"": ""street_number_diff"", ""shap"": 0.44976750016212463, ""value"": 0.0, ""model_input"": 0.0}, {""feature"": ""name_sim_max_etab"", ""shap"": 0.32164058089256287, ""value"": 0.48888888888888893, ""model_input"": 0.48888888888888893}, {""feature"": ""is_siege"", ""shap"": 0.31345057487487793, ""value"": 1.0, ""model_input"": 1.0}, {""feature"": ""name_semantic_second"", ""shap"": -0.24293038249015808, ""value"": 0.4076932668685913, ""model_input"": 0.4076932668685913}]}"
SERPAY,25 Avenue Beauregard,69150,DECINES-CHARPIEU,83119206700013,0.9266254901885986,ART METALLIQUE,25 AVENUE BEAUREGARD,DECINES-CHARPIEU,69150,69275,2,"{""bias"": 1.1616770029067993, ""margin"": 2.5359740257263184, ""prob_from_margin"": 0.9266255677847758, ""top"": [{""feature"": ""name_semantic_max"", ""shap"": -2.1182398796081543, ""value"": 0.3984781503677368, ""model_input"": 0.3984781503677368}, {""feature"": ""addr_token_overlap"", ""shap"": 1.2253773212432861, ""value"": 1.0, ""model_input"": 1.0}, {""feature"": ""street_number_diff"", ""shap"": 1.1195142269134521, ""value"": 0.0, ""model_input"": 0.0}, {""feature"": ""addr_jaro"", ""shap"": 0.7575342655181885, ""value"": 1.0, ""model_input"": 1.0}, {""feature"": ""name_sim_max_etab"", ""shap"": 0.7509416341781616, ""value"": 0.0, ""model_input"": 0.0}, {""feature"": ""addr_levenshtein"", ""shap"": 0.5823752880096436, ""value"": 1.0, ""model_input"": 1.0}, {""feature"": ""name_levenshtein_max"", ""shap"": 0.42158883810043335, ""value"": 0.0714285714285714, ""model_input"": 0.0714285714285714}, {""feature"": ""name_sim_max_pm_dirigeant"", ""shap"": -0.42070648074150085, ""value"": 0.0, ""model_input"": 0.0}, {""feature"": ""name_semantic_second"", ""shap"": -0.3964746296405792, ""value"": 0.0, ""model_input"": 0.0}, {""feature"": ""type_of_max_name"", ""shap"": 0.39524325728416443, ""value"": 7.0, ""model_input"": 7.0}]}"
SERPAY,25 Avenue Beauregard,69150,DECINES-CHARPIEU,81340153600012,0.8541944622993469,MENUISERIE SAMPAIO,25 AVENUE BEAUREGARD,DECINES-CHARPIEU,69150,69275,3,"{""bias"": 1.1616770029067993, ""margin"": 1.7678842544555664, ""prob_from_margin"": 0.8541943600863254, ""top"": [{""feature"": ""name_semantic_max"", ""shap"": -1.3039050102233887, ""value"": 0.49254995584487915, ""model_input"": 0.49254995584487915}, {""feature"": ""addr_token_overlap"", ""shap"": 1.2340139150619507, ""value"": 1.0, ""model_input"": 1.0}, {""feature"": ""street_number_diff"", ""shap"": 1.1214221715927124, ""value"": 0.0, ""model_input"": 0.0}, {""feature"": ""name_sim_max_etab"", ""shap"": 0.7860501408576965, ""value"": 0.0, ""model_input"": 0.0}, {""feature"": ""addr_jaro"", ""shap"": 0.5445379018783569, ""value"": 1.0, ""model_input"": 1.0}, {""feature"": ""type_of_max_name"", ""shap"": 0.5347318053245544, ""value"": 7.0, ""model_input"": 7.0}, {""feature"": ""addr_levenshtein"", ""shap"": 0.48749881982803345, ""value"": 1.0, ""model_input"": 1.0}, {""feature"": ""name_sim_max_pm_dirigeant"", ""shap"": -0.431319922208786, ""value"": 0.0, ""model_input"": 0.0}, {""feature"": ""name_semantic_second"", ""shap"": -0.4079611003398895, ""value"": 0.0, ""model_input"": 0.0}, {""feature"": ""name_addr_consistency"", ""shap"": -0.3850311040878296, ""value"": 0.5462962962962963, ""model_input"": 0.5462962962962963}]}"
SERPAY,25 Avenue Beauregard,69150,DECINES-CHARPIEU,81139345300014,0.7692565321922302,PALMA INDUSTRIE,25 AVENUE BEAUREGARD,DECINES-CHARPIEU,69150,69275,4,"{""bias"": 1.1616770029067993, ""margin"": 1.2041189670562744, ""prob_from_margin"": 0.769256714256553, ""top"": [{""feature"": ""name_semantic_max"", ""shap"": -2.1441526412963867, ""value"": 0.4076932668685913, ""model_input"": 0.4076932668685913}, {""feature"": ""addr_token_overlap"", ""shap"": 1.125236988067627, ""value"": 1.0, ""model_input"": 1.0}, {""feature"": ""street_number_diff"", ""shap"": 1.043298602104187, ""value"": 0.0, ""model_input"": 0.0}, {""feature"": ""name_sim_max_etab"", ""shap"": 0.7615159153938293, ""value"": 0.0, ""model_input"": 0.0}, {""feature"": ""addr_jaro"", ""shap"": 0.751896321773529, ""value"": 1.0, ""model_input"": 1.0}, {""feature"": ""name_addr_consistency"", ""shap"": -0.605009913444519, ""value"": 0.48888888888888893, ""model_input"": 0.48888888888888893}, {""feature"": ""addr_levenshtein"", ""shap"": 0.49990329146385193, ""value"": 1.0, ""model_input"": 1.0}, {""feature"": ""type_of_max_name"", ""shap"": 0.3956572115421295, ""value"": 7.0, ""model_input"": 7.0}, {""feature"": ""name_sim_max_pm_dirigeant"", ""shap"": -0.3925856351852417, ""value"": 0.0, ""model_input"": 0.0}, {""feature"": ""name_semantic_second"", ""shap"": -0.39201441407203674, ""value"": 0.0, ""model_input"": 0.0}]}"
SERPAY,25 Avenue Beauregard,69150,DECINES-CHARPIEU,43136403300040,0.7146896719932556,MATOS 2 BOXE,25 AVENUE BEAUREGARD,DECINES-CHARPIEU,69150,69275,5,"{""bias"": 1.1616770029067993, ""margin"": 0.9182709455490112, ""prob_from_margin"": 0.7146896679832015, ""top"": [{""feature"": ""name_semantic_max"", ""shap"": -2.8083465099334717, ""value"": 0.31259119510650635, ""model_input"": 0.31259119510650635}, {""feature"": ""addr_token_overlap"", ""shap"": 1.141672134399414, ""value"": 1.0, ""model_input"": 1.0}, {""feature"": ""street_number_diff"", ""shap"": 1.117475152015686, ""value"": 0.0, ""model_input"": 0.0}, {""feature"": ""name_sim_max_etab"", ""shap"": 0.7989322543144226, ""value"": 0.0, ""model_input"": 0.0}, {""feature"": ""addr_jaro"", ""shap"": 0.7566903829574585, ""value"": 1.0, ""model_input"": 1.0}, {""feature"": ""addr_levenshtein"", ""shap"": 0.5632151961326599, ""value"": 1.0, ""model_input"": 1.0}, {""feature"": ""name_semantic_second"", ""shap"": -0.5059320330619812, ""value"": 0.2818375825881958, ""model_input"": 0.2818375825881958}, {""feature"": ""name_sim_max_pm_dirigeant"", ""shap"": -0.42363232374191284, ""value"": 0.0, ""model_input"": 0.0}, {""feature"": ""type_of_max_name"", ""shap"": 0.35575199127197266, ""value"": 7.0, ""model_input"": 7.0}, {""feature"": ""name_token_overlap_max"", ""shap"": -0.3444705605506897, ""value"": 0.0, ""model_input"": 0.0}]}"
SMEG FRANCE CORBAS,83 RUE MARCEL MERIEUX,69960,CORBAS,34408301900085,0.9990468621253967,SMEG,83 RUE MARCEL MERIEUX,CORBAS,69960,69273,1,"{""bias"": 1.1616770029067993, ""margin"": 6.954834461212158, ""prob_from_margin"": 0.9990468974173481, ""top"": [{""feature"": ""name_semantic_max"", ""shap"": 2.2292778491973877, ""value"": 1.0000001192092896, ""model_input"": 1.0000001192092896}, {""feature"": ""name_token_overlap_max"", ""shap"": 0.8887462615966797, ""value"": 1.0, ""model_input"": 1.0}, {""feature"": ""token_overlap_ul"", ""shap"": 0.7304892539978027, ""value"": 1.0, ""model_input"": 1.0}, {""feature"": ""addr_token_overlap"", ""shap"": 0.7012962102890015, ""value"": 1.0, ""model_input"": 1.0}, {""feature"": ""name_sim_max_etab"", ""shap"": -0.6851618885993958, ""value"": 0.8727272727272728, ""model_input"": 0.8727272727272728}, {""feature"": ""name_crm_contains_cand_max"", ""shap"": 0.5111256837844849, ""value"": 1.0, ""model_input"": 1.0}, {""feature"": ""name_semantic_second"", ""shap"": 0.46709752082824707, ""value"": 0.9323697090148926, ""model_input"": 0.9323697090148926}, {""feature"": ""street_number_diff"", ""shap"": 0.4549412429332733, ""value"": 0.0, ""model_input"": 0.0}, {""feature"": ""is_siege"", ""shap"": -0.3929290175437927, ""value"": 0.0, ""model_input"": 0.0}, {""feature"": ""name_sim_max_pm_dirigeant"", ""shap"": 0.3330625891685486, ""value"": 0.4392344497607656, ""model_input"": 0.4392344497607656}]}"
SMEG FRANCE CORBAS,83 RUE MARCEL MERIEUX,69960,CORBAS,97350535701885,0.9377858638763428,TNT,83 RUE MARCEL MERIEUX,CORBAS,69960,69273,2,"{""bias"": 1.1616770029067993, ""margin"": 2.712939977645874, ""prob_from_margin"": 0.9377858981592809, ""top"": [{""feature"": ""addr_token_overlap"", ""shap"": 1.2339608669281006, ""value"": 1.0, ""model_input"": 1.0}, {""feature"": ""street_number_diff"", ""shap"": 1.0749013423919678, ""value"": 0.0, ""model_input"": 0.0}, {""feature"": ""name_semantic_max"", ""shap"": -0.9890310168266296, ""value"": 0.49889427423477173, ""model_input"": 0.49889427423477173}, {""feature"": ""addr_jaro"", ""shap"": 0.6016619801521301, ""value"": 1.0, ""model_input"": 1.0}, {""feature"": ""name_sim_max_pm_dirigeant"", ""shap"": 0.5850574374198914, ""value"": 0.5250329380764164, ""model_input"": 0.5250329380764164}, {""feature"": ""addr_levenshtein"", ""shap"": 0.5149491429328918, ""value"": 1.0, ""model_input"": 1.0}, {""feature"": ""type_of_max_name"", ""shap"": 0.4624292850494385, ""value"": 4.0, ""model_input"": 4.0}, {""feature"": ""name_token_overlap_max"", ""shap"": -0.3184654414653778, ""value"": 0.0, ""model_input"": 0.0}, {""feature"": ""token_overlap_ul"", ""shap"": -0.2979106903076172, ""value"": 0.0, ""model_input"": 0.0}, {""feature"": ""name_addr_consistency"", ""shap"": -0.2953703999519348, ""value"": 0.5250329380764164, ""model_input"": 0.5250329380764164}]}"
SMEG FRANCE CORBAS,83 RUE MARCEL MERIEUX,69960,CORBAS,94967077200019,0.9012057781219482,VALMY PARTNERS,83 RUE MARCEL MERIEUX,CORBAS,69960,69273,3,"{""bias"": 1.1616770029067993, ""margin"": 2.2106947898864746, ""prob_from_margin"": 0.9012058039231017, ""top"": [{""feature"": ""name_semantic_max"", ""shap"": -1.940119743347168, ""value"": 0.44562238454818726, ""model_input"": 0.44562238454818726}, {""feature"": ""addr_token_overlap"", ""shap"": 1.317591667175293, ""value"": 1.0, ""model_input"": 1.0}, {""feature"": ""street_number_diff"", ""shap"": 1.0889546871185303, ""value"": 0.0, ""model_input"": 0.0}, {""feature"": ""addr_jaro"", ""shap"": 0.6003374457359314, ""value"": 1.0, ""model_input"": 1.0}, {""feature"": ""name_sim_max_pm_dirigeant"", ""shap"": 0.52605140209198, ""value"": 0.47474747474747475, ""model_input"": 0.47474747474747475}, {""feature"": ""name_semantic_second"", ""shap"": -0.4510082006454468, ""value"": 0.26289281249046326, ""model_input"": 0.26289281249046326}, {""feature"": ""addr_levenshtein"", ""shap"": 0.45080363750457764, ""value"": 1.0, ""model_input"": 1.0}, {""feature"": ""type_of_max_name"", ""shap"": 0.44583284854888916, ""value"": 7.0, ""model_input"": 7.0}, {""feature"": ""name_addr_consistency"", ""shap"": -0.3483510911464691, ""value"": 0.5468975468975469, ""model_input"": 0.5468975468975469}, {""feature"": ""name_count"", ""shap"": 0.3354252576828003, ""value"": 2.0, ""model_input"": 2.0}]}"
SMEG FRANCE CORBAS,83 RUE MARCEL MERIEUX,69960,CORBAS,50483864000036,0.8966096043586731,FAREX SERVICES,83 RUE MARCEL MERIEUX,CORBAS,69960,69273,4,"{""bias"": 1.1616770029067993, ""margin"": 2.160109519958496, ""prob_from_margin"": 0.8966097015644579, ""top"": [{""feature"": ""name_semantic_max"", ""shap"": -1.9693832397460938, ""value"": 0.43209999799728394, ""model_input"": 0.43209999799728394}, {""feature"": ""addr_token_overlap"", ""shap"": 1.3069438934326172, ""value"": 1.0, ""model_input"": 1.0}, {""feature"": ""street_number_diff"", ""shap"": 1.2850730419158936, ""value"": 0.0, ""model_input"": 0.0}, {""feature"": ""name_sim_max_etab"", ""shap"": 0.7899172902107239, ""value"": 0.0, ""model_input"": 0.0}, {""feature"": ""addr_jaro"", ""shap"": 0.703998863697052, ""value"": 1.0, ""model_input"": 1.0}, {""feature"": ""addr_levenshtein"", ""shap"": 0.5527615547180176, ""value"": 1.0, ""model_input"": 1.0}, {""feature"": ""name_sim_max_pm_dirigeant"", ""shap"": -0.46807318925857544, ""value"": 0.0, ""model_input"": 0.0}, {""feature"": ""name_semantic_second"", ""shap"": -0.4261515736579895, ""value"": 0.0, ""model_input"": 0.0}, {""feature"": ""type_of_max_name"", ""shap"": 0.41991186141967773, ""value"": 7.0, ""model_input"": 7.0}, {""feature"": ""name_addr_consistency"", ""shap"": -0.35728251934051514, ""value"": 0.5995670995670995, ""model_input"": 0.5995670995670995}]}"
SMEG FRANCE CORBAS,83 RUE MARCEL MERIEUX,69960,CORBAS,33001223800078,0.8368469476699829,FAREX DEVELOPPEMENT,83 RUE MARCEL MERIEUX,CORBAS,69960,69273,5,"{""bias"": 1.1616770029067993, ""margin"": 1.6349536180496216, ""prob_from_margin"": 0.8368471052438732, ""top"": [{""feature"": ""name_semantic_max"", ""shap"": -2.196155309677124, ""value"": 0.40438705682754517, ""model_input"": 0.40438705682754517}, {""feature"": ""addr_token_overlap"", ""shap"": 1.2050726413726807, ""value"": 1.0, ""model_input"": 1.0}, {""feature"": ""street_number_diff"", ""shap"": 1.1325056552886963, ""value"": 0.0, ""model_input"": 0.0}, {""feature"": ""name_sim_max_etab"", ""shap"": 0.7634539008140564, ""value"": 0.0, ""model_input"": 0.0}, {""feature"": ""addr_jaro"", ""shap"": 0.6785955429077148, ""value"": 1.0, ""model_input"": 1.0}, {""feature"": ""addr_levenshtein"", ""shap"": 0.5184948444366455, ""value"": 1.0, ""model_input"": 1.0}, {""feature"": ""name_sim_max_pm_dirigeant"", ""shap"": -0.4003385603427887, ""value"": 0.0, ""model_input"": 0.0}, {""feature"": ""type_of_max_name"", ""shap"": 0.39495837688446045, ""value"": 7.0, ""model_input"": 7.0}, {""feature"": ""name_semantic_second"", ""shap"": -0.38388028740882874, ""value"": 0.0, ""model_input"": 0.0}, {""feature"": ""name_addr_consistency"", ""shap"": -0.36946067214012146, ""value"": 0.5093035619351408, ""model_input"": 0.5093035619351408}]}"
SMEG France,83 Rue Marcel Mérieux,69960,CORBAS,34408301900085,0.9989521503448486,SMEG,83 RUE MARCEL MERIEUX,CORBAS,69960,69273,1,"{""bias"": 1.1616770029067993, ""margin"": 6.860028266906738, ""prob_from_margin"": 0.998952214722016, ""top"": [{""feature"": ""name_semantic_max"", ""shap"": 2.191202163696289, ""value"": 0.9805809259414673, ""model_input"": 0.9805809259414673}, {""feature"": ""name_token_overlap_max"", ""shap"": 0.8886757493019104, ""value"": 1.0, ""model_input"": 1.0}, {""feature"": ""token_overlap_ul"", ""shap"": 0.727079451084137, ""value"": 1.0, ""model_input"": 1.0}, {""feature"": ""addr_token_overlap"", ""shap"": 0.7009395360946655, ""value"": 1.0, ""model_input"": 1.0}, {""feature"": ""name_sim_max_etab"", ""shap"": -0.6972926259040833, ""value"": 0.8727272727272728, ""model_input"": 0.8727272727272728}, {""feature"": ""name_crm_contains_cand_max"", ""shap"": 0.5130177140235901, ""value"": 1.0, ""model_input"": 1.0}, {""feature"": ""name_semantic_second"", ""shap"": 0.47113746404647827, ""value"": 0.8995304107666016, ""model_input"": 0.8995304107666016}, {""feature"": ""street_number_diff"", ""shap"": 0.4474143087863922, ""value"": 0.0, ""model_input"": 0.0}, {""feature"": ""is_siege"", ""shap"": -0.3920902609825134, ""value"": 0.0, ""model_input"": 0.0}, {""feature"": ""name_sim_max_pm_dirigeant"", ""shap"": 0.3373367190361023, ""value"": 0.4392344497607656, ""model_input"": 0.4392344497607656}]}"
SMEG France,83 Rue Marcel Mérieux,69960,CORBAS,97350535701885,0.9773762226104736,TNT,83 RUE MARCEL MERIEUX,CORBAS,69960,69273,2,"{""bias"": 1.1616770029067993, ""margin"": 3.765869140625, ""prob_from_margin"": 0.9773761990250381, ""top"": [{""feature"": ""addr_token_overlap"", ""shap"": 1.2138099670410156, ""value"": 1.0, ""model_input"": 1.0}, {""feature"": ""street_number_diff"", ""shap"": 1.118790626525879, ""value"": 0.0, ""model_input"": 0.0}, {""feature"": ""name_semantic_max"", ""shap"": -0.9300506114959717, ""value"": 0.502636194229126, ""model_input"": 0.502636194229126}, {""feature"": ""addr_jaro"", ""shap"": 0.6197972893714905, ""value"": 1.0, ""model_input"": 1.0}, {""feature"": ""name_sim_max_pm_dirigeant"", ""shap"": 0.6186012625694275, ""value"": 0.5250329380764164, ""model_input"": 0.5250329380764164}, {""feature"": ""addr_levenshtein"", ""shap"": 0.5202142000198364, ""value"": 1.0, ""model_input"": 1.0}, {""feature"": ""type_of_max_name"", ""shap"": 0.4922589957714081, ""value"": 4.0, ""model_input"": 4.0}, {""feature"": ""name_token_overlap_max"", ""shap"": -0.32316264510154724, ""value"": 0.0, ""model_input"": 0.0}, {""feature"": ""name_addr_consistency"", ""shap"": -0.26655644178390503, ""value"": 0.5250329380764164, ""model_input"": 0.5250329380764164}, {""feature"": ""name_semantic_gap"", ""shap"": 0.2534617781639099, ""value"": 0.029347002506256104, ""model_input"": 0.029347002506256104}]}"
SMEG France,83 Rue Marcel Mérieux,69960,CORBAS,94967077200019,0.9162848591804504,VALMY PARTNERS,83 RUE MARCEL MERIEUX,CORBAS,69960,69273,3,"{""bias"": 1.1616770029067993, ""margin"": 2.3929076194763184, ""prob_from_margin"": 0.9162848727227823, ""top"": [{""feature"": ""name_semantic_max"", ""shap"": -1.8764129877090454, ""value"": 0.4368884861469269, ""model_input"": 0.4368884861469269}, {""feature"": ""addr_token_overlap"", ""shap"": 1.3164381980895996, ""value"": 1.0, ""model_input"": 1.0}, {""feature"": ""street_number_diff"", ""shap"": 1.092265009880066, ""value"": 0.0, ""model_input"": 0.0}, {""feature"": ""addr_jaro"", ""shap"": 0.6150381565093994, ""value"": 1.0, ""model_input"": 1.0}, {""feature"": ""name_sim_max_pm_dirigeant"", ""shap"": 0.5392658114433289, ""value"": 0.47474747474747475, ""model_input"": 0.47474747474747475}, {""feature"": ""addr_levenshtein"", ""shap"": 0.4668021500110626, ""value"": 1.0, ""model_input"": 1.0}, {""feature"": ""type_of_max_name"", ""shap"": 0.44133758544921875, ""value"": 7.0, ""model_input"": 7.0}, {""feature"": ""name_semantic_second"", ""shap"": -0.37713319063186646, ""value"": 0.27255889773368835, ""model_input"": 0.27255889773368835}, {""feature"": ""name_count"", ""shap"": 0.3362359404563904, ""value"": 2.0, ""model_input"": 2.0}, {""feature"": ""name_token_overlap_max"", ""shap"": -0.3234589397907257, ""value"": 0.0, ""model_input"": 0.0}]}"
SMEG France,83 Rue Marcel Mérieux,69960,CORBAS,50483864000036,0.9051859378814697,FAREX SERVICES,83 RUE MARCEL MERIEUX,CORBAS,69960,69273,4,"{""bias"": 1.1616770029067993, ""margin"": 2.256222724914551, ""prob_from_margin"": 0.9051859446563917, ""top"": [{""feature"": ""name_semantic_max"", ""shap"": -1.9737894535064697, ""value"": 0.45169782638549805, ""model_input"": 0.45169782638549805}, {""feature"": ""addr_token_overlap"", ""shap"": 1.347718358039856, ""value"": 1.0, ""model_input"": 1.0}, {""feature"": ""street_number_diff"", ""shap"": 1.2261452674865723, ""value"": 0.0, ""model_input"": 0.0}, {""feature"": ""name_sim_max_etab"", ""shap"": 0.792497992515564, ""value"": 0.0, ""model_input"": 0.0}, {""feature"": ""addr_jaro"", ""shap"": 0.6831449866294861, ""value"": 1.0, ""model_input"": 1.0}, {""feature"": ""addr_levenshtein"", ""shap"": 0.5510862469673157, ""value"": 1.0, ""model_input"": 1.0}, {""feature"": ""name_sim_max_pm_dirigeant"", ""shap"": -0.4612559676170349, ""value"": 0.0, ""model_input"": 0.0}, {""feature"": ""type_of_max_name"", ""shap"": 0.4500727951526642, ""value"": 7.0, ""model_input"": 7.0}, {""feature"": ""name_semantic_second"", ""shap"": -0.3966679871082306, ""value"": 0.0, ""model_input"": 0.0}, {""feature"": ""name_count"", ""shap"": 0.34288257360458374, ""value"": 1.0, ""model_input"": 1.0}]}"
SMEG France,83 Rue Marcel Mérieux,69960,CORBAS,33001223800078,0.8848950862884521,FAREX DEVELOPPEMENT,83 RUE MARCEL MERIEUX,CORBAS,69960,69273,5,"{""bias"": 1.1616770029067993, ""margin"": 2.0396246910095215, ""prob_from_margin"": 0.8848950460774359, ""top"": [{""feature"": ""name_semantic_max"", ""shap"": -1.9703800678253174, ""value"": 0.4208031892776489, ""model_input"": 0.4208031892776489}, {""feature"": ""addr_token_overlap"", ""shap"": 1.2286524772644043, ""value"": 1.0, ""model_input"": 1.0}, {""feature"": ""street_number_diff"", ""shap"": 1.1553030014038086, ""value"": 0.0, ""model_input"": 0.0}, {""feature"": ""name_sim_max_etab"", ""shap"": 0.7562702894210815, ""value"": 0.0, ""model_input"": 0.0}, {""feature"": ""addr_jaro"", ""shap"": 0.6358149647712708, ""value"": 1.0, ""model_input"": 1.0}, {""feature"": ""addr_levenshtein"", ""shap"": 0.5285370945930481, ""value"": 1.0, ""model_input"": 1.0}, {""feature"": ""type_of_max_name"", ""shap"": 0.4204590320587158, ""value"": 7.0, ""model_input"": 7.0}, {""feature"": ""name_semantic_second"", ""shap"": -0.37987059354782104, ""value"": 0.0, ""model_input"": 0.0}, {""feature"": ""name_sim_max_pm_dirigeant"", ""shap"": -0.37569108605384827, ""value"": 0.0, ""model_input"": 0.0}, {""feature"": ""name_addr_consistency"", ""shap"": -0.3572205603122711, ""value"": 0.5093035619351408, ""model_input"": 0.5093035619351408}]}"
SOCIETE MODERNE D'ISOLATION,33 Route de Lyon,69960,CORBAS,05781296800998,0.9960792660713196,SMI SOCIETE MODERNE D'ISOLATION,33 ROUTE DE LYON,CORBAS,69960,69273,1,"{""bias"": 1.1616770029067993, ""margin"": 5.537542343139648, ""prob_from_margin"": 0.9960792440735058, ""top"": [{""feature"": ""name_semantic_max"", ""shap"": 2.220877170562744, ""value"": 0.7869408130645752, ""model_input"": 0.7869408130645752}, {""feature"": ""name_token_overlap_max"", ""shap"": 0.9475042819976807, ""value"": 0.75, ""model_input"": 0.75}, {""feature"": ""addr_token_overlap"", ""shap"": 0.8086979389190674, ""value"": 1.0, ""model_input"": 1.0}, {""feature"": ""name_sim_max_etab"", ""shap"": -0.6675869226455688, ""value"": 0.8279569892473118, ""model_input"": 0.8279569892473118}, {""feature"": ""street_number_diff"", ""shap"": 0.4973955750465393, ""value"": 0.0, ""model_input"": 0.0}, {""feature"": ""name_sim_max_pm_dirigeant"", ""shap"": 0.4576946496963501, ""value"": 0.6327392555462731, ""model_input"": 0.6327392555462731}, {""feature"": ""name_semantic_second"", ""shap"": 0.44120678305625916, ""value"": 0.6716718673706055, ""model_input"": 0.6716718673706055}, {""feature"": ""token_overlap_ul"", ""shap"": 0.25272849202156067, ""value"": 0.5, ""model_input"": 0.5}, {""feature"": ""name_count"", ""shap"": -0.24909189343452454, ""value"": 4.0, ""model_input"": 4.0}, {""feature"": ""name_sim_max_sigle"", ""shap"": -0.21750056743621826, ""value"": 0.41358024691358025, ""model_input"": 0.41358024691358025}]}"
SOCIETE MODERNE D'ISOLATION,33 Route de Lyon,69960,CORBAS,32899961000053,0.7518399953842163,REM ISOL,40 ROUTE DE LYON,CORBAS,69960,69273,2,"{""bias"": 1.1616770029067993, ""margin"": 1.1084527969360352, ""prob_from_margin"": 0.751840552454764, ""top"": [{""feature"": ""name_semantic_max"", ""shap"": 1.1909254789352417, ""value"": 0.6480914354324341, ""model_input"": 0.6480914354324341}, {""feature"": ""street_number_diff"", ""shap"": -1.1519190073013306, ""value"": 7.0, ""model_input"": 7.0}, {""feature"": ""token_overlap_ul"", ""shap"": 0.6502113342285156, ""value"": 0.5, ""model_input"": 0.5}, {""feature"": ""name_sim_max_etab"", ""shap"": 0.6298155188560486, ""value"": 0.4012345679012346, ""model_input"": 0.4012345679012346}, {""feature"": ""name_token_overlap_max"", ""shap"": -0.49925360083580017, ""value"": 0.0, ""model_input"": 0.0}, {""feature"": ""name_addr_consistency"", ""shap"": -0.4270137548446655, ""value"": 0.5211823927101704, ""model_input"": 0.5211823927101704}, {""feature"": ""name_length_max"", ""shap"": -0.40897291898727417, ""value"": 8.0, ""model_input"": 8.0}, {""feature"": ""addr_token_overlap"", ""shap"": 0.35642290115356445, ""value"": 0.6, ""model_input"": 0.6}, {""feature"": ""name_semantic_second"", ""shap"": -0.35057565569877625, ""value"": 0.38487374782562256, ""model_input"": 0.38487374782562256}, {""feature"": ""type_of_max_name"", ""shap"": 0.27671465277671814, ""value"": 7.0, ""model_input"": 7.0}]}"
SOCIETE MODERNE D'ISOLATION,33 Route de Lyon,69960,CORBAS,88194102500010,0.3639306128025055,PRIMMO CORBAS NOUVELLE,4 RUE DU DAUPHINE,CORBAS,69960,69273,3,"{""bias"": 1.1616770029067993, ""margin"": -0.5583429336547852, ""prob_from_margin"": 0.36393095952211674, ""top"": [{""feature"": ""name_semantic_max"", ""shap"": -1.569321632385254, ""value"": 0.5000584125518799, ""model_input"": 0.5000584125518799}, {""feature"": ""name_city_overlap_max"", ""shap"": 1.0705968141555786, ""value"": 0.3333333333333333, ""model_input"": 0.3333333333333333}, {""feature"": ""name_sim_max_pm_dirigeant"", ""shap"": 0.760004460811615, ""value"": 0.5495230078563412, ""model_input"": 0.5495230078563412}, {""feature"": ""is_siege"", ""shap"": 0.6392711400985718, ""value"": 1.0, ""model_input"": 1.0}, {""feature"": ""street_number_diff"", ""shap"": -0.6067652702331543, ""value"": 29.0, ""model_input"": 29.0}, {""feature"": ""type_of_max_name"", ""shap"": 0.582337498664856, ""value"": 7.0, ""model_input"": 7.0}, {""feature"": ""name_token_overlap_max"", ""shap"": -0.4537615180015564, ""value"": 0.0, ""model_input"": 0.0}, {""feature"": ""token_overlap_ul"", ""shap"": -0.3759373426437378, ""value"": 0.0, ""model_input"": 0.0}, {""feature"": ""addr_token_overlap"", ""shap"": -0.36669299006462097, ""value"": 0.0, ""model_input"": 0.0}, {""feature"": ""name_jaro_second"", ""shap"": -0.33906522393226624, ""value"": 0.5495230078563412, ""model_input"": 0.5495230078563412}]}"
SOCIETE MODERNE D'ISOLATION,33 Route de Lyon,69960,CORBAS,91097505100012,0.3348906934261322,ACAM.FRANCE AMICALE CABRIOLETS ANCIENS ET MODERNES DE FRANCE,6 IMPASSE PAUL VALERY,CORBAS,69960,69273,4,"{""bias"": 1.1616770029067993, ""margin"": -0.686149001121521, ""prob_from_margin"": 0.33489029394699793, ""top"": [{""feature"": ""name_semantic_max"", ""shap"": -2.426974296569824, ""value"": 0.4274061322212219, ""model_input"": 0.4274061322212219}, {""feature"": ""name_sim_max_etab"", ""shap"": 1.0764992237091064, ""value"": 0.0, ""model_input"": 0.0}, {""feature"": ""token_overlap_ul"", ""shap"": 0.8755228519439697, ""value"": 0.5, ""model_input"": 0.5}, {""feature"": ""type_of_max_name"", ""shap"": 0.6016039252281189, ""value"": 7.0, ""model_input"": 7.0}, {""feature"": ""name_length_max"", ""shap"": 0.5250632166862488, ""value"": 60.0, ""model_input"": 60.0}, {""feature"": ""name_token_overlap_max"", ""shap"": -0.4959188401699066, ""value"": 0.0, ""model_input"": 0.0}, {""feature"": ""name_addr_consistency"", ""shap"": 0.4535283148288727, ""value"": 0.32626342986648943, ""model_input"": 0.32626342986648943}, {""feature"": ""street_number_diff"", ""shap"": -0.4278103709220886, ""value"": 27.0, ""model_input"": 27.0}, {""feature"": ""name_semantic_second"", ""shap"": -0.42050567269325256, ""value"": 0.0, ""model_input"": 0.0}, {""feature"": ""name_sim_max_pm_dirigeant"", ""shap"": -0.3856787383556366, ""value"": 0.0, ""model_input"": 0.0}]}"
SOCIETE MODERNE D'ISOLATION,33 Route de Lyon,69960,CORBAS,50365111900011,0.30745571851730347,THEDLIPAL,44 ROUTE DE LYON,CORBAS,69960,69273,5,"{""bias"": 1.1616770029067993, ""margin"": -0.812041163444519, ""prob_from_margin"": 0.3074557067843738, ""top"": [{""feature"": ""name_semantic_max"", ""shap"": -1.5280486345291138, ""value"": 0.5219675302505493, ""model_input"": 0.5219675302505493}, {""feature"": ""street_number_diff"", ""shap"": -0.895426869392395, ""value"": 11.0, ""model_input"": 11.0}, {""feature"": ""name_sim_max_etab"", ""shap"": 0.7621610760688782, ""value"": 0.0, ""model_input"": 0.0}, {""feature"": ""type_of_max_name"", ""shap"": 0.6713050603866577, ""value"": 7.0, ""model_input"": 7.0}, {""feature"": ""addr_token_overlap"", ""shap"": 0.5331442952156067, ""value"": 0.6, ""model_input"": 0.6}, {""feature"": ""name_token_overlap_max"", ""shap"": -0.477224737405777, ""value"": 0.0, ""model_input"": 0.0}, {""feature"": ""name_sim_max_pm_dirigeant"", ""shap"": -0.4059165120124817, ""value"": 0.0, ""model_input"": 0.0}, {""feature"": ""addr_levenshtein"", ""shap"": 0.40061846375465393, ""value"": 0.875, ""model_input"": 0.875}, {""feature"": ""name_length_max"", ""shap"": -0.3635058104991913, ""value"": 9.0, ""model_input"": 9.0}, {""feature"": ""token_overlap_ul"", ""shap"": -0.3564731776714325, ""value"": 0.0, ""model_input"": 0.0}]}"
SOLY IMPORT,51 Rue Marcel Merieux,69960,CORBAS,77983234400070,0.9999066591262817,SOLY IMPORT,51 RUE MARCEL MERIEUX,CORBAS,69960,69273,1,"{""bias"": 1.1616770029067993, ""margin"": 9.278918266296387, ""prob_from_margin"": 0.999906636644957, ""top"": [{""feature"": ""name_semantic_max"", ""shap"": 2.2809500694274902, ""value"": 1.0, ""model_input"": 1.0}, {""feature"": ""token_overlap_ul"", ""shap"": 0.9182223677635193, ""value"": 1.0, ""model_input"": 1.0}, {""feature"": ""name_token_overlap_max"", ""shap"": 0.8595962524414062, ""value"": 1.0, ""model_input"": 1.0}, {""feature"": ""name_crm_contains_cand_max"", ""shap"": 0.637401819229126, ""value"": 1.0, ""model_input"": 1.0}, {""feature"": ""name_sim_max_etab"", ""shap"": 0.5369412899017334, ""value"": 0.41919191919191917, ""model_input"": 0.41919191919191917}, {""feature"": ""addr_token_overlap"", ""shap"": 0.5260186195373535, ""value"": 1.0, ""model_input"": 1.0}, {""feature"": ""street_number_diff"", ""shap"": 0.483296662569046, ""value"": 0.0, ""model_input"": 0.0}, {""feature"": ""name_sim_max_pm_dirigeant"", ""shap"": 0.3482779860496521, ""value"": 0.41919191919191917, ""model_input"": 0.41919191919191917}, {""feature"": ""is_siege"", ""shap"": 0.3027258515357971, ""value"": 1.0, ""model_input"": 1.0}, {""feature"": ""name_addr_consistency"", ""shap"": 0.2783966064453125, ""value"": 1.0, ""model_input"": 1.0}]}"
SOLY IMPORT,51 Rue Marcel Merieux,69960,CORBAS,77983234400088,0.99968421459198,SOLY IMPORT,69 RUE MARCEL MERIEUX,CORBAS,69960,69273,2,"{""bias"": 1.1616770029067993, ""margin"": 8.060098648071289, ""prob_from_margin"": 0.9996842041172741, ""top"": [{""feature"": ""name_semantic_max"", ""shap"": 2.776441812515259, ""value"": 1.0, ""model_input"": 1.0}, {""feature"": ""name_token_overlap_max"", ""shap"": 1.1006425619125366, ""value"": 1.0, ""model_input"": 1.0}, {""feature"": ""token_overlap_ul"", ""shap"": 0.8845957517623901, ""value"": 1.0, ""model_input"": 1.0}, {""feature"": ""street_number_diff"", ""shap"": -0.6533328890800476, ""value"": 18.0, ""model_input"": 18.0}, {""feature"": ""name_sim_max_pm_dirigeant"", ""shap"": 0.5729860663414001, ""value"": 0.41919191919191917, ""model_input"": 0.41919191919191917}, {""feature"": ""name_sim_max_etab"", ""shap"": 0.5632290840148926, ""value"": 0.41919191919191917, ""model_input"": 0.41919191919191917}, {""feature"": ""name_crm_contains_cand_max"", ""shap"": 0.5467091202735901, ""value"": 1.0, ""model_input"": 1.0}, {""feature"": ""is_siege"", ""shap"": -0.3779306411743164, ""value"": 0.0, ""model_input"": 0.0}, {""feature"": ""addr_token_overlap"", ""shap"": 0.30784890055656433, ""value"": 0.6, ""model_input"": 0.6}, {""feature"": ""name_addr_consistency"", ""shap"": 0.28829890489578247, ""value"": 0.9365079365079364, ""model_input"": 0.9365079365079364}]}"
SOLY IMPORT,51 Rue Marcel Merieux,69960,CORBAS,87955528200018,0.9947448968887329,SOLY FROST HOLDING,51 RUE MARCEL MERIEUX,CORBAS,69960,69273,3,"{""bias"": 1.1616770029067993, ""margin"": 5.24327278137207, ""prob_from_margin"": 0.9947448241624544, ""top"": [{""feature"": ""name_semantic_max"", ""shap"": 0.959825873374939, ""value"": 0.6347399353981018, ""model_input"": 0.6347399353981018}, {""feature"": ""addr_token_overlap"", ""shap"": 0.875196099281311, ""value"": 1.0, ""model_input"": 1.0}, {""feature"": ""street_number_diff"", ""shap"": 0.8372024893760681, ""value"": 0.0, ""model_input"": 0.0}, {""feature"": ""name_sim_max_etab"", ""shap"": 0.538119912147522, ""value"": 0.41919191919191917, ""model_input"": 0.41919191919191917}, {""feature"": ""token_overlap_ul"", ""shap"": 0.46241748332977295, ""value"": 0.5, ""model_input"": 0.5}, {""feature"": ""name_sim_max_pm_dirigeant"", ""shap"": 0.3675450086593628, ""value"": 0.41919191919191917, ""model_input"": 0.41919191919191917}, {""feature"": ""type_of_max_name"", ""shap"": 0.3610762357711792, ""value"": 7.0, ""model_input"": 7.0}, {""feature"": ""addr_jaro"", ""shap"": 0.3468223512172699, ""value"": 1.0, ""model_input"": 1.0}, {""feature"": ""name_semantic_second"", ""shap"": -0.31643855571746826, ""value"": 0.2730223834514618, ""model_input"": 0.2730223834514618}, {""feature"": ""name_token_overlap_max"", ""shap"": 0.24225877225399017, ""value"": 0.25, ""model_input"": 0.25}]}"
SOLY IMPORT,51 Rue Marcel Merieux,69960,CORBAS,49122827600029,0.9502653479576111,DU PETIT BOIS,51 RUE MARCEL MERIEUX,CORBAS,69960,69273,4,"{""bias"": 1.1616770029067993, ""margin"": 2.950042247772217, ""prob_from_margin"": 0.9502654851510878, ""top"": [{""feature"": ""name_semantic_max"", ""shap"": 1.7850853204727173, ""value"": 1.0, ""model_input"": 1.0}, {""feature"": ""name_sim_max_etab"", ""shap"": -0.7692429423332214, ""value"": 1.0, ""model_input"": 1.0}, {""feature"": ""name_token_overlap_max"", ""shap"": 0.733045756816864, ""value"": 1.0, ""model_input"": 1.0}, {""feature"": ""name_semantic_second"", ""shap"": -0.6720700860023499, ""value"": 0.2730223834514618, ""model_input"": 0.2730223834514618}, {""feature"": ""ul_vs_pm_indicator"", ""shap"": -0.6506197452545166, ""value"": 0.0, ""model_input"": 0.0}, {""feature"": ""addr_token_overlap"", ""shap"": 0.6374324560165405, ""value"": 1.0, ""model_input"": 1.0}, {""feature"": ""token_overlap_ul"", ""shap"": -0.5429672598838806, ""value"": 0.0, ""model_input"": 0.0}, {""feature"": ""street_number_diff"", ""shap"": 0.49730655550956726, ""value"": 0.0, ""model_input"": 0.0}, {""feature"": ""name_crm_contains_cand_max"", ""shap"": 0.46678054332733154, ""value"": 1.0, ""model_input"": 1.0}, {""feature"": ""name_sim_max_pm_dirigeant"", ""shap"": -0.2857837975025177, ""value"": 1.0, ""model_input"": 1.0}]}"
SOLY IMPORT,51 Rue Marcel Merieux,69960,CORBAS,80253160800015,0.9213170409202576,BAFILCO,51 RUE MARCEL MERIEUX,CORBAS,69960,69273,5,"{""bias"": 1.1616770029067993, ""margin"": 2.4603769779205322, ""prob_from_margin"": 0.9213169950497669, ""top"": [{""feature"": ""name_semantic_max"", ""shap"": -1.871762990951538, ""value"": 0.43512511253356934, ""model_input"": 0.43512511253356934}, {""feature"": ""addr_token_overlap"", ""shap"": 1.1916987895965576, ""value"": 1.0, ""model_input"": 1.0}, {""feature"": ""street_number_diff"", ""shap"": 1.1898273229599, ""value"": 0.0, ""model_input"": 0.0}, {""feature"": ""name_sim_max_etab"", ""shap"": 0.6950448155403137, ""value"": 0.0, ""model_input"": 0.0}, {""feature"": ""addr_jaro"", ""shap"": 0.6725600957870483, ""value"": 1.0, ""model_input"": 1.0}, {""feature"": ""addr_levenshtein"", ""shap"": 0.5767078399658203, ""value"": 1.0, ""model_input"": 1.0}, {""feature"": ""type_of_max_name"", ""shap"": 0.45078688859939575, ""value"": 7.0, ""model_input"": 7.0}, {""feature"": ""name_semantic_second"", ""shap"": -0.38371342420578003, ""value"": 0.0, ""model_input"": 0.0}, {""feature"": ""name_sim_max_pm_dirigeant"", ""shap"": -0.36968129873275757, ""value"": 0.0, ""model_input"": 0.0}, {""feature"": ""name_token_overlap_max"", ""shap"": -0.33280453085899353, ""value"": 0.0, ""model_input"": 0.0}]}"
SOPINVEST,92 Avenue des Bruyères,69150,DECINES-CHARPIEU,50829414700055,0.9994392991065979,SOPINVEST,92 AVENUE DES BRUYERES,DECINES-CHARPIEU,69150,69275,1,"{""bias"": 1.1616770029067993, ""margin"": 7.485893249511719, ""prob_from_margin"": 0.9994393725943397, ""top"": [{""feature"": ""name_semantic_max"", ""shap"": 2.1913630962371826, ""value"": 1.0, ""model_input"": 1.0}, {""feature"": ""name_sim_max_etab"", ""shap"": 1.13755202293396, ""value"": 0.0, ""model_input"": 0.0}, {""feature"": ""token_overlap_ul"", ""shap"": 0.7383202910423279, ""value"": 1.0, ""model_input"": 1.0}, {""feature"": ""name_token_overlap_max"", ""shap"": 0.7164803147315979, ""value"": 1.0, ""model_input"": 1.0}, {""feature"": ""addr_token_overlap"", ""shap"": 0.6047727465629578, ""value"": 1.0, ""model_input"": 1.0}, {""feature"": ""name_sim_max_pm_dirigeant"", ""shap"": -0.48593586683273315, ""value"": 0.0, ""model_input"": 0.0}, {""feature"": ""name_crm_contains_cand_max"", ""shap"": 0.47907349467277527, ""value"": 1.0, ""model_input"": 1.0}, {""feature"": ""street_number_diff"", ""shap"": 0.47394096851348877, ""value"": 0.0, ""model_input"": 0.0}, {""feature"": ""is_siege"", ""shap"": -0.4647234380245209, ""value"": 0.0, ""model_input"": 0.0}, {""feature"": ""name_jaro_gap"", ""shap"": 0.32279524207115173, ""value"": 1.0, ""model_input"": 1.0}]}"
SOPINVEST,92 Avenue des Bruyères,69150,DECINES-CHARPIEU,84955409200015,0.9902920126914978,A ET L,92 AVENUE DES BRUYERES,DECINES-CHARPIEU,69150,69275,2,"{""bias"": 1.1616770029067993, ""margin"": 4.625051498413086, ""prob_from_margin"": 0.9902920186231992, ""top"": [{""feature"": ""name_semantic_max"", ""shap"": -1.9478790760040283, ""value"": 0.352504700422287, ""model_input"": 0.352504700422287}, {""feature"": ""addr_token_overlap"", ""shap"": 1.2755521535873413, ""value"": 1.0, ""model_input"": 1.0}, {""feature"": ""name_addr_consistency"", ""shap"": 1.204192876815796, ""value"": 0.0, ""model_input"": 0.0}, {""feature"": ""street_number_diff"", ""shap"": 0.9676421880722046, ""value"": 0.0, ""model_input"": 0.0}, {""feature"": ""addr_jaro"", ""shap"": 0.8899185657501221, ""value"": 1.0, ""model_input"": 1.0}, {""feature"": ""name_sim_max_etab"", ""shap"": 0.8470587134361267, ""value"": 0.0, ""model_input"": 0.0}, {""feature"": ""addr_levenshtein"", ""shap"": 0.6447330713272095, ""value"": 1.0, ""model_input"": 1.0}, {""feature"": ""name_jaro_max"", ""shap"": 0.6042959690093994, ""value"": 0.0, ""model_input"": 0.0}, {""feature"": ""name_sim_max_ul"", ""shap"": -0.44454026222229004, ""value"": 0.0, ""model_input"": 0.0}, {""feature"": ""name_semantic_second"", ""shap"": -0.33300286531448364, ""value"": 0.0, ""model_input"": 0.0}]}"
SOPINVEST,92 Avenue des Bruyères,69150,DECINES-CHARPIEU,82299922300024,0.9802911281585693,BCC,92 AVENUE DES BRUYERES,DECINES-CHARPIEU,69150,69275,3,"{""bias"": 1.1616770029067993, ""margin"": 3.9067797660827637, ""prob_from_margin"": 0.9802911098163956, ""top"": [{""feature"": ""name_semantic_max"", ""shap"": -2.101670742034912, ""value"": 0.33982330560684204, ""model_input"": 0.33982330560684204}, {""feature"": ""name_addr_consistency"", ""shap"": 1.263853907585144, ""value"": 0.0, ""model_input"": 0.0}, {""feature"": ""addr_token_overlap"", ""shap"": 1.2073389291763306, ""value"": 1.0, ""model_input"": 1.0}, {""feature"": ""street_number_diff"", ""shap"": 0.9646827578544617, ""value"": 0.0, ""model_input"": 0.0}, {""feature"": ""name_sim_max_etab"", ""shap"": 0.8835655450820923, ""value"": 0.0, ""model_input"": 0.0}, {""feature"": ""addr_jaro"", ""shap"": 0.874315619468689, ""value"": 1.0, ""model_input"": 1.0}, {""feature"": ""addr_levenshtein"", ""shap"": 0.6552945971488953, ""value"": 1.0, ""model_input"": 1.0}, {""feature"": ""name_jaro_max"", ""shap"": 0.5873264074325562, ""value"": 0.0, ""model_input"": 0.0}, {""feature"": ""name_sim_max_ul"", ""shap"": -0.4169410169124603, ""value"": 0.0, ""model_input"": 0.0}, {""feature"": ""name_token_overlap_max"", ""shap"": -0.3134811818599701, ""value"": 0.0, ""model_input"": 0.0}]}"
SOPINVEST,92 Avenue des Bruyères,69150,DECINES-CHARPIEU,84408395600046,0.9387089014053345,SERVALL,92 AVENUE DES BRUYERES,DECINES-CHARPIEU,69150,69275,4,"{""bias"": 1.1616770029067993, ""margin"": 2.7288708686828613, ""prob_from_margin"": 0.9387089053499562, ""top"": [{""feature"": ""street_number_diff"", ""shap"": 1.2662012577056885, ""value"": 0.0, ""model_input"": 0.0}, {""feature"": ""addr_token_overlap"", ""shap"": 1.2334729433059692, ""value"": 1.0, ""model_input"": 1.0}, {""feature"": ""name_sim_max_etab"", ""shap"": 0.6960116028785706, ""value"": 0.0, ""model_input"": 0.0}, {""feature"": ""name_semantic_max"", ""shap"": -0.6480153203010559, ""value"": 0.5492864847183228, ""model_input"": 0.5492864847183228}, {""feature"": ""addr_jaro"", ""shap"": 0.6155600547790527, ""value"": 1.0, ""model_input"": 1.0}, {""feature"": ""type_of_max_name"", ""shap"": 0.5217007994651794, ""value"": 7.0, ""model_input"": 7.0}, {""feature"": ""addr_levenshtein"", ""shap"": 0.5053190588951111, ""value"": 1.0, ""model_input"": 1.0}, {""feature"": ""name_semantic_second"", ""shap"": -0.4124010503292084, ""value"": 0.0, ""model_input"": 0.0}, {""feature"": ""name_sim_max_pm_dirigeant"", ""shap"": -0.4041673541069031, ""value"": 0.0, ""model_input"": 0.0}, {""feature"": ""name_addr_consistency"", ""shap"": -0.3609996736049652, ""value"": 0.5026455026455027, ""model_input"": 0.5026455026455027}]}"
SOPINVEST,92 Avenue des Bruyères,69150,DECINES-CHARPIEU,80916115100026,0.9384534955024719,2F INVEST,92 AVENUE DES BRUYERES,DECINES-CHARPIEU,69150,69275,5,"{""bias"": 1.1616770029067993, ""margin"": 2.7244410514831543, ""prob_from_margin"": 0.9384535421931394, ""top"": [{""feature"": ""name_semantic_max"", ""shap"": -2.1987688541412354, ""value"": 0.4104161262512207, ""model_input"": 0.4104161262512207}, {""feature"": ""addr_token_overlap"", ""shap"": 1.2031056880950928, ""value"": 1.0, ""model_input"": 1.0}, {""feature"": ""street_number_diff"", ""shap"": 1.0324193239212036, ""value"": 0.0, ""model_input"": 0.0}, {""feature"": ""token_overlap_ul"", ""shap"": 1.0129221677780151, ""value"": 1.0, ""model_input"": 1.0}, {""feature"": ""name_sim_max_etab"", ""shap"": 0.809021532535553, ""value"": 0.0, ""model_input"": 0.0}, {""feature"": ""addr_jaro"", ""shap"": 0.5796250104904175, ""value"": 1.0, ""model_input"": 1.0}, {""feature"": ""name_sim_max_pm_dirigeant"", ""shap"": -0.5041022896766663, ""value"": 0.0, ""model_input"": 0.0}, {""feature"": ""addr_levenshtein"", ""shap"": 0.44973939657211304, ""value"": 1.0, ""model_input"": 1.0}, {""feature"": ""name_token_overlap_max"", ""shap"": -0.4274120032787323, ""value"": 0.0, ""model_input"": 0.0}, {""feature"": ""name_length_max"", ""shap"": -0.40509462356567383, ""value"": 9.0, ""model_input"": 9.0}]}"
STAT Corbas,38 Avenue du 24 Août 1944,69960,CORBAS,32902163800229,0.9994786381721497,STAT,38 AVENUE DU 24 AOUT 1944,CORBAS,69960,69273,1,"{""bias"": 1.1616770029067993, ""margin"": 7.558548450469971, ""prob_from_margin"": 0.9994786400888379, ""top"": [{""feature"": ""name_semantic_max"", ""shap"": 2.323410987854004, ""value"": 1.0, ""model_input"": 1.0}, {""feature"": ""name_sim_max_etab"", ""shap"": 1.0643671751022339, ""value"": 0.0, ""model_input"": 0.0}, {""feature"": ""name_token_overlap_max"", ""shap"": 0.791948139667511, ""value"": 1.0, ""model_input"": 1.0}, {""feature"": ""token_overlap_ul"", ""shap"": 0.6655229926109314, ""value"": 1.0, ""model_input"": 1.0}, {""feature"": ""addr_token_overlap"", ""shap"": 0.5618098378181458, ""value"": 1.0, ""model_input"": 1.0}, {""feature"": ""street_number_diff"", ""shap"": 0.5174287557601929, ""value"": 0.0, ""model_input"": 0.0}, {""feature"": ""name_sim_max_pm_dirigeant"", ""shap"": -0.49128806591033936, ""value"": 0.0, ""model_input"": 0.0}, {""feature"": ""name_crm_contains_cand_max"", ""shap"": 0.4401664733886719, ""value"": 1.0, ""model_input"": 1.0}, {""feature"": ""is_siege"", ""shap"": -0.43335387110710144, ""value"": 0.0, ""model_input"": 0.0}, {""feature"": ""name_semantic_second"", ""shap"": 0.2886928617954254, ""value"": 0.5544657707214355, ""model_input"": 0.5544657707214355}]}"
STAT Corbas,38 Avenue du 24 Août 1944,69960,CORBAS,19692898000016,0.32126492261886597,CLG,CHEMIN DES ROMANETTES,CORBAS,69960,69273,2,"{""bias"": 1.1616770029067993, ""margin"": -0.7479645013809204, ""prob_from_margin"": 0.321264987450818, ""top"": [{""feature"": ""name_semantic_max"", ""shap"": -2.2299084663391113, ""value"": 0.34732288122177124, ""model_input"": 0.34732288122177124}, {""feature"": ""addr_jaro"", ""shap"": -0.8042285442352295, ""value"": 0.48507936507936505, ""model_input"": 0.48507936507936505}, {""feature"": ""name_jaro_max"", ""shap"": 0.7533663511276245, ""value"": 0.0, ""model_input"": 0.0}, {""feature"": ""name_addr_consistency"", ""shap"": 0.7210516333580017, ""value"": 0.0, ""model_input"": 0.0}, {""feature"": ""name_sim_max_ul"", ""shap"": -0.6463247537612915, ""value"": 0.0, ""model_input"": 0.0}, {""feature"": ""type_of_max_name"", ""shap"": 0.6371716856956482, ""value"": 5.0, ""model_input"": 5.0}, {""feature"": ""name_sim_max_etab"", ""shap"": 0.6104180812835693, ""value"": 0.0, ""model_input"": 0.0}, {""feature"": ""name_semantic_second"", ""shap"": -0.5118409395217896, ""value"": 0.0, ""model_input"": 0.0}, {""feature"": ""is_sigle_max"", ""shap"": 0.4897003769874573, ""value"": 1.0, ""model_input"": 1.0}, {""feature"": ""addr_token_overlap"", ""shap"": -0.46098843216896057, ""value"": 0.0, ""model_input"": 0.0}]}"
STAT Corbas,38 Avenue du 24 Août 1944,69960,CORBAS,44459464200035,0.31334877014160156,DELANCHY PRESTATIONS DE SERVICES 69 DPS 69,RUE DE LA VANOISE,CORBAS,69960,69273,3,"{""bias"": 1.1616770029067993, ""margin"": -0.7845093011856079, ""prob_from_margin"": 0.31334884310210254, ""top"": [{""feature"": ""name_semantic_max"", ""shap"": -2.3211007118225098, ""value"": 0.4375865161418915, ""model_input"": 0.4375865161418915}, {""feature"": ""token_overlap_ul"", ""shap"": 1.2986605167388916, ""value"": 1.0, ""model_input"": 1.0}, {""feature"": ""name_sim_max_pm_dirigeant"", ""shap"": 1.04512619972229, ""value"": 0.5333333333333333, ""model_input"": 0.5333333333333333}, {""feature"": ""type_of_max_name"", ""shap"": 0.4879494309425354, ""value"": 7.0, ""model_input"": 7.0}, {""feature"": ""name_token_overlap_max"", ""shap"": -0.4579894542694092, ""value"": 0.0, ""model_input"": 0.0}, {""feature"": ""addr_jaro"", ""shap"": -0.45701056718826294, ""value"": 0.5897385620915033, ""model_input"": 0.5897385620915033}, {""feature"": ""name_semantic_second"", ""shap"": -0.43459001183509827, ""value"": 0.3136952221393585, ""model_input"": 0.3136952221393585}, {""feature"": ""addr_token_overlap"", ""shap"": -0.4136596918106079, ""value"": 0.0, ""model_input"": 0.0}, {""feature"": ""street_number_diff"", ""shap"": 0.36455732583999634, ""value"": 9999.0, ""model_input"": 9999.0}, {""feature"": ""addr_levenshtein"", ""shap"": -0.33957594633102417, ""value"": 0.24, ""model_input"": 0.24}]}"
STAT Corbas,38 Avenue du 24 Août 1944,69960,CORBAS,95247417900019,0.30313363671302795,IRIS,3 ALLEE SANTOS DUMONT,CORBAS,69960,69273,4,"{""bias"": 1.1616770029067993, ""margin"": -0.832419753074646, ""prob_from_margin"": 0.30313366934435615, ""top"": [{""feature"": ""name_semantic_max"", ""shap"": -1.8519827127456665, ""value"": 0.45246002078056335, ""model_input"": 0.45246002078056335}, {""feature"": ""name_jaro_max"", ""shap"": 0.780928373336792, ""value"": 0.0, ""model_input"": 0.0}, {""feature"": ""name_sim_max_etab"", ""shap"": 0.7617969512939453, ""value"": 0.0, ""model_input"": 0.0}, {""feature"": ""street_number_diff"", ""shap"": -0.7423292398452759, ""value"": 35.0, ""model_input"": 35.0}, {""feature"": ""name_sim_max_ul"", ""shap"": -0.7055184245109558, ""value"": 0.0, ""model_input"": 0.0}, {""feature"": ""name_addr_consistency"", ""shap"": 0.6965566277503967, ""value"": 0.0, ""model_input"": 0.0}, {""feature"": ""type_of_max_name"", ""shap"": 0.510977566242218, ""value"": 7.0, ""model_input"": 7.0}, {""feature"": ""name_token_overlap_max"", ""shap"": -0.41683733463287354, ""value"": 0.0, ""model_input"": 0.0}, {""feature"": ""token_overlap_ul"", ""shap"": -0.3948328197002411, ""value"": 0.0, ""model_input"": 0.0}, {""feature"": ""addr_token_overlap"", ""shap"": -0.35119596123695374, ""value"": 0.0, ""model_input"": 0.0}]}"
STAT Corbas,38 Avenue du 24 Août 1944,69960,CORBAS,90208475500013,0.29998984932899475,PRIMEVER RHONE ALPES,AVENUE DU 24 AOUT 1944,CORBAS,69960,69273,5,"{""bias"": 1.1616770029067993, ""margin"": -0.847345232963562, ""prob_from_margin"": 0.2999900518532205, ""top"": [{""feature"": ""name_semantic_max"", ""shap"": -1.7812589406967163, ""value"": 0.4389135241508484, ""model_input"": 0.4389135241508484}, {""feature"": ""addr_token_overlap"", ""shap"": 1.220656156539917, ""value"": 0.8333333333333334, ""model_input"": 0.8333333333333334}, {""feature"": ""name_sim_max_ul"", ""shap"": -1.0977561473846436, ""value"": 0.0, ""model_input"": 0.0}, {""feature"": ""name_sim_max_pm_dirigeant"", ""shap"": 0.4191555678844452, ""value"": 0.4388888888888889, ""model_input"": 0.4388888888888889}, {""feature"": ""name_token_overlap_max"", ""shap"": -0.41684073209762573, ""value"": 0.0, ""model_input"": 0.0}, {""feature"": ""type_of_max_name"", ""shap"": 0.3867802917957306, ""value"": 4.0, ""model_input"": 4.0}, {""feature"": ""token_overlap_ul"", ""shap"": -0.3483264744281769, ""value"": 0.0, ""model_input"": 0.0}, {""feature"": ""name_sim_max_etab"", ""shap"": 0.310709685087204, ""value"": 0.4388888888888889, ""model_input"": 0.4388888888888889}, {""feature"": ""name_semantic_second"", ""shap"": -0.31065690517425537, ""value"": 0.4201214611530304, ""model_input"": 0.4201214611530304}, {""feature"": ""name_city_overlap_max"", ""shap"": -0.26451075077056885, ""value"": 0.0, ""model_input"": 0.0}]}"
Sabeco,92 Avenue des Bruyères,69150,DECINES CHARPIEU,01675055600165,0.986943244934082,ETABLISSEMENTS G. BOUTILLON,92 AVENUE DES BRUYERES,DECINES-CHARPIEU,69150,69275,1,"{""bias"": 1.1616770029067993, ""margin"": 4.325311183929443, ""prob_from_margin"": 0.9869433000635961, ""top"": [{""feature"": ""addr_token_overlap"", ""shap"": 1.1496657133102417, ""value"": 1.0, ""model_input"": 1.0}, {""feature"": ""street_number_diff"", ""shap"": 1.1335437297821045, ""value"": 0.0, ""model_input"": 0.0}, {""feature"": ""name_sim_max_pm_dirigeant"", ""shap"": 0.7082933187484741, ""value"": 0.5282828282828284, ""model_input"": 0.5282828282828284}, {""feature"": ""addr_jaro"", ""shap"": 0.6426668167114258, ""value"": 1.0, ""model_input"": 1.0}, {""feature"": ""name_semantic_max"", ""shap"": -0.6391018629074097, ""value"": 0.5480841398239136, ""model_input"": 0.5480841398239136}, {""feature"": ""addr_levenshtein"", ""shap"": 0.5089085698127747, ""value"": 1.0, ""model_input"": 1.0}, {""feature"": ""type_of_max_name"", ""shap"": 0.5035815238952637, ""value"": 4.0, ""model_input"": 4.0}, {""feature"": ""name_semantic_second"", ""shap"": 0.35276126861572266, ""value"": 0.5217252373695374, ""model_input"": 0.5217252373695374}, {""feature"": ""name_token_overlap_max"", ""shap"": -0.30846041440963745, ""value"": 0.0, ""model_input"": 0.0}, {""feature"": ""name_addr_consistency"", ""shap"": -0.26159751415252686, ""value"": 0.5282828282828284, ""model_input"": 0.5282828282828284}]}"
Sabeco,92 Avenue des Bruyères,69150,DECINES CHARPIEU,79422623300037,0.9845995306968689,SABEKO LYON,92 AVENUE DES BRUYERES,DECINES-CHARPIEU,69150,69275,2,"{""bias"": 1.1616770029067993, ""margin"": 4.157835483551025, ""prob_from_margin"": 0.9845995075888249, ""top"": [{""feature"": ""addr_token_overlap"", ""shap"": 1.153216004371643, ""value"": 1.0, ""model_input"": 1.0}, {""feature"": ""name_sim_max_pm_dirigeant"", ""shap"": 1.0558332204818726, ""value"": 0.6, ""model_input"": 0.6}, {""feature"": ""street_number_diff"", ""shap"": 0.9642610549926758, ""value"": 0.0, ""model_input"": 0.0}, {""feature"": ""name_semantic_max"", ""shap"": 0.544109582901001, ""value"": 0.6116818189620972, ""model_input"": 0.6116818189620972}, {""feature"": ""addr_jaro"", ""shap"": 0.4355492889881134, ""value"": 1.0, ""model_input"": 1.0}, {""feature"": ""addr_levenshtein"", ""shap"": 0.3969826400279999, ""value"": 1.0, ""model_input"": 1.0}, {""feature"": ""name_token_overlap_max"", ""shap"": -0.3836745619773865, ""value"": 0.0, ""model_input"": 0.0}, {""feature"": ""type_of_max_name"", ""shap"": 0.36349615454673767, ""value"": 7.0, ""model_input"": 7.0}, {""feature"": ""token_overlap_ul"", ""shap"": -0.3096911311149597, ""value"": 0.0, ""model_input"": 0.0}, {""feature"": ""name_sim_max_etab"", ""shap"": -0.3028222322463989, ""value"": 0.6, ""model_input"": 0.6}]}"
Sabeco,92 Avenue des Bruyères,69150,DECINES CHARPIEU,91034831700017,0.9442140460014343,CNP,92 AVENUE DES BRUYERES,DECINES-CHARPIEU,69150,69275,3,"{""bias"": 1.1616770029067993, ""margin"": 2.828831672668457, ""prob_from_margin"": 0.9442140937147002, ""top"": [{""feature"": ""name_semantic_max"", ""shap"": -3.1220316886901855, ""value"": 0.292885422706604, ""model_input"": 0.292885422706604}, {""feature"": ""addr_token_overlap"", ""shap"": 1.1450700759887695, ""value"": 1.0, ""model_input"": 1.0}, {""feature"": ""name_addr_consistency"", ""shap"": 1.1429328918457031, ""value"": 0.0, ""model_input"": 0.0}, {""feature"": ""street_number_diff"", ""shap"": 1.045045018196106, ""value"": 0.0, ""model_input"": 0.0}, {""feature"": ""addr_jaro"", ""shap"": 0.9951930642127991, ""value"": 1.0, ""model_input"": 1.0}, {""feature"": ""name_sim_max_etab"", ""shap"": 0.838640570640564, ""value"": 0.0, ""model_input"": 0.0}, {""feature"": ""addr_levenshtein"", ""shap"": 0.6333202123641968, ""value"": 1.0, ""model_input"": 1.0}, {""feature"": ""name_jaro_max"", ""shap"": 0.535772979259491, ""value"": 0.0, ""model_input"": 0.0}, {""feature"": ""name_sim_max_ul"", ""shap"": -0.4164729416370392, ""value"": 0.0, ""model_input"": 0.0}, {""feature"": ""name_token_overlap_max"", ""shap"": -0.3337065875530243, ""value"": 0.0, ""model_input"": 0.0}]}"
Sabeco,92 Avenue des Bruyères,69150,DECINES CHARPIEU,84955409200015,0.8433754444122314,A ET L,92 AVENUE DES BRUYERES,DECINES-CHARPIEU,69150,69275,4,"{""bias"": 1.1616770029067993, ""margin"": 1.6835615634918213, ""prob_from_margin"": 0.8433755650639898, ""top"": [{""feature"": ""name_semantic_max"", ""shap"": -1.9639654159545898, ""value"": 0.4510446786880493, ""model_input"": 0.4510446786880493}, {""feature"": ""addr_token_overlap"", ""shap"": 1.245949625968933, ""value"": 1.0, ""model_input"": 1.0}, {""feature"": ""street_number_diff"", ""shap"": 1.113230586051941, ""value"": 0.0, ""model_input"": 0.0}, {""feature"": ""name_sim_max_etab"", ""shap"": 0.7705643177032471, ""value"": 0.0, ""model_input"": 0.0}, {""feature"": ""addr_jaro"", ""shap"": 0.6367065906524658, ""value"": 1.0, ""model_input"": 1.0}, {""feature"": ""addr_levenshtein"", ""shap"": 0.518809974193573, ""value"": 1.0, ""model_input"": 1.0}, {""feature"": ""name_semantic_second"", ""shap"": -0.4497131407260895, ""value"": 0.0, ""model_input"": 0.0}, {""feature"": ""type_of_max_name"", ""shap"": 0.42114996910095215, ""value"": 7.0, ""model_input"": 7.0}, {""feature"": ""name_sim_max_pm_dirigeant"", ""shap"": -0.39583906531333923, ""value"": 0.0, ""model_input"": 0.0}, {""feature"": ""name_count"", ""shap"": 0.340151846408844, ""value"": 1.0, ""model_input"": 1.0}]}"
Sabeco,92 Avenue des Bruyères,69150,DECINES CHARPIEU,92337559600015,0.8417285084724426,SEMEURS DE TALENTS,92 AVENUE DES BRUYERES,DECINES-CHARPIEU,69150,69275,5,"{""bias"": 1.1616770029067993, ""margin"": 1.6711443662643433, ""prob_from_margin"": 0.8417283352514503, ""top"": [{""feature"": ""name_semantic_max"", ""shap"": -1.9363391399383545, ""value"": 0.4230499267578125, ""model_input"": 0.4230499267578125}, {""feature"": ""addr_token_overlap"", ""shap"": 1.0773733854293823, ""value"": 1.0, ""model_input"": 1.0}, {""feature"": ""street_number_diff"", ""shap"": 1.0639667510986328, ""value"": 0.0, ""model_input"": 0.0}, {""feature"": ""name_sim_max_etab"", ""shap"": 0.7302178740501404, ""value"": 0.0, ""model_input"": 0.0}, {""feature"": ""addr_jaro"", ""shap"": 0.6685658693313599, ""value"": 1.0, ""model_input"": 1.0}, {""feature"": ""name_addr_consistency"", ""shap"": -0.5968993306159973, ""value"": 0.48148148148148145, ""model_input"": 0.48148148148148145}, {""feature"": ""addr_levenshtein"", ""shap"": 0.5335884690284729, ""value"": 1.0, ""model_input"": 1.0}, {""feature"": ""type_of_max_name"", ""shap"": 0.4364374279975891, ""value"": 7.0, ""model_input"": 7.0}, {""feature"": ""name_semantic_second"", ""shap"": -0.40147241950035095, ""value"": 0.0, ""model_input"": 0.0}, {""feature"": ""name_sim_max_pm_dirigeant"", ""shap"": -0.3725111186504364, ""value"": 0.0, ""model_input"": 0.0}]}"
Simonetti,167 avenue Franklin Roosevelt,69150,DECINES CHARPIEU,97250156300035,0.991898775100708,ENTREPRISE SIMONETTI,167 AVENUE FRANKLIN ROOSEVELT,DECINES-CHARPIEU,69150,69275,1,"{""bias"": 1.1616770029067993, ""margin"": 4.8076090812683105, ""prob_from_margin"": 0.991898801560268, ""top"": [{""feature"": ""name_sim_max_pm_dirigeant"", ""shap"": 1.0750765800476074, ""value"": 0.5886243386243386, ""model_input"": 0.5886243386243386}, {""feature"": ""token_overlap_ul"", ""shap"": 1.003873348236084, ""value"": 1.0, ""model_input"": 1.0}, {""feature"": ""addr_token_overlap"", ""shap"": 0.9558612704277039, ""value"": 1.0, ""model_input"": 1.0}, {""feature"": ""name_token_overlap_max"", ""shap"": 0.8377463817596436, ""value"": 0.5, ""model_input"": 0.5}, {""feature"": ""street_number_diff"", ""shap"": 0.7903918623924255, ""value"": 0.0, ""model_input"": 0.0}, {""feature"": ""name_semantic_second"", ""shap"": -0.46269211173057556, ""value"": 0.3376164436340332, ""model_input"": 0.3376164436340332}, {""feature"": ""name_sim_max_etab"", ""shap"": -0.38801077008247375, ""value"": 0.5886243386243386, ""model_input"": 0.5886243386243386}, {""feature"": ""name_addr_consistency"", ""shap"": -0.37781310081481934, ""value"": 0.5886243386243386, ""model_input"": 0.5886243386243386}, {""feature"": ""addr_jaro"", ""shap"": 0.3469110131263733, ""value"": 1.0, ""model_input"": 1.0}, {""feature"": ""type_of_max_name"", ""shap"": 0.2987097203731537, ""value"": 4.0, ""model_input"": 4.0}]}"
Simonetti,167 avenue Franklin Roosevelt,69150,DECINES CHARPIEU,94273320500010,0.5629870891571045,EURO PARE BRISE + LYON,51 AVENUE FRANKLIN ROOSEVELT,DECINES-CHARPIEU,69150,69275,2,"{""bias"": 1.1616770029067993, ""margin"": 0.25329363346099854, ""prob_from_margin"": 0.5629870096225621, ""top"": [{""feature"": ""name_semantic_max"", ""shap"": -2.242121458053589, ""value"": 0.43834930658340454, ""model_input"": 0.43834930658340454}, {""feature"": ""name_sim_max_etab"", ""shap"": 0.8184333443641663, ""value"": 0.0, ""model_input"": 0.0}, {""feature"": ""name_jaro_max"", ""shap"": 0.7371112108230591, ""value"": 0.37878787878787873, ""model_input"": 0.37878787878787873}, {""feature"": ""addr_token_overlap"", ""shap"": 0.6200023293495178, ""value"": 0.6, ""model_input"": 0.6}, {""feature"": ""type_of_max_name"", ""shap"": 0.5969650149345398, ""value"": 7.0, ""model_input"": 7.0}, {""feature"": ""street_number_diff"", ""shap"": -0.5564627647399902, ""value"": 116.0, ""model_input"": 116.0}, {""feature"": ""name_addr_consistency"", ""shap"": 0.46974968910217285, ""value"": 0.36557073195004225, ""model_input"": 0.36557073195004225}, {""feature"": ""name_sim_max_ul"", ""shap"": -0.4175443947315216, ""value"": 0.37878787878787873, ""model_input"": 0.37878787878787873}, {""feature"": ""name_token_overlap_max"", ""shap"": -0.41475552320480347, ""value"": 0.0, ""model_input"": 0.0}, {""feature"": ""addr_levenshtein"", ""shap"": 0.3684156537055969, ""value"": 0.896551724137931, ""model_input"": 0.896551724137931}]}"
Simonetti,167 avenue Franklin Roosevelt,69150,DECINES CHARPIEU,41053733600019,0.47265195846557617,FRUTIVORE DECINES,221 AVENUE FRANKLIN ROOSEVELT,DECINES-CHARPIEU,69150,69275,3,"{""bias"": 1.1616770029067993, ""margin"": -0.10950231552124023, ""prob_from_margin"": 0.4726517428524106, ""top"": [{""feature"": ""name_semantic_max"", ""shap"": -1.3694602251052856, ""value"": 0.4970400929450989, ""model_input"": 0.4970400929450989}, {""feature"": ""street_number_diff"", ""shap"": -1.045196771621704, ""value"": 54.0, ""model_input"": 54.0}, {""feature"": ""name_city_overlap_max"", ""shap"": 0.9380828142166138, ""value"": 0.3333333333333333, ""model_input"": 0.3333333333333333}, {""feature"": ""name_sim_max_pm_dirigeant"", ""shap"": 0.8308137059211731, ""value"": 0.5497076023391813, ""model_input"": 0.5497076023391813}, {""feature"": ""type_of_max_name"", ""shap"": 0.6190145611763, ""value"": 4.0, ""model_input"": 4.0}, {""feature"": ""name_token_overlap_max"", ""shap"": -0.4213380813598633, ""value"": 0.0, ""model_input"": 0.0}, {""feature"": ""name_addr_consistency"", ""shap"": -0.38244864344596863, ""value"": 0.5244336895879546, ""model_input"": 0.5244336895879546}, {""feature"": ""is_siege"", ""shap"": 0.3254474103450775, ""value"": 1.0, ""model_input"": 1.0}, {""feature"": ""token_overlap_ul"", ""shap"": -0.3131014406681061, ""value"": 0.0, ""model_input"": 0.0}, {""feature"": ""name_semantic_second"", ""shap"": -0.24963919818401337, ""value"": 0.37192121148109436, ""model_input"": 0.37192121148109436}]}"
Simonetti,167 avenue Franklin Roosevelt,69150,DECINES CHARPIEU,41895154700029,0.3650752305984497,FACTORY PLAST,161 AVENUE FRANKLIN ROOSEVELT,DECINES-CHARPIEU,69150,69275,4,"{""bias"": 1.1616770029067993, ""margin"": -0.5534011125564575, ""prob_from_margin"": 0.36507568546468694, ""top"": [{""feature"": ""name_semantic_max"", ""shap"": -2.3097028732299805, ""value"": 0.40222153067588806, ""model_input"": 0.40222153067588806}, {""feature"": ""street_number_diff"", ""shap"": -0.9733602404594421, ""value"": 6.0, ""model_input"": 6.0}, {""feature"": ""name_sim_max_etab"", ""shap"": 0.9236152172088623, ""value"": 0.0, ""model_input"": 0.0}, {""feature"": ""addr_token_overlap"", ""shap"": 0.7496181130409241, ""value"": 0.6, ""model_input"": 0.6}, {""feature"": ""addr_levenshtein"", ""shap"": 0.6221218705177307, ""value"": 0.9655172413793104, ""model_input"": 0.9655172413793104}, {""feature"": ""name_sim_max_ul"", ""shap"": -0.5146811008453369, ""value"": 0.4102564102564103, ""model_input"": 0.4102564102564103}, {""feature"": ""name_levenshtein_max"", ""shap"": 0.5099663734436035, ""value"": 0.07692307692307687, ""model_input"": 0.07692307692307687}, {""feature"": ""name_token_overlap_max"", ""shap"": -0.45117542147636414, ""value"": 0.0, ""model_input"": 0.0}, {""feature"": ""type_of_max_name"", ""shap"": 0.4393368363380432, ""value"": 7.0, ""model_input"": 7.0}, {""feature"": ""name_semantic_second"", ""shap"": -0.41125279664993286, ""value"": 0.0, ""model_input"": 0.0}]}"
Simonetti,167 avenue Franklin Roosevelt,69150,DECINES CHARPIEU,53763223400010,0.32759878039360046,PROCESSUS GROUP,161 AVENUE FRANKLIN ROOSEVELT,DECINES-CHARPIEU,69150,69275,5,"{""bias"": 1.1616770029067993, ""margin"": -0.7190642356872559, ""prob_from_margin"": 0.3275990778869401, ""top"": [{""feature"": ""name_semantic_max"", ""shap"": -2.6451756954193115, ""value"": 0.36311185359954834, ""model_input"": 0.36311185359954834}, {""feature"": ""street_number_diff"", ""shap"": -0.9886952042579651, ""value"": 6.0, ""model_input"": 6.0}, {""feature"": ""name_sim_max_etab"", ""shap"": 0.9030460119247437, ""value"": 0.0, ""model_input"": 0.0}, {""feature"": ""addr_token_overlap"", ""shap"": 0.7330188155174255, ""value"": 0.6, ""model_input"": 0.6}, {""feature"": ""addr_levenshtein"", ""shap"": 0.6949906945228577, ""value"": 0.9655172413793104, ""model_input"": 0.9655172413793104}, {""feature"": ""name_levenshtein_max"", ""shap"": 0.5761585235595703, ""value"": 0.06666666666666665, ""model_input"": 0.06666666666666665}, {""feature"": ""name_token_overlap_max"", ""shap"": -0.4575922191143036, ""value"": 0.0, ""model_input"": 0.0}, {""feature"": ""name_sim_max_ul"", ""shap"": -0.4395161271095276, ""value"": 0.39999999999999997, ""model_input"": 0.39999999999999997}, {""feature"": ""type_of_max_name"", ""shap"": 0.43723025918006897, ""value"": 7.0, ""model_input"": 7.0}, {""feature"": ""addr_jaro"", ""shap"": 0.43687674403190613, ""value"": 0.981609195402299, ""model_input"": 0.981609195402299}]}"
Sirene SAS,84 Avenue des Bruyères,69150,DECINES CHARPIEU,48964959000028,0.643817663192749,MISHTTO,22 AVENUE DES BRUYERES,DECINES-CHARPIEU,69150,69275,1,"{""bias"": 1.1616770029067993, ""margin"": 0.5919734239578247, ""prob_from_margin"": 0.6438178125707535, ""top"": [{""feature"": ""name_semantic_max"", ""shap"": -2.0618114471435547, ""value"": 0.45517948269844055, ""model_input"": 0.45517948269844055}, {""feature"": ""name_jaro_max"", ""shap"": 0.8209517598152161, ""value"": 0.373015873015873, ""model_input"": 0.373015873015873}, {""feature"": ""name_sim_max_etab"", ""shap"": 0.7821925282478333, ""value"": 0.0, ""model_input"": 0.0}, {""feature"": ""street_number_diff"", ""shap"": -0.7557286620140076, ""value"": 62.0, ""model_input"": 62.0}, {""feature"": ""name_addr_consistency"", ""shap"": 0.7538268566131592, ""value"": 0.35040885040885045, ""model_input"": 0.35040885040885045}, {""feature"": ""addr_token_overlap"", ""shap"": 0.6055043935775757, ""value"": 0.6, ""model_input"": 0.6}, {""feature"": ""type_of_max_name"", ""shap"": 0.5202056169509888, ""value"": 7.0, ""model_input"": 7.0}, {""feature"": ""name_token_overlap_max"", ""shap"": -0.43352413177490234, ""value"": 0.0, ""model_input"": 0.0}, {""feature"": ""addr_levenshtein"", ""shap"": 0.37954190373420715, ""value"": 0.9090909090909091, ""model_input"": 0.9090909090909091}, {""feature"": ""token_overlap_ul"", ""shap"": -0.3497146964073181, ""value"": 0.0, ""model_input"": 0.0}]}"
Sirene SAS,84 Avenue des Bruyères,69150,DECINES CHARPIEU,84443908300016,0.6367350220680237,CLHAU,84 AVENUE JEAN JAURES,DECINES-CHARPIEU,69150,69275,2,"{""bias"": 1.1616770029067993, ""margin"": 0.5612212419509888, ""prob_from_margin"": 0.636735064988773, ""top"": [{""feature"": ""name_semantic_max"", ""shap"": -2.579730987548828, ""value"": 0.31806644797325134, ""model_input"": 0.31806644797325134}, {""feature"": ""name_addr_consistency"", ""shap"": 0.9176290035247803, ""value"": 0.0, ""model_input"": 0.0}, {""feature"": ""street_number_diff"", ""shap"": 0.7800761461257935, ""value"": 0.0, ""model_input"": 0.0}, {""feature"": ""name_sim_max_etab"", ""shap"": 0.7596006989479065, ""value"": 0.0, ""model_input"": 0.0}, {""feature"": ""name_jaro_max"", ""shap"": 0.5480154752731323, ""value"": 0.0, ""model_input"": 0.0}, {""feature"": ""name_sim_max_ul"", ""shap"": -0.5417998433113098, ""value"": 0.0, ""model_input"": 0.0}, {""feature"": ""type_of_max_name"", ""shap"": 0.5069155693054199, ""value"": 7.0, ""model_input"": 7.0}, {""feature"": ""street_name_jaro"", ""shap"": -0.3870345652103424, ""value"": 0.8505173189383716, ""model_input"": 0.8505173189383716}, {""feature"": ""name_token_overlap_max"", ""shap"": -0.3276582956314087, ""value"": 0.0, ""model_input"": 0.0}, {""feature"": ""token_overlap_ul"", ""shap"": -0.326887309551239, ""value"": 0.0, ""model_input"": 0.0}]}"
Sirene SAS,84 Avenue des Bruyères,69150,DECINES CHARPIEU,37963306800075,0.617507815361023,IPO TECHNOLOGIE,84 AVENUE DES BRUYERES,DECINES-CHARPIEU,69150,69275,3,"{""bias"": 1.1616770029067993, ""margin"": 0.47898364067077637, ""prob_from_margin"": 0.6175078476095057, ""top"": [{""feature"": ""addr_token_overlap"", ""shap"": 0.9233282804489136, ""value"": 1.0, ""model_input"": 1.0}, {""feature"": ""name_sim_max_etab"", ""shap"": -0.7185760736465454, ""value"": 1.0, ""model_input"": 1.0}, {""feature"": ""name_token_overlap_max"", ""shap"": 0.7181130051612854, ""value"": 1.0, ""model_input"": 1.0}, {""feature"": ""name_sim_max_pm_dirigeant"", ""shap"": -0.6577266454696655, ""value"": 1.0, ""model_input"": 1.0}, {""feature"": ""street_number_diff"", ""shap"": 0.6342569589614868, ""value"": 0.0, ""model_input"": 0.0}, {""feature"": ""name_semantic_second"", ""shap"": -0.5749675631523132, ""value"": 0.4162548780441284, ""model_input"": 0.4162548780441284}, {""feature"": ""name_semantic_max"", ""shap"": 0.5734550952911377, ""value"": 0.6248307228088379, ""model_input"": 0.6248307228088379}, {""feature"": ""ul_vs_pm_indicator"", ""shap"": -0.4618392288684845, ""value"": 0.0, ""model_input"": 0.0}, {""feature"": ""name_sim_max_ul"", ""shap"": -0.39779022336006165, ""value"": 0.5666666666666667, ""model_input"": 0.5666666666666667}, {""feature"": ""name_crm_contains_cand_max"", ""shap"": 0.35717228055000305, ""value"": 1.0, ""model_input"": 1.0}]}"
Sirene SAS,84 Avenue des Bruyères,69150,DECINES CHARPIEU,82397672500023,0.5491935610771179,NKH,84 AVENUE JEAN JAURES,DECINES-CHARPIEU,69150,69275,4,"{""bias"": 1.1616770029067993, ""margin"": 0.19741284847259521, ""prob_from_margin"": 0.549193552219185, ""top"": [{""feature"": ""name_semantic_max"", ""shap"": -1.9759833812713623, ""value"": 0.4236433506011963, ""model_input"": 0.4236433506011963}, {""feature"": ""name_addr_consistency"", ""shap"": 0.858738362789154, ""value"": 0.0, ""model_input"": 0.0}, {""feature"": ""street_number_diff"", ""shap"": 0.8310039639472961, ""value"": 0.0, ""model_input"": 0.0}, {""feature"": ""name_sim_max_etab"", ""shap"": 0.7277452945709229, ""value"": 0.0, ""model_input"": 0.0}, {""feature"": ""type_of_max_name"", ""shap"": 0.5999329686164856, ""value"": 7.0, ""model_input"": 7.0}, {""feature"": ""name_jaro_max"", ""shap"": 0.5917025208473206, ""value"": 0.0, ""model_input"": 0.0}, {""feature"": ""name_sim_max_ul"", ""shap"": -0.5681466460227966, ""value"": 0.0, ""model_input"": 0.0}, {""feature"": ""name_length_max"", ""shap"": -0.45628926157951355, ""value"": 3.0, ""model_input"": 3.0}, {""feature"": ""street_name_jaro"", ""shap"": -0.42677372694015503, ""value"": 0.8505173189383716, ""model_input"": 0.8505173189383716}, {""feature"": ""addr_token_overlap"", ""shap"": -0.3422754406929016, ""value"": 0.3333333333333333, ""model_input"": 0.3333333333333333}]}"
Sirene SAS,84 Avenue des Bruyères,69150,DECINES CHARPIEU,83031443100016,0.5179427862167358,VKH,84 AVENUE JEAN JAURES,DECINES-CHARPIEU,69150,69275,5,"{""bias"": 1.1616770029067993, ""margin"": 0.07180249691009521, ""prob_from_margin"": 0.5179429160171712, ""top"": [{""feature"": ""name_semantic_max"", ""shap"": -1.9335222244262695, ""value"": 0.4620276093482971, ""model_input"": 0.4620276093482971}, {""feature"": ""street_number_diff"", ""shap"": 0.8519841432571411, ""value"": 0.0, ""model_input"": 0.0}, {""feature"": ""name_addr_consistency"", ""shap"": 0.838771402835846, ""value"": 0.0, ""model_input"": 0.0}, {""feature"": ""name_sim_max_etab"", ""shap"": 0.727684736251831, ""value"": 0.0, ""model_input"": 0.0}, {""feature"": ""name_jaro_max"", ""shap"": 0.6714105010032654, ""value"": 0.0, ""model_input"": 0.0}, {""feature"": ""name_sim_max_ul"", ""shap"": -0.6476901769638062, ""value"": 0.0, ""model_input"": 0.0}, {""feature"": ""type_of_max_name"", ""shap"": 0.6317411661148071, ""value"": 7.0, ""model_input"": 7.0}, {""feature"": ""name_length_max"", ""shap"": -0.4867841601371765, ""value"": 3.0, ""model_input"": 3.0}, {""feature"": ""street_name_jaro"", ""shap"": -0.4334973394870758, ""value"": 0.8505173189383716, ""model_input"": 0.8505173189383716}, {""feature"": ""name_token_overlap_max"", ""shap"": -0.34659716486930847, ""value"": 0.0, ""model_input"": 0.0}]}"
Sitiv Corbas,PLACE CHARLES-JOCTEUR,69960,CORBAS,80774024600010,0.8442142009735107,COR.BAL.TRAD.,PL CHARLES JOCTEUR,CORBAS,69960,69273,1,"{""bias"": 1.1616770029067993, ""margin"": 1.6899253129959106, ""prob_from_margin"": 0.8442143375561596, ""top"": [{""feature"": ""name_semantic_max"", ""shap"": -2.1016924381256104, ""value"": 0.43323230743408203, ""model_input"": 0.43323230743408203}, {""feature"": ""name_jaro_max"", ""shap"": 0.9310853481292725, ""value"": 0.0, ""model_input"": 0.0}, {""feature"": ""name_addr_consistency"", ""shap"": 0.7535051107406616, ""value"": 0.0, ""model_input"": 0.0}, {""feature"": ""name_sim_max_etab"", ""shap"": 0.7425960898399353, ""value"": 0.0, ""model_input"": 0.0}, {""feature"": ""addr_token_overlap"", ""shap"": 0.6529754400253296, ""value"": 0.5, ""model_input"": 0.5}, {""feature"": ""name_sim_max_ul"", ""shap"": -0.6269115805625916, ""value"": 0.0, ""model_input"": 0.0}, {""feature"": ""type_of_max_name"", ""shap"": 0.5881626605987549, ""value"": 7.0, ""model_input"": 7.0}, {""feature"": ""addr_levenshtein"", ""shap"": 0.45554274320602417, ""value"": 0.8571428571428572, ""model_input"": 0.8571428571428572}, {""feature"": ""name_semantic_second"", ""shap"": -0.4042123258113861, ""value"": 0.0, ""model_input"": 0.0}, {""feature"": ""name_semantic_gap"", ""shap"": 0.35068368911743164, ""value"": 0.43323230743408203, ""model_input"": 0.43323230743408203}]}"
Sitiv Corbas,PLACE CHARLES-JOCTEUR,69960,CORBAS,21690273400088,0.8374248743057251,MAISON DE SANTE,PL CHARLES JOCTEUR,CORBAS,69960,69273,2,"{""bias"": 1.1616770029067993, ""margin"": 1.6391918659210205, ""prob_from_margin"": 0.8374249444838394, ""top"": [{""feature"": ""name_semantic_max"", ""shap"": -1.5266399383544922, ""value"": 0.5204354524612427, ""model_input"": 0.5204354524612427}, {""feature"": ""name_city_overlap_max"", ""shap"": 0.9785071611404419, ""value"": 0.3333333333333333, ""model_input"": 0.3333333333333333}, {""feature"": ""name_sim_max_ul"", ""shap"": -0.9183606505393982, ""value"": 0.0, ""model_input"": 0.0}, {""feature"": ""addr_levenshtein"", ""shap"": 0.6227115392684937, ""value"": 0.8571428571428572, ""model_input"": 0.8571428571428572}, {""feature"": ""name_jaro_max"", ""shap"": 0.5547360777854919, ""value"": 0.3444444444444444, ""model_input"": 0.3444444444444444}, {""feature"": ""addr_token_overlap"", ""shap"": 0.5229793787002563, ""value"": 0.5, ""model_input"": 0.5}, {""feature"": ""name_token_overlap_max"", ""shap"": -0.4892593026161194, ""value"": 0.0, ""model_input"": 0.0}, {""feature"": ""name_semantic_second"", ""shap"": 0.43233364820480347, ""value"": 0.4729609489440918, ""model_input"": 0.4729609489440918}, {""feature"": ""street_name_jaro"", ""shap"": -0.3880741596221924, ""value"": 0.873015873015873, ""model_input"": 0.873015873015873}, {""feature"": ""name_sim_max_etab"", ""shap"": 0.38398477435112, ""value"": 0.3444444444444444, ""model_input"": 0.3444444444444444}]}"
Sitiv Corbas,PLACE CHARLES-JOCTEUR,69960,CORBAS,51085000100023,0.8358052372932434,CORBAS RUNNING,1 PL CHARLES JOCTEUR,CORBAS,69960,69273,3,"{""bias"": 1.1616770029067993, ""margin"": 1.6273438930511475, ""prob_from_margin"": 0.8358054537872852, ""top"": [{""feature"": ""name_semantic_max"", ""shap"": -2.1181447505950928, ""value"": 0.434012770652771, ""model_input"": 0.434012770652771}, {""feature"": ""name_city_overlap_max"", ""shap"": 1.26157546043396, ""value"": 0.5, ""model_input"": 0.5}, {""feature"": ""name_sim_max_etab"", ""shap"": 0.6615550518035889, ""value"": 0.0, ""model_input"": 0.0}, {""feature"": ""name_addr_consistency"", ""shap"": 0.5429208278656006, ""value"": 0.3267145376669186, ""model_input"": 0.3267145376669186}, {""feature"": ""type_of_max_name"", ""shap"": 0.5175315737724304, ""value"": 7.0, ""model_input"": 7.0}, {""feature"": ""name_semantic_second"", ""shap"": -0.5127057433128357, ""value"": 0.0, ""model_input"": 0.0}, {""feature"": ""name_jaro_max"", ""shap"": 0.49600085616111755, ""value"": 0.4238095238095238, ""model_input"": 0.4238095238095238}, {""feature"": ""name_sim_max_ul"", ""shap"": -0.41798415780067444, ""value"": 0.4238095238095238, ""model_input"": 0.4238095238095238}, {""feature"": ""addr_levenshtein"", ""shap"": 0.39303356409072876, ""value"": 0.7619047619047619, ""model_input"": 0.7619047619047619}, {""feature"": ""name_token_overlap_max"", ""shap"": -0.3889046311378479, ""value"": 0.0, ""model_input"": 0.0}]}"
Sitiv Corbas,PLACE CHARLES-JOCTEUR,69960,CORBAS,81436747000014,0.829790472984314,LE CHOEURBASIEN !,PL CHARLES JOCTEUR,CORBAS,69960,69273,4,"{""bias"": 1.1616770029067993, ""margin"": 1.5841439962387085, ""prob_from_margin"": 0.8297906085013141, ""top"": [{""feature"": ""name_semantic_max"", ""shap"": -2.0506386756896973, ""value"": 0.4329848289489746, ""model_input"": 0.4329848289489746}, {""feature"": ""name_jaro_max"", ""shap"": 1.0089192390441895, ""value"": 0.0, ""model_input"": 0.0}, {""feature"": ""name_addr_consistency"", ""shap"": 0.7955447435379028, ""value"": 0.0, ""model_input"": 0.0}, {""feature"": ""name_sim_max_etab"", ""shap"": 0.7497603893280029, ""value"": 0.0, ""model_input"": 0.0}, {""feature"": ""addr_token_overlap"", ""shap"": 0.6519567370414734, ""value"": 0.5, ""model_input"": 0.5}, {""feature"": ""name_sim_max_ul"", ""shap"": -0.6349477767944336, ""value"": 0.0, ""model_input"": 0.0}, {""feature"": ""type_of_max_name"", ""shap"": 0.6075618267059326, ""value"": 7.0, ""model_input"": 7.0}, {""feature"": ""addr_levenshtein"", ""shap"": 0.47049716114997864, ""value"": 0.8571428571428572, ""model_input"": 0.8571428571428572}, {""feature"": ""name_semantic_second"", ""shap"": -0.4071354568004608, ""value"": 0.0, ""model_input"": 0.0}, {""feature"": ""token_overlap_ul"", ""shap"": -0.34557947516441345, ""value"": 0.0, ""model_input"": 0.0}]}"
Sitiv Corbas,PLACE CHARLES-JOCTEUR,69960,CORBAS,82115901900024,0.8137127757072449,CORBAS PATISS',PL CHARLES JOCTEUR,CORBAS,69960,69273,5,"{""bias"": 1.1616770029067993, ""margin"": 1.4743189811706543, ""prob_from_margin"": 0.8137129624737547, ""top"": [{""feature"": ""name_semantic_max"", ""shap"": -2.1475658416748047, ""value"": 0.43850070238113403, ""model_input"": 0.43850070238113403}, {""feature"": ""name_city_overlap_max"", ""shap"": 1.1350178718566895, ""value"": 0.5, ""model_input"": 0.5}, {""feature"": ""name_sim_max_etab"", ""shap"": 0.6888246536254883, ""value"": 0.0, ""model_input"": 0.0}, {""feature"": ""name_jaro_max"", ""shap"": 0.5939838290214539, ""value"": 0.4238095238095238, ""model_input"": 0.4238095238095238}, {""feature"": ""addr_token_overlap"", ""shap"": 0.5803225040435791, ""value"": 0.5, ""model_input"": 0.5}, {""feature"": ""name_semantic_second"", ""shap"": -0.5117342472076416, ""value"": 0.0, ""model_input"": 0.0}, {""feature"": ""type_of_max_name"", ""shap"": 0.49312976002693176, ""value"": 7.0, ""model_input"": 7.0}, {""feature"": ""addr_levenshtein"", ""shap"": 0.43468359112739563, ""value"": 0.8571428571428572, ""model_input"": 0.8571428571428572}, {""feature"": ""name_token_overlap_max"", ""shap"": -0.4030279815196991, ""value"": 0.0, ""model_input"": 0.0}, {""feature"": ""name_sim_max_ul"", ""shap"": -0.37828999757766724, ""value"": 0.4238095238095238, ""model_input"": 0.4238095238095238}]}"
Stryker Corporation,85 Avenue des Bruyères,69150,DECINES-CHARPIEU,93754655400018,0.8356558680534363,SERF TECHNOLOGIES,85 AVENUE DES BRUYERES,DECINES-CHARPIEU,69150,69275,1,"{""bias"": 1.1616770029067993, ""margin"": 1.626254916191101, ""prob_from_margin"": 0.8356559537225688, ""top"": [{""feature"": ""name_semantic_max"", ""shap"": -2.144118309020996, ""value"": 0.41269153356552124, ""model_input"": 0.41269153356552124}, {""feature"": ""addr_token_overlap"", ""shap"": 1.352548599243164, ""value"": 1.0, ""model_input"": 1.0}, {""feature"": ""street_number_diff"", ""shap"": 1.2699888944625854, ""value"": 0.0, ""model_input"": 0.0}, {""feature"": ""name_sim_max_etab"", ""shap"": 0.803148627281189, ""value"": 0.0, ""model_input"": 0.0}, {""feature"": ""addr_jaro"", ""shap"": 0.7466737627983093, ""value"": 1.0, ""model_input"": 1.0}, {""feature"": ""addr_levenshtein"", ""shap"": 0.5417790412902832, ""value"": 1.0, ""model_input"": 1.0}, {""feature"": ""name_sim_max_pm_dirigeant"", ""shap"": -0.49277251958847046, ""value"": 0.0, ""model_input"": 0.0}, {""feature"": ""name_semantic_second"", ""shap"": -0.46879807114601135, ""value"": 0.0, ""model_input"": 0.0}, {""feature"": ""type_of_max_name"", ""shap"": 0.3989473283290863, ""value"": 7.0, ""model_input"": 7.0}, {""feature"": ""name_token_overlap_max"", ""shap"": -0.36421000957489014, ""value"": 0.0, ""model_input"": 0.0}]}"
Stryker Corporation,16 RUE DE LOMBARDIE,69150,DECINES-CHARPIEU,79009806500044,0.8115032315254211,ISTA SECG,16 RUE DE LOMBARDIE,DECINES-CHARPIEU,69150,69275,1,"{""bias"": 1.1616770029067993, ""margin"": 1.4598064422607422, ""prob_from_margin"": 0.8115030688495225, ""top"": [{""feature"": ""name_semantic_max"", ""shap"": -2.1842715740203857, ""value"": 0.4092872738838196, ""model_input"": 0.4092872738838196}, {""feature"": ""name_sim_max_pm_dirigeant"", ""shap"": 1.2977240085601807, ""value"": 0.6048503611971104, ""model_input"": 0.6048503611971104}, {""feature"": ""addr_token_overlap"", ""shap"": 1.1347342729568481, ""value"": 1.0, ""model_input"": 1.0}, {""feature"": ""street_number_diff"", ""shap"": 0.9947932362556458, ""value"": 0.0, ""model_input"": 0.0}, {""feature"": ""addr_jaro"", ""shap"": 0.535179615020752, ""value"": 1.0, ""model_input"": 1.0}, {""feature"": ""type_of_max_name"", ""shap"": 0.507734477519989, ""value"": 4.0, ""model_input"": 4.0}, {""feature"": ""addr_levenshtein"", ""shap"": 0.4539335370063782, ""value"": 1.0, ""model_input"": 1.0}, {""feature"": ""name_semantic_second"", ""shap"": -0.3483315706253052, ""value"": 0.3579918146133423, ""model_input"": 0.3579918146133423}, {""feature"": ""name_sim_max_etab"", ""shap"": -0.3464619815349579, ""value"": 0.6048503611971104, ""model_input"": 0.6048503611971104}, {""feature"": ""name_token_overlap_max"", ""shap"": -0.3124428987503052, ""value"": 0.0, ""model_input"": 0.0}]}"
Stryker Corporation,16 RUE DE LOMBARDIE,69150,DECINES-CHARPIEU,79748329400022,0.331203818321228,MIDAS,43 AVENUE FRANKLIN ROOSEVELT,DECINES-CHARPIEU,69150,69275,2,"{""bias"": 1.1616770029067993, ""margin"": -0.702745795249939, ""prob_from_margin"": 0.3312037310691978, ""top"": [{""feature"": ""name_semantic_max"", ""shap"": -1.7904574871063232, ""value"": 0.4879775941371918, ""model_input"": 0.4879775941371918}, {""feature"": ""name_city_overlap_max"", ""shap"": 0.842609167098999, ""value"": 0.25, ""model_input"": 0.25}, {""feature"": ""type_of_max_name"", ""shap"": 0.6532003283500671, ""value"": 7.0, ""model_input"": 7.0}, {""feature"": ""street_number_diff"", ""shap"": -0.606889545917511, ""value"": 27.0, ""model_input"": 27.0}, {""feature"": ""name_sim_max_pm_dirigeant"", ""shap"": -0.5086209774017334, ""value"": 0.0, ""model_input"": 0.0}, {""feature"": ""is_siege"", ""shap"": 0.5065489411354065, ""value"": 1.0, ""model_input"": 1.0}, {""feature"": ""name_token_overlap_max"", ""shap"": -0.4057866930961609, ""value"": 0.0, ""model_input"": 0.0}, {""feature"": ""name_sim_max_etab"", ""shap"": 0.4015779197216034, ""value"": 0.4175438596491228, ""model_input"": 0.4175438596491228}, {""feature"": ""name_count"", ""shap"": 0.35948970913887024, ""value"": 2.0, ""model_input"": 2.0}, {""feature"": ""addr_levenshtein"", ""shap"": -0.3509061932563782, ""value"": 0.2142857142857143, ""model_input"": 0.2142857142857143}]}"
Stryker Corporation,85 Avenue des Bruyères,69150,DECINES-CHARPIEU,97350450900033,0.3245580494403839,SERF,85 AVENUE DES BRUYERES,DECINES-CHARPIEU,69150,69275,2,"{""bias"": 1.1616770029067993, ""margin"": -0.7329024076461792, ""prob_from_margin"": 0.32455813746265993, ""top"": [{""feature"": ""name_semantic_max"", ""shap"": -2.455038070678711, ""value"": 0.40376514196395874, ""model_input"": 0.40376514196395874}, {""feature"": ""addr_token_overlap"", ""shap"": 1.199755311012268, ""value"": 1.0, ""model_input"": 1.0}, {""feature"": ""street_number_diff"", ""shap"": 0.9455708861351013, ""value"": 0.0, ""model_input"": 0.0}, {""feature"": ""name_count"", ""shap"": -0.7675254940986633, ""value"": 4.0, ""model_input"": 4.0}, {""feature"": ""addr_jaro"", ""shap"": 0.5484040379524231, ""value"": 1.0, ""model_input"": 1.0}, {""feature"": ""name_semantic_second"", ""shap"": -0.45358386635780334, ""value"": 0.3707643449306488, ""model_input"": 0.3707643449306488}, {""feature"": ""name_sim_max_etab"", ""shap"": 0.4387991726398468, ""value"": 0.43421052631578944, ""model_input"": 0.43421052631578944}, {""feature"": ""addr_levenshtein"", ""shap"": 0.36571601033210754, ""value"": 1.0, ""model_input"": 1.0}, {""feature"": ""type_of_max_name"", ""shap"": 0.3505117893218994, ""value"": 7.0, ""model_input"": 7.0}, {""feature"": ""name_token_overlap_max"", ""shap"": -0.3484325110912323, ""value"": 0.0, ""model_input"": 0.0}]}"
Stryker Corporation,16 RUE DE LOMBARDIE,69150,DECINES-CHARPIEU,38386328900013,0.28173360228538513,CHARPIEU,127 RUE DE LA REPUBLIQUE,DECINES-CHARPIEU,69150,69275,3,"{""bias"": 1.1616770029067993, ""margin"": -0.9358810186386108, ""prob_from_margin"": 0.2817331079909025, ""top"": [{""feature"": ""name_semantic_max"", ""shap"": -2.6927103996276855, ""value"": 0.37689098715782166, ""model_input"": 0.37689098715782166}, {""feature"": ""name_city_overlap_max"", ""shap"": 1.6405715942382812, ""value"": 0.5, ""model_input"": 0.5}, {""feature"": ""name_sim_max_etab"", ""shap"": 0.730571448802948, ""value"": 0.0, ""model_input"": 0.0}, {""feature"": ""name_sim_max_ul"", ""shap"": -0.6450450420379639, ""value"": 0.40350877192982454, ""model_input"": 0.40350877192982454}, {""feature"": ""name_jaro_max"", ""shap"": 0.5147225856781006, ""value"": 0.40350877192982454, ""model_input"": 0.40350877192982454}, {""feature"": ""name_semantic_second"", ""shap"": -0.4545389413833618, ""value"": 0.0, ""model_input"": 0.0}, {""feature"": ""is_siege"", ""shap"": 0.41789355874061584, ""value"": 1.0, ""model_input"": 1.0}, {""feature"": ""name_token_overlap_max"", ""shap"": -0.41626960039138794, ""value"": 0.0, ""model_input"": 0.0}, {""feature"": ""name_length_max"", ""shap"": -0.37130266427993774, ""value"": 8.0, ""model_input"": 8.0}, {""feature"": ""name_addr_consistency"", ""shap"": 0.3378725051879883, ""value"": 0.31648891966758996, ""model_input"": 0.31648891966758996}]}"
Stryker Corporation,85 Avenue des Bruyères,69150,DECINES-CHARPIEU,53276792800023,0.27121806144714355,RAPID AUTO 69,54 AVENUE DES BRUYERES,DECINES-CHARPIEU,69150,69275,3,"{""bias"": 1.1616770029067993, ""margin"": -0.9884523153305054, ""prob_from_margin"": 0.27121788271544645, ""top"": [{""feature"": ""name_semantic_max"", ""shap"": -2.071687698364258, ""value"": 0.472214937210083, ""model_input"": 0.472214937210083}, {""feature"": ""name_sim_max_etab"", ""shap"": 0.8112603425979614, ""value"": 0.0, ""model_input"": 0.0}, {""feature"": ""street_number_diff"", ""shap"": -0.7804952263832092, ""value"": 31.0, ""model_input"": 31.0}, {""feature"": ""addr_token_overlap"", ""shap"": 0.6182003021240234, ""value"": 0.6, ""model_input"": 0.6}, {""feature"": ""type_of_max_name"", ""shap"": 0.6029565334320068, ""value"": 7.0, ""model_input"": 7.0}, {""feature"": ""name_token_overlap_max"", ""shap"": -0.4602172374725342, ""value"": 0.0, ""model_input"": 0.0}, {""feature"": ""name_sim_max_ul"", ""shap"": -0.445112943649292, ""value"": 0.41592442645074224, ""model_input"": 0.41592442645074224}, {""feature"": ""addr_levenshtein"", ""shap"": 0.35684019327163696, ""value"": 0.9090909090909091, ""model_input"": 0.9090909090909091}, {""feature"": ""token_overlap_ul"", ""shap"": -0.35346177220344543, ""value"": 0.0, ""model_input"": 0.0}, {""feature"": ""name_semantic_second"", ""shap"": -0.34577810764312744, ""value"": 0.0, ""model_input"": 0.0}]}"
Stryker Corporation,16 RUE DE LOMBARDIE,69150,DECINES-CHARPIEU,97350450900058,0.2567274868488312,SERF,16 RUE DE LOMBARDIE,DECINES-CHARPIEU,69150,69275,4,"{""bias"": 1.1616770029067993, ""margin"": -1.0630475282669067, ""prob_from_margin"": 0.2567274989546343, ""top"": [{""feature"": ""name_semantic_max"", ""shap"": -2.5205790996551514, ""value"": 0.40376514196395874, ""model_input"": 0.40376514196395874}, {""feature"": ""addr_token_overlap"", ""shap"": 1.2449933290481567, ""value"": 1.0, ""model_input"": 1.0}, {""feature"": ""street_number_diff"", ""shap"": 0.948992908000946, ""value"": 0.0, ""model_input"": 0.0}, {""feature"": ""name_count"", ""shap"": -0.7921388149261475, ""value"": 4.0, ""model_input"": 4.0}, {""feature"": ""addr_jaro"", ""shap"": 0.5550342202186584, ""value"": 1.0, ""model_input"": 1.0}, {""feature"": ""name_semantic_second"", ""shap"": -0.45388102531433105, ""value"": 0.3707643449306488, ""model_input"": 0.3707643449306488}, {""feature"": ""name_sim_max_etab"", ""shap"": 0.4452178478240967, ""value"": 0.43421052631578944, ""model_input"": 0.43421052631578944}, {""feature"": ""addr_levenshtein"", ""shap"": 0.38997241854667664, ""value"": 1.0, ""model_input"": 1.0}, {""feature"": ""name_addr_consistency"", ""shap"": -0.34100133180618286, ""value"": 0.601313890787575, ""model_input"": 0.601313890787575}, {""feature"": ""name_token_overlap_max"", ""shap"": -0.33677464723587036, ""value"": 0.0, ""model_input"": 0.0}]}"
Stryker Corporation,85 Avenue des Bruyères,69150,DECINES-CHARPIEU,79979235300044,0.23960353434085846,ARMORUM,87 AVENUE DES BRUYERES,DECINES-CHARPIEU,69150,69275,4,"{""bias"": 1.1616770029067993, ""margin"": -1.1548534631729126, ""prob_from_margin"": 0.23960369508867213, ""top"": [{""feature"": ""name_semantic_max"", ""shap"": -2.7273964881896973, ""value"": 0.37194859981536865, ""model_input"": 0.37194859981536865}, {""feature"": ""name_sim_max_etab"", ""shap"": 0.8810907006263733, ""value"": 0.0, ""model_input"": 0.0}, {""feature"": ""addr_token_overlap"", ""shap"": 0.7410334348678589, ""value"": 0.6, ""model_input"": 0.6}, {""feature"": ""addr_levenshtein"", ""shap"": 0.5761407613754272, ""value"": 0.9545454545454546, ""model_input"": 0.9545454545454546}, {""feature"": ""street_number_diff"", ""shap"": -0.5240893363952637, ""value"": 2.0, ""model_input"": 2.0}, {""feature"": ""name_token_overlap_max"", ""shap"": -0.4872279763221741, ""value"": 0.0, ""model_input"": 0.0}, {""feature"": ""name_sim_max_ul"", ""shap"": -0.4176667332649231, ""value"": 0.4177109440267335, ""model_input"": 0.4177109440267335}, {""feature"": ""type_of_max_name"", ""shap"": 0.3754788637161255, ""value"": 7.0, ""model_input"": 7.0}, {""feature"": ""name_jaro_max"", ""shap"": 0.368329256772995, ""value"": 0.4177109440267335, ""model_input"": 0.4177109440267335}, {""feature"": ""token_overlap_ul"", ""shap"": -0.34039196372032166, ""value"": 0.0, ""model_input"": 0.0}]}"
Stryker Corporation,85 Avenue des Bruyères,69150,DECINES-CHARPIEU,45202259300019,0.23293545842170715,CLUB DECINES PETANQUE,38 AVENUE JEAN MACE,DECINES-CHARPIEU,69150,69275,5,"{""bias"": 1.1616770029067993, ""margin"": -1.1918081045150757, ""prob_from_margin"": 0.23293571369368737, ""top"": [{""feature"": ""name_semantic_max"", ""shap"": -2.869638442993164, ""value"": 0.37298864126205444, ""model_input"": 0.37298864126205444}, {""feature"": ""name_city_overlap_max"", ""shap"": 0.6718404293060303, ""value"": 0.25, ""model_input"": 0.25}, {""feature"": ""name_sim_max_etab"", ""shap"": 0.65982586145401, ""value"": 0.0, ""model_input"": 0.0}, {""feature"": ""street_number_diff"", ""shap"": -0.5397494435310364, ""value"": 47.0, ""model_input"": 47.0}, {""feature"": ""name_semantic_second"", ""shap"": -0.5098028779029846, ""value"": 0.0, ""model_input"": 0.0}, {""feature"": ""name_addr_consistency"", ""shap"": 0.4902363717556, ""value"": 0.3451819674118842, ""model_input"": 0.3451819674118842}, {""feature"": ""name_token_overlap_max"", ""shap"": -0.4144303500652313, ""value"": 0.0, ""model_input"": 0.0}, {""feature"": ""type_of_max_name"", ""shap"": 0.4128188490867615, ""value"": 7.0, ""model_input"": 7.0}, {""feature"": ""token_overlap_ul"", ""shap"": -0.347045361995697, ""value"": 0.0, ""model_input"": 0.0}, {""feature"": ""name_jaro_max"", ""shap"": 0.3469393253326416, ""value"": 0.47566833751044274, ""model_input"": 0.47566833751044274}]}"
Stryker Corporation,16 RUE DE LOMBARDIE,69150,DECINES-CHARPIEU,80067624900025,0.21589075028896332,A.B.I.,79 AVENUE FRANKLIN ROOSEVELT,DECINES-CHARPIEU,69150,69275,5,"{""bias"": 1.1616770029067993, ""margin"": -1.2897752523422241, ""prob_from_margin"": 0.21589085412466266, ""top"": [{""feature"": ""name_semantic_max"", ""shap"": -3.253880262374878, ""value"": 0.22514532506465912, ""model_input"": 0.22514532506465912}, {""feature"": ""name_jaro_max"", ""shap"": 0.7992566227912903, ""value"": 0.0, ""model_input"": 0.0}, {""feature"": ""name_sim_max_etab"", ""shap"": 0.7135577201843262, ""value"": 0.0, ""model_input"": 0.0}, {""feature"": ""name_addr_consistency"", ""shap"": 0.6905313730239868, ""value"": 0.0, ""model_input"": 0.0}, {""feature"": ""name_sim_max_ul"", ""shap"": -0.6047645807266235, ""value"": 0.0, ""model_input"": 0.0}, {""feature"": ""name_levenshtein_max"", ""shap"": 0.4065764546394348, ""value"": 0.052631578947368474, ""model_input"": 0.052631578947368474}, {""feature"": ""name_token_overlap_max"", ""shap"": -0.40397003293037415, ""value"": 0.0, ""model_input"": 0.0}, {""feature"": ""token_overlap_ul"", ""shap"": -0.39498117566108704, ""value"": 0.0, ""model_input"": 0.0}, {""feature"": ""type_of_max_name"", ""shap"": 0.3559698462486267, ""value"": 7.0, ""model_input"": 7.0}, {""feature"": ""name_semantic_second"", ""shap"": -0.337839275598526, ""value"": 0.0, ""model_input"": 0.0}]}"
TECNIPLAST FRANCE,37 RUE EMILE ZOLA,69150,DECINES,45126922900048,0.9999115467071533,TECNIPLAST FRANCE,37 RUE EMILE ZOLA,DECINES-CHARPIEU,69150,69275,1,"{""bias"": 1.1616770029067993, ""margin"": 9.333698272705078, ""prob_from_margin"": 0.9999116130888787, ""top"": [{""feature"": ""name_semantic_max"", ""shap"": 2.1059718132019043, ""value"": 1.0, ""model_input"": 1.0}, {""feature"": ""name_sim_max_pm_dirigeant"", ""shap"": 1.158374547958374, ""value"": 0.5578431372549019, ""model_input"": 0.5578431372549019}, {""feature"": ""token_overlap_ul"", ""shap"": 0.9418188333511353, ""value"": 1.0, ""model_input"": 1.0}, {""feature"": ""name_token_overlap_max"", ""shap"": 0.7912676334381104, ""value"": 1.0, ""model_input"": 1.0}, {""feature"": ""name_crm_contains_cand_max"", ""shap"": 0.6535367965698242, ""value"": 1.0, ""model_input"": 1.0}, {""feature"": ""addr_token_overlap"", ""shap"": 0.5328804850578308, ""value"": 1.0, ""model_input"": 1.0}, {""feature"": ""street_number_diff"", ""shap"": 0.4049941599369049, ""value"": 0.0, ""model_input"": 0.0}, {""feature"": ""is_siege"", ""shap"": 0.37316280603408813, ""value"": 1.0, ""model_input"": 1.0}, {""feature"": ""name_addr_consistency"", ""shap"": 0.27352407574653625, ""value"": 1.0, ""model_input"": 1.0}, {""feature"": ""addr_jaro"", ""shap"": 0.23455965518951416, ""value"": 1.0, ""model_input"": 1.0}]}"
TECNIPLAST FRANCE,37 RUE EMILE ZOLA,69150,DECINES,39978192100065,0.8036735653877258,NICE FRANCE,RUE EMILE ZOLA,DECINES-CHARPIEU,69150,69275,2,"{""bias"": 1.1616770029067993, ""margin"": 1.409413456916809, ""prob_from_margin"": 0.8036734139088367, ""top"": [{""feature"": ""name_semantic_max"", ""shap"": -2.1651556491851807, ""value"": 0.43380236625671387, ""model_input"": 0.43380236625671387}, {""feature"": ""addr_token_overlap"", ""shap"": 1.0635604858398438, ""value"": 0.75, ""model_input"": 0.75}, {""feature"": ""name_sim_max_pm_dirigeant"", ""shap"": 1.027028203010559, ""value"": 0.5318627450980392, ""model_input"": 0.5318627450980392}, {""feature"": ""name_token_overlap_max"", ""shap"": 0.7991189956665039, ""value"": 0.3333333333333333, ""model_input"": 0.3333333333333333}, {""feature"": ""token_overlap_ul"", ""shap"": 0.47081753611564636, ""value"": 0.5, ""model_input"": 0.5}, {""feature"": ""name_semantic_second"", ""shap"": -0.28827375173568726, ""value"": 0.4052814543247223, ""model_input"": 0.4052814543247223}, {""feature"": ""name_count"", ""shap"": 0.25761544704437256, ""value"": 2.0, ""model_input"": 2.0}, {""feature"": ""name_length_max"", ""shap"": -0.24396154284477234, ""value"": 11.0, ""model_input"": 11.0}, {""feature"": ""type_of_max_name"", ""shap"": 0.21191370487213135, ""value"": 7.0, ""model_input"": 7.0}, {""feature"": ""addr_levenshtein"", ""shap"": 0.19098880887031555, ""value"": 0.8235294117647058, ""model_input"": 0.8235294117647058}]}"
TECNIPLAST FRANCE,37 RUE EMILE ZOLA,69150,DECINES,92126072500012,0.7866882681846619,COMITE FESTIF DE DECINES,49 RUE PAUL BERT,DECINES-CHARPIEU,69150,69275,3,"{""bias"": 1.1616770029067993, ""margin"": 1.3050771951675415, ""prob_from_margin"": 0.7866882265811411, ""top"": [{""feature"": ""name_semantic_max"", ""shap"": -1.0891671180725098, ""value"": 0.5263108015060425, ""model_input"": 0.5263108015060425}, {""feature"": ""type_of_max_name"", ""shap"": 0.7514358758926392, ""value"": 7.0, ""model_input"": 7.0}, {""feature"": ""name_sim_max_etab"", ""shap"": 0.6554285287857056, ""value"": 0.0, ""model_input"": 0.0}, {""feature"": ""name_city_overlap_max"", ""shap"": 0.5894436836242676, ""value"": 0.25, ""model_input"": 0.25}, {""feature"": ""name_addr_consistency"", ""shap"": 0.4399781823158264, ""value"": 0.3385314724523202, ""model_input"": 0.3385314724523202}, {""feature"": ""street_number_diff"", ""shap"": -0.4177475571632385, ""value"": 12.0, ""model_input"": 12.0}, {""feature"": ""name_token_overlap_max"", ""shap"": -0.41671594977378845, ""value"": 0.0, ""model_input"": 0.0}, {""feature"": ""is_siege"", ""shap"": 0.3876034617424011, ""value"": 1.0, ""model_input"": 1.0}, {""feature"": ""addr_levenshtein"", ""shap"": -0.38202211260795593, ""value"": 0.4117647058823529, ""model_input"": 0.4117647058823529}, {""feature"": ""name_semantic_second"", ""shap"": -0.37762144207954407, ""value"": 0.0, ""model_input"": 0.0}]}"
TECNIPLAST FRANCE,37 RUE EMILE ZOLA,69150,DECINES,53351966600010,0.6665467023849487,A.E.F.Z.,2 AVENUE SALVADOR ALLENDE,DECINES-CHARPIEU,69150,69275,4,"{""bias"": 1.1616770029067993, ""margin"": 0.6926083564758301, ""prob_from_margin"": 0.6665469172302249, ""top"": [{""feature"": ""name_semantic_max"", ""shap"": -1.2404563426971436, ""value"": 0.5468750596046448, ""model_input"": 0.5468750596046448}, {""feature"": ""name_sim_max_etab"", ""shap"": 0.8902807831764221, ""value"": 0.0, ""model_input"": 0.0}, {""feature"": ""type_of_max_name"", ""shap"": 0.689930260181427, ""value"": 7.0, ""model_input"": 7.0}, {""feature"": ""street_number_diff"", ""shap"": -0.6627582311630249, ""value"": 35.0, ""model_input"": 35.0}, {""feature"": ""token_overlap_ul"", ""shap"": 0.5837180018424988, ""value"": 0.5, ""model_input"": 0.5}, {""feature"": ""name_sim_max_pm_dirigeant"", ""shap"": -0.38518086075782776, ""value"": 0.0, ""model_input"": 0.0}, {""feature"": ""addr_levenshtein"", ""shap"": -0.37881457805633545, ""value"": 0.19999999999999996, ""model_input"": 0.19999999999999996}, {""feature"": ""street_name_jaro"", ""shap"": 0.3373086154460907, ""value"": 0.5299056820795952, ""model_input"": 0.5299056820795952}, {""feature"": ""name_count"", ""shap"": 0.29980388283729553, ""value"": 2.0, ""model_input"": 2.0}, {""feature"": ""name_jaro_max"", ""shap"": -0.28121891617774963, ""value"": 0.6147525676937442, ""model_input"": 0.6147525676937442}]}"
TECNIPLAST FRANCE,37 RUE EMILE ZOLA,69150,DECINES,52318096600013,0.6616654396057129,RENOVATION ISOLATION PEINTURE FRANCE (RIP FRANCE),79 AVENUE FRANKLIN ROOSEVELT,DECINES-CHARPIEU,69150,69275,5,"{""bias"": 1.1616770029067993, ""margin"": 0.6707248091697693, ""prob_from_margin"": 0.6616654370986199, ""top"": [{""feature"": ""name_semantic_max"", ""shap"": -1.6350197792053223, ""value"": 0.5235082507133484, ""model_input"": 0.5235082507133484}, {""feature"": ""token_overlap_ul"", ""shap"": 1.5140986442565918, ""value"": 1.0, ""model_input"": 1.0}, {""feature"": ""name_sim_max_etab"", ""shap"": 1.0606789588928223, ""value"": 0.0, ""model_input"": 0.0}, {""feature"": ""type_of_max_name"", ""shap"": 0.8759012222290039, ""value"": 7.0, ""model_input"": 7.0}, {""feature"": ""street_number_diff"", ""shap"": -0.4521896243095398, ""value"": 42.0, ""model_input"": 42.0}, {""feature"": ""name_sim_max_pm_dirigeant"", ""shap"": -0.3949033319950104, ""value"": 0.0, ""model_input"": 0.0}, {""feature"": ""addr_levenshtein"", ""shap"": -0.36126911640167236, ""value"": 0.2857142857142857, ""model_input"": 0.2857142857142857}, {""feature"": ""name_count"", ""shap"": 0.2732451856136322, ""value"": 1.0, ""model_input"": 1.0}, {""feature"": ""name_addr_consistency"", ""shap"": -0.2516149878501892, ""value"": 0.4144026308002192, ""model_input"": 0.4144026308002192}, {""feature"": ""addr_jaro"", ""shap"": -0.23253989219665527, ""value"": 0.6792717086834733, ""model_input"": 0.6792717086834733}]}"
TRANS GROUPAGE EXPRESS,8 Avenue de l’Industrie,69960,CORBAS,53278720700036,0.9997946619987488,T.G.E,8 AVENUE DE L'INDUSTRIE,CORBAS,69960,69273,1,"{""bias"": 1.1616770029067993, ""margin"": 8.490582466125488, ""prob_from_margin"": 0.9997946485874057, ""top"": [{""feature"": ""name_semantic_max"", ""shap"": 2.463355779647827, ""value"": 0.9189766645431519, ""model_input"": 0.9189766645431519}, {""feature"": ""name_sim_max_etab"", ""shap"": 0.9062672257423401, ""value"": 0.0, ""model_input"": 0.0}, {""feature"": ""name_token_overlap_max"", ""shap"": 0.9025687575340271, ""value"": 0.75, ""model_input"": 0.75}, {""feature"": ""token_overlap_ul"", ""shap"": 0.7872379422187805, ""value"": 1.0, ""model_input"": 1.0}, {""feature"": ""street_number_diff"", ""shap"": 0.5388172268867493, ""value"": 0.0, ""model_input"": 0.0}, {""feature"": ""name_semantic_second"", ""shap"": 0.5173007249832153, ""value"": 0.6606429815292358, ""model_input"": 0.6606429815292358}, {""feature"": ""name_sim_max_pm_dirigeant"", ""shap"": -0.3952057659626007, ""value"": 0.0, ""model_input"": 0.0}, {""feature"": ""is_siege"", ""shap"": 0.3562479019165039, ""value"": 1.0, ""model_input"": 1.0}, {""feature"": ""addr_token_overlap"", ""shap"": 0.2989063262939453, ""value"": 0.6, ""model_input"": 0.6}, {""feature"": ""addr_levenshtein"", ""shap"": 0.22996638715267181, ""value"": 0.9565217391304348, ""model_input"": 0.9565217391304348}]}"
TRANS GROUPAGE EXPRESS,8 Avenue de l’Industrie,69960,CORBAS,93868146700016,0.9857432246208191,D&M EXPRESS,18 RUE MARCEL CERDAN,CORBAS,69960,69273,2,"{""bias"": 1.1616770029067993, ""margin"": 4.2361626625061035, ""prob_from_margin"": 0.9857432108767319, ""top"": [{""feature"": ""name_semantic_max"", ""shap"": 2.1378860473632812, ""value"": 0.713090181350708, ""model_input"": 0.713090181350708}, {""feature"": ""name_sim_max_etab"", ""shap"": 1.2425642013549805, ""value"": 0.0, ""model_input"": 0.0}, {""feature"": ""token_overlap_ul"", ""shap"": 0.6558578014373779, ""value"": 0.3333333333333333, ""model_input"": 0.3333333333333333}, {""feature"": ""name_addr_consistency"", ""shap"": 0.45717954635620117, ""value"": 0.33944063183193623, ""model_input"": 0.33944063183193623}, {""feature"": ""name_length_max"", ""shap"": -0.40785419940948486, ""value"": 11.0, ""model_input"": 11.0}, {""feature"": ""name_sim_max_pm_dirigeant"", ""shap"": -0.3957948088645935, ""value"": 0.0, ""model_input"": 0.0}, {""feature"": ""street_number_diff"", ""shap"": -0.3509746789932251, ""value"": 10.0, ""model_input"": 10.0}, {""feature"": ""addr_levenshtein"", ""shap"": -0.3087863624095917, ""value"": 0.17391304347826086, ""model_input"": 0.17391304347826086}, {""feature"": ""name_semantic_second"", ""shap"": -0.30255940556526184, ""value"": 0.0, ""model_input"": 0.0}, {""feature"": ""type_of_max_name"", ""shap"": 0.289096862077713, ""value"": 7.0, ""model_input"": 7.0}]}"
TRANS GROUPAGE EXPRESS,8 Avenue de l’Industrie,69960,CORBAS,93122956100010,0.9764828681945801,ELINE EXPRESS,4 IMPASSE JACQUES PREVERT,CORBAS,69960,69273,3,"{""bias"": 1.1616770029067993, ""margin"": 3.726226806640625, ""prob_from_margin"": 0.9764828399284302, ""top"": [{""feature"": ""name_semantic_max"", ""shap"": 2.160555124282837, ""value"": 0.7170807719230652, ""model_input"": 0.7170807719230652}, {""feature"": ""name_sim_max_etab"", ""shap"": 1.1916980743408203, ""value"": 0.0, ""model_input"": 0.0}, {""feature"": ""token_overlap_ul"", ""shap"": 0.6791459321975708, ""value"": 0.3333333333333333, ""model_input"": 0.3333333333333333}, {""feature"": ""street_number_diff"", ""shap"": -0.4459432363510132, ""value"": 4.0, ""model_input"": 4.0}, {""feature"": ""name_sim_max_pm_dirigeant"", ""shap"": -0.4301590025424957, ""value"": 0.0, ""model_input"": 0.0}, {""feature"": ""addr_token_overlap"", ""shap"": -0.4168360233306885, ""value"": 0.0, ""model_input"": 0.0}, {""feature"": ""addr_levenshtein"", ""shap"": -0.4035669267177582, ""value"": 0.16000000000000003, ""model_input"": 0.16000000000000003}, {""feature"": ""name_semantic_second"", ""shap"": -0.3486240804195404, ""value"": 0.0, ""model_input"": 0.0}, {""feature"": ""name_length_max"", ""shap"": -0.3128415644168854, ""value"": 13.0, ""model_input"": 13.0}, {""feature"": ""type_of_max_name"", ""shap"": 0.30641046166419983, ""value"": 7.0, ""model_input"": 7.0}]}"
TRANS GROUPAGE EXPRESS,8 Avenue de l’Industrie,69960,CORBAS,33999882500048,0.9596522450447083,DIATEX,8 AVENUE DE L'INDUSTRIE,CORBAS,69960,69273,4,"{""bias"": 1.1616770029067993, ""margin"": 3.169034957885742, ""prob_from_margin"": 0.9596522348880899, ""top"": [{""feature"": ""street_number_diff"", ""shap"": 1.3965754508972168, ""value"": 0.0, ""model_input"": 0.0}, {""feature"": ""type_of_max_name"", ""shap"": 0.6982693076133728, ""value"": 4.0, ""model_input"": 4.0}, {""feature"": ""addr_levenshtein"", ""shap"": 0.5459758043289185, ""value"": 0.9565217391304348, ""model_input"": 0.9565217391304348}, {""feature"": ""name_sim_max_pm_dirigeant"", ""shap"": 0.5025509595870972, ""value"": 0.47474747474747475, ""model_input"": 0.47474747474747475}, {""feature"": ""addr_token_overlap"", ""shap"": 0.4728364646434784, ""value"": 0.6, ""model_input"": 0.6}, {""feature"": ""name_semantic_max"", ""shap"": -0.4587911069393158, ""value"": 0.5654087066650391, ""model_input"": 0.5654087066650391}, {""feature"": ""name_addr_consistency"", ""shap"": -0.40954500436782837, ""value"": 0.46649099692577956, ""model_input"": 0.46649099692577956}, {""feature"": ""name_token_overlap_max"", ""shap"": -0.3922390937805176, ""value"": 0.0, ""model_input"": 0.0}, {""feature"": ""addr_jaro"", ""shap"": 0.3895660936832428, ""value"": 0.9826086956521739, ""model_input"": 0.9826086956521739}, {""feature"": ""token_overlap_ul"", ""shap"": -0.3147047460079193, ""value"": 0.0, ""model_input"": 0.0}]}"
TRANS GROUPAGE EXPRESS,8 Avenue de l’Industrie,69960,CORBAS,84308328800020,0.8948215246200562,OUITRANS,8 AVENUE DE L'INDUSTRIE,CORBAS,69960,69273,5,"{""bias"": 1.1616770029067993, ""margin"": 2.1409661769866943, ""prob_from_margin"": 0.8948215778091209, ""top"": [{""feature"": ""name_semantic_max"", ""shap"": -2.212855100631714, ""value"": 0.4214003384113312, ""model_input"": 0.4214003384113312}, {""feature"": ""street_number_diff"", ""shap"": 1.1529067754745483, ""value"": 0.0, ""model_input"": 0.0}, {""feature"": ""name_sim_max_etab"", ""shap"": 0.9368368983268738, ""value"": 0.0, ""model_input"": 0.0}, {""feature"": ""addr_token_overlap"", ""shap"": 0.6535559892654419, ""value"": 0.6, ""model_input"": 0.6}, {""feature"": ""addr_levenshtein"", ""shap"": 0.6268513202667236, ""value"": 0.9565217391304348, ""model_input"": 0.9565217391304348}, {""feature"": ""type_of_max_name"", ""shap"": 0.6257907152175903, ""value"": 7.0, ""model_input"": 7.0}, {""feature"": ""token_overlap_ul"", ""shap"": 0.5348129272460938, ""value"": 0.3333333333333333, ""model_input"": 0.3333333333333333}, {""feature"": ""name_sim_max_pm_dirigeant"", ""shap"": -0.45520803332328796, ""value"": 0.0, ""model_input"": 0.0}, {""feature"": ""name_token_overlap_max"", ""shap"": -0.39530566334724426, ""value"": 0.0, ""model_input"": 0.0}, {""feature"": ""name_length_max"", ""shap"": -0.36247047781944275, ""value"": 8.0, ""model_input"": 8.0}]}"
TRANSPORTS FRIGORIFIQUES DU VIVARAIS,24 Avenue du 24 Août 1944,69960,CORBAS,53112426100029,0.9983198046684265,VIVARAIS LYON,26 AVENUE DU 24 AOUT 1944,CORBAS,69960,69273,1,"{""bias"": 1.1616770029067993, ""margin"": 6.387209415435791, ""prob_from_margin"": 0.9983198814909049, ""top"": [{""feature"": ""name_semantic_max"", ""shap"": 2.492440700531006, ""value"": 0.8567187786102295, ""model_input"": 0.8567187786102295}, {""feature"": ""name_token_overlap_max"", ""shap"": 0.9857887029647827, ""value"": 0.6, ""model_input"": 0.6}, {""feature"": ""token_overlap_ul"", ""shap"": 0.7819616794586182, ""value"": 0.6666666666666666, ""model_input"": 0.6666666666666666}, {""feature"": ""addr_token_overlap"", ""shap"": 0.5902184247970581, ""value"": 0.8333333333333334, ""model_input"": 0.8333333333333334}, {""feature"": ""name_semantic_second"", ""shap"": 0.4717816710472107, ""value"": 0.7786163091659546, ""model_input"": 0.7786163091659546}, {""feature"": ""name_sim_max_pm_dirigeant"", ""shap"": 0.4672064483165741, ""value"": 0.5145502645502645, ""model_input"": 0.5145502645502645}, {""feature"": ""street_number_diff"", ""shap"": -0.2930224537849426, ""value"": 2.0, ""model_input"": 2.0}, {""feature"": ""name_levenshtein_max"", ""shap"": -0.24893462657928467, ""value"": 0.4722222222222222, ""model_input"": 0.4722222222222222}, {""feature"": ""addr_levenshtein"", ""shap"": 0.21591442823410034, ""value"": 0.96, ""model_input"": 0.96}, {""feature"": ""is_siege"", ""shap"": 0.21167518198490143, ""value"": 1.0, ""model_input"": 1.0}]}"
TRANSPORTS FRIGORIFIQUES DU VIVARAIS,24 Avenue du 24 Août 1944,69960,CORBAS,97855983900045,0.8957418203353882,GOFO FRANCE,24 AVENUE DU 24 AOUT 1944,CORBAS,69960,69273,2,"{""bias"": 1.1616770029067993, ""margin"": 2.1507840156555176, ""prob_from_margin"": 0.8957420174558968, ""top"": [{""feature"": ""name_semantic_max"", ""shap"": -1.6994708776474, ""value"": 0.4866899251937866, ""model_input"": 0.4866899251937866}, {""feature"": ""addr_token_overlap"", ""shap"": 1.4097070693969727, ""value"": 1.0, ""model_input"": 1.0}, {""feature"": ""street_number_diff"", ""shap"": 1.0727053880691528, ""value"": 0.0, ""model_input"": 0.0}, {""feature"": ""addr_jaro"", ""shap"": 0.6199440956115723, ""value"": 1.0, ""model_input"": 1.0}, {""feature"": ""addr_levenshtein"", ""shap"": 0.49847593903541565, ""value"": 1.0, ""model_input"": 1.0}, {""feature"": ""type_of_max_name"", ""shap"": 0.46143507957458496, ""value"": 7.0, ""model_input"": 7.0}, {""feature"": ""name_sim_max_pm_dirigeant"", ""shap"": 0.4525035619735718, ""value"": 0.5534391534391534, ""model_input"": 0.5534391534391534}, {""feature"": ""name_token_overlap_max"", ""shap"": -0.3176444172859192, ""value"": 0.0, ""model_input"": 0.0}, {""feature"": ""token_overlap_ul"", ""shap"": -0.27402761578559875, ""value"": 0.0, ""model_input"": 0.0}, {""feature"": ""name_count"", ""shap"": 0.2615657448768616, ""value"": 2.0, ""model_input"": 2.0}]}"
TRANSPORTS FRIGORIFIQUES DU VIVARAIS,24 Avenue du 24 Août 1944,69960,CORBAS,43781383500158,0.8391163945198059,T.M.F. TRANSPORTS,4 RUE DU MONT BLANC,CORBAS,69960,69273,3,"{""bias"": 1.1616770029067993, ""margin"": 1.651668667793274, ""prob_from_margin"": 0.8391164481273639, ""top"": [{""feature"": ""street_number_diff"", ""shap"": -0.9660338163375854, ""value"": 20.0, ""model_input"": 20.0}, {""feature"": ""name_semantic_max"", ""shap"": -0.8724903464317322, ""value"": 0.5681757926940918, ""model_input"": 0.5681757926940918}, {""feature"": ""token_overlap_ul"", ""shap"": 0.623086154460907, ""value"": 0.3333333333333333, ""model_input"": 0.3333333333333333}, {""feature"": ""name_sim_max_pm_dirigeant"", ""shap"": 0.5594149827957153, ""value"": 0.4993563081798376, ""model_input"": 0.4993563081798376}, {""feature"": ""name_addr_consistency"", ""shap"": 0.5501953363418579, ""value"": 0.32804247924990954, ""model_input"": 0.32804247924990954}, {""feature"": ""type_of_max_name"", ""shap"": 0.5098210573196411, ""value"": 7.0, ""model_input"": 7.0}, {""feature"": ""name_sim_max_etab"", ""shap"": 0.298231303691864, ""value"": 0.4993563081798376, ""model_input"": 0.4993563081798376}, {""feature"": ""addr_token_overlap"", ""shap"": -0.2972062826156616, ""value"": 0.1111111111111111, ""model_input"": 0.1111111111111111}, {""feature"": ""name_token_overlap_max"", ""shap"": 0.2783307731151581, ""value"": 0.2, ""model_input"": 0.2}, {""feature"": ""street_name_jaro"", ""shap"": 0.2598749101161957, ""value"": 0.5641711229946523, ""model_input"": 0.5641711229946523}]}"
TRANSPORTS FRIGORIFIQUES DU VIVARAIS,24 Avenue du 24 Août 1944,69960,CORBAS,84427763200023,0.7418942451477051,VIGNAL GROUP,19 AVENUE DU 24 AOUT 1944,CORBAS,69960,69273,4,"{""bias"": 1.1616770029067993, ""margin"": 1.0558364391326904, ""prob_from_margin"": 0.7418940797680739, ""top"": [{""feature"": ""addr_token_overlap"", ""shap"": 1.3437467813491821, ""value"": 0.8333333333333334, ""model_input"": 0.8333333333333334}, {""feature"": ""street_number_diff"", ""shap"": -1.0967297554016113, ""value"": 5.0, ""model_input"": 5.0}, {""feature"": ""name_sim_max_pm_dirigeant"", ""shap"": 0.917193591594696, ""value"": 0.6066137566137566, ""model_input"": 0.6066137566137566}, {""feature"": ""name_semantic_second"", ""shap"": 0.7327812314033508, ""value"": 0.5712581872940063, ""model_input"": 0.5712581872940063}, {""feature"": ""name_token_overlap_max"", ""shap"": -0.44796499609947205, ""value"": 0.0, ""model_input"": 0.0}, {""feature"": ""name_count"", ""shap"": -0.3702332675457001, ""value"": 4.0, ""model_input"": 4.0}, {""feature"": ""name_sim_max_etab"", ""shap"": -0.3405812978744507, ""value"": 0.6066137566137566, ""model_input"": 0.6066137566137566}, {""feature"": ""name_city_overlap_max"", ""shap"": -0.29527005553245544, ""value"": 0.0, ""model_input"": 0.0}, {""feature"": ""token_overlap_ul"", ""shap"": -0.2874179780483246, ""value"": 0.0, ""model_input"": 0.0}, {""feature"": ""name_addr_consistency"", ""shap"": -0.26070913672447205, ""value"": 0.5742610229276895, ""model_input"": 0.5742610229276895}]}"
TRANSPORTS FRIGORIFIQUES DU VIVARAIS,24 Avenue du 24 Août 1944,69960,CORBAS,93314132700017,0.6968330144882202,CORBAS CROSSTRAINING 69,2 RUE ANDRE MALRAUX,CORBAS,69960,69273,5,"{""bias"": 1.1616770029067993, ""margin"": 0.8322620391845703, ""prob_from_margin"": 0.6968330135638084, ""top"": [{""feature"": ""name_semantic_max"", ""shap"": -1.3689305782318115, ""value"": 0.5101265907287598, ""model_input"": 0.5101265907287598}, {""feature"": ""name_city_overlap_max"", ""shap"": 1.1514955759048462, ""value"": 0.3333333333333333, ""model_input"": 0.3333333333333333}, {""feature"": ""type_of_max_name"", ""shap"": 0.8138668537139893, ""value"": 7.0, ""model_input"": 7.0}, {""feature"": ""name_sim_max_etab"", ""shap"": 0.7780108451843262, ""value"": 0.0, ""model_input"": 0.0}, {""feature"": ""name_semantic_second"", ""shap"": -0.5514757037162781, ""value"": 0.0, ""model_input"": 0.0}, {""feature"": ""is_siege"", ""shap"": 0.48351073265075684, ""value"": 1.0, ""model_input"": 1.0}, {""feature"": ""addr_levenshtein"", ""shap"": -0.41865015029907227, ""value"": 0.24, ""model_input"": 0.24}, {""feature"": ""name_sim_max_pm_dirigeant"", ""shap"": -0.40903446078300476, ""value"": 0.0, ""model_input"": 0.0}, {""feature"": ""name_token_overlap_max"", ""shap"": -0.40376847982406616, ""value"": 0.0, ""model_input"": 0.0}, {""feature"": ""street_number_diff"", ""shap"": -0.39961814880371094, ""value"": 22.0, ""model_input"": 22.0}]}"
Timcod Rhone-Alpes,40 route de Lyon,69960,CORBAS,48048580400037,0.9880521297454834,APLISTORE,40 ROUTE DE LYON,CORBAS,69960,69273,1,"{""bias"": 1.1616770029067993, ""margin"": 4.415185928344727, ""prob_from_margin"": 0.9880521711837792, ""top"": [{""feature"": ""name_semantic_max"", ""shap"": 2.2110188007354736, ""value"": 0.9046740531921387, ""model_input"": 0.9046740531921387}, {""feature"": ""name_sim_max_etab"", ""shap"": -0.7843229174613953, ""value"": 0.8666666666666666, ""model_input"": 0.8666666666666666}, {""feature"": ""addr_token_overlap"", ""shap"": 0.7454285621643066, ""value"": 1.0, ""model_input"": 1.0}, {""feature"": ""street_number_diff"", ""shap"": 0.54518061876297, ""value"": 0.0, ""model_input"": 0.0}, {""feature"": ""name_token_overlap_max"", ""shap"": 0.5181299448013306, ""value"": 0.3333333333333333, ""model_input"": 0.3333333333333333}, {""feature"": ""ul_vs_pm_indicator"", ""shap"": -0.4736270606517792, ""value"": 0.0, ""model_input"": 0.0}, {""feature"": ""token_overlap_ul"", ""shap"": -0.46028101444244385, ""value"": 0.0, ""model_input"": 0.0}, {""feature"": ""name_semantic_second"", ""shap"": 0.42783841490745544, ""value"": 0.5314493179321289, ""model_input"": 0.5314493179321289}, {""feature"": ""name_crm_contains_cand_max"", ""shap"": 0.3034447431564331, ""value"": 1.0, ""model_input"": 1.0}, {""feature"": ""name_semantic_gap"", ""shap"": -0.2715970277786255, ""value"": 0.37322473526000977, ""model_input"": 0.37322473526000977}]}"
Timcod Rhone-Alpes,40 route de Lyon,69960,CORBAS,41397404900012,0.9494141936302185,TCC,4 PL CHARLES JOCTEUR,CORBAS,69960,69273,2,"{""bias"": 1.1616770029067993, ""margin"": 2.9321727752685547, ""prob_from_margin"": 0.949414128773504, ""top"": [{""feature"": ""name_semantic_max"", ""shap"": 2.8215432167053223, ""value"": 0.7420536279678345, ""model_input"": 0.7420536279678345}, {""feature"": ""name_sim_max_etab"", ""shap"": 0.9183471202850342, ""value"": 0.0, ""model_input"": 0.0}, {""feature"": ""name_semantic_second"", ""shap"": 0.8545129299163818, ""value"": 0.7340898513793945, ""model_input"": 0.7340898513793945}, {""feature"": ""street_number_diff"", ""shap"": -0.5198745131492615, ""value"": 36.0, ""model_input"": 36.0}, {""feature"": ""addr_levenshtein"", ""shap"": -0.4725680947303772, ""value"": 0.19999999999999996, ""model_input"": 0.19999999999999996}, {""feature"": ""is_siege"", ""shap"": 0.4586959779262543, ""value"": 1.0, ""model_input"": 1.0}, {""feature"": ""name_sim_max_pm_dirigeant"", ""shap"": -0.3987194299697876, ""value"": 0.0, ""model_input"": 0.0}, {""feature"": ""name_city_overlap_max"", ""shap"": 0.37437087297439575, ""value"": 0.25, ""model_input"": 0.25}, {""feature"": ""name_token_overlap_max"", ""shap"": -0.3743618428707123, ""value"": 0.0, ""model_input"": 0.0}, {""feature"": ""addr_jaro"", ""shap"": -0.35888922214508057, ""value"": 0.5967592592592593, ""model_input"": 0.5967592592592593}]}"
Timcod Rhone-Alpes,40 route de Lyon,69960,CORBAS,96050098100050,0.873537003993988,CEME CERNIAUT,40 ROUTE DE LYON,CORBAS,69960,69273,3,"{""bias"": 1.1616770029067993, ""margin"": 1.932600498199463, ""prob_from_margin"": 0.8735369764101332, ""top"": [{""feature"": ""name_semantic_max"", ""shap"": -1.7087609767913818, ""value"": 0.46166884899139404, ""model_input"": 0.46166884899139404}, {""feature"": ""addr_token_overlap"", ""shap"": 1.485500693321228, ""value"": 1.0, ""model_input"": 1.0}, {""feature"": ""street_number_diff"", ""shap"": 0.935317873954773, ""value"": 0.0, ""model_input"": 0.0}, {""feature"": ""name_sim_max_pm_dirigeant"", ""shap"": 0.9187923669815063, ""value"": 0.5283224400871459, ""model_input"": 0.5283224400871459}, {""feature"": ""addr_jaro"", ""shap"": 0.6161814332008362, ""value"": 1.0, ""model_input"": 1.0}, {""feature"": ""type_of_max_name"", ""shap"": 0.4844784736633301, ""value"": 7.0, ""model_input"": 7.0}, {""feature"": ""addr_levenshtein"", ""shap"": 0.44009366631507874, ""value"": 1.0, ""model_input"": 1.0}, {""feature"": ""name_semantic_second"", ""shap"": -0.4065423607826233, ""value"": 0.3445740342140198, ""model_input"": 0.3445740342140198}, {""feature"": ""name_levenshtein_max"", ""shap"": -0.38530394434928894, ""value"": 0.2222222222222222, ""model_input"": 0.2222222222222222}, {""feature"": ""name_token_overlap_max"", ""shap"": -0.31291526556015015, ""value"": 0.0, ""model_input"": 0.0}]}"
Timcod Rhone-Alpes,40 route de Lyon,69960,CORBAS,87805985600020,0.8668383359909058,B.C.D.,40 ROUTE DE LYON,CORBAS,69960,69273,4,"{""bias"": 1.1616770029067993, ""margin"": 1.8732885122299194, ""prob_from_margin"": 0.8668383273863604, ""top"": [{""feature"": ""name_semantic_max"", ""shap"": -1.553369402885437, ""value"": 0.4870535135269165, ""model_input"": 0.4870535135269165}, {""feature"": ""addr_token_overlap"", ""shap"": 1.2953612804412842, ""value"": 1.0, ""model_input"": 1.0}, {""feature"": ""street_number_diff"", ""shap"": 1.044877290725708, ""value"": 0.0, ""model_input"": 0.0}, {""feature"": ""name_sim_max_etab"", ""shap"": 0.6846331357955933, ""value"": 0.0, ""model_input"": 0.0}, {""feature"": ""addr_jaro"", ""shap"": 0.6534503102302551, ""value"": 1.0, ""model_input"": 1.0}, {""feature"": ""addr_levenshtein"", ""shap"": 0.5412275195121765, ""value"": 1.0, ""model_input"": 1.0}, {""feature"": ""name_addr_consistency"", ""shap"": -0.4975244700908661, ""value"": 0.48148148148148145, ""model_input"": 0.48148148148148145}, {""feature"": ""type_of_max_name"", ""shap"": 0.4722609221935272, ""value"": 7.0, ""model_input"": 7.0}, {""feature"": ""name_semantic_second"", ""shap"": -0.4066551625728607, ""value"": 0.0, ""model_input"": 0.0}, {""feature"": ""name_sim_max_pm_dirigeant"", ""shap"": -0.38888031244277954, ""value"": 0.0, ""model_input"": 0.0}]}"
Timcod Rhone-Alpes,40 route de Lyon,69960,CORBAS,38031006000468,0.8666226267814636,AUTOCARS FROSSARD,28 AVENUE DU 24 AOUT 1944,CORBAS,69960,69273,5,"{""bias"": 1.1616770029067993, ""margin"": 1.87142014503479, ""prob_from_margin"": 0.8666225145778437, ""top"": [{""feature"": ""token_overlap_ul"", ""shap"": 1.2052732706069946, ""value"": 0.6666666666666666, ""model_input"": 0.6666666666666666}, {""feature"": ""name_token_overlap_max"", ""shap"": 1.2003780603408813, ""value"": 0.5, ""model_input"": 0.5}, {""feature"": ""name_sim_max_pm_dirigeant"", ""shap"": 0.7730892896652222, ""value"": 0.48148148148148145, ""model_input"": 0.48148148148148145}, {""feature"": ""addr_token_overlap"", ""shap"": -0.5223397016525269, ""value"": 0.0, ""model_input"": 0.0}, {""feature"": ""type_of_max_name"", ""shap"": 0.5197460055351257, ""value"": 7.0, ""model_input"": 7.0}, {""feature"": ""street_number_diff"", ""shap"": -0.5024526119232178, ""value"": 12.0, ""model_input"": 12.0}, {""feature"": ""addr_jaro"", ""shap"": -0.40774840116500854, ""value"": 0.4926851851851852, ""model_input"": 0.4926851851851852}, {""feature"": ""addr_levenshtein"", ""shap"": -0.36735600233078003, ""value"": 0.24, ""model_input"": 0.24}, {""feature"": ""name_sim_max_etab"", ""shap"": 0.3564754128456116, ""value"": 0.48148148148148145, ""model_input"": 0.48148148148148145}, {""feature"": ""name_semantic_max"", ""shap"": -0.32199621200561523, ""value"": 0.5937180519104004, ""model_input"": 0.5937180519104004}]}"
UNIVERSAL ARCHERY,81 Rue Elisée Reclus,69150,DECINES-CHARPIEU,81280940800014,0.9995303153991699,UNIVERSAL ARCHERY,81 RUE ELISEE RECLUS,DECINES-CHARPIEU,69150,69275,1,"{""bias"": 1.1616770029067993, ""margin"": 7.662845134735107, ""prob_from_margin"": 0.999530252383058, ""top"": [{""feature"": ""name_semantic_max"", ""shap"": 2.327883243560791, ""value"": 1.0, ""model_input"": 1.0}, {""feature"": ""name_token_overlap_max"", ""shap"": 1.0299443006515503, ""value"": 1.0, ""model_input"": 1.0}, {""feature"": ""token_overlap_ul"", ""shap"": 0.862223744392395, ""value"": 1.0, ""model_input"": 1.0}, {""feature"": ""name_crm_contains_cand_max"", ""shap"": 0.7063837051391602, ""value"": 1.0, ""model_input"": 1.0}, {""feature"": ""name_sim_max_etab"", ""shap"": -0.6314625144004822, ""value"": 1.0, ""model_input"": 1.0}, {""feature"": ""addr_token_overlap"", ""shap"": 0.5746784806251526, ""value"": 1.0, ""model_input"": 1.0}, {""feature"": ""name_semantic_second"", ""shap"": 0.5410864949226379, ""value"": 1.0, ""model_input"": 1.0}, {""feature"": ""street_number_diff"", ""shap"": 0.5353209376335144, ""value"": 0.0, ""model_input"": 0.0}, {""feature"": ""type_of_max_name"", ""shap"": -0.42439004778862, ""value"": 2.0, ""model_input"": 2.0}, {""feature"": ""is_siege"", ""shap"": 0.40822064876556396, ""value"": 1.0, ""model_input"": 1.0}]}"
UNIVERSAL ARCHERY,81 Rue Elisée Reclus,69150,DECINES-CHARPIEU,80053604700023,0.9550355076789856,RHONE ALPES AUVERGNE CARRELAGE,81 RUE ELISEE RECLUS,DECINES-CHARPIEU,69150,69275,2,"{""bias"": 1.1616770029067993, ""margin"": 3.0558736324310303, ""prob_from_margin"": 0.9550354316957812, ""top"": [{""feature"": ""addr_token_overlap"", ""shap"": 1.3709276914596558, ""value"": 1.0, ""model_input"": 1.0}, {""feature"": ""street_number_diff"", ""shap"": 1.1976860761642456, ""value"": 0.0, ""model_input"": 0.0}, {""feature"": ""name_semantic_max"", ""shap"": -1.1749061346054077, ""value"": 0.5099884867668152, ""model_input"": 0.5099884867668152}, {""feature"": ""name_sim_max_etab"", ""shap"": 0.7874199748039246, ""value"": 0.0, ""model_input"": 0.0}, {""feature"": ""addr_jaro"", ""shap"": 0.5884515643119812, ""value"": 1.0, ""model_input"": 1.0}, {""feature"": ""type_of_max_name"", ""shap"": 0.5708131790161133, ""value"": 7.0, ""model_input"": 7.0}, {""feature"": ""addr_levenshtein"", ""shap"": 0.5178583264350891, ""value"": 1.0, ""model_input"": 1.0}, {""feature"": ""name_levenshtein_max"", ""shap"": -0.4465486407279968, ""value"": 0.23333333333333328, ""model_input"": 0.23333333333333328}, {""feature"": ""name_sim_max_pm_dirigeant"", ""shap"": -0.41197454929351807, ""value"": 0.0, ""model_input"": 0.0}, {""feature"": ""name_semantic_second"", ""shap"": -0.40299221873283386, ""value"": 0.0, ""model_input"": 0.0}]}"
UNIVERSAL ARCHERY,81 Rue Elisée Reclus,69150,DECINES-CHARPIEU,21690275900010,0.9379011988639832,MAIRIE,PLACE ROGER SALENGRO,DECINES-CHARPIEU,69150,69275,3,"{""bias"": 1.1616770029067993, ""margin"": 2.714918375015259, ""prob_from_margin"": 0.937901224877033, ""top"": [{""feature"": ""name_city_overlap_max"", ""shap"": 2.2990527153015137, ""value"": 0.5, ""model_input"": 0.5}, {""feature"": ""name_semantic_max"", ""shap"": -2.1367416381835938, ""value"": 0.37484365701675415, ""model_input"": 0.37484365701675415}, {""feature"": ""name_length_max"", ""shap"": 0.8416128754615784, ""value"": 6.0, ""model_input"": 6.0}, {""feature"": ""name_semantic_second"", ""shap"": -0.49521100521087646, ""value"": 0.3565605580806732, ""model_input"": 0.3565605580806732}, {""feature"": ""is_siege"", ""shap"": 0.47124814987182617, ""value"": 1.0, ""model_input"": 1.0}, {""feature"": ""street_number_diff"", ""shap"": 0.42418578267097473, ""value"": 9999.0, ""model_input"": 9999.0}, {""feature"": ""name_token_overlap_max"", ""shap"": -0.4055768847465515, ""value"": 0.0, ""model_input"": 0.0}, {""feature"": ""addr_levenshtein"", ""shap"": -0.4010724127292633, ""value"": 0.15000000000000002, ""model_input"": 0.15000000000000002}, {""feature"": ""name_count"", ""shap"": 0.38646405935287476, ""value"": 2.0, ""model_input"": 2.0}, {""feature"": ""name_jaro_max"", ""shap"": 0.3645208179950714, ""value"": 0.5506535947712418, ""model_input"": 0.5506535947712418}]}"
UNIVERSAL ARCHERY,81 Rue Elisée Reclus,69150,DECINES-CHARPIEU,39902465200238,0.9342966675758362,RECORD PORTES AUTOMATIQUES,81 RUE ELISEE RECLUS,DECINES-CHARPIEU,69150,69275,4,"{""bias"": 1.1616770029067993, ""margin"": 2.6546430587768555, ""prob_from_margin"": 0.934296586900418, ""top"": [{""feature"": ""name_semantic_max"", ""shap"": -1.9507378339767456, ""value"": 0.42157742381095886, ""model_input"": 0.42157742381095886}, {""feature"": ""addr_token_overlap"", ""shap"": 1.095984935760498, ""value"": 1.0, ""model_input"": 1.0}, {""feature"": ""street_number_diff"", ""shap"": 1.0459411144256592, ""value"": 0.0, ""model_input"": 0.0}, {""feature"": ""name_sim_max_pm_dirigeant"", ""shap"": 0.661766529083252, ""value"": 0.5484593837535013, ""model_input"": 0.5484593837535013}, {""feature"": ""addr_jaro"", ""shap"": 0.6145526766777039, ""value"": 1.0, ""model_input"": 1.0}, {""feature"": ""addr_levenshtein"", ""shap"": 0.5493707656860352, ""value"": 1.0, ""model_input"": 1.0}, {""feature"": ""type_of_max_name"", ""shap"": 0.4782937467098236, ""value"": 4.0, ""model_input"": 4.0}, {""feature"": ""name_count"", ""shap"": 0.36372339725494385, ""value"": 2.0, ""model_input"": 2.0}, {""feature"": ""name_token_overlap_max"", ""shap"": -0.28576478362083435, ""value"": 0.0, ""model_input"": 0.0}, {""feature"": ""name_length_max"", ""shap"": 0.2838340103626251, ""value"": 28.0, ""model_input"": 28.0}]}"
UNIVERSAL ARCHERY,81 Rue Elisée Reclus,69150,DECINES-CHARPIEU,48802039700037,0.9315760135650635,SCHEM'ELEC,81 RUE ELISEE RECLUS,DECINES-CHARPIEU,69150,69275,5,"{""bias"": 1.1616770029067993, ""margin"": 2.6111531257629395, ""prob_from_margin"": 0.9315759356518034, ""top"": [{""feature"": ""name_semantic_max"", ""shap"": -2.3586437702178955, ""value"": 0.372603178024292, ""model_input"": 0.372603178024292}, {""feature"": ""addr_token_overlap"", ""shap"": 1.2479190826416016, ""value"": 1.0, ""model_input"": 1.0}, {""feature"": ""street_number_diff"", ""shap"": 1.0360475778579712, ""value"": 0.0, ""model_input"": 0.0}, {""feature"": ""addr_jaro"", ""shap"": 0.7292837500572205, ""value"": 1.0, ""model_input"": 1.0}, {""feature"": ""addr_levenshtein"", ""shap"": 0.5513132214546204, ""value"": 1.0, ""model_input"": 1.0}, {""feature"": ""name_sim_max_etab"", ""shap"": 0.4790610373020172, ""value"": 0.4239028944911298, ""model_input"": 0.4239028944911298}, {""feature"": ""type_of_max_name"", ""shap"": 0.46107664704322815, ""value"": 7.0, ""model_input"": 7.0}, {""feature"": ""name_token_overlap_max"", ""shap"": -0.3529549539089203, ""value"": 0.0, ""model_input"": 0.0}, {""feature"": ""name_sim_max_pm_dirigeant"", ""shap"": 0.3252120316028595, ""value"": 0.4239028944911298, ""model_input"": 0.4239028944911298}, {""feature"": ""name_semantic_second"", ""shap"": -0.3117774426937103, ""value"": 0.1793884038925171, ""model_input"": 0.1793884038925171}]}"
VIGNAL SYSTEMS,19 AVENUE DU 24 AOUT 1944,69960,CORBAS,45032486800030,0.9998881816864014,VIGNAL SYSTEMS,19 AVENUE DU 24 AOUT 1944,CORBAS,69960,69273,1,"{""bias"": 1.1616770029067993, ""margin"": 9.098708152770996, ""prob_from_margin"": 0.9998882023432402, ""top"": [{""feature"": ""name_semantic_max"", ""shap"": 2.0879576206207275, ""value"": 0.9999999403953552, ""model_input"": 0.9999999403953552}, {""feature"": ""token_overlap_ul"", ""shap"": 0.9010277390480042, ""value"": 1.0, ""model_input"": 1.0}, {""feature"": ""name_token_overlap_max"", ""shap"": 0.8755940198898315, ""value"": 1.0, ""model_input"": 1.0}, {""feature"": ""name_sim_max_pm_dirigeant"", ""shap"": 0.8133368492126465, ""value"": 0.43492063492063493, ""model_input"": 0.43492063492063493}, {""feature"": ""name_crm_contains_cand_max"", ""shap"": 0.6378169655799866, ""value"": 1.0, ""model_input"": 1.0}, {""feature"": ""addr_token_overlap"", ""shap"": 0.4653319716453552, ""value"": 1.0, ""model_input"": 1.0}, {""feature"": ""street_number_diff"", ""shap"": 0.44293349981307983, ""value"": 0.0, ""model_input"": 0.0}, {""feature"": ""name_addr_consistency"", ""shap"": 0.31692275404930115, ""value"": 1.0, ""model_input"": 1.0}, {""feature"": ""is_siege"", ""shap"": 0.3090182840824127, ""value"": 1.0, ""model_input"": 1.0}, {""feature"": ""name_sim_max_etab"", ""shap"": 0.29971686005592346, ""value"": 0.43492063492063493, ""model_input"": 0.43492063492063493}]}"
VIGNAL SYSTEMS,19 AVENUE DU 24 AOUT 1944,69960,CORBAS,81265702100026,0.9979323148727417,VIGNAL IMMO,19 AVENUE DU 24 AOUT 1944,CORBAS,69960,69273,2,"{""bias"": 1.1616770029067993, ""margin"": 6.179224967956543, ""prob_from_margin"": 0.9979322513192012, ""top"": [{""feature"": ""name_semantic_max"", ""shap"": 1.6227376461029053, ""value"": 0.6939554810523987, ""model_input"": 0.6939554810523987}, {""feature"": ""name_sim_max_etab"", ""shap"": 0.9591395258903503, ""value"": 0.0, ""model_input"": 0.0}, {""feature"": ""addr_token_overlap"", ""shap"": 0.8117981553077698, ""value"": 1.0, ""model_input"": 1.0}, {""feature"": ""street_number_diff"", ""shap"": 0.716265082359314, ""value"": 0.0, ""model_input"": 0.0}, {""feature"": ""name_token_overlap_max"", ""shap"": 0.4781595766544342, ""value"": 0.3333333333333333, ""model_input"": 0.3333333333333333}, {""feature"": ""name_jaro_gap"", ""shap"": 0.4241240620613098, ""value"": 0.8597402597402598, ""model_input"": 0.8597402597402598}, {""feature"": ""name_sim_max_pm_dirigeant"", ""shap"": -0.4104144871234894, ""value"": 0.0, ""model_input"": 0.0}, {""feature"": ""addr_levenshtein"", ""shap"": 0.3610200881958008, ""value"": 1.0, ""model_input"": 1.0}, {""feature"": ""addr_jaro"", ""shap"": 0.32264313101768494, ""value"": 1.0, ""model_input"": 1.0}, {""feature"": ""name_semantic_second"", ""shap"": -0.3048751652240753, ""value"": 0.0, ""model_input"": 0.0}]}"
VIGNAL SYSTEMS,19 AVENUE DU 24 AOUT 1944,69960,CORBAS,45032486800048,0.9976860284805298,VIGNAL SYSTEMS,12 AVENUE DE L'INDUSTRIE,CORBAS,69960,69273,3,"{""bias"": 1.1616770029067993, ""margin"": 6.066460132598877, ""prob_from_margin"": 0.9976859980695644, ""top"": [{""feature"": ""name_semantic_max"", ""shap"": 2.4520583152770996, ""value"": 0.9999999403953552, ""model_input"": 0.9999999403953552}, {""feature"": ""name_sim_max_pm_dirigeant"", ""shap"": 1.1294047832489014, ""value"": 0.43492063492063493, ""model_input"": 0.43492063492063493}, {""feature"": ""name_token_overlap_max"", ""shap"": 1.0016566514968872, ""value"": 1.0, ""model_input"": 1.0}, {""feature"": ""token_overlap_ul"", ""shap"": 0.922333300113678, ""value"": 1.0, ""model_input"": 1.0}, {""feature"": ""is_siege"", ""shap"": -0.6873623728752136, ""value"": 0.0, ""model_input"": 0.0}, {""feature"": ""addr_token_overlap"", ""shap"": -0.6585837602615356, ""value"": 0.1111111111111111, ""model_input"": 0.1111111111111111}, {""feature"": ""name_sim_max_etab"", ""shap"": 0.4842614531517029, ""value"": 0.43492063492063493, ""model_input"": 0.43492063492063493}, {""feature"": ""street_number_diff"", ""shap"": -0.4548875391483307, ""value"": 7.0, ""model_input"": 7.0}, {""feature"": ""name_crm_contains_cand_max"", ""shap"": 0.44856396317481995, ""value"": 1.0, ""model_input"": 1.0}, {""feature"": ""name_semantic_gap"", ""shap"": 0.23615223169326782, ""value"": 0.7781086564064026, ""model_input"": 0.7781086564064026}]}"
VIGNAL SYSTEMS,19 AVENUE DU 24 AOUT 1944,69960,CORBAS,95752556100040,0.9961506128311157,SESALY,19 AVENUE DU 24 AOUT 1944,CORBAS,69960,69273,4,"{""bias"": 1.1616770029067993, ""margin"": 5.5559773445129395, ""prob_from_margin"": 0.9961505853731055, ""top"": [{""feature"": ""name_semantic_max"", ""shap"": 2.016956329345703, ""value"": 0.7769484519958496, ""model_input"": 0.7769484519958496}, {""feature"": ""name_sim_max_pm_dirigeant"", ""shap"": 0.9171335101127625, ""value"": 0.5873015873015873, ""model_input"": 0.5873015873015873}, {""feature"": ""addr_token_overlap"", ""shap"": 0.7927752733230591, ""value"": 1.0, ""model_input"": 1.0}, {""feature"": ""name_token_overlap_max"", ""shap"": 0.5310251712799072, ""value"": 0.3333333333333333, ""model_input"": 0.3333333333333333}, {""feature"": ""street_number_diff"", ""shap"": 0.5210618376731873, ""value"": 0.0, ""model_input"": 0.0}, {""feature"": ""name_sim_max_etab"", ""shap"": -0.2807537317276001, ""value"": 0.5873015873015873, ""model_input"": 0.5873015873015873}, {""feature"": ""token_overlap_ul"", ""shap"": 0.27301061153411865, ""value"": 0.5, ""model_input"": 0.5}, {""feature"": ""addr_jaro"", ""shap"": 0.2393125593662262, ""value"": 1.0, ""model_input"": 1.0}, {""feature"": ""addr_levenshtein"", ""shap"": 0.2149476408958435, ""value"": 1.0, ""model_input"": 1.0}, {""feature"": ""name_addr_consistency"", ""shap"": 0.20611028373241425, ""value"": 0.9081918081918082, ""model_input"": 0.9081918081918082}]}"
VIGNAL SYSTEMS,19 AVENUE DU 24 AOUT 1944,69960,CORBAS,84427763200023,0.9943821430206299,VIGNAL GROUP,19 AVENUE DU 24 AOUT 1944,CORBAS,69960,69273,5,"{""bias"": 1.1616770029067993, ""margin"": 5.176166534423828, ""prob_from_margin"": 0.9943821163332517, ""top"": [{""feature"": ""name_semantic_max"", ""shap"": 2.100283145904541, ""value"": 0.8548558950424194, ""model_input"": 0.8548558950424194}, {""feature"": ""name_sim_max_etab"", ""shap"": -0.8007658123970032, ""value"": 0.8405042016806723, ""model_input"": 0.8405042016806723}, {""feature"": ""addr_token_overlap"", ""shap"": 0.7193233370780945, ""value"": 1.0, ""model_input"": 1.0}, {""feature"": ""name_sim_max_pm_dirigeant"", ""shap"": 0.6045681238174438, ""value"": 0.8405042016806723, ""model_input"": 0.8405042016806723}, {""feature"": ""name_semantic_second"", ""shap"": 0.5967111587524414, ""value"": 0.8418848514556885, ""model_input"": 0.8418848514556885}, {""feature"": ""street_number_diff"", ""shap"": 0.5622826814651489, ""value"": 0.0, ""model_input"": 0.0}, {""feature"": ""name_token_overlap_max"", ""shap"": 0.4412974417209625, ""value"": 0.3333333333333333, ""model_input"": 0.3333333333333333}, {""feature"": ""token_overlap_ul"", ""shap"": 0.24327315390110016, ""value"": 0.5, ""model_input"": 0.5}, {""feature"": ""addr_jaro"", ""shap"": 0.22963127493858337, ""value"": 1.0, ""model_input"": 1.0}, {""feature"": ""addr_levenshtein"", ""shap"": 0.22674593329429626, ""value"": 1.0, ""model_input"": 1.0}]}"
