crm_id,crm_name,crm_address,crm_postcode,crm_city,siret_candidate,score,candidate_name,candidate_addr,candidate_city,candidate_postcode,candidate_insee,candidate_state,candidate_last_treatment_date,rank,shap
121, GE FRUITS,69 Rue Marcel Mérieux,69960,CORBAS,82875878900022,0.9995742440223694,GE FRUITS,69 RUE MARCEL MERIEUX,CORBAS,69960,69273,OUVERT,2025-01-26 02:16:14,1,"{""bias"": 1.1616770029067993, ""margin"": 7.761257171630859, ""prob_from_margin"": 0.9995742605428527, ""top"": [{""feature"": ""name_semantic_max"", ""shap"": 2.3399851322174072, ""value"": 1.000000238418579, ""model_input"": 1.000000238418579}, {""feature"": ""name_token_overlap_max"", ""shap"": 1.0695123672485352, ""value"": 1.0, ""model_input"": 1.0}, {""feature"": ""token_overlap_ul"", ""shap"": 1.0018339157104492, ""value"": 1.0, ""model_input"": 1.0}, {""feature"": ""name_sim_max_etab"", ""shap"": -0.6606513857841492, ""value"": 1.0, ""model_input"": 1.0}, {""feature"": ""addr_token_overlap"", ""shap"": 0.6541638374328613, ""value"": 1.0, ""model_input"": 1.0}, {""feature"": ""name_crm_contains_cand_max"", ""shap"": 0.5980787873268127, ""value"": 1.0, ""model_input"": 1.0}, {""feature"": ""name_semantic_second"", ""shap"": 0.5219297409057617, ""value"": 1.000000238418579, ""model_input"": 1.000000238418579}, {""feature"": ""street_number_diff"", ""shap"": 0.3999868631362915, ""value"": 0.0, ""model_input"": 0.0}, {""feature"": ""name_sim_max_pm_dirigeant"", ""shap"": 0.33740365505218506, ""value"": 0.7333333333333334, ""model_input"": 0.7333333333333334}, {""feature"": ""name_addr_consistency"", ""shap"": 0.3243013024330139, ""value"": 1.0, ""model_input"": 1.0}]}"
121, GE FRUITS,69 Rue Marcel Mérieux,69960,CORBAS,89124205900014,0.9985993504524231,GE FRUITS HOLDING,69 RUE MARCEL MERIEUX,CORBAS,69960,69273,OUVERT,2025-07-17 13:57:38,2,"{""bias"": 1.1616770029067993, ""margin"": 6.569410800933838, ""prob_from_margin"": 0.9985993410041221, ""top"": [{""feature"": ""name_semantic_max"", ""shap"": 2.1637637615203857, ""value"": 0.9232966303825378, ""model_input"": 0.9232966303825378}, {""feature"": ""name_token_overlap_max"", ""shap"": 0.943210780620575, ""value"": 0.6666666666666666, ""model_input"": 0.6666666666666666}, {""feature"": ""name_sim_max_pm_dirigeant"", ""shap"": 0.8979973196983337, ""value"": 0.7333333333333334, ""model_input"": 0.7333333333333334}, {""feature"": ""token_overlap_ul"", ""shap"": 0.8928003907203674, ""value"": 1.0, ""model_input"": 1.0}, {""feature"": ""name_sim_max_etab"", ""shap"": -0.8154717683792114, ""value"": 0.7333333333333334, ""model_input"": 0.7333333333333334}, {""feature"": ""addr_token_overlap"", ""shap"": 0.552282452583313, ""value"": 1.0, ""model_input"": 1.0}, {""feature"": ""street_number_diff"", ""shap"": 0.5259217023849487, ""value"": 0.0, ""model_input"": 0.0}, {""feature"": ""name_addr_consistency"", ""shap"": 0.25342628359794617, ""value"": 0.9058823529411765, ""model_input"": 0.9058823529411765}, {""feature"": ""type_of_max_name"", ""shap"": 0.2010028064250946, ""value"": 7.0, ""model_input"": 7.0}, {""feature"": ""is_siege"", ""shap"": 0.19936656951904297, ""value"": 1.0, ""model_input"": 1.0}]}"
121, GE FRUITS,69 Rue Marcel Mérieux,69960,CORBAS,48170771900029,0.9972410202026367,LUCEN FRUITS,69 RUE MARCEL MERIEUX,CORBAS,69960,69273,OUVERT,2025-01-30 03:02:00,3,"{""bias"": 1.1616770029067993, ""margin"": 5.890117168426514, ""prob_from_margin"": 0.9972409807339859, ""top"": [{""feature"": ""name_semantic_max"", ""shap"": 1.0685420036315918, ""value"": 0.6654540300369263, ""model_input"": 0.6654540300369263}, {""feature"": ""name_sim_max_pm_dirigeant"", ""shap"": 1.0314878225326538, ""value"": 0.5714285714285715, ""model_input"": 0.5714285714285715}, {""feature"": ""token_overlap_ul"", ""shap"": 0.9787212610244751, ""value"": 1.0, ""model_input"": 1.0}, {""feature"": ""addr_token_overlap"", ""shap"": 0.9130941033363342, ""value"": 1.0, ""model_input"": 1.0}, {""feature"": ""street_number_diff"", ""shap"": 0.7021390199661255, ""value"": 0.0, ""model_input"": 0.0}, {""feature"": ""name_token_overlap_max"", ""shap"": 0.5537053942680359, ""value"": 0.3333333333333333, ""model_input"": 0.3333333333333333}, {""feature"": ""type_of_max_name"", ""shap"": 0.2895219624042511, ""value"": 7.0, ""model_input"": 7.0}, {""feature"": ""name_count"", ""shap"": -0.28330981731414795, ""value"": 4.0, ""model_input"": 4.0}, {""feature"": ""addr_jaro"", ""shap"": 0.2691982388496399, ""value"": 1.0, ""model_input"": 1.0}, {""feature"": ""name_sim_max_etab"", ""shap"": -0.23842070996761322, ""value"": 0.5714285714285715, ""model_input"": 0.5714285714285715}]}"
121, GE FRUITS,69 Rue Marcel Mérieux,69960,CORBAS,51112302800017,0.9965544939041138,RHONE FRUITS,69 RUE MARCEL MERIEUX,CORBAS,69960,69273,OUVERT,2025-04-29 11:26:25,4,"{""bias"": 1.1616770029067993, ""margin"": 5.667239665985107, ""prob_from_margin"": 0.9965545167156288, ""top"": [{""feature"": ""name_semantic_max"", ""shap"": 1.4865033626556396, ""value"": 0.6938967704772949, ""model_input"": 0.6938967704772949}, {""feature"": ""addr_token_overlap"", ""shap"": 0.8622733354568481, ""value"": 1.0, ""model_input"": 1.0}, {""feature"": ""name_sim_max_pm_dirigeant"", ""shap"": 0.7844836711883545, ""value"": 0.5962962962962962, ""model_input"": 0.5962962962962962}, {""feature"": ""token_overlap_ul"", ""shap"": 0.7512691020965576, ""value"": 1.0, ""model_input"": 1.0}, {""feature"": ""street_number_diff"", ""shap"": 0.6125655174255371, ""value"": 0.0, ""model_input"": 0.0}, {""feature"": ""name_token_overlap_max"", ""shap"": 0.5059574842453003, ""value"": 0.3333333333333333, ""model_input"": 0.3333333333333333}, {""feature"": ""name_semantic_second"", ""shap"": 0.35421666502952576, ""value"": 0.6918383240699768, ""model_input"": 0.6918383240699768}, {""feature"": ""name_sim_max_etab"", ""shap"": -0.3451915681362152, ""value"": 0.5962962962962962, ""model_input"": 0.5962962962962962}, {""feature"": ""addr_levenshtein"", ""shap"": 0.30259087681770325, ""value"": 1.0, ""model_input"": 1.0}, {""feature"": ""name_semantic_gap"", ""shap"": -0.23351478576660156, ""value"": 0.0020584464073181152, ""model_input"": 0.0020584464073181152}]}"
121, GE FRUITS,69 Rue Marcel Mérieux,69960,CORBAS,53794135300022,0.9961218237876892,FRIENDS FRUITS,69 RUE MARCEL MERIEUX,CORBAS,69960,69273,FERME,2025-01-18 03:19:57,5,"{""bias"": 1.1616770029067993, ""margin"": 5.548504829406738, ""prob_from_margin"": 0.9961218247960303, ""top"": [{""feature"": ""name_semantic_max"", ""shap"": 1.6148955821990967, ""value"": 0.6864078044891357, ""model_input"": 0.6864078044891357}, {""feature"": ""name_sim_max_etab"", ""shap"": 1.2064125537872314, ""value"": 0.0, ""model_input"": 0.0}, {""feature"": ""addr_token_overlap"", ""shap"": 0.8277851939201355, ""value"": 1.0, ""model_input"": 1.0}, {""feature"": ""token_overlap_ul"", ""shap"": 0.7020077705383301, ""value"": 1.0, ""model_input"": 1.0}, {""feature"": ""street_number_diff"", ""shap"": 0.6584898233413696, ""value"": 0.0, ""model_input"": 0.0}, {""feature"": ""name_sim_max_pm_dirigeant"", ""shap"": -0.5041971206665039, ""value"": 0.0, ""model_input"": 0.0}, {""feature"": ""name_token_overlap_max"", ""shap"": 0.45787885785102844, ""value"": 0.3333333333333333, ""model_input"": 0.3333333333333333}, {""feature"": ""addr_levenshtein"", ""shap"": 0.4025580585002899, ""value"": 1.0, ""model_input"": 1.0}, {""feature"": ""name_semantic_second"", ""shap"": -0.33685994148254395, ""value"": 0.0, ""model_input"": 0.0}, {""feature"": ""addr_jaro"", ""shap"": 0.3097866475582123, ""value"": 1.0, ""model_input"": 1.0}]}"
90,05-OISEAU BLANC adapei69,50 RUE NUNGESSER,69150,DECINES CHARPIEU,77564828000037,0.9948561191558838,ADAPEI L OISEAU BLANC,50 RUE NUNGESSER,DECINES-CHARPIEU,69150,69275,OUVERT,2024-03-30 01:36:26,1,"{""bias"": 1.1616770029067993, ""margin"": 5.2648024559021, ""prob_from_margin"": 0.9948561813612359, ""top"": [{""feature"": ""name_semantic_max"", ""shap"": 2.2827084064483643, ""value"": 0.781417965888977, ""model_input"": 0.781417965888977}, {""feature"": ""addr_token_overlap"", ""shap"": 0.8765532970428467, ""value"": 1.0, ""model_input"": 1.0}, {""feature"": ""street_number_diff"", ""shap"": 0.6312204003334045, ""value"": 0.0, ""model_input"": 0.0}, {""feature"": ""name_token_overlap_max"", ""shap"": 0.5932110548019409, ""value"": 0.3333333333333333, ""model_input"": 0.3333333333333333}, {""feature"": ""name_sim_max_etab"", ""shap"": -0.5668730735778809, ""value"": 0.720899470899471, ""model_input"": 0.720899470899471}, {""feature"": ""name_semantic_second"", ""shap"": 0.5258370041847229, ""value"": 0.5840785503387451, ""model_input"": 0.5840785503387451}, {""feature"": ""name_levenshtein_max"", ""shap"": -0.33318856358528137, ""value"": 0.29166666666666663, ""model_input"": 0.29166666666666663}, {""feature"": ""addr_jaro"", ""shap"": 0.30201786756515503, ""value"": 1.0, ""model_input"": 1.0}, {""feature"": ""name_sim_max_pm_dirigeant"", ""shap"": -0.2834715247154236, ""value"": 0.0, ""model_input"": 0.0}, {""feature"": ""token_overlap_ul"", ""shap"": 0.28088757395744324, ""value"": 0.3333333333333333, ""model_input"": 0.3333333333333333}]}"
90,05-OISEAU BLANC adapei69,50 RUE NUNGESSER,69150,DECINES CHARPIEU,21690275900010,0.912124752998352,MAIRIE,PLACE ROGER SALENGRO,DECINES-CHARPIEU,69150,69275,OUVERT,2025-02-15 02:15:08,2,"{""bias"": 1.1616770029067993, ""margin"": 2.339859962463379, ""prob_from_margin"": 0.91212486137599, ""top"": [{""feature"": ""name_semantic_max"", ""shap"": -1.9902771711349487, ""value"": 0.46534356474876404, ""model_input"": 0.46534356474876404}, {""feature"": ""name_city_overlap_max"", ""shap"": 1.7034265995025635, ""value"": 0.5, ""model_input"": 0.5}, {""feature"": ""is_siege"", ""shap"": 0.6339350342750549, ""value"": 1.0, ""model_input"": 1.0}, {""feature"": ""name_sim_max_etab"", ""shap"": 0.4250498414039612, ""value"": 0.4305555555555555, ""model_input"": 0.4305555555555555}, {""feature"": ""name_token_overlap_max"", ""shap"": -0.40671655535697937, ""value"": 0.0, ""model_input"": 0.0}, {""feature"": ""name_sim_max_pm_dirigeant"", ""shap"": -0.3958861231803894, ""value"": 0.0, ""model_input"": 0.0}, {""feature"": ""type_of_max_name"", ""shap"": 0.3790063261985779, ""value"": 7.0, ""model_input"": 7.0}, {""feature"": ""name_levenshtein_max"", ""shap"": -0.3607940077781677, ""value"": 0.2222222222222222, ""model_input"": 0.2222222222222222}, {""feature"": ""name_length_max"", ""shap"": 0.3158901333808899, ""value"": 27.0, ""model_input"": 27.0}, {""feature"": ""name_count"", ""shap"": 0.3111096918582916, ""value"": 2.0, ""model_input"": 2.0}]}"
90,05-OISEAU BLANC adapei69,50 RUE NUNGESSER,69150,DECINES CHARPIEU,77982139600024,0.8924244046211243,RESIDENCE LE MONT BLANC,37 RUE DE L'EGALITE,DECINES-CHARPIEU,69150,69275,FERME,2024-03-30 04:05:45,3,"{""bias"": 1.1616770029067993, ""margin"": 2.1157455444335938, ""prob_from_margin"": 0.8924241692528099, ""top"": [{""feature"": ""name_semantic_max"", ""shap"": -1.4660214185714722, ""value"": 0.5165263414382935, ""model_input"": 0.5165263414382935}, {""feature"": ""name_sim_max_etab"", ""shap"": 1.0145888328552246, ""value"": 0.0, ""model_input"": 0.0}, {""feature"": ""type_of_max_name"", ""shap"": 0.8614197373390198, ""value"": 7.0, ""model_input"": 7.0}, {""feature"": ""token_overlap_ul"", ""shap"": 0.8564528226852417, ""value"": 0.3333333333333333, ""model_input"": 0.3333333333333333}, {""feature"": ""name_addr_consistency"", ""shap"": 0.4905603528022766, ""value"": 0.3436983536740402, ""model_input"": 0.3436983536740402}, {""feature"": ""addr_jaro"", ""shap"": -0.4718610644340515, ""value"": 0.5986842105263158, ""model_input"": 0.5986842105263158}, {""feature"": ""name_sim_max_pm_dirigeant"", ""shap"": -0.38821515440940857, ""value"": 0.0, ""model_input"": 0.0}, {""feature"": ""name_count"", ""shap"": 0.34195050597190857, ""value"": 1.0, ""model_input"": 1.0}, {""feature"": ""street_number_diff"", ""shap"": -0.28842994570732117, ""value"": 13.0, ""model_input"": 13.0}, {""feature"": ""name_semantic_second"", ""shap"": -0.2803308069705963, ""value"": 0.0, ""model_input"": 0.0}]}"
90,05-OISEAU BLANC adapei69,50 RUE NUNGESSER,69150,DECINES CHARPIEU,77564828000557,0.7540343403816223,HALTE DE MONTABERLET,50 RUE NUNGESSER,DECINES-CHARPIEU,69150,69275,FERME,2025-02-17 02:15:20,4,"{""bias"": 1.1616770029067993, ""margin"": 1.1202455759048462, ""prob_from_margin"": 0.7540342654164253, ""top"": [{""feature"": ""addr_token_overlap"", ""shap"": 1.2371068000793457, ""value"": 1.0, ""model_input"": 1.0}, {""feature"": ""street_number_diff"", ""shap"": 0.8021409511566162, ""value"": 0.0, ""model_input"": 0.0}, {""feature"": ""addr_jaro"", ""shap"": 0.5650148987770081, ""value"": 1.0, ""model_input"": 1.0}, {""feature"": ""name_addr_consistency"", ""shap"": -0.5631895065307617, ""value"": 0.5482323232323232, ""model_input"": 0.5482323232323232}, {""feature"": ""name_semantic_second"", ""shap"": -0.512873649597168, ""value"": 0.27238866686820984, ""model_input"": 0.27238866686820984}, {""feature"": ""name_sim_max_pm_dirigeant"", ""shap"": -0.50200355052948, ""value"": 0.0, ""model_input"": 0.0}, {""feature"": ""addr_levenshtein"", ""shap"": 0.4762765169143677, ""value"": 1.0, ""model_input"": 1.0}, {""feature"": ""name_token_overlap_max"", ""shap"": -0.4245055019855499, ""value"": 0.0, ""model_input"": 0.0}, {""feature"": ""name_sim_max_etab"", ""shap"": -0.40935930609703064, ""value"": 0.5482323232323232, ""model_input"": 0.5482323232323232}, {""feature"": ""token_overlap_ul"", ""shap"": 0.38226503133773804, ""value"": 0.3333333333333333, ""model_input"": 0.3333333333333333}]}"
90,05-OISEAU BLANC adapei69,50 RUE NUNGESSER,69150,DECINES CHARPIEU,91812179900012,0.6245798468589783,CHAMP BLANC,21 RUE PAUL ET MARC BARBEZAT,DECINES-CHARPIEU,69150,69275,OUVERT,2025-01-30 02:06:53,5,"{""bias"": 1.1616770029067993, ""margin"": 0.5090327262878418, ""prob_from_margin"": 0.6245796955708034, ""top"": [{""feature"": ""name_semantic_max"", ""shap"": -1.7318408489227295, ""value"": 0.5104153752326965, ""model_input"": 0.5104153752326965}, {""feature"": ""name_sim_max_pm_dirigeant"", ""shap"": 0.7340475916862488, ""value"": 0.4861111111111111, ""model_input"": 0.4861111111111111}, {""feature"": ""type_of_max_name"", ""shap"": 0.684005618095398, ""value"": 7.0, ""model_input"": 7.0}, {""feature"": ""token_overlap_ul"", ""shap"": 0.6272191405296326, ""value"": 0.3333333333333333, ""model_input"": 0.3333333333333333}, {""feature"": ""street_number_diff"", ""shap"": -0.590002179145813, ""value"": 29.0, ""model_input"": 29.0}, {""feature"": ""name_addr_consistency"", ""shap"": 0.44915297627449036, ""value"": 0.35164290533834175, ""model_input"": 0.35164290533834175}, {""feature"": ""name_semantic_second"", ""shap"": -0.4152553379535675, ""value"": 0.24430117011070251, ""model_input"": 0.24430117011070251}, {""feature"": ""addr_token_overlap"", ""shap"": -0.38935714960098267, ""value"": 0.125, ""model_input"": 0.125}, {""feature"": ""name_sim_max_etab"", ""shap"": 0.37156814336776733, ""value"": 0.4861111111111111, ""model_input"": 0.4861111111111111}, {""feature"": ""name_count"", ""shap"": 0.3402179777622223, ""value"": 2.0, ""model_input"": 2.0}]}"
91,10-GRAND  LARGE ADAPEI69, 216 Rue Marino Simonetti,69150,DECINES CHARPIEU,77564828000300,0.9931735396385193,FOYER LE GRAND LARGE,216 RUE MARINO SIMONETTI,DECINES-CHARPIEU,69150,69275,OUVERT,2025-02-18 02:10:10,1,"{""bias"": 1.1616770029067993, ""margin"": 4.980093479156494, ""prob_from_margin"": 0.9931735013861832, ""top"": [{""feature"": ""name_semantic_max"", ""shap"": 2.3489792346954346, ""value"": 0.854427695274353, ""model_input"": 0.854427695274353}, {""feature"": ""addr_token_overlap"", ""shap"": 0.836885929107666, ""value"": 1.0, ""model_input"": 1.0}, {""feature"": ""name_semantic_second"", ""shap"": 0.6622141003608704, ""value"": 0.6109691858291626, ""model_input"": 0.6109691858291626}, {""feature"": ""street_number_diff"", ""shap"": 0.6613792777061462, ""value"": 0.0, ""model_input"": 0.0}, {""feature"": ""name_token_overlap_max"", ""shap"": 0.5533755421638489, ""value"": 0.3333333333333333, ""model_input"": 0.3333333333333333}, {""feature"": ""name_sim_max_etab"", ""shap"": -0.542193591594696, ""value"": 0.6267080745341614, ""model_input"": 0.6267080745341614}, {""feature"": ""name_addr_consistency"", ""shap"": -0.3554825782775879, ""value"": 0.6267080745341614, ""model_input"": 0.6267080745341614}, {""feature"": ""name_sim_max_pm_dirigeant"", ""shap"": -0.3185243010520935, ""value"": 0.0, ""model_input"": 0.0}, {""feature"": ""addr_jaro"", ""shap"": 0.30138373374938965, ""value"": 1.0, ""model_input"": 1.0}, {""feature"": ""addr_levenshtein"", ""shap"": 0.2522449791431427, ""value"": 1.0, ""model_input"": 1.0}]}"
91,10-GRAND  LARGE ADAPEI69, 216 Rue Marino Simonetti,69150,DECINES CHARPIEU,88915823400019,0.9793810248374939,IMMERSION GRAND LARGE,44 RUE DE LA REPUBLIQUE,DECINES-CHARPIEU,69150,69275,OUVERT,2025-01-20 02:36:58,2,"{""bias"": 1.1616770029067993, ""margin"": 3.8607072830200195, ""prob_from_margin"": 0.9793809903953953, ""top"": [{""feature"": ""name_semantic_max"", ""shap"": 1.077526569366455, ""value"": 0.6577016115188599, ""model_input"": 0.6577016115188599}, {""feature"": ""token_overlap_ul"", ""shap"": 1.0769317150115967, ""value"": 0.6666666666666666, ""model_input"": 0.6666666666666666}, {""feature"": ""name_sim_max_etab"", ""shap"": 1.0275330543518066, ""value"": 0.0, ""model_input"": 0.0}, {""feature"": ""name_token_overlap_max"", ""shap"": 0.7730883359909058, ""value"": 0.4, ""model_input"": 0.4}, {""feature"": ""type_of_max_name"", ""shap"": 0.5369524955749512, ""value"": 7.0, ""model_input"": 7.0}, {""feature"": ""street_number_diff"", ""shap"": -0.3977234959602356, ""value"": 172.0, ""model_input"": 172.0}, {""feature"": ""name_semantic_second"", ""shap"": -0.388773113489151, ""value"": 0.0, ""model_input"": 0.0}, {""feature"": ""addr_token_overlap"", ""shap"": -0.3764194846153259, ""value"": 0.125, ""model_input"": 0.125}, {""feature"": ""name_sim_max_pm_dirigeant"", ""shap"": -0.37108585238456726, ""value"": 0.0, ""model_input"": 0.0}, {""feature"": ""addr_levenshtein"", ""shap"": -0.3167845606803894, ""value"": 0.20833333333333337, ""model_input"": 0.20833333333333337}]}"
91,10-GRAND  LARGE ADAPEI69, 216 Rue Marino Simonetti,69150,DECINES CHARPIEU,32208463300013,0.9757404923439026,ASS DEFENSE GRAND LARGE ET ENVIRONNEMENT,1 RUE PAUL LANGEVIN,DECINES-CHARPIEU,69150,69275,FERME,2024-03-30 02:27:00,3,"{""bias"": 1.1616770029067993, ""margin"": 3.694390296936035, ""prob_from_margin"": 0.9757405454545999, ""top"": [{""feature"": ""name_sim_max_etab"", ""shap"": 1.1123024225234985, ""value"": 0.0, ""model_input"": 0.0}, {""feature"": ""token_overlap_ul"", ""shap"": 1.0688254833221436, ""value"": 0.6666666666666666, ""model_input"": 0.6666666666666666}, {""feature"": ""type_of_max_name"", ""shap"": 0.8437924981117249, ""value"": 7.0, ""model_input"": 7.0}, {""feature"": ""street_number_diff"", ""shap"": -0.7118703722953796, ""value"": 215.0, ""model_input"": 215.0}, {""feature"": ""name_semantic_max"", ""shap"": 0.5715124607086182, ""value"": 0.6140559911727905, ""model_input"": 0.6140559911727905}, {""feature"": ""name_jaro_gap"", ""shap"": 0.4414091408252716, ""value"": 0.5841219096334186, ""model_input"": 0.5841219096334186}, {""feature"": ""name_sim_max_pm_dirigeant"", ""shap"": -0.38482555747032166, ""value"": 0.0, ""model_input"": 0.0}, {""feature"": ""addr_levenshtein"", ""shap"": -0.34243279695510864, ""value"": 0.375, ""model_input"": 0.375}, {""feature"": ""name_semantic_second"", ""shap"": -0.2901194095611572, ""value"": 0.0, ""model_input"": 0.0}, {""feature"": ""addr_token_overlap"", ""shap"": -0.25841590762138367, ""value"": 0.14285714285714285, ""model_input"": 0.14285714285714285}]}"
91,10-GRAND  LARGE ADAPEI69, 216 Rue Marino Simonetti,69150,DECINES CHARPIEU,94962465400016,0.9612780213356018,DECINES GRAND LARGE IMMOBILIER,14 RUE DE LA FRATERNITE,DECINES-CHARPIEU,69150,69275,OUVERT,2025-01-17 02:53:10,4,"{""bias"": 1.1616770029067993, ""margin"": 3.2118563652038574, ""prob_from_margin"": 0.9612780234515974, ""top"": [{""feature"": ""token_overlap_ul"", ""shap"": 1.0204745531082153, ""value"": 0.6666666666666666, ""model_input"": 0.6666666666666666}, {""feature"": ""name_sim_max_pm_dirigeant"", ""shap"": 0.8952392339706421, ""value"": 0.5449275362318841, ""model_input"": 0.5449275362318841}, {""feature"": ""street_number_diff"", ""shap"": -0.7482185363769531, ""value"": 202.0, ""model_input"": 202.0}, {""feature"": ""name_token_overlap_max"", ""shap"": 0.7414532899856567, ""value"": 0.3333333333333333, ""model_input"": 0.3333333333333333}, {""feature"": ""addr_token_overlap"", ""shap"": -0.5990889668464661, ""value"": 0.125, ""model_input"": 0.125}, {""feature"": ""type_of_max_name"", ""shap"": 0.5741987228393555, ""value"": 7.0, ""model_input"": 7.0}, {""feature"": ""is_siege"", ""shap"": 0.46906617283821106, ""value"": 1.0, ""model_input"": 1.0}, {""feature"": ""name_city_overlap_max"", ""shap"": 0.4053865969181061, ""value"": 0.2, ""model_input"": 0.2}, {""feature"": ""name_semantic_max"", ""shap"": 0.3532088100910187, ""value"": 0.6010009050369263, ""model_input"": 0.6010009050369263}, {""feature"": ""name_levenshtein_max"", ""shap"": -0.23791709542274475, ""value"": 0.4666666666666667, ""model_input"": 0.4666666666666667}]}"
91,10-GRAND  LARGE ADAPEI69, 216 Rue Marino Simonetti,69150,DECINES CHARPIEU,96950931400015,0.9581406116485596,SOCIETE IMMOBILIERE DU GRAND LARGE,2 AVENUE LEON BLUM,DECINES-CHARPIEU,69150,69275,FERME,2024-03-30 08:08:59,5,"{""bias"": 1.1616770029067993, ""margin"": 3.13067626953125, ""prob_from_margin"": 0.9581405246649892, ""top"": [{""feature"": ""token_overlap_ul"", ""shap"": 1.1829631328582764, ""value"": 0.6666666666666666, ""model_input"": 0.6666666666666666}, {""feature"": ""name_sim_max_etab"", ""shap"": 0.9623222947120667, ""value"": 0.0, ""model_input"": 0.0}, {""feature"": ""type_of_max_name"", ""shap"": 0.7036151885986328, ""value"": 7.0, ""model_input"": 7.0}, {""feature"": ""street_number_diff"", ""shap"": -0.6295619010925293, ""value"": 214.0, ""model_input"": 214.0}, {""feature"": ""name_token_overlap_max"", ""shap"": 0.551777720451355, ""value"": 0.2857142857142857, ""model_input"": 0.2857142857142857}, {""feature"": ""addr_token_overlap"", ""shap"": -0.453350305557251, ""value"": 0.0, ""model_input"": 0.0}, {""feature"": ""name_sim_max_pm_dirigeant"", ""shap"": -0.41064387559890747, ""value"": 0.0, ""model_input"": 0.0}, {""feature"": ""name_semantic_max"", ""shap"": -0.4010975658893585, ""value"": 0.5772238373756409, ""model_input"": 0.5772238373756409}, {""feature"": ""name_addr_consistency"", ""shap"": 0.3288929760456085, ""value"": 0.32427367082098535, ""model_input"": 0.32427367082098535}, {""feature"": ""name_length_max"", ""shap"": 0.2974812686443329, ""value"": 34.0, ""model_input"": 34.0}]}"
34,ADEL,29 Boulevard Charles de Gaulle,69150,DECINES-CHARPIEU,95650716400021,0.9995046854019165,ADEL,29 BOULEVARD CHARLES DE GAULLE,DECINES-CHARPIEU,69150,69275,OUVERT,2025-02-15 02:12:15,1,"{""bias"": 1.1616770029067993, ""margin"": 7.6098856925964355, ""prob_from_margin"": 0.9995047169290601, ""top"": [{""feature"": ""name_semantic_max"", ""shap"": 2.1643693447113037, ""value"": 1.0, ""model_input"": 1.0}, {""feature"": ""token_overlap_ul"", ""shap"": 0.9703581929206848, ""value"": 1.0, ""model_input"": 1.0}, {""feature"": ""name_token_overlap_max"", ""shap"": 0.94362473487854, ""value"": 1.0, ""model_input"": 1.0}, {""feature"": ""name_sim_max_etab"", ""shap"": -0.7261877655982971, ""value"": 0.9142857142857143, ""model_input"": 0.9142857142857143}, {""feature"": ""addr_token_overlap"", ""shap"": 0.579969584941864, ""value"": 1.0, ""model_input"": 1.0}, {""feature"": ""name_sim_max_pm_dirigeant"", ""shap"": 0.508609414100647, ""value"": 0.9142857142857143, ""model_input"": 0.9142857142857143}, {""feature"": ""street_number_diff"", ""shap"": 0.3990716338157654, ""value"": 0.0, ""model_input"": 0.0}, {""feature"": ""name_crm_contains_cand_max"", ""shap"": 0.3877553641796112, ""value"": 1.0, ""model_input"": 1.0}, {""feature"": ""name_sim_max_ul"", ""shap"": 0.30390945076942444, ""value"": 1.0, ""model_input"": 1.0}, {""feature"": ""name_semantic_second"", ""shap"": 0.2874096930027008, ""value"": 0.7882568836212158, ""model_input"": 0.7882568836212158}]}"
34,ADEL,29 Boulevard Charles de Gaulle,69150,DECINES-CHARPIEU,95650716400039,0.9992324113845825,ADEL,29 BOULEVARD CHARLES DE GAULLE,DECINES-CHARPIEU,69150,69275,FERME,2024-03-30 12:38:57,2,"{""bias"": 1.1616770029067993, ""margin"": 7.171467304229736, ""prob_from_margin"": 0.9992323949416659, ""top"": [{""feature"": ""name_semantic_max"", ""shap"": 2.0988712310791016, ""value"": 1.0, ""model_input"": 1.0}, {""feature"": ""name_token_overlap_max"", ""shap"": 0.8759083151817322, ""value"": 1.0, ""model_input"": 1.0}, {""feature"": ""token_overlap_ul"", ""shap"": 0.8388894200325012, ""value"": 1.0, ""model_input"": 1.0}, {""feature"": ""addr_token_overlap"", ""shap"": 0.7627384662628174, ""value"": 1.0, ""model_input"": 1.0}, {""feature"": ""name_sim_max_etab"", ""shap"": -0.6853535175323486, ""value"": 0.9142857142857143, ""model_input"": 0.9142857142857143}, {""feature"": ""name_sim_max_pm_dirigeant"", ""shap"": 0.6198633313179016, ""value"": 0.9142857142857143, ""model_input"": 0.9142857142857143}, {""feature"": ""name_crm_contains_cand_max"", ""shap"": 0.41569003462791443, ""value"": 1.0, ""model_input"": 1.0}, {""feature"": ""street_number_diff"", ""shap"": 0.3613060414791107, ""value"": 0.0, ""model_input"": 0.0}, {""feature"": ""is_siege"", ""shap"": -0.3455665111541748, ""value"": 0.0, ""model_input"": 0.0}, {""feature"": ""name_addr_consistency"", ""shap"": 0.2729946970939636, ""value"": 1.0, ""model_input"": 1.0}]}"
34,ADEL,29 Boulevard Charles de Gaulle,69150,DECINES-CHARPIEU,84214049300011,0.9990147352218628,ADEL ZZ,29 BOULEVARD CHARLES DE GAULLE,DECINES-CHARPIEU,69150,69275,OUVERT,2025-02-14 02:18:16,3,"{""bias"": 1.1616770029067993, ""margin"": 6.921647548675537, ""prob_from_margin"": 0.99901476785709, ""top"": [{""feature"": ""name_semantic_max"", ""shap"": 2.047520160675049, ""value"": 0.7882568836212158, ""model_input"": 0.7882568836212158}, {""feature"": ""name_token_overlap_max"", ""shap"": 0.8533915877342224, ""value"": 0.5, ""model_input"": 0.5}, {""feature"": ""token_overlap_ul"", ""shap"": 0.8168590068817139, ""value"": 1.0, ""model_input"": 1.0}, {""feature"": ""addr_token_overlap"", ""shap"": 0.54045569896698, ""value"": 1.0, ""model_input"": 1.0}, {""feature"": ""street_number_diff"", ""shap"": 0.52400141954422, ""value"": 0.0, ""model_input"": 0.0}, {""feature"": ""name_sim_max_pm_dirigeant"", ""shap"": 0.49606916308403015, ""value"": 0.4583333333333333, ""model_input"": 0.4583333333333333}, {""feature"": ""name_semantic_second"", ""shap"": -0.2915518283843994, ""value"": 0.2627589702606201, ""model_input"": 0.2627589702606201}, {""feature"": ""name_addr_consistency"", ""shap"": 0.2760496437549591, ""value"": 0.9142857142857143, ""model_input"": 0.9142857142857143}, {""feature"": ""addr_jaro"", ""shap"": 0.2257704734802246, ""value"": 1.0, ""model_input"": 1.0}, {""feature"": ""name_length_max"", ""shap"": -0.18976497650146484, ""value"": 7.0, ""model_input"": 7.0}]}"
34,ADEL,29 Boulevard Charles de Gaulle,69150,DECINES-CHARPIEU,37967522600011,0.9976781010627747,GROUPE ADEL,29 BD CHARLES DE GAULLE,DECINES-CHARPIEU,69150,69275,FERME,2025-02-07 02:07:46,4,"{""bias"": 1.1616770029067993, ""margin"": 6.063040256500244, ""prob_from_margin"": 0.9976780893285933, ""top"": [{""feature"": ""name_semantic_max"", ""shap"": 2.307035446166992, ""value"": 0.9588658213615417, ""model_input"": 0.9588658213615417}, {""feature"": ""name_token_overlap_max"", ""shap"": 0.8724719882011414, ""value"": 0.5, ""model_input"": 0.5}, {""feature"": ""token_overlap_ul"", ""shap"": 0.8270148038864136, ""value"": 1.0, ""model_input"": 1.0}, {""feature"": ""name_sim_max_etab"", ""shap"": -0.7126545906066895, ""value"": 0.9142857142857143, ""model_input"": 0.9142857142857143}, {""feature"": ""name_semantic_second"", ""shap"": 0.6847191452980042, ""value"": 0.7882568836212158, ""model_input"": 0.7882568836212158}, {""feature"": ""addr_token_overlap"", ""shap"": 0.4916844666004181, ""value"": 0.6666666666666666, ""model_input"": 0.6666666666666666}, {""feature"": ""street_number_diff"", ""shap"": 0.4517442584037781, ""value"": 0.0, ""model_input"": 0.0}, {""feature"": ""name_sim_max_ul"", ""shap"": -0.43525490164756775, ""value"": 0.44696969696969696, ""model_input"": 0.44696969696969696}, {""feature"": ""street_name_jaro"", ""shap"": 0.26670777797698975, ""value"": 0.7356950067476382, ""model_input"": 0.7356950067476382}, {""feature"": ""name_length_max"", ""shap"": -0.23302066326141357, ""value"": 7.0, ""model_input"": 7.0}]}"
34,ADEL,29 Boulevard Charles de Gaulle,69150,DECINES-CHARPIEU,88389178000016,0.9960094690322876,ADELCOBO,29 BOULEVARD CHARLES DE GAULLE,DECINES-CHARPIEU,69150,69275,OUVERT,2025-01-16 02:37:25,5,"{""bias"": 1.1616770029067993, ""margin"": 5.51983642578125, ""prob_from_margin"": 0.9960094847631301, ""top"": [{""feature"": ""name_semantic_max"", ""shap"": 1.7663108110427856, ""value"": 0.7882568836212158, ""model_input"": 0.7882568836212158}, {""feature"": ""token_overlap_ul"", ""shap"": 0.9261534214019775, ""value"": 1.0, ""model_input"": 1.0}, {""feature"": ""name_token_overlap_max"", ""shap"": 0.7617761492729187, ""value"": 0.5, ""model_input"": 0.5}, {""feature"": ""name_sim_max_etab"", ""shap"": -0.6701613664627075, ""value"": 0.9142857142857143, ""model_input"": 0.9142857142857143}, {""feature"": ""addr_token_overlap"", ""shap"": 0.63605135679245, ""value"": 1.0, ""model_input"": 1.0}, {""feature"": ""name_semantic_second"", ""shap"": 0.5022711753845215, ""value"": 0.7774975895881653, ""model_input"": 0.7774975895881653}, {""feature"": ""street_number_diff"", ""shap"": 0.45883363485336304, ""value"": 0.0, ""model_input"": 0.0}, {""feature"": ""name_sim_max_pm_dirigeant"", ""shap"": 0.39268559217453003, ""value"": 0.9142857142857143, ""model_input"": 0.9142857142857143}, {""feature"": ""addr_jaro"", ""shap"": 0.1941150575876236, ""value"": 1.0, ""model_input"": 1.0}, {""feature"": ""addr_levenshtein"", ""shap"": 0.19227094948291779, ""value"": 1.0, ""model_input"": 1.0}]}"
17,AGE CORBAS,4 rue du Mont Blanc,69960,CORBAS,93007181600019,0.9805731177330017,SLAY,4 RUE DU MONT BLANC,CORBAS,69960,69273,OUVERT,2025-06-15 02:06:18,1,"{""bias"": 1.1616770029067993, ""margin"": 3.921478748321533, ""prob_from_margin"": 0.9805731048620646, ""top"": [{""feature"": ""name_semantic_max"", ""shap"": -2.2750351428985596, ""value"": 0.3162185251712799, ""model_input"": 0.3162185251712799}, {""feature"": ""addr_token_overlap"", ""shap"": 1.234361171722412, ""value"": 1.0, ""model_input"": 1.0}, {""feature"": ""name_addr_consistency"", ""shap"": 1.204067349433899, ""value"": 0.0, ""model_input"": 0.0}, {""feature"": ""street_number_diff"", ""shap"": 0.977488100528717, ""value"": 0.0, ""model_input"": 0.0}, {""feature"": ""addr_jaro"", ""shap"": 0.9034847021102905, ""value"": 1.0, ""model_input"": 1.0}, {""feature"": ""name_sim_max_etab"", ""shap"": 0.8782994151115417, ""value"": 0.0, ""model_input"": 0.0}, {""feature"": ""name_jaro_max"", ""shap"": 0.5223250985145569, ""value"": 0.0, ""model_input"": 0.0}, {""feature"": ""addr_levenshtein"", ""shap"": 0.4815126061439514, ""value"": 1.0, ""model_input"": 1.0}, {""feature"": ""name_sim_max_ul"", ""shap"": -0.422918438911438, ""value"": 0.0, ""model_input"": 0.0}, {""feature"": ""name_token_overlap_max"", ""shap"": -0.2833910286426544, ""value"": 0.0, ""model_input"": 0.0}]}"
129,AGE CORBAS,4 rue du Mont Blanc,69960,CORBAS,93007181600019,0.9805731177330017,SLAY,4 RUE DU MONT BLANC,CORBAS,69960,69273,OUVERT,2025-06-15 02:06:18,1,"{""bias"": 1.1616770029067993, ""margin"": 3.921478748321533, ""prob_from_margin"": 0.9805731048620646, ""top"": [{""feature"": ""name_semantic_max"", ""shap"": -2.2750351428985596, ""value"": 0.3162185251712799, ""model_input"": 0.3162185251712799}, {""feature"": ""addr_token_overlap"", ""shap"": 1.234361171722412, ""value"": 1.0, ""model_input"": 1.0}, {""feature"": ""name_addr_consistency"", ""shap"": 1.204067349433899, ""value"": 0.0, ""model_input"": 0.0}, {""feature"": ""street_number_diff"", ""shap"": 0.977488100528717, ""value"": 0.0, ""model_input"": 0.0}, {""feature"": ""addr_jaro"", ""shap"": 0.9034847021102905, ""value"": 1.0, ""model_input"": 1.0}, {""feature"": ""name_sim_max_etab"", ""shap"": 0.8782994151115417, ""value"": 0.0, ""model_input"": 0.0}, {""feature"": ""name_jaro_max"", ""shap"": 0.5223250985145569, ""value"": 0.0, ""model_input"": 0.0}, {""feature"": ""addr_levenshtein"", ""shap"": 0.4815126061439514, ""value"": 1.0, ""model_input"": 1.0}, {""feature"": ""name_sim_max_ul"", ""shap"": -0.422918438911438, ""value"": 0.0, ""model_input"": 0.0}, {""feature"": ""name_token_overlap_max"", ""shap"": -0.2833910286426544, ""value"": 0.0, ""model_input"": 0.0}]}"
17,AGE CORBAS,4 rue du Mont Blanc,69960,CORBAS,89899019700029,0.9782494306564331,MOTORCUSTOMS,4 RUE DU MONT BLANC,CORBAS,69960,69273,OUVERT,2025-01-24 02:07:40,2,"{""bias"": 1.1616770029067993, ""margin"": 3.806124687194824, ""prob_from_margin"": 0.9782494294226454, ""top"": [{""feature"": ""name_semantic_max"", ""shap"": -2.7675580978393555, ""value"": 0.15525594353675842, ""model_input"": 0.15525594353675842}, {""feature"": ""addr_token_overlap"", ""shap"": 1.532578706741333, ""value"": 1.0, ""model_input"": 1.0}, {""feature"": ""name_addr_consistency"", ""shap"": 1.2602516412734985, ""value"": 0.0, ""model_input"": 0.0}, {""feature"": ""street_number_diff"", ""shap"": 1.0834332704544067, ""value"": 0.0, ""model_input"": 0.0}, {""feature"": ""addr_jaro"", ""shap"": 1.0484235286712646, ""value"": 1.0, ""model_input"": 1.0}, {""feature"": ""name_sim_max_etab"", ""shap"": 0.9207705855369568, ""value"": 0.0, ""model_input"": 0.0}, {""feature"": ""addr_levenshtein"", ""shap"": 0.8947238326072693, ""value"": 1.0, ""model_input"": 1.0}, {""feature"": ""name_jaro_max"", ""shap"": 0.5766733884811401, ""value"": 0.0, ""model_input"": 0.0}, {""feature"": ""name_sim_max_ul"", ""shap"": -0.4841136932373047, ""value"": 0.0, ""model_input"": 0.0}, {""feature"": ""name_length_max"", ""shap"": -0.4543323814868927, ""value"": 12.0, ""model_input"": 12.0}]}"
129,AGE CORBAS,4 rue du Mont Blanc,69960,CORBAS,89899019700029,0.9782494306564331,MOTORCUSTOMS,4 RUE DU MONT BLANC,CORBAS,69960,69273,OUVERT,2025-01-24 02:07:40,2,"{""bias"": 1.1616770029067993, ""margin"": 3.806124687194824, ""prob_from_margin"": 0.9782494294226454, ""top"": [{""feature"": ""name_semantic_max"", ""shap"": -2.7675580978393555, ""value"": 0.15525594353675842, ""model_input"": 0.15525594353675842}, {""feature"": ""addr_token_overlap"", ""shap"": 1.532578706741333, ""value"": 1.0, ""model_input"": 1.0}, {""feature"": ""name_addr_consistency"", ""shap"": 1.2602516412734985, ""value"": 0.0, ""model_input"": 0.0}, {""feature"": ""street_number_diff"", ""shap"": 1.0834332704544067, ""value"": 0.0, ""model_input"": 0.0}, {""feature"": ""addr_jaro"", ""shap"": 1.0484235286712646, ""value"": 1.0, ""model_input"": 1.0}, {""feature"": ""name_sim_max_etab"", ""shap"": 0.9207705855369568, ""value"": 0.0, ""model_input"": 0.0}, {""feature"": ""addr_levenshtein"", ""shap"": 0.8947238326072693, ""value"": 1.0, ""model_input"": 1.0}, {""feature"": ""name_jaro_max"", ""shap"": 0.5766733884811401, ""value"": 0.0, ""model_input"": 0.0}, {""feature"": ""name_sim_max_ul"", ""shap"": -0.4841136932373047, ""value"": 0.0, ""model_input"": 0.0}, {""feature"": ""name_length_max"", ""shap"": -0.4543323814868927, ""value"": 12.0, ""model_input"": 12.0}]}"
17,AGE CORBAS,4 rue du Mont Blanc,69960,CORBAS,92437886200115,0.9729483723640442,MC2A,4 RUE DU MONT BLANC,CORBAS,69960,69273,OUVERT,2024-12-21 05:27:54,3,"{""bias"": 1.1616770029067993, ""margin"": 3.5825839042663574, ""prob_from_margin"": 0.9729483739068633, ""top"": [{""feature"": ""name_semantic_max"", ""shap"": -3.0218939781188965, ""value"": 0.2880905866622925, ""model_input"": 0.2880905866622925}, {""feature"": ""addr_token_overlap"", ""shap"": 1.2253739833831787, ""value"": 1.0, ""model_input"": 1.0}, {""feature"": ""name_addr_consistency"", ""shap"": 1.1654490232467651, ""value"": 0.0, ""model_input"": 0.0}, {""feature"": ""street_number_diff"", ""shap"": 1.060639500617981, ""value"": 0.0, ""model_input"": 0.0}, {""feature"": ""addr_jaro"", ""shap"": 0.998308539390564, ""value"": 1.0, ""model_input"": 1.0}, {""feature"": ""name_sim_max_etab"", ""shap"": 0.8803635239601135, ""value"": 0.0, ""model_input"": 0.0}, {""feature"": ""addr_levenshtein"", ""shap"": 0.6084602475166321, ""value"": 1.0, ""model_input"": 1.0}, {""feature"": ""name_jaro_max"", ""shap"": 0.5092438459396362, ""value"": 0.0, ""model_input"": 0.0}, {""feature"": ""name_sim_max_ul"", ""shap"": -0.3998606204986572, ""value"": 0.0, ""model_input"": 0.0}, {""feature"": ""name_token_overlap_max"", ""shap"": -0.29845017194747925, ""value"": 0.0, ""model_input"": 0.0}]}"
129,AGE CORBAS,4 rue du Mont Blanc,69960,CORBAS,92437886200115,0.9729483723640442,MC2A,4 RUE DU MONT BLANC,CORBAS,69960,69273,OUVERT,2024-12-21 05:27:54,3,"{""bias"": 1.1616770029067993, ""margin"": 3.5825839042663574, ""prob_from_margin"": 0.9729483739068633, ""top"": [{""feature"": ""name_semantic_max"", ""shap"": -3.0218939781188965, ""value"": 0.2880905866622925, ""model_input"": 0.2880905866622925}, {""feature"": ""addr_token_overlap"", ""shap"": 1.2253739833831787, ""value"": 1.0, ""model_input"": 1.0}, {""feature"": ""name_addr_consistency"", ""shap"": 1.1654490232467651, ""value"": 0.0, ""model_input"": 0.0}, {""feature"": ""street_number_diff"", ""shap"": 1.060639500617981, ""value"": 0.0, ""model_input"": 0.0}, {""feature"": ""addr_jaro"", ""shap"": 0.998308539390564, ""value"": 1.0, ""model_input"": 1.0}, {""feature"": ""name_sim_max_etab"", ""shap"": 0.8803635239601135, ""value"": 0.0, ""model_input"": 0.0}, {""feature"": ""addr_levenshtein"", ""shap"": 0.6084602475166321, ""value"": 1.0, ""model_input"": 1.0}, {""feature"": ""name_jaro_max"", ""shap"": 0.5092438459396362, ""value"": 0.0, ""model_input"": 0.0}, {""feature"": ""name_sim_max_ul"", ""shap"": -0.3998606204986572, ""value"": 0.0, ""model_input"": 0.0}, {""feature"": ""name_token_overlap_max"", ""shap"": -0.29845017194747925, ""value"": 0.0, ""model_input"": 0.0}]}"
17,AGE CORBAS,4 rue du Mont Blanc,69960,CORBAS,77984304400503,0.9582021832466125,AGEMETRA,4 RUE DU MONT BLANC,CORBAS,69960,69273,FERME,2025-02-03 15:32:17,4,"{""bias"": 1.1616770029067993, ""margin"": 3.132215976715088, ""prob_from_margin"": 0.958202234558322, ""top"": [{""feature"": ""addr_token_overlap"", ""shap"": 1.3324284553527832, ""value"": 1.0, ""model_input"": 1.0}, {""feature"": ""street_number_diff"", ""shap"": 1.1972053050994873, ""value"": 0.0, ""model_input"": 0.0}, {""feature"": ""name_semantic_max"", ""shap"": -1.0022813081741333, ""value"": 0.5278944969177246, ""model_input"": 0.5278944969177246}, {""feature"": ""name_sim_max_etab"", ""shap"": 0.6208832859992981, ""value"": 0.0, ""model_input"": 0.0}, {""feature"": ""addr_jaro"", ""shap"": 0.5052070617675781, ""value"": 1.0, ""model_input"": 1.0}, {""feature"": ""addr_levenshtein"", ""shap"": 0.5048619508743286, ""value"": 1.0, ""model_input"": 1.0}, {""feature"": ""name_sim_max_pm_dirigeant"", ""shap"": -0.47551822662353516, ""value"": 0.0, ""model_input"": 0.0}, {""feature"": ""name_token_overlap_max"", ""shap"": -0.438356876373291, ""value"": 0.0, ""model_input"": 0.0}, {""feature"": ""type_of_max_name"", ""shap"": 0.41528743505477905, ""value"": 5.0, ""model_input"": 5.0}, {""feature"": ""name_length_max"", ""shap"": -0.28533217310905457, ""value"": 8.0, ""model_input"": 8.0}]}"
129,AGE CORBAS,4 rue du Mont Blanc,69960,CORBAS,77984304400503,0.9582021832466125,AGEMETRA,4 RUE DU MONT BLANC,CORBAS,69960,69273,FERME,2025-02-03 15:32:17,4,"{""bias"": 1.1616770029067993, ""margin"": 3.132215976715088, ""prob_from_margin"": 0.958202234558322, ""top"": [{""feature"": ""addr_token_overlap"", ""shap"": 1.3324284553527832, ""value"": 1.0, ""model_input"": 1.0}, {""feature"": ""street_number_diff"", ""shap"": 1.1972053050994873, ""value"": 0.0, ""model_input"": 0.0}, {""feature"": ""name_semantic_max"", ""shap"": -1.0022813081741333, ""value"": 0.5278944969177246, ""model_input"": 0.5278944969177246}, {""feature"": ""name_sim_max_etab"", ""shap"": 0.6208832859992981, ""value"": 0.0, ""model_input"": 0.0}, {""feature"": ""addr_jaro"", ""shap"": 0.5052070617675781, ""value"": 1.0, ""model_input"": 1.0}, {""feature"": ""addr_levenshtein"", ""shap"": 0.5048619508743286, ""value"": 1.0, ""model_input"": 1.0}, {""feature"": ""name_sim_max_pm_dirigeant"", ""shap"": -0.47551822662353516, ""value"": 0.0, ""model_input"": 0.0}, {""feature"": ""name_token_overlap_max"", ""shap"": -0.438356876373291, ""value"": 0.0, ""model_input"": 0.0}, {""feature"": ""type_of_max_name"", ""shap"": 0.41528743505477905, ""value"": 5.0, ""model_input"": 5.0}, {""feature"": ""name_length_max"", ""shap"": -0.28533217310905457, ""value"": 8.0, ""model_input"": 8.0}]}"
17,AGE CORBAS,4 rue du Mont Blanc,69960,CORBAS,85299724600024,0.9487712979316711,SM2G,4 RUE DU MONT BLANC,CORBAS,69960,69273,OUVERT,2024-03-30 12:09:22,5,"{""bias"": 1.1616770029067993, ""margin"": 2.9188685417175293, ""prob_from_margin"": 0.9487713332715699, ""top"": [{""feature"": ""name_semantic_max"", ""shap"": -2.8427820205688477, ""value"": 0.2193933129310608, ""model_input"": 0.2193933129310608}, {""feature"": ""addr_token_overlap"", ""shap"": 1.296236515045166, ""value"": 1.0, ""model_input"": 1.0}, {""feature"": ""name_addr_consistency"", ""shap"": 1.2861450910568237, ""value"": 0.0, ""model_input"": 0.0}, {""feature"": ""street_number_diff"", ""shap"": 1.0199873447418213, ""value"": 0.0, ""model_input"": 0.0}, {""feature"": ""addr_jaro"", ""shap"": 1.0071545839309692, ""value"": 1.0, ""model_input"": 1.0}, {""feature"": ""addr_levenshtein"", ""shap"": 0.8743780851364136, ""value"": 1.0, ""model_input"": 1.0}, {""feature"": ""name_sim_max_etab"", ""shap"": 0.8529987335205078, ""value"": 0.0, ""model_input"": 0.0}, {""feature"": ""name_jaro_max"", ""shap"": 0.5675661563873291, ""value"": 0.0, ""model_input"": 0.0}, {""feature"": ""name_count"", ""shap"": -0.4801430106163025, ""value"": 3.0, ""model_input"": 3.0}, {""feature"": ""name_sim_max_pm_dirigeant"", ""shap"": -0.43129658699035645, ""value"": 0.0, ""model_input"": 0.0}]}"
129,AGE CORBAS,4 rue du Mont Blanc,69960,CORBAS,85299724600024,0.9487712979316711,SM2G,4 RUE DU MONT BLANC,CORBAS,69960,69273,OUVERT,2024-03-30 12:09:22,5,"{""bias"": 1.1616770029067993, ""margin"": 2.9188685417175293, ""prob_from_margin"": 0.9487713332715699, ""top"": [{""feature"": ""name_semantic_max"", ""shap"": -2.8427820205688477, ""value"": 0.2193933129310608, ""model_input"": 0.2193933129310608}, {""feature"": ""addr_token_overlap"", ""shap"": 1.296236515045166, ""value"": 1.0, ""model_input"": 1.0}, {""feature"": ""name_addr_consistency"", ""shap"": 1.2861450910568237, ""value"": 0.0, ""model_input"": 0.0}, {""feature"": ""street_number_diff"", ""shap"": 1.0199873447418213, ""value"": 0.0, ""model_input"": 0.0}, {""feature"": ""addr_jaro"", ""shap"": 1.0071545839309692, ""value"": 1.0, ""model_input"": 1.0}, {""feature"": ""addr_levenshtein"", ""shap"": 0.8743780851364136, ""value"": 1.0, ""model_input"": 1.0}, {""feature"": ""name_sim_max_etab"", ""shap"": 0.8529987335205078, ""value"": 0.0, ""model_input"": 0.0}, {""feature"": ""name_jaro_max"", ""shap"": 0.5675661563873291, ""value"": 0.0, ""model_input"": 0.0}, {""feature"": ""name_count"", ""shap"": -0.4801430106163025, ""value"": 3.0, ""model_input"": 3.0}, {""feature"": ""name_sim_max_pm_dirigeant"", ""shap"": -0.43129658699035645, ""value"": 0.0, ""model_input"": 0.0}]}"
109,ALL IN ACADEMY,13 RUE MARCEAU,69150,DECINES CHARPIEU,90186658200025,0.999537467956543,ALL IN ACADEMY DECINES,13 RUE MARCEAU,DECINES-CHARPIEU,69150,69275,OUVERT,2025-06-24 13:47:11,1,"{""bias"": 1.1616770029067993, ""margin"": 7.678168773651123, ""prob_from_margin"": 0.9995373924503386, ""top"": [{""feature"": ""name_semantic_max"", ""shap"": 2.0736169815063477, ""value"": 0.8680002689361572, ""model_input"": 0.8680002689361572}, {""feature"": ""name_token_overlap_max"", ""shap"": 0.8306668996810913, ""value"": 0.75, ""model_input"": 0.75}, {""feature"": ""token_overlap_ul"", ""shap"": 0.7993181347846985, ""value"": 1.0, ""model_input"": 1.0}, {""feature"": ""name_sim_max_pm_dirigeant"", ""shap"": 0.6286579370498657, ""value"": 0.4682539682539682, ""model_input"": 0.4682539682539682}, {""feature"": ""street_number_diff"", ""shap"": 0.5084582567214966, ""value"": 0.0, ""model_input"": 0.0}, {""feature"": ""is_siege"", ""shap"": 0.4915825128555298, ""value"": 1.0, ""model_input"": 1.0}, {""feature"": ""addr_token_overlap"", ""shap"": 0.4897662401199341, ""value"": 1.0, ""model_input"": 1.0}, {""feature"": ""name_semantic_second"", ""shap"": -0.30613768100738525, ""value"": 0.3903941214084625, ""model_input"": 0.3903941214084625}, {""feature"": ""name_addr_consistency"", ""shap"": 0.2928471863269806, ""value"": 0.9272727272727272, ""model_input"": 0.9272727272727272}, {""feature"": ""name_city_overlap_max"", ""shap"": 0.20085884630680084, ""value"": 0.2, ""model_input"": 0.2}]}"
109,ALL IN ACADEMY,13 RUE MARCEAU,69150,DECINES CHARPIEU,92326934400027,0.997692346572876,ALL IN SCHOOL,13 RUE MARCEAU,DECINES-CHARPIEU,69150,69275,OUVERT,2024-11-22 05:23:35,2,"{""bias"": 1.1616770029067993, ""margin"": 6.069194793701172, ""prob_from_margin"": 0.9976923028528492, ""top"": [{""feature"": ""name_semantic_max"", ""shap"": 1.7237015962600708, ""value"": 0.737541139125824, ""model_input"": 0.737541139125824}, {""feature"": ""name_sim_max_etab"", ""shap"": 0.9143463969230652, ""value"": 0.0, ""model_input"": 0.0}, {""feature"": ""name_token_overlap_max"", ""shap"": 0.715791642665863, ""value"": 0.5, ""model_input"": 0.5}, {""feature"": ""addr_token_overlap"", ""shap"": 0.7036291360855103, ""value"": 1.0, ""model_input"": 1.0}, {""feature"": ""street_number_diff"", ""shap"": 0.7002885341644287, ""value"": 0.0, ""model_input"": 0.0}, {""feature"": ""name_jaro_gap"", ""shap"": 0.4368821680545807, ""value"": 0.8373626373626374, ""model_input"": 0.8373626373626374}, {""feature"": ""name_sim_max_pm_dirigeant"", ""shap"": -0.3999224305152893, ""value"": 0.0, ""model_input"": 0.0}, {""feature"": ""name_semantic_second"", ""shap"": -0.32946646213531494, ""value"": 0.0, ""model_input"": 0.0}, {""feature"": ""name_levenshtein_max"", ""shap"": -0.2829503118991852, ""value"": 0.5714285714285714, ""model_input"": 0.5714285714285714}, {""feature"": ""addr_jaro"", ""shap"": 0.27801239490509033, ""value"": 1.0, ""model_input"": 1.0}]}"
109,ALL IN ACADEMY,13 RUE MARCEAU,69150,DECINES CHARPIEU,92229667800027,0.9960785508155823,ALL IN STORE,13 RUE MARCEAU,DECINES-CHARPIEU,69150,69275,OUVERT,2025-09-17 16:56:38,3,"{""bias"": 1.1616770029067993, ""margin"": 5.537352561950684, ""prob_from_margin"": 0.9960785028353801, ""top"": [{""feature"": ""addr_token_overlap"", ""shap"": 0.9183332324028015, ""value"": 1.0, ""model_input"": 1.0}, {""feature"": ""name_token_overlap_max"", ""shap"": 0.8268433809280396, ""value"": 0.5, ""model_input"": 0.5}, {""feature"": ""name_sim_max_etab"", ""shap"": 0.8101738095283508, ""value"": 0.0, ""model_input"": 0.0}, {""feature"": ""street_number_diff"", ""shap"": 0.7520667910575867, ""value"": 0.0, ""model_input"": 0.0}, {""feature"": ""name_semantic_max"", ""shap"": 0.4791400134563446, ""value"": 0.6087145805358887, ""model_input"": 0.6087145805358887}, {""feature"": ""name_jaro_gap"", ""shap"": 0.45634037256240845, ""value"": 0.8476190476190476, ""model_input"": 0.8476190476190476}, {""feature"": ""name_sim_max_pm_dirigeant"", ""shap"": -0.42830610275268555, ""value"": 0.0, ""model_input"": 0.0}, {""feature"": ""type_of_max_name"", ""shap"": 0.33743005990982056, ""value"": 7.0, ""model_input"": 7.0}, {""feature"": ""addr_levenshtein"", ""shap"": 0.3217698037624359, ""value"": 1.0, ""model_input"": 1.0}, {""feature"": ""name_semantic_second"", ""shap"": -0.3189519941806793, ""value"": 0.0, ""model_input"": 0.0}]}"
109,ALL IN ACADEMY,13 RUE MARCEAU,69150,DECINES CHARPIEU,92971940900013,0.9960307478904724,ALL IN ARENA,13 RUE MARCEAU,DECINES-CHARPIEU,69150,69275,OUVERT,2024-06-11 14:18:21,4,"{""bias"": 1.1616770029067993, ""margin"": 5.5252203941345215, ""prob_from_margin"": 0.9960308267900029, ""top"": [{""feature"": ""name_token_overlap_max"", ""shap"": 0.8999409675598145, ""value"": 0.5, ""model_input"": 0.5}, {""feature"": ""addr_token_overlap"", ""shap"": 0.8431349992752075, ""value"": 1.0, ""model_input"": 1.0}, {""feature"": ""street_number_diff"", ""shap"": 0.6936509013175964, ""value"": 0.0, ""model_input"": 0.0}, {""feature"": ""name_sim_max_pm_dirigeant"", ""shap"": 0.5987287163734436, ""value"": 0.4682539682539682, ""model_input"": 0.4682539682539682}, {""feature"": ""name_semantic_max"", ""shap"": 0.4928380846977234, ""value"": 0.63327956199646, ""model_input"": 0.63327956199646}, {""feature"": ""addr_jaro"", ""shap"": 0.32763633131980896, ""value"": 1.0, ""model_input"": 1.0}, {""feature"": ""type_of_max_name"", ""shap"": 0.31247565150260925, ""value"": 7.0, ""model_input"": 7.0}, {""feature"": ""name_semantic_second"", ""shap"": -0.27542123198509216, ""value"": 0.2759540379047394, ""model_input"": 0.2759540379047394}, {""feature"": ""token_overlap_ul"", ""shap"": 0.2712012231349945, ""value"": 0.5, ""model_input"": 0.5}, {""feature"": ""addr_levenshtein"", ""shap"": 0.23756800591945648, ""value"": 1.0, ""model_input"": 1.0}]}"
109,ALL IN ACADEMY,13 RUE MARCEAU,69150,DECINES CHARPIEU,92169061600021,0.9945857524871826,ALL IN GROUP,13 RUE MARCEAU,DECINES-CHARPIEU,69150,69275,OUVERT,2025-01-22 02:29:56,5,"{""bias"": 1.1616770029067993, ""margin"": 5.213293552398682, ""prob_from_margin"": 0.9945857586174722, ""top"": [{""feature"": ""name_semantic_max"", ""shap"": 1.683252215385437, ""value"": 0.6957859992980957, ""model_input"": 0.6957859992980957}, {""feature"": ""addr_token_overlap"", ""shap"": 0.8308087587356567, ""value"": 1.0, ""model_input"": 1.0}, {""feature"": ""name_token_overlap_max"", ""shap"": 0.8111975193023682, ""value"": 0.5, ""model_input"": 0.5}, {""feature"": ""name_sim_max_pm_dirigeant"", ""shap"": 0.6310505270957947, ""value"": 0.5634920634920635, ""model_input"": 0.5634920634920635}, {""feature"": ""street_number_diff"", ""shap"": 0.5929775238037109, ""value"": 0.0, ""model_input"": 0.0}, {""feature"": ""name_semantic_second"", ""shap"": 0.4144625663757324, ""value"": 0.6045072674751282, ""model_input"": 0.6045072674751282}, {""feature"": ""token_overlap_ul"", ""shap"": 0.2949787378311157, ""value"": 0.5, ""model_input"": 0.5}, {""feature"": ""name_count"", ""shap"": -0.27877646684646606, ""value"": 4.0, ""model_input"": 4.0}, {""feature"": ""addr_jaro"", ""shap"": 0.24261116981506348, ""value"": 1.0, ""model_input"": 1.0}, {""feature"": ""name_addr_consistency"", ""shap"": -0.2061070054769516, ""value"": 0.6944444444444445, ""model_input"": 0.6944444444444445}]}"
112,APAJH 69 CAMSP DECINES,15 AVENUE FRANKLIN ROOSEVELT,69150,DECINES-CHARPIEU,78457968202902,0.9994250535964966,FEDERATION APAJH,15 AVENUE FRANKLIN ROOSEVELT,DECINES-CHARPIEU,69150,69275,OUVERT,2025-01-18 02:17:49,1,"{""bias"": 1.1616770029067993, ""margin"": 7.46067476272583, ""prob_from_margin"": 0.999425062871678, ""top"": [{""feature"": ""name_semantic_max"", ""shap"": 2.5390207767486572, ""value"": 0.8762280941009521, ""model_input"": 0.8762280941009521}, {""feature"": ""name_sim_max_etab"", ""shap"": 1.115921139717102, ""value"": 0.0, ""model_input"": 0.0}, {""feature"": ""street_number_diff"", ""shap"": 0.8901001214981079, ""value"": 0.0, ""model_input"": 0.0}, {""feature"": ""name_semantic_second"", ""shap"": 0.6781895756721497, ""value"": 0.8762280941009521, ""model_input"": 0.8762280941009521}, {""feature"": ""addr_token_overlap"", ""shap"": 0.6109380125999451, ""value"": 1.0, ""model_input"": 1.0}, {""feature"": ""name_sim_max_sigle"", ""shap"": -0.40830451250076294, ""value"": 0.5119047619047619, ""model_input"": 0.5119047619047619}, {""feature"": ""addr_levenshtein"", ""shap"": 0.3328660726547241, ""value"": 1.0, ""model_input"": 1.0}, {""feature"": ""name_levenshtein_max"", ""shap"": 0.3013988137245178, ""value"": 0.0625, ""model_input"": 0.0625}, {""feature"": ""name_addr_consistency"", ""shap"": -0.286422997713089, ""value"": 0.5119047619047619, ""model_input"": 0.5119047619047619}, {""feature"": ""name_sim_max_pm_dirigeant"", ""shap"": -0.2725902497768402, ""value"": 0.0, ""model_input"": 0.0}]}"
112,APAJH 69 CAMSP DECINES,15 AVENUE FRANKLIN ROOSEVELT,69150,DECINES-CHARPIEU,38832234900019,0.9097551107406616,JKSG,15 AVENUE FRANKLIN ROOSEVELT,DECINES-CHARPIEU,69150,69275,FERME,2024-03-30 15:59:34,2,"{""bias"": 1.1616770029067993, ""margin"": 2.310647964477539, ""prob_from_margin"": 0.909755067815369, ""top"": [{""feature"": ""name_semantic_max"", ""shap"": -2.0068676471710205, ""value"": 0.41003066301345825, ""model_input"": 0.41003066301345825}, {""feature"": ""addr_token_overlap"", ""shap"": 1.264359474182129, ""value"": 1.0, ""model_input"": 1.0}, {""feature"": ""street_number_diff"", ""shap"": 1.1519246101379395, ""value"": 0.0, ""model_input"": 0.0}, {""feature"": ""name_sim_max_etab"", ""shap"": 0.7737880349159241, ""value"": 0.0, ""model_input"": 0.0}, {""feature"": ""addr_jaro"", ""shap"": 0.7059798240661621, ""value"": 1.0, ""model_input"": 1.0}, {""feature"": ""addr_levenshtein"", ""shap"": 0.5591913461685181, ""value"": 1.0, ""model_input"": 1.0}, {""feature"": ""name_sim_max_pm_dirigeant"", ""shap"": -0.3883534073829651, ""value"": 0.0, ""model_input"": 0.0}, {""feature"": ""type_of_max_name"", ""shap"": 0.3812282979488373, ""value"": 7.0, ""model_input"": 7.0}, {""feature"": ""name_token_overlap_max"", ""shap"": -0.3343755900859833, ""value"": 0.0, ""model_input"": 0.0}, {""feature"": ""name_count"", ""shap"": 0.3082042634487152, ""value"": 1.0, ""model_input"": 1.0}]}"
112,APAJH 69 CAMSP DECINES,15 AVENUE FRANKLIN ROOSEVELT,69150,DECINES-CHARPIEU,42286122900017,0.7660428881645203,M.Y.,185 AVENUE FRANKLIN ROOSEVELT,DECINES-CHARPIEU,69150,69275,FERME,2024-03-30 11:54:58,3,"{""bias"": 1.1616770029067993, ""margin"": 1.186099886894226, ""prob_from_margin"": 0.7660428065749804, ""top"": [{""feature"": ""name_semantic_max"", ""shap"": -2.205976963043213, ""value"": 0.35354822874069214, ""model_input"": 0.35354822874069214}, {""feature"": ""street_number_diff"", ""shap"": -1.1251300573349, ""value"": 170.0, ""model_input"": 170.0}, {""feature"": ""name_sim_max_etab"", ""shap"": 0.9340327978134155, ""value"": 0.0, ""model_input"": 0.0}, {""feature"": ""name_addr_consistency"", ""shap"": 0.930361270904541, ""value"": 0.0, ""model_input"": 0.0}, {""feature"": ""addr_jaro"", ""shap"": 0.851851761341095, ""value"": 0.9896551724137931, ""model_input"": 0.9896551724137931}, {""feature"": ""name_jaro_max"", ""shap"": 0.7800770401954651, ""value"": 0.0, ""model_input"": 0.0}, {""feature"": ""addr_token_overlap"", ""shap"": 0.7176793813705444, ""value"": 0.6, ""model_input"": 0.6}, {""feature"": ""addr_levenshtein"", ""shap"": 0.6139158606529236, ""value"": 0.9655172413793104, ""model_input"": 0.9655172413793104}, {""feature"": ""name_sim_max_ul"", ""shap"": -0.46543896198272705, ""value"": 0.0, ""model_input"": 0.0}, {""feature"": ""name_token_overlap_max"", ""shap"": -0.3654085099697113, ""value"": 0.0, ""model_input"": 0.0}]}"
112,APAJH 69 CAMSP DECINES,15 AVENUE FRANKLIN ROOSEVELT,69150,DECINES-CHARPIEU,90182384900020,0.7114135026931763,SD2E,185 AVENUE FRANKLIN ROOSEVELT,DECINES-CHARPIEU,69150,69275,FERME,2025-02-01 02:13:05,4,"{""bias"": 1.1616770029067993, ""margin"": 0.9022592306137085, ""prob_from_margin"": 0.7114135538539037, ""top"": [{""feature"": ""name_semantic_max"", ""shap"": -2.3843469619750977, ""value"": 0.3243195712566376, ""model_input"": 0.3243195712566376}, {""feature"": ""street_number_diff"", ""shap"": -1.1114593744277954, ""value"": 170.0, ""model_input"": 170.0}, {""feature"": ""name_sim_max_etab"", ""shap"": 0.9309239983558655, ""value"": 0.0, ""model_input"": 0.0}, {""feature"": ""name_addr_consistency"", ""shap"": 0.8795990943908691, ""value"": 0.0, ""model_input"": 0.0}, {""feature"": ""addr_jaro"", ""shap"": 0.8401696085929871, ""value"": 0.9896551724137931, ""model_input"": 0.9896551724137931}, {""feature"": ""name_jaro_max"", ""shap"": 0.8274314999580383, ""value"": 0.0, ""model_input"": 0.0}, {""feature"": ""addr_token_overlap"", ""shap"": 0.6711452007293701, ""value"": 0.6, ""model_input"": 0.6}, {""feature"": ""addr_levenshtein"", ""shap"": 0.6072477102279663, ""value"": 0.9655172413793104, ""model_input"": 0.9655172413793104}, {""feature"": ""name_sim_max_ul"", ""shap"": -0.4549348056316376, ""value"": 0.0, ""model_input"": 0.0}, {""feature"": ""name_token_overlap_max"", ""shap"": -0.36658164858818054, ""value"": 0.0, ""model_input"": 0.0}]}"
112,APAJH 69 CAMSP DECINES,15 AVENUE FRANKLIN ROOSEVELT,69150,DECINES-CHARPIEU,49520638500017,0.6834422945976257,FPCAT,109 AVENUE FRANKLIN ROOSEVELT,DECINES-CHARPIEU,69150,69275,OUVERT,2024-03-30 10:49:24,5,"{""bias"": 1.1616770029067993, ""margin"": 0.7696355581283569, ""prob_from_margin"": 0.6834420523686664, ""top"": [{""feature"": ""name_semantic_max"", ""shap"": -1.6254431009292603, ""value"": 0.5014705657958984, ""model_input"": 0.5014705657958984}, {""feature"": ""name_jaro_max"", ""shap"": 1.0547453165054321, ""value"": 0.34761904761904766, ""model_input"": 0.34761904761904766}, {""feature"": ""name_sim_max_etab"", ""shap"": 0.8109325766563416, ""value"": 0.0, ""model_input"": 0.0}, {""feature"": ""street_number_diff"", ""shap"": -0.6469535231590271, ""value"": 94.0, ""model_input"": 94.0}, {""feature"": ""type_of_max_name"", ""shap"": 0.6391602754592896, ""value"": 7.0, ""model_input"": 7.0}, {""feature"": ""name_addr_consistency"", ""shap"": 0.6073275208473206, ""value"": 0.3367024395965283, ""model_input"": 0.3367024395965283}, {""feature"": ""addr_token_overlap"", ""shap"": 0.49520957469940186, ""value"": 0.6, ""model_input"": 0.6}, {""feature"": ""name_token_overlap_max"", ""shap"": -0.4282940924167633, ""value"": 0.0, ""model_input"": 0.0}, {""feature"": ""name_sim_max_ul"", ""shap"": -0.37810516357421875, ""value"": 0.34761904761904766, ""model_input"": 0.34761904761904766}, {""feature"": ""token_overlap_ul"", ""shap"": -0.36631226539611816, ""value"": 0.0, ""model_input"": 0.0}]}"
19,ASL,69 Rue Marcel Merieux,69960,CORBAS,50920124000025,0.9961549639701843,ASSOCIATION SYNDICALE LIBRE DU MARCHE DE GROS DE LYON CORBAS,69 RUE MARCEL MERIEUX,CORBAS,69960,69273,OUVERT,2024-03-30 12:42:01,1,"{""bias"": 1.1616770029067993, ""margin"": 5.557128429412842, ""prob_from_margin"": 0.9961549967994848, ""top"": [{""feature"": ""addr_token_overlap"", ""shap"": 1.1389470100402832, ""value"": 1.0, ""model_input"": 1.0}, {""feature"": ""street_number_diff"", ""shap"": 1.1168981790542603, ""value"": 0.0, ""model_input"": 0.0}, {""feature"": ""acronym_match_max"", ""shap"": 0.9213548302650452, ""value"": 1.0, ""model_input"": 1.0}, {""feature"": ""name_sim_max_etab"", ""shap"": 0.8414902091026306, ""value"": 0.0, ""model_input"": 0.0}, {""feature"": ""name_semantic_max"", ""shap"": -0.7084825038909912, ""value"": 0.5281479954719543, ""model_input"": 0.5281479954719543}, {""feature"": ""addr_jaro"", ""shap"": 0.5538702607154846, ""value"": 1.0, ""model_input"": 1.0}, {""feature"": ""type_of_max_name"", ""shap"": 0.4814019501209259, ""value"": 7.0, ""model_input"": 7.0}, {""feature"": ""addr_levenshtein"", ""shap"": 0.4139076769351959, ""value"": 1.0, ""model_input"": 1.0}, {""feature"": ""name_jaro_gap"", ""shap"": 0.4129104018211365, ""value"": 0.6833333333333332, ""model_input"": 0.6833333333333332}, {""feature"": ""name_sim_max_pm_dirigeant"", ""shap"": -0.4099891781806946, ""value"": 0.0, ""model_input"": 0.0}]}"
19,ASL,69 Rue Marcel Merieux,69960,CORBAS,79249138300016,0.9893418550491333,DU 41,69 RUE MARCEL MERIEUX,CORBAS,69960,69273,OUVERT,2024-03-30 11:11:13,2,"{""bias"": 1.1616770029067993, ""margin"": 4.5307111740112305, ""prob_from_margin"": 0.9893418089568191, ""top"": [{""feature"": ""name_semantic_max"", ""shap"": -1.7760062217712402, ""value"": 0.370298832654953, ""model_input"": 0.370298832654953}, {""feature"": ""addr_token_overlap"", ""shap"": 1.2972220182418823, ""value"": 1.0, ""model_input"": 1.0}, {""feature"": ""name_addr_consistency"", ""shap"": 1.097235083580017, ""value"": 0.0, ""model_input"": 0.0}, {""feature"": ""street_number_diff"", ""shap"": 1.0188108682632446, ""value"": 0.0, ""model_input"": 0.0}, {""feature"": ""addr_jaro"", ""shap"": 0.9335616827011108, ""value"": 1.0, ""model_input"": 1.0}, {""feature"": ""name_sim_max_etab"", ""shap"": 0.8320863842964172, ""value"": 0.0, ""model_input"": 0.0}, {""feature"": ""addr_levenshtein"", ""shap"": 0.604425311088562, ""value"": 1.0, ""model_input"": 1.0}, {""feature"": ""name_jaro_max"", ""shap"": 0.60387122631073, ""value"": 0.0, ""model_input"": 0.0}, {""feature"": ""name_sim_max_ul"", ""shap"": -0.44854360818862915, ""value"": 0.0, ""model_input"": 0.0}, {""feature"": ""name_semantic_second"", ""shap"": -0.35318049788475037, ""value"": 0.0, ""model_input"": 0.0}]}"
19,ASL,69 Rue Marcel Merieux,69960,CORBAS,49057604800022,0.979223906993866,FIGITOMM,69 RUE MARCEL MERIEUX,CORBAS,69960,69273,OUVERT,2025-01-25 02:37:16,3,"{""bias"": 1.1616770029067993, ""margin"": 3.852962017059326, ""prob_from_margin"": 0.9792240014273225, ""top"": [{""feature"": ""name_semantic_max"", ""shap"": -2.5985896587371826, ""value"": 0.30268433690071106, ""model_input"": 0.30268433690071106}, {""feature"": ""addr_token_overlap"", ""shap"": 1.181849718093872, ""value"": 1.0, ""model_input"": 1.0}, {""feature"": ""name_addr_consistency"", ""shap"": 1.1231118440628052, ""value"": 0.0, ""model_input"": 0.0}, {""feature"": ""addr_jaro"", ""shap"": 0.9669209718704224, ""value"": 1.0, ""model_input"": 1.0}, {""feature"": ""street_number_diff"", ""shap"": 0.934387743473053, ""value"": 0.0, ""model_input"": 0.0}, {""feature"": ""name_sim_max_etab"", ""shap"": 0.9172326922416687, ""value"": 0.0, ""model_input"": 0.0}, {""feature"": ""addr_levenshtein"", ""shap"": 0.5975731611251831, ""value"": 1.0, ""model_input"": 1.0}, {""feature"": ""name_jaro_max"", ""shap"": 0.49479034543037415, ""value"": 0.0, ""model_input"": 0.0}, {""feature"": ""name_semantic_second"", ""shap"": -0.40732255578041077, ""value"": 0.23309572041034698, ""model_input"": 0.23309572041034698}, {""feature"": ""name_sim_max_ul"", ""shap"": -0.40711626410484314, ""value"": 0.0, ""model_input"": 0.0}]}"
19,ASL,69 Rue Marcel Merieux,69960,CORBAS,40091271300023,0.9744675159454346,COMPTOIR DE L AIL,69 RUE MARCEL MERIEUX,CORBAS,69960,69273,OUVERT,2024-03-30 17:51:42,4,"{""bias"": 1.1616770029067993, ""margin"": 3.6419405937194824, ""prob_from_margin"": 0.9744675392176109, ""top"": [{""feature"": ""addr_token_overlap"", ""shap"": 1.1280722618103027, ""value"": 1.0, ""model_input"": 1.0}, {""feature"": ""street_number_diff"", ""shap"": 1.037217378616333, ""value"": 0.0, ""model_input"": 0.0}, {""feature"": ""name_semantic_max"", ""shap"": -0.8786885142326355, ""value"": 0.5438511371612549, ""model_input"": 0.5438511371612549}, {""feature"": ""name_sim_max_etab"", ""shap"": 0.8013737201690674, ""value"": 0.0, ""model_input"": 0.0}, {""feature"": ""name_sim_max_ul"", ""shap"": -0.766859769821167, ""value"": 0.0, ""model_input"": 0.0}, {""feature"": ""addr_jaro"", ""shap"": 0.7607177495956421, ""value"": 1.0, ""model_input"": 1.0}, {""feature"": ""addr_levenshtein"", ""shap"": 0.563117265701294, ""value"": 1.0, ""model_input"": 1.0}, {""feature"": ""name_jaro_max"", ""shap"": 0.5226778984069824, ""value"": 0.0, ""model_input"": 0.0}, {""feature"": ""type_of_max_name"", ""shap"": 0.4960910975933075, ""value"": 7.0, ""model_input"": 7.0}, {""feature"": ""name_addr_consistency"", ""shap"": 0.43871936202049255, ""value"": 0.0, ""model_input"": 0.0}]}"
19,ASL,69 Rue Marcel Merieux,69960,CORBAS,89067249600019,0.9653550386428833,IMMO PSE,69 RUE MARCEL MERIEUX,CORBAS,69960,69273,OUVERT,2025-10-13 16:06:30,5,"{""bias"": 1.1616770029067993, ""margin"": 3.3273448944091797, ""prob_from_margin"": 0.9653550802723156, ""top"": [{""feature"": ""name_semantic_max"", ""shap"": -2.3483638763427734, ""value"": 0.33519819378852844, ""model_input"": 0.33519819378852844}, {""feature"": ""addr_token_overlap"", ""shap"": 1.4825166463851929, ""value"": 1.0, ""model_input"": 1.0}, {""feature"": ""name_addr_consistency"", ""shap"": 1.2066521644592285, ""value"": 0.0, ""model_input"": 0.0}, {""feature"": ""name_sim_max_etab"", ""shap"": 0.8844916224479675, ""value"": 0.0, ""model_input"": 0.0}, {""feature"": ""street_number_diff"", ""shap"": 0.8239173293113708, ""value"": 0.0, ""model_input"": 0.0}, {""feature"": ""addr_jaro"", ""shap"": 0.8205769658088684, ""value"": 1.0, ""model_input"": 1.0}, {""feature"": ""addr_levenshtein"", ""shap"": 0.6908619999885559, ""value"": 1.0, ""model_input"": 1.0}, {""feature"": ""name_sim_max_ul"", ""shap"": -0.5360852479934692, ""value"": 0.0, ""model_input"": 0.0}, {""feature"": ""name_jaro_max"", ""shap"": 0.5112609267234802, ""value"": 0.0, ""model_input"": 0.0}, {""feature"": ""name_semantic_second"", ""shap"": -0.3520031273365021, ""value"": 0.0, ""model_input"": 0.0}]}"
66,ASLI - ZACM,4 Avenue du 24 Août 1944,69960,CORBAS,44112152200029,0.9999133348464966,ASLI ZACM,4 AVENUE DU 24 AOUT 1944,CORBAS,69960,69273,OUVERT,2024-03-30 09:15:43,1,"{""bias"": 1.1616770029067993, ""margin"": 9.353514671325684, ""prob_from_margin"": 0.9999133472086179, ""top"": [{""feature"": ""name_semantic_max"", ""shap"": 2.3719429969787598, ""value"": 0.9999999403953552, ""model_input"": 0.9999999403953552}, {""feature"": ""name_sim_max_etab"", ""shap"": 0.9119587540626526, ""value"": 0.0, ""model_input"": 0.0}, {""feature"": ""name_token_overlap_max"", ""shap"": 0.8612164855003357, ""value"": 1.0, ""model_input"": 1.0}, {""feature"": ""token_overlap_ul"", ""shap"": 0.7723791003227234, ""value"": 1.0, ""model_input"": 1.0}, {""feature"": ""name_crm_contains_cand_max"", ""shap"": 0.6033523678779602, ""value"": 1.0, ""model_input"": 1.0}, {""feature"": ""addr_token_overlap"", ""shap"": 0.5504806041717529, ""value"": 1.0, ""model_input"": 1.0}, {""feature"": ""name_semantic_second"", ""shap"": 0.5448187589645386, ""value"": 0.7412870526313782, ""model_input"": 0.7412870526313782}, {""feature"": ""street_number_diff"", ""shap"": 0.5183153748512268, ""value"": 0.0, ""model_input"": 0.0}, {""feature"": ""is_siege"", ""shap"": 0.4116855263710022, ""value"": 1.0, ""model_input"": 1.0}, {""feature"": ""name_sim_max_pm_dirigeant"", ""shap"": -0.38842180371284485, ""value"": 0.0, ""model_input"": 0.0}]}"
66,ASLI - ZACM,4 Avenue du 24 Août 1944,69960,CORBAS,44112152200011,0.9912363290786743,ASLI ZACM,5 RUE DU MONT BLANC,CORBAS,69960,69273,FERME,2024-03-30 09:28:39,2,"{""bias"": 1.1616770029067993, ""margin"": 4.728340148925781, ""prob_from_margin"": 0.9912363467979998, ""top"": [{""feature"": ""name_semantic_max"", ""shap"": 2.827455997467041, ""value"": 0.9999999403953552, ""model_input"": 0.9999999403953552}, {""feature"": ""name_sim_max_etab"", ""shap"": 1.1666510105133057, ""value"": 0.0, ""model_input"": 0.0}, {""feature"": ""name_token_overlap_max"", ""shap"": 1.0170209407806396, ""value"": 1.0, ""model_input"": 1.0}, {""feature"": ""is_siege"", ""shap"": -0.7843298316001892, ""value"": 0.0, ""model_input"": 0.0}, {""feature"": ""token_overlap_ul"", ""shap"": 0.7131988406181335, ""value"": 1.0, ""model_input"": 1.0}, {""feature"": ""addr_token_overlap"", ""shap"": -0.6296629309654236, ""value"": 0.1, ""model_input"": 0.1}, {""feature"": ""name_semantic_second"", ""shap"": 0.49220043420791626, ""value"": 0.7412870526313782, ""model_input"": 0.7412870526313782}, {""feature"": ""street_number_diff"", ""shap"": -0.4597220718860626, ""value"": 1.0, ""model_input"": 1.0}, {""feature"": ""name_sim_max_pm_dirigeant"", ""shap"": -0.44860219955444336, ""value"": 0.0, ""model_input"": 0.0}, {""feature"": ""name_crm_contains_cand_max"", ""shap"": 0.3290986120700836, ""value"": 1.0, ""model_input"": 1.0}]}"
66,ASLI - ZACM,4 Avenue du 24 Août 1944,69960,CORBAS,39797248000024,0.9677913188934326,Z.A.I.,4 AV DU 24 AOUT 1944,CORBAS,69960,69273,FERME,2025-01-22 02:56:15,3,"{""bias"": 1.1616770029067993, ""margin"": 3.402780055999756, ""prob_from_margin"": 0.9677913060326929, ""top"": [{""feature"": ""name_semantic_max"", ""shap"": 2.4336063861846924, ""value"": 0.7412870526313782, ""model_input"": 0.7412870526313782}, {""feature"": ""name_sim_max_etab"", ""shap"": -0.9934565424919128, ""value"": 0.6354497354497354, ""model_input"": 0.6354497354497354}, {""feature"": ""street_number_diff"", ""shap"": 0.8895964026451111, ""value"": 0.0, ""model_input"": 0.0}, {""feature"": ""name_sim_max_pm_dirigeant"", ""shap"": 0.783237874507904, ""value"": 0.6354497354497354, ""model_input"": 0.6354497354497354}, {""feature"": ""name_semantic_second"", ""shap"": 0.6945620179176331, ""value"": 0.6105974316596985, ""model_input"": 0.6105974316596985}, {""feature"": ""name_token_overlap_max"", ""shap"": -0.45206189155578613, ""value"": 0.0, ""model_input"": 0.0}, {""feature"": ""addr_token_overlap"", ""shap"": 0.4498632848262787, ""value"": 0.7142857142857143, ""model_input"": 0.7142857142857143}, {""feature"": ""token_overlap_ul"", ""shap"": -0.43149954080581665, ""value"": 0.0, ""model_input"": 0.0}, {""feature"": ""name_addr_consistency"", ""shap"": -0.40330806374549866, ""value"": 0.5824955908289241, ""model_input"": 0.5824955908289241}, {""feature"": ""addr_levenshtein"", ""shap"": 0.35824498534202576, ""value"": 0.8333333333333334, ""model_input"": 0.8333333333333334}]}"
66,ASLI - ZACM,4 Avenue du 24 Août 1944,69960,CORBAS,77564652400105,0.9512429237365723,A.S.T GRAND LYON,4 AVENUE DU 24 AOUT 1944,CORBAS,69960,69273,FERME,2025-01-31 09:17:24,4,"{""bias"": 1.1616770029067993, ""margin"": 2.970919132232666, ""prob_from_margin"": 0.9512429238769341, ""top"": [{""feature"": ""addr_token_overlap"", ""shap"": 1.2475099563598633, ""value"": 1.0, ""model_input"": 1.0}, {""feature"": ""street_number_diff"", ""shap"": 1.2155035734176636, ""value"": 0.0, ""model_input"": 0.0}, {""feature"": ""name_sim_max_etab"", ""shap"": 0.7826589345932007, ""value"": 0.0, ""model_input"": 0.0}, {""feature"": ""name_semantic_max"", ""shap"": -0.7185531854629517, ""value"": 0.5556942224502563, ""model_input"": 0.5556942224502563}, {""feature"": ""addr_jaro"", ""shap"": 0.6302964687347412, ""value"": 1.0, ""model_input"": 1.0}, {""feature"": ""type_of_max_name"", ""shap"": 0.5386947393417358, ""value"": 7.0, ""model_input"": 7.0}, {""feature"": ""addr_levenshtein"", ""shap"": 0.4864080846309662, ""value"": 1.0, ""model_input"": 1.0}, {""feature"": ""name_sim_max_pm_dirigeant"", ""shap"": -0.4102746844291687, ""value"": 0.0, ""model_input"": 0.0}, {""feature"": ""name_semantic_second"", ""shap"": -0.38816019892692566, ""value"": 0.0, ""model_input"": 0.0}, {""feature"": ""name_token_overlap_max"", ""shap"": -0.3103909492492676, ""value"": 0.0, ""model_input"": 0.0}]}"
66,ASLI - ZACM,4 Avenue du 24 Août 1944,69960,CORBAS,41216431100042,0.9465559720993042,RONDE DE NUIT,4 AVENUE DU 24 AOUT 1944,CORBAS,69960,69273,OUVERT,2025-01-16 02:55:01,5,"{""bias"": 1.1616770029067993, ""margin"": 2.874194622039795, ""prob_from_margin"": 0.9465559425586685, ""top"": [{""feature"": ""addr_token_overlap"", ""shap"": 1.267764925956726, ""value"": 1.0, ""model_input"": 1.0}, {""feature"": ""name_semantic_max"", ""shap"": -1.11650550365448, ""value"": 0.5082278847694397, ""model_input"": 0.5082278847694397}, {""feature"": ""street_number_diff"", ""shap"": 1.0914416313171387, ""value"": 0.0, ""model_input"": 0.0}, {""feature"": ""addr_jaro"", ""shap"": 0.6888106465339661, ""value"": 1.0, ""model_input"": 1.0}, {""feature"": ""name_sim_max_etab"", ""shap"": 0.5207828879356384, ""value"": 0.4166666666666667, ""model_input"": 0.4166666666666667}, {""feature"": ""type_of_max_name"", ""shap"": 0.5097669363021851, ""value"": 4.0, ""model_input"": 4.0}, {""feature"": ""addr_levenshtein"", ""shap"": 0.4418252110481262, ""value"": 1.0, ""model_input"": 1.0}, {""feature"": ""name_sim_max_ul"", ""shap"": -0.42522183060646057, ""value"": 0.396011396011396, ""model_input"": 0.396011396011396}, {""feature"": ""name_count"", ""shap"": 0.34178271889686584, ""value"": 2.0, ""model_input"": 2.0}, {""feature"": ""name_token_overlap_max"", ""shap"": -0.29878517985343933, ""value"": 0.0, ""model_input"": 0.0}]}"
16,AST DECINES,"35 rue Emile Zola, Rez-de-chaussée",69150,DECINES CHARPIEU,51930431500020,0.9790028929710388,AST SERVICES,78 RUE ELISEE RECLUS,DECINES-CHARPIEU,69150,69275,OUVERT,2025-03-05 13:07:15,1,"{""bias"": 1.1616770029067993, ""margin"": 3.8421525955200195, ""prob_from_margin"": 0.9790029477671972, ""top"": [{""feature"": ""name_semantic_max"", ""shap"": 2.818681001663208, ""value"": 0.9433861970901489, ""model_input"": 0.9433861970901489}, {""feature"": ""name_token_overlap_max"", ""shap"": 1.1987073421478271, ""value"": 0.5, ""model_input"": 0.5}, {""feature"": ""name_sim_max_etab"", ""shap"": -1.0923748016357422, ""value"": 0.7692307692307693, ""model_input"": 0.7692307692307693}, {""feature"": ""name_sim_max_pm_dirigeant"", ""shap"": 1.0262006521224976, ""value"": 0.7692307692307693, ""model_input"": 0.7692307692307693}, {""feature"": ""token_overlap_ul"", ""shap"": 0.9725727438926697, ""value"": 1.0, ""model_input"": 1.0}, {""feature"": ""street_number_diff"", ""shap"": -0.8935526013374329, ""value"": 43.0, ""model_input"": 43.0}, {""feature"": ""name_addr_consistency"", ""shap"": -0.5354142785072327, ""value"": 0.5977205882352942, ""model_input"": 0.5977205882352942}, {""feature"": ""addr_token_overlap"", ""shap"": -0.5282347798347473, ""value"": 0.1, ""model_input"": 0.1}, {""feature"": ""name_semantic_second"", ""shap"": 0.35954520106315613, ""value"": 0.767039954662323, ""model_input"": 0.767039954662323}, {""feature"": ""type_of_max_name"", ""shap"": 0.3328763544559479, ""value"": 7.0, ""model_input"": 7.0}]}"
16,AST DECINES,"35 rue Emile Zola, Rez-de-chaussée",69150,DECINES CHARPIEU,51930431500012,0.945301353931427,AST SERVICES,20 BOULEVARD CHARLES DE GAULLE,DECINES-CHARPIEU,69150,69275,FERME,2024-03-30 07:28:05,2,"{""bias"": 1.1616770029067993, ""margin"": 2.849666118621826, ""prob_from_margin"": 0.9453014214650222, ""top"": [{""feature"": ""name_semantic_max"", ""shap"": 2.6693015098571777, ""value"": 0.9433861970901489, ""model_input"": 0.9433861970901489}, {""feature"": ""name_token_overlap_max"", ""shap"": 1.2210783958435059, ""value"": 0.5, ""model_input"": 0.5}, {""feature"": ""name_sim_max_etab"", ""shap"": -1.0946191549301147, ""value"": 0.7692307692307693, ""model_input"": 0.7692307692307693}, {""feature"": ""token_overlap_ul"", ""shap"": 1.035530924797058, ""value"": 1.0, ""model_input"": 1.0}, {""feature"": ""name_sim_max_pm_dirigeant"", ""shap"": 0.9612398147583008, ""value"": 0.7692307692307693, ""model_input"": 0.7692307692307693}, {""feature"": ""street_number_diff"", ""shap"": -0.9357200264930725, ""value"": 15.0, ""model_input"": 15.0}, {""feature"": ""addr_token_overlap"", ""shap"": -0.7782076597213745, ""value"": 0.09090909090909091, ""model_input"": 0.09090909090909091}, {""feature"": ""name_addr_consistency"", ""shap"": -0.44363877177238464, ""value"": 0.5456862745098039, ""model_input"": 0.5456862745098039}, {""feature"": ""is_siege"", ""shap"": -0.3906184434890747, ""value"": 0.0, ""model_input"": 0.0}, {""feature"": ""addr_levenshtein"", ""shap"": -0.3320665955543518, ""value"": 0.3529411764705882, ""model_input"": 0.3529411764705882}]}"
16,AST DECINES,"35 rue Emile Zola, Rez-de-chaussée",69150,DECINES CHARPIEU,92437886200305,0.41478022933006287,MC2A,35 RUE EMILE ZOLA,DECINES-CHARPIEU,69150,69275,OUVERT,2025-02-04 05:17:41,3,"{""bias"": 1.1616770029067993, ""margin"": -0.34423863887786865, ""prob_from_margin"": 0.4147802298357876, ""top"": [{""feature"": ""name_semantic_max"", ""shap"": -2.156378746032715, ""value"": 0.4068058729171753, ""model_input"": 0.4068058729171753}, {""feature"": ""name_addr_consistency"", ""shap"": 0.8213376402854919, ""value"": 0.0, ""model_input"": 0.0}, {""feature"": ""name_sim_max_etab"", ""shap"": 0.6904903650283813, ""value"": 0.0, ""model_input"": 0.0}, {""feature"": ""addr_levenshtein"", ""shap"": -0.6122024059295654, ""value"": 0.5, ""model_input"": 0.5}, {""feature"": ""name_jaro_max"", ""shap"": 0.5942099094390869, ""value"": 0.0, ""model_input"": 0.0}, {""feature"": ""type_of_max_name"", ""shap"": 0.5654801726341248, ""value"": 7.0, ""model_input"": 7.0}, {""feature"": ""street_number_diff"", ""shap"": 0.5402392148971558, ""value"": 0.0, ""model_input"": 0.0}, {""feature"": ""name_sim_max_ul"", ""shap"": -0.5139263272285461, ""value"": 0.0, ""model_input"": 0.0}, {""feature"": ""token_overlap_ul"", ""shap"": -0.37755125761032104, ""value"": 0.0, ""model_input"": 0.0}, {""feature"": ""name_token_overlap_max"", ""shap"": -0.3603286147117615, ""value"": 0.0, ""model_input"": 0.0}]}"
16,AST DECINES,"35 rue Emile Zola, Rez-de-chaussée",69150,DECINES CHARPIEU,39254982000943,0.399109423160553,AST GROUPE,81 RUE ELISEE RECLUS,DECINES-CHARPIEU,69150,69275,OUVERT,2025-02-05 02:10:46,4,"{""bias"": 1.1616770029067993, ""margin"": -0.4091759920120239, ""prob_from_margin"": 0.3991097192575673, ""top"": [{""feature"": ""name_semantic_max"", ""shap"": 2.8398661613464355, ""value"": 0.9461020827293396, ""model_input"": 0.9461020827293396}, {""feature"": ""name_token_overlap_max"", ""shap"": 1.3886792659759521, ""value"": 0.5, ""model_input"": 0.5}, {""feature"": ""street_number_diff"", ""shap"": -1.1253209114074707, ""value"": 46.0, ""model_input"": 46.0}, {""feature"": ""name_sim_max_etab"", ""shap"": -1.0792732238769531, ""value"": 0.8366666666666667, ""model_input"": 0.8366666666666667}, {""feature"": ""addr_token_overlap"", ""shap"": -0.7194799780845642, ""value"": 0.1, ""model_input"": 0.1}, {""feature"": ""name_count"", ""shap"": -0.5296196937561035, ""value"": 5.0, ""model_input"": 5.0}, {""feature"": ""name_sim_max_pm_dirigeant"", ""shap"": 0.5097064971923828, ""value"": 0.5912698412698413, ""model_input"": 0.5912698412698413}, {""feature"": ""token_overlap_ul"", ""shap"": -0.46234211325645447, ""value"": 0.0, ""model_input"": 0.0}, {""feature"": ""name_addr_consistency"", ""shap"": -0.45847275853157043, ""value"": 0.6061732026143791, ""model_input"": 0.6061732026143791}, {""feature"": ""name_semantic_second"", ""shap"": 0.45581477880477905, ""value"": 0.767039954662323, ""model_input"": 0.767039954662323}]}"
16,AST DECINES,"35 rue Emile Zola, Rez-de-chaussée",69150,DECINES CHARPIEU,38044099000022,0.29016605019569397,G'MECA,125 RUE RASPAIL,DECINES-CHARPIEU,69150,69275,FERME,2025-02-01 02:49:03,5,"{""bias"": 1.1616770029067993, ""margin"": -0.8945764303207397, ""prob_from_margin"": 0.2901663164837064, ""top"": [{""feature"": ""name_semantic_max"", ""shap"": -2.226956844329834, ""value"": 0.37133675813674927, ""model_input"": 0.37133675813674927}, {""feature"": ""name_jaro_max"", ""shap"": 0.8513393402099609, ""value"": 0.0, ""model_input"": 0.0}, {""feature"": ""name_addr_consistency"", ""shap"": 0.8057782053947449, ""value"": 0.0, ""model_input"": 0.0}, {""feature"": ""name_sim_max_etab"", ""shap"": 0.7806960940361023, ""value"": 0.0, ""model_input"": 0.0}, {""feature"": ""name_sim_max_ul"", ""shap"": -0.6554741263389587, ""value"": 0.0, ""model_input"": 0.0}, {""feature"": ""street_number_diff"", ""shap"": -0.4914970397949219, ""value"": 90.0, ""model_input"": 90.0}, {""feature"": ""type_of_max_name"", ""shap"": 0.4488685727119446, ""value"": 7.0, ""model_input"": 7.0}, {""feature"": ""addr_token_overlap"", ""shap"": -0.4424036145210266, ""value"": 0.1111111111111111, ""model_input"": 0.1111111111111111}, {""feature"": ""name_token_overlap_max"", ""shap"": -0.3874013423919678, ""value"": 0.0, ""model_input"": 0.0}, {""feature"": ""token_overlap_ul"", ""shap"": -0.37901973724365234, ""value"": 0.0, ""model_input"": 0.0}]}"
54,ATOUT GAZ,"89 Avenue des Bruyères, Bâtiment B",69150,DECINES CHARPIEU,53011730800029,0.9926294088363647,CLIM A LYON,89 AVENUE DES BRUYERES,DECINES-CHARPIEU,69150,69275,OUVERT,2025-02-13 02:28:28,1,"{""bias"": 1.1616770029067993, ""margin"": 4.902864933013916, ""prob_from_margin"": 0.9926294487637661, ""top"": [{""feature"": ""name_semantic_max"", ""shap"": 2.4015562534332275, ""value"": 0.8874449133872986, ""model_input"": 0.8874449133872986}, {""feature"": ""name_token_overlap_max"", ""shap"": 1.0323344469070435, ""value"": 0.6666666666666666, ""model_input"": 0.6666666666666666}, {""feature"": ""token_overlap_ul"", ""shap"": 0.7729721069335938, ""value"": 1.0, ""model_input"": 1.0}, {""feature"": ""name_sim_max_pm_dirigeant"", ""shap"": -0.6908387541770935, ""value"": 0.0, ""model_input"": 0.0}, {""feature"": ""name_semantic_second"", ""shap"": -0.4121449887752533, ""value"": 0.317746102809906, ""model_input"": 0.317746102809906}, {""feature"": ""street_number_diff"", ""shap"": 0.40252652764320374, ""value"": 0.0, ""model_input"": 0.0}, {""feature"": ""is_siege"", ""shap"": 0.37694650888442993, ""value"": 1.0, ""model_input"": 1.0}, {""feature"": ""name_addr_consistency"", ""shap"": 0.3391946852207184, ""value"": 0.8419377162629758, ""model_input"": 0.8419377162629758}, {""feature"": ""name_levenshtein_max"", ""shap"": -0.16904205083847046, ""value"": 0.5294117647058824, ""model_input"": 0.5294117647058824}, {""feature"": ""name_city_overlap_max"", ""shap"": -0.13910873234272003, ""value"": 0.0, ""model_input"": 0.0}]}"
54,ATOUT GAZ,"89 Avenue des Bruyères, Bâtiment B",69150,DECINES CHARPIEU,80812847400018,0.9779217839241028,RG MAINTENANCE GAZ,48 RUE RASPAIL,DECINES CHARPIEU,69150,69275,FERME,2024-03-30 07:07:13,2,"{""bias"": 1.1616770029067993, ""margin"": 3.7908310890197754, ""prob_from_margin"": 0.9779216289493908, ""top"": [{""feature"": ""name_semantic_max"", ""shap"": 2.2006115913391113, ""value"": 0.7154693603515625, ""model_input"": 0.7154693603515625}, {""feature"": ""name_sim_max_etab"", ""shap"": 1.287327766418457, ""value"": 0.0, ""model_input"": 0.0}, {""feature"": ""token_overlap_ul"", ""shap"": 0.599452793598175, ""value"": 0.5, ""model_input"": 0.5}, {""feature"": ""street_number_diff"", ""shap"": -0.4460785686969757, ""value"": 41.0, ""model_input"": 41.0}, {""feature"": ""addr_levenshtein"", ""shap"": -0.34281402826309204, ""value"": 0.23529411764705888, ""model_input"": 0.23529411764705888}, {""feature"": ""name_semantic_second"", ""shap"": -0.3278946578502655, ""value"": 0.0, ""model_input"": 0.0}, {""feature"": ""name_sim_max_pm_dirigeant"", ""shap"": -0.32672372460365295, ""value"": 0.0, ""model_input"": 0.0}, {""feature"": ""addr_token_overlap"", ""shap"": -0.3174155354499817, ""value"": 0.0, ""model_input"": 0.0}, {""feature"": ""type_of_max_name"", ""shap"": 0.3033875524997711, ""value"": 7.0, ""model_input"": 7.0}, {""feature"": ""addr_jaro"", ""shap"": -0.29319456219673157, ""value"": 0.6121721415839063, ""model_input"": 0.6121721415839063}]}"
54,ATOUT GAZ,"89 Avenue des Bruyères, Bâtiment B",69150,DECINES CHARPIEU,80812847400026,0.9711488485336304,RG MAINTENANCE GAZ,98 AVENUE EDOUARD HERRIOT,DECINES-CHARPIEU,69150,69275,OUVERT,2024-03-30 06:42:00,3,"{""bias"": 1.1616770029067993, ""margin"": 3.5163278579711914, ""prob_from_margin"": 0.9711487928239741, ""top"": [{""feature"": ""name_semantic_max"", ""shap"": 2.2167489528656006, ""value"": 0.7154693603515625, ""model_input"": 0.7154693603515625}, {""feature"": ""name_sim_max_etab"", ""shap"": 1.2458895444869995, ""value"": 0.0, ""model_input"": 0.0}, {""feature"": ""street_number_diff"", ""shap"": -0.7007659673690796, ""value"": 9.0, ""model_input"": 9.0}, {""feature"": ""token_overlap_ul"", ""shap"": 0.6421110033988953, ""value"": 0.5, ""model_input"": 0.5}, {""feature"": ""street_name_jaro"", ""shap"": -0.4835507273674011, ""value"": 0.6756655741475476, ""model_input"": 0.6756655741475476}, {""feature"": ""name_addr_consistency"", ""shap"": 0.33870089054107666, ""value"": 0.33257080610021783, ""model_input"": 0.33257080610021783}, {""feature"": ""name_sim_max_pm_dirigeant"", ""shap"": -0.33646801114082336, ""value"": 0.0, ""model_input"": 0.0}, {""feature"": ""addr_token_overlap"", ""shap"": -0.3173826038837433, ""value"": 0.1111111111111111, ""model_input"": 0.1111111111111111}, {""feature"": ""type_of_max_name"", ""shap"": 0.30784547328948975, ""value"": 7.0, ""model_input"": 7.0}, {""feature"": ""name_semantic_second"", ""shap"": -0.288900762796402, ""value"": 0.0, ""model_input"": 0.0}]}"
54,ATOUT GAZ,"89 Avenue des Bruyères, Bâtiment B",69150,DECINES CHARPIEU,33139662200010,0.9563272595405579,PETROLE GAZ SERVICES,12 RUE CURIE,DECINES-CHARPIEU,69150,69275,FERME,2024-03-30 09:44:54,4,"{""bias"": 1.1616770029067993, ""margin"": 3.0863757133483887, ""prob_from_margin"": 0.9563272451954615, ""top"": [{""feature"": ""name_sim_max_etab"", ""shap"": 1.179343581199646, ""value"": 0.0, ""model_input"": 0.0}, {""feature"": ""name_semantic_max"", ""shap"": 1.1490154266357422, ""value"": 0.6678473949432373, ""model_input"": 0.6678473949432373}, {""feature"": ""token_overlap_ul"", ""shap"": 0.6150622367858887, ""value"": 0.5, ""model_input"": 0.5}, {""feature"": ""type_of_max_name"", ""shap"": 0.5479810237884521, ""value"": 7.0, ""model_input"": 7.0}, {""feature"": ""name_sim_max_pm_dirigeant"", ""shap"": -0.4018011689186096, ""value"": 0.0, ""model_input"": 0.0}, {""feature"": ""name_jaro_gap"", ""shap"": -0.39874404668807983, ""value"": 0.5444444444444444, ""model_input"": 0.5444444444444444}, {""feature"": ""name_semantic_second"", ""shap"": -0.3747407793998718, ""value"": 0.0, ""model_input"": 0.0}, {""feature"": ""street_number_diff"", ""shap"": -0.3704748749732971, ""value"": 77.0, ""model_input"": 77.0}, {""feature"": ""addr_levenshtein"", ""shap"": -0.25508981943130493, ""value"": 0.23529411764705888, ""model_input"": 0.23529411764705888}, {""feature"": ""name_count"", ""shap"": 0.22300291061401367, ""value"": 1.0, ""model_input"": 1.0}]}"
54,ATOUT GAZ,"89 Avenue des Bruyères, Bâtiment B",69150,DECINES CHARPIEU,33139662200028,0.9467355608940125,PETROLE GAZ SERVICES,22 RUE DE LA REPUBLIQUE,DECINES-CHARPIEU,69150,69275,FERME,2024-03-30 09:44:54,5,"{""bias"": 1.1616770029067993, ""margin"": 2.877749443054199, ""prob_from_margin"": 0.9467354878941346, ""top"": [{""feature"": ""name_semantic_max"", ""shap"": 1.159806489944458, ""value"": 0.6678473949432373, ""model_input"": 0.6678473949432373}, {""feature"": ""name_sim_max_etab"", ""shap"": 1.1525312662124634, ""value"": 0.0, ""model_input"": 0.0}, {""feature"": ""token_overlap_ul"", ""shap"": 0.609500527381897, ""value"": 0.5, ""model_input"": 0.5}, {""feature"": ""type_of_max_name"", ""shap"": 0.5022826790809631, ""value"": 7.0, ""model_input"": 7.0}, {""feature"": ""name_addr_consistency"", ""shap"": 0.46854665875434875, ""value"": 0.3137343705598181, ""model_input"": 0.3137343705598181}, {""feature"": ""street_number_diff"", ""shap"": -0.4512966275215149, ""value"": 67.0, ""model_input"": 67.0}, {""feature"": ""name_sim_max_pm_dirigeant"", ""shap"": -0.3997000455856323, ""value"": 0.0, ""model_input"": 0.0}, {""feature"": ""addr_token_overlap"", ""shap"": -0.3567143380641937, ""value"": 0.0, ""model_input"": 0.0}, {""feature"": ""name_semantic_second"", ""shap"": -0.33329522609710693, ""value"": 0.0, ""model_input"": 0.0}, {""feature"": ""name_jaro_gap"", ""shap"": -0.27666187286376953, ""value"": 0.5444444444444444, ""model_input"": 0.5444444444444444}]}"
29,BAGTROTTER,20 Rue Paul et Marc Barbezat,69150,DECINES-CHARPIEU,38068469600095,0.9994392991065979,BAGTROTTER,20 RUE PAUL ET MARC BARBEZAT,DECINES-CHARPIEU,69150,69275,FERME,2024-03-30 10:44:13,1,"{""bias"": 1.1616770029067993, ""margin"": 7.4858927726745605, ""prob_from_margin"": 0.9994393723271617, ""top"": [{""feature"": ""name_semantic_max"", ""shap"": 2.1923511028289795, ""value"": 1.0, ""model_input"": 1.0}, {""feature"": ""name_sim_max_etab"", ""shap"": 1.13755202293396, ""value"": 0.0, ""model_input"": 0.0}, {""feature"": ""token_overlap_ul"", ""shap"": 0.7383202910423279, ""value"": 1.0, ""model_input"": 1.0}, {""feature"": ""name_token_overlap_max"", ""shap"": 0.7164803147315979, ""value"": 1.0, ""model_input"": 1.0}, {""feature"": ""addr_token_overlap"", ""shap"": 0.6036816239356995, ""value"": 1.0, ""model_input"": 1.0}, {""feature"": ""name_sim_max_pm_dirigeant"", ""shap"": -0.49616873264312744, ""value"": 0.0, ""model_input"": 0.0}, {""feature"": ""name_crm_contains_cand_max"", ""shap"": 0.48379218578338623, ""value"": 1.0, ""model_input"": 1.0}, {""feature"": ""street_number_diff"", ""shap"": 0.47406327724456787, ""value"": 0.0, ""model_input"": 0.0}, {""feature"": ""is_siege"", ""shap"": -0.4647234380245209, ""value"": 0.0, ""model_input"": 0.0}, {""feature"": ""name_jaro_gap"", ""shap"": 0.3227650821208954, ""value"": 1.0, ""model_input"": 1.0}]}"
29,BAGTROTTER,20 Rue Paul et Marc Barbezat,69150,DECINES-CHARPIEU,84793578000019,0.9378796219825745,20 BARBEZAT,20 RUE PAUL ET MARC BARBEZAT,DECINES-CHARPIEU,69150,69275,FERME,2024-03-30 15:12:40,2,"{""bias"": 1.1616770029067993, ""margin"": 2.7145466804504395, ""prob_from_margin"": 0.9378795729259879, ""top"": [{""feature"": ""name_semantic_max"", ""shap"": -1.5474166870117188, ""value"": 0.4855402708053589, ""model_input"": 0.4855402708053589}, {""feature"": ""addr_token_overlap"", ""shap"": 1.4742653369903564, ""value"": 1.0, ""model_input"": 1.0}, {""feature"": ""street_number_diff"", ""shap"": 1.069286584854126, ""value"": 0.0, ""model_input"": 0.0}, {""feature"": ""name_sim_max_etab"", ""shap"": 0.7739888429641724, ""value"": 0.0, ""model_input"": 0.0}, {""feature"": ""addr_jaro"", ""shap"": 0.59837406873703, ""value"": 1.0, ""model_input"": 1.0}, {""feature"": ""addr_levenshtein"", ""shap"": 0.5498219728469849, ""value"": 1.0, ""model_input"": 1.0}, {""feature"": ""name_sim_max_pm_dirigeant"", ""shap"": -0.49437618255615234, ""value"": 0.0, ""model_input"": 0.0}, {""feature"": ""type_of_max_name"", ""shap"": 0.486045241355896, ""value"": 7.0, ""model_input"": 7.0}, {""feature"": ""name_length_max"", ""shap"": -0.32295042276382446, ""value"": 11.0, ""model_input"": 11.0}, {""feature"": ""name_token_overlap_max"", ""shap"": -0.3227745592594147, ""value"": 0.0, ""model_input"": 0.0}]}"
29,BAGTROTTER,20 Rue Paul et Marc Barbezat,69150,DECINES-CHARPIEU,66595018400259,0.934287428855896,OUEST ISOL,20 RUE PAUL ET MARC BARBEZAT,DECINES-CHARPIEU,69150,69275,FERME,2025-01-27 02:24:51,3,"{""bias"": 1.1616770029067993, ""margin"": 2.6544930934906006, ""prob_from_margin"": 0.9342873804605888, ""top"": [{""feature"": ""name_semantic_max"", ""shap"": -1.4400181770324707, ""value"": 0.485038697719574, ""model_input"": 0.485038697719574}, {""feature"": ""addr_token_overlap"", ""shap"": 1.4194015264511108, ""value"": 1.0, ""model_input"": 1.0}, {""feature"": ""street_number_diff"", ""shap"": 1.0078325271606445, ""value"": 0.0, ""model_input"": 0.0}, {""feature"": ""name_sim_max_pm_dirigeant"", ""shap"": 0.572323203086853, ""value"": 0.5523809523809524, ""model_input"": 0.5523809523809524}, {""feature"": ""addr_jaro"", ""shap"": 0.5411233305931091, ""value"": 1.0, ""model_input"": 1.0}, {""feature"": ""addr_levenshtein"", ""shap"": 0.5380560755729675, ""value"": 1.0, ""model_input"": 1.0}, {""feature"": ""name_count"", ""shap"": -0.4708966016769409, ""value"": 4.0, ""model_input"": 4.0}, {""feature"": ""name_semantic_gap"", ""shap"": 0.43781861662864685, ""value"": 0.020227402448654175, ""model_input"": 0.020227402448654175}, {""feature"": ""type_of_max_name"", ""shap"": 0.42745548486709595, ""value"": 4.0, ""model_input"": 4.0}, {""feature"": ""name_token_overlap_max"", ""shap"": -0.3345898389816284, ""value"": 0.0, ""model_input"": 0.0}]}"
29,BAGTROTTER,20 Rue Paul et Marc Barbezat,69150,DECINES-CHARPIEU,39043942000089,0.8920670747756958,DEBEAUX,20 RUE PAUL ET MARC BARBEZAT,DECINES-CHARPIEU,69150,69275,FERME,2024-03-30 18:08:30,4,"{""bias"": 1.1616770029067993, ""margin"": 2.1120312213897705, ""prob_from_margin"": 0.8920670619841459, ""top"": [{""feature"": ""name_semantic_max"", ""shap"": -1.498326301574707, ""value"": 0.48431581258773804, ""model_input"": 0.48431581258773804}, {""feature"": ""addr_token_overlap"", ""shap"": 1.4102325439453125, ""value"": 1.0, ""model_input"": 1.0}, {""feature"": ""street_number_diff"", ""shap"": 1.0962871313095093, ""value"": 0.0, ""model_input"": 0.0}, {""feature"": ""addr_jaro"", ""shap"": 0.6330662369728088, ""value"": 1.0, ""model_input"": 1.0}, {""feature"": ""addr_levenshtein"", ""shap"": 0.5090457797050476, ""value"": 1.0, ""model_input"": 1.0}, {""feature"": ""name_sim_max_etab"", ""shap"": 0.5008801221847534, ""value"": 0.3991452991452991, ""model_input"": 0.3991452991452991}, {""feature"": ""name_addr_consistency"", ""shap"": -0.4508340358734131, ""value"": 0.49523809523809526, ""model_input"": 0.49523809523809526}, {""feature"": ""name_length_max"", ""shap"": -0.4475300908088684, ""value"": 7.0, ""model_input"": 7.0}, {""feature"": ""name_token_overlap_max"", ""shap"": -0.353747695684433, ""value"": 0.0, ""model_input"": 0.0}, {""feature"": ""name_count"", ""shap"": 0.3214852213859558, ""value"": 2.0, ""model_input"": 2.0}]}"
29,BAGTROTTER,20 Rue Paul et Marc Barbezat,69150,DECINES-CHARPIEU,85120177200031,0.8882511854171753,SP COATING,20 RUE PAUL ET MARC BARBEZAT,DECINES-CHARPIEU,69150,69275,OUVERT,2024-03-30 00:01:31,5,"{""bias"": 1.1616770029067993, ""margin"": 2.073000907897949, ""prob_from_margin"": 0.8882511818558517, ""top"": [{""feature"": ""name_semantic_max"", ""shap"": -1.7413139343261719, ""value"": 0.45905202627182007, ""model_input"": 0.45905202627182007}, {""feature"": ""addr_token_overlap"", ""shap"": 1.368659257888794, ""value"": 1.0, ""model_input"": 1.0}, {""feature"": ""street_number_diff"", ""shap"": 0.9688045978546143, ""value"": 0.0, ""model_input"": 0.0}, {""feature"": ""addr_jaro"", ""shap"": 0.7314121723175049, ""value"": 1.0, ""model_input"": 1.0}, {""feature"": ""name_addr_consistency"", ""shap"": -0.5025196075439453, ""value"": 0.47222222222222227, ""model_input"": 0.47222222222222227}, {""feature"": ""addr_levenshtein"", ""shap"": 0.49924972653388977, ""value"": 1.0, ""model_input"": 1.0}, {""feature"": ""name_sim_max_ul"", ""shap"": -0.44445741176605225, ""value"": 0.4222222222222222, ""model_input"": 0.4222222222222222}, {""feature"": ""type_of_max_name"", ""shap"": 0.37877941131591797, ""value"": 4.0, ""model_input"": 4.0}, {""feature"": ""name_sim_max_pm_dirigeant"", ""shap"": 0.3267020285129547, ""value"": 0.47222222222222227, ""model_input"": 0.47222222222222227}, {""feature"": ""name_token_overlap_max"", ""shap"": -0.3203248977661133, ""value"": 0.0, ""model_input"": 0.0}]}"
122,BLANC ROSSET LYON,5 Rue du Mont-Blanc,69960,CORBAS,30139418500047,0.999278724193573,LE PERE BLANC ALPES VOLAILLES,1 RUE DU MONT BLANC,CORBAS,69960,69273,FERME,2024-03-22 15:40:57,1,"{""bias"": 1.1616770029067993, ""margin"": 7.233748435974121, ""prob_from_margin"": 0.999278710507293, ""top"": [{""feature"": ""name_semantic_max"", ""shap"": 2.842012643814087, ""value"": 0.9374607801437378, ""model_input"": 0.9374607801437378}, {""feature"": ""name_token_overlap_max"", ""shap"": 1.2369979619979858, ""value"": 0.6666666666666666, ""model_input"": 0.6666666666666666}, {""feature"": ""name_sim_max_pm_dirigeant"", ""shap"": 0.925267219543457, ""value"": 0.592156862745098, ""model_input"": 0.592156862745098}, {""feature"": ""token_overlap_ul"", ""shap"": 0.8401970863342285, ""value"": 0.6666666666666666, ""model_input"": 0.6666666666666666}, {""feature"": ""street_number_diff"", ""shap"": -0.5798253417015076, ""value"": 4.0, ""model_input"": 4.0}, {""feature"": ""name_crm_contains_cand_max"", ""shap"": 0.578482985496521, ""value"": 1.0, ""model_input"": 1.0}, {""feature"": ""addr_token_overlap"", ""shap"": 0.4514606297016144, ""value"": 0.6666666666666666, ""model_input"": 0.6666666666666666}, {""feature"": ""is_siege"", ""shap"": -0.3949962854385376, ""value"": 0.0, ""model_input"": 0.0}, {""feature"": ""name_sim_max_etab"", ""shap"": -0.2784992754459381, ""value"": 0.592156862745098, ""model_input"": 0.592156862745098}, {""feature"": ""name_jaro_max"", ""shap"": 0.24173706769943237, ""value"": 0.9411764705882353, ""model_input"": 0.9411764705882353}]}"
122,BLANC ROSSET LYON,5 Rue du Mont-Blanc,69960,CORBAS,41196973600015,0.9897322058677673,WBD LYON,21 AVENUE DE MONTMARTIN,CORBAS,69960,69273,FERME,2024-03-30 02:28:56,2,"{""bias"": 1.1616770029067993, ""margin"": 4.568424701690674, ""prob_from_margin"": 0.9897322313512263, ""top"": [{""feature"": ""name_semantic_max"", ""shap"": 2.2411041259765625, ""value"": 0.7240020632743835, ""model_input"": 0.7240020632743835}, {""feature"": ""name_sim_max_etab"", ""shap"": 1.1425888538360596, ""value"": 0.0, ""model_input"": 0.0}, {""feature"": ""street_number_diff"", ""shap"": -0.6903535723686218, ""value"": 16.0, ""model_input"": 16.0}, {""feature"": ""token_overlap_ul"", ""shap"": 0.5055091977119446, ""value"": 0.3333333333333333, ""model_input"": 0.3333333333333333}, {""feature"": ""name_addr_consistency"", ""shap"": 0.4186186194419861, ""value"": 0.32985135289764944, ""model_input"": 0.32985135289764944}, {""feature"": ""name_sim_max_pm_dirigeant"", ""shap"": -0.34928539395332336, ""value"": 0.0, ""model_input"": 0.0}, {""feature"": ""addr_token_overlap"", ""shap"": -0.34162381291389465, ""value"": 0.0, ""model_input"": 0.0}, {""feature"": ""name_semantic_second"", ""shap"": 0.3231748044490814, ""value"": 0.5658261775970459, ""model_input"": 0.5658261775970459}, {""feature"": ""addr_jaro"", ""shap"": -0.31104111671447754, ""value"": 0.578883803712179, ""model_input"": 0.578883803712179}, {""feature"": ""type_of_max_name"", ""shap"": 0.2802898585796356, ""value"": 7.0, ""model_input"": 7.0}]}"
122,BLANC ROSSET LYON,5 Rue du Mont-Blanc,69960,CORBAS,40400979700055,0.9863716959953308,MAISON LANDRIER PERE BLANC,5 RUE DU MONT BLANC,CORBAS,69960,69273,OUVERT,2025-03-27 13:06:58,3,"{""bias"": 1.1616770029067993, ""margin"": 4.281887054443359, ""prob_from_margin"": 0.9863717310018826, ""top"": [{""feature"": ""addr_token_overlap"", ""shap"": 1.0428510904312134, ""value"": 1.0, ""model_input"": 1.0}, {""feature"": ""street_number_diff"", ""shap"": 0.9045940041542053, ""value"": 0.0, ""model_input"": 0.0}, {""feature"": ""name_sim_max_pm_dirigeant"", ""shap"": 0.85636967420578, ""value"": 0.5410059676044331, ""model_input"": 0.5410059676044331}, {""feature"": ""addr_jaro"", ""shap"": 0.5231336951255798, ""value"": 1.0, ""model_input"": 1.0}, {""feature"": ""token_overlap_ul"", ""shap"": 0.4409509301185608, ""value"": 0.3333333333333333, ""model_input"": 0.3333333333333333}, {""feature"": ""name_semantic_second"", ""shap"": -0.33999425172805786, ""value"": 0.3904269337654114, ""model_input"": 0.3904269337654114}, {""feature"": ""name_count"", ""shap"": 0.33113887906074524, ""value"": 2.0, ""model_input"": 2.0}, {""feature"": ""name_levenshtein_max"", ""shap"": -0.32512038946151733, ""value"": 0.21739130434782605, ""model_input"": 0.21739130434782605}, {""feature"": ""type_of_max_name"", ""shap"": 0.31892940402030945, ""value"": 4.0, ""model_input"": 4.0}, {""feature"": ""addr_levenshtein"", ""shap"": 0.3142510652542114, ""value"": 1.0, ""model_input"": 1.0}]}"
122,BLANC ROSSET LYON,5 Rue du Mont-Blanc,69960,CORBAS,98401778000011,0.9617089033126831,MHT,5 RUE DU MONT BLANC,CORBAS,69960,69273,OUVERT,2024-04-10 10:50:58,4,"{""bias"": 1.1616770029067993, ""margin"": 3.223496437072754, ""prob_from_margin"": 0.9617089782217338, ""top"": [{""feature"": ""name_semantic_max"", ""shap"": -3.05539870262146, ""value"": 0.2892700731754303, ""model_input"": 0.2892700731754303}, {""feature"": ""addr_token_overlap"", ""shap"": 1.2031757831573486, ""value"": 1.0, ""model_input"": 1.0}, {""feature"": ""name_addr_consistency"", ""shap"": 1.1242585182189941, ""value"": 0.0, ""model_input"": 0.0}, {""feature"": ""street_number_diff"", ""shap"": 1.02173912525177, ""value"": 0.0, ""model_input"": 0.0}, {""feature"": ""addr_jaro"", ""shap"": 1.0083961486816406, ""value"": 1.0, ""model_input"": 1.0}, {""feature"": ""name_sim_max_etab"", ""shap"": 0.8494833111763, ""value"": 0.0, ""model_input"": 0.0}, {""feature"": ""name_levenshtein_max"", ""shap"": 0.6610041856765747, ""value"": 0.05882352941176472, ""model_input"": 0.05882352941176472}, {""feature"": ""addr_levenshtein"", ""shap"": 0.6469603180885315, ""value"": 1.0, ""model_input"": 1.0}, {""feature"": ""name_jaro_max"", ""shap"": 0.4754668176174164, ""value"": 0.0, ""model_input"": 0.0}, {""feature"": ""name_sim_max_ul"", ""shap"": -0.42157068848609924, ""value"": 0.0, ""model_input"": 0.0}]}"
122,BLANC ROSSET LYON,5 Rue du Mont-Blanc,69960,CORBAS,50484013300012,0.9368676543235779,BLANC NOEL,21 ALLEE HELENE BOUCHER,CORBAS,69960,69273,OUVERT,2024-03-30 12:55:50,5,"{""bias"": 1.1616770029067993, ""margin"": 2.6973094940185547, ""prob_from_margin"": 0.9368676965415182, ""top"": [{""feature"": ""name_semantic_max"", ""shap"": 2.580315589904785, ""value"": 0.7528199553489685, ""model_input"": 0.7528199553489685}, {""feature"": ""name_sim_max_etab"", ""shap"": 1.171746015548706, ""value"": 0.0, ""model_input"": 0.0}, {""feature"": ""name_addr_consistency"", ""shap"": -0.7160017490386963, ""value"": 0.48509923572785335, ""model_input"": 0.48509923572785335}, {""feature"": ""street_number_diff"", ""shap"": -0.5876237154006958, ""value"": 16.0, ""model_input"": 16.0}, {""feature"": ""name_sim_max_pm_dirigeant"", ""shap"": -0.4962812662124634, ""value"": 0.0, ""model_input"": 0.0}, {""feature"": ""addr_token_overlap"", ""shap"": -0.456704705953598, ""value"": 0.0, ""model_input"": 0.0}, {""feature"": ""name_length_max"", ""shap"": -0.4236483871936798, ""value"": 10.0, ""model_input"": 10.0}, {""feature"": ""token_overlap_ul"", ""shap"": 0.40086451172828674, ""value"": 0.3333333333333333, ""model_input"": 0.3333333333333333}, {""feature"": ""addr_levenshtein"", ""shap"": -0.2974947690963745, ""value"": 0.21739130434782605, ""model_input"": 0.21739130434782605}, {""feature"": ""name_jaro_gap"", ""shap"": 0.29401156306266785, ""value"": 0.8858823529411766, ""model_input"": 0.8858823529411766}]}"
123,BUFAB FRANCE,21 Avenue du 24 Août 1944,69960,CORBAS,35323743100088,0.9997510313987732,CHAPELLET,21 AVENUE DU 24 AOUT 1944,CORBAS,69960,69273,OUVERT,2025-07-08 17:47:37,1,"{""bias"": 1.1616770029067993, ""margin"": 8.298166275024414, ""prob_from_margin"": 0.9997510890154028, ""top"": [{""feature"": ""name_semantic_max"", ""shap"": 2.386720895767212, ""value"": 1.0, ""model_input"": 1.0}, {""feature"": ""token_overlap_ul"", ""shap"": 0.9214449524879456, ""value"": 1.0, ""model_input"": 1.0}, {""feature"": ""name_token_overlap_max"", ""shap"": 0.91154545545578, ""value"": 1.0, ""model_input"": 1.0}, {""feature"": ""name_crm_contains_cand_max"", ""shap"": 0.6980059146881104, ""value"": 1.0, ""model_input"": 1.0}, {""feature"": ""addr_token_overlap"", ""shap"": 0.5073516368865967, ""value"": 1.0, ""model_input"": 1.0}, {""feature"": ""street_number_diff"", ""shap"": 0.49449673295021057, ""value"": 0.0, ""model_input"": 0.0}, {""feature"": ""name_addr_consistency"", ""shap"": 0.36728543043136597, ""value"": 1.0, ""model_input"": 1.0}, {""feature"": ""is_siege"", ""shap"": 0.32314804196357727, ""value"": 1.0, ""model_input"": 1.0}, {""feature"": ""name_semantic_second"", ""shap"": -0.31982091069221497, ""value"": 0.38911065459251404, ""model_input"": 0.38911065459251404}, {""feature"": ""addr_jaro"", ""shap"": 0.20432694256305695, ""value"": 1.0, ""model_input"": 1.0}]}"
123,BUFAB FRANCE,21 Avenue du 24 Août 1944,69960,CORBAS,35323743100054,0.9951477646827698,BUFAB FRANCE,36 ROUTE DE LYON,CORBAS,69960,69273,FERME,2025-07-08 17:47:37,2,"{""bias"": 1.1616770029067993, ""margin"": 5.323445796966553, ""prob_from_margin"": 0.9951477359642278, ""top"": [{""feature"": ""name_semantic_max"", ""shap"": 2.7890193462371826, ""value"": 1.0, ""model_input"": 1.0}, {""feature"": ""name_token_overlap_max"", ""shap"": 1.056100606918335, ""value"": 1.0, ""model_input"": 1.0}, {""feature"": ""token_overlap_ul"", ""shap"": 0.9837124347686768, ""value"": 1.0, ""model_input"": 1.0}, {""feature"": ""name_sim_max_etab"", ""shap"": 0.8676726222038269, ""value"": 0.39999999999999997, ""model_input"": 0.39999999999999997}, {""feature"": ""is_siege"", ""shap"": -0.5983762145042419, ""value"": 0.0, ""model_input"": 0.0}, {""feature"": ""addr_token_overlap"", ""shap"": -0.556236207485199, ""value"": 0.0, ""model_input"": 0.0}, {""feature"": ""street_number_diff"", ""shap"": -0.48196491599082947, ""value"": 15.0, ""model_input"": 15.0}, {""feature"": ""name_crm_contains_cand_max"", ""shap"": 0.44928574562072754, ""value"": 1.0, ""model_input"": 1.0}, {""feature"": ""addr_jaro"", ""shap"": -0.36074963212013245, ""value"": 0.4926851851851852, ""model_input"": 0.4926851851851852}, {""feature"": ""name_addr_consistency"", ""shap"": -0.3421134054660797, ""value"": 0.4926851851851852, ""model_input"": 0.4926851851851852}]}"
123,BUFAB FRANCE,21 Avenue du 24 Août 1944,69960,CORBAS,43500581400015,0.990608811378479,FRANCE INOX BUFAB,13 AV DU 24 AOUT 1944,CORBAS,69960,69273,FERME,2024-03-22 15:40:57,3,"{""bias"": 1.1616770029067993, ""margin"": 4.658541679382324, ""prob_from_margin"": 0.9906087540090383, ""top"": [{""feature"": ""name_semantic_max"", ""shap"": 2.303070545196533, ""value"": 0.761317789554596, ""model_input"": 0.761317789554596}, {""feature"": ""name_sim_max_etab"", ""shap"": 1.181915044784546, ""value"": 0.0, ""model_input"": 0.0}, {""feature"": ""name_token_overlap_max"", ""shap"": 1.0171231031417847, ""value"": 0.6666666666666666, ""model_input"": 0.6666666666666666}, {""feature"": ""token_overlap_ul"", ""shap"": 0.8728843927383423, ""value"": 1.0, ""model_input"": 1.0}, {""feature"": ""street_number_diff"", ""shap"": -0.6401679515838623, ""value"": 8.0, ""model_input"": 8.0}, {""feature"": ""name_addr_consistency"", ""shap"": -0.5705370903015137, ""value"": 0.4704008455233945, ""model_input"": 0.4704008455233945}, {""feature"": ""name_sim_max_pm_dirigeant"", ""shap"": -0.43418043851852417, ""value"": 0.0, ""model_input"": 0.0}, {""feature"": ""addr_token_overlap"", ""shap"": 0.2379513382911682, ""value"": 0.5, ""model_input"": 0.5}, {""feature"": ""name_semantic_second"", ""shap"": -0.2089037299156189, ""value"": 0.0, ""model_input"": 0.0}, {""feature"": ""addr_levenshtein"", ""shap"": 0.1925899237394333, ""value"": 0.76, ""model_input"": 0.76}]}"
123,BUFAB FRANCE,21 Avenue du 24 Août 1944,69960,CORBAS,43500581400023,0.989654004573822,FRANCE INOX BUFAB,36 RTE DE LYON,CORBAS,69960,69273,FERME,2024-03-22 15:40:57,4,"{""bias"": 1.1616770029067993, ""margin"": 4.560749530792236, ""prob_from_margin"": 0.9896539397464327, ""top"": [{""feature"": ""name_semantic_max"", ""shap"": 2.3854100704193115, ""value"": 0.761317789554596, ""model_input"": 0.761317789554596}, {""feature"": ""name_sim_max_etab"", ""shap"": 1.1137731075286865, ""value"": 0.0, ""model_input"": 0.0}, {""feature"": ""name_token_overlap_max"", ""shap"": 0.9741832613945007, ""value"": 0.6666666666666666, ""model_input"": 0.6666666666666666}, {""feature"": ""token_overlap_ul"", ""shap"": 0.9618945717811584, ""value"": 1.0, ""model_input"": 1.0}, {""feature"": ""name_sim_max_pm_dirigeant"", ""shap"": -0.4191942512989044, ""value"": 0.0, ""model_input"": 0.0}, {""feature"": ""street_number_diff"", ""shap"": -0.416300505399704, ""value"": 15.0, ""model_input"": 15.0}, {""feature"": ""name_semantic_second"", ""shap"": -0.32597616314888, ""value"": 0.0, ""model_input"": 0.0}, {""feature"": ""addr_token_overlap"", ""shap"": -0.31646668910980225, ""value"": 0.0, ""model_input"": 0.0}, {""feature"": ""addr_levenshtein"", ""shap"": -0.31532424688339233, ""value"": 0.24, ""model_input"": 0.24}, {""feature"": ""type_of_max_name"", ""shap"": 0.2240588366985321, ""value"": 7.0, ""model_input"": 7.0}]}"
123,BUFAB FRANCE,21 Avenue du 24 Août 1944,69960,CORBAS,35323743100013,0.9873005747795105,BUFAB FRANCE,657 RUE DU CARREAU,CORBAS,69960,69273,FERME,2025-01-28 02:44:53,5,"{""bias"": 1.1616770029067993, ""margin"": 4.353420257568359, ""prob_from_margin"": 0.9873006056858774, ""top"": [{""feature"": ""name_semantic_max"", ""shap"": 2.760727882385254, ""value"": 1.0, ""model_input"": 1.0}, {""feature"": ""street_number_diff"", ""shap"": -1.2157303094863892, ""value"": 636.0, ""model_input"": 636.0}, {""feature"": ""name_token_overlap_max"", ""shap"": 0.9915668964385986, ""value"": 1.0, ""model_input"": 1.0}, {""feature"": ""token_overlap_ul"", ""shap"": 0.9558337330818176, ""value"": 1.0, ""model_input"": 1.0}, {""feature"": ""name_sim_max_etab"", ""shap"": 0.7406141757965088, ""value"": 0.39999999999999997, ""model_input"": 0.39999999999999997}, {""feature"": ""is_siege"", ""shap"": -0.6947590112686157, ""value"": 0.0, ""model_input"": 0.0}, {""feature"": ""addr_token_overlap"", ""shap"": -0.5712535977363586, ""value"": 0.1111111111111111, ""model_input"": 0.1111111111111111}, {""feature"": ""addr_jaro"", ""shap"": -0.35255637764930725, ""value"": 0.5927946127946128, ""model_input"": 0.5927946127946128}, {""feature"": ""addr_levenshtein"", ""shap"": -0.31669342517852783, ""value"": 0.28, ""model_input"": 0.28}, {""feature"": ""name_crm_contains_cand_max"", ""shap"": 0.28858083486557007, ""value"": 1.0, ""model_input"": 1.0}]}"
77,Babolat Corbas,1 avenue du 24 Aout 1944,69960,CORBAS,55213140100101,0.9990739822387695,BABOLAT VS,1 AVENUE DU 24 AOUT 1944,CORBAS,69960,69273,OUVERT,2024-03-30 07:29:58,1,"{""bias"": 1.1616770029067993, ""margin"": 6.983664512634277, ""prob_from_margin"": 0.9990739580145263, ""top"": [{""feature"": ""name_sim_max_pm_dirigeant"", ""shap"": 1.1566503047943115, ""value"": 0.5595238095238095, ""model_input"": 0.5595238095238095}, {""feature"": ""name_semantic_max"", ""shap"": 0.9820799231529236, ""value"": 0.6556079387664795, ""model_input"": 0.6556079387664795}, {""feature"": ""name_token_overlap_max"", ""shap"": 0.8946316242218018, ""value"": 0.5, ""model_input"": 0.5}, {""feature"": ""token_overlap_ul"", ""shap"": 0.8735973834991455, ""value"": 1.0, ""model_input"": 1.0}, {""feature"": ""addr_token_overlap"", ""shap"": 0.867607831954956, ""value"": 1.0, ""model_input"": 1.0}, {""feature"": ""street_number_diff"", ""shap"": 0.6022494435310364, ""value"": 0.0, ""model_input"": 0.0}, {""feature"": ""name_semantic_second"", ""shap"": -0.35776981711387634, ""value"": 0.3807139992713928, ""model_input"": 0.3807139992713928}, {""feature"": ""name_sim_max_ul"", ""shap"": 0.3192043900489807, ""value"": 0.9400000000000001, ""model_input"": 0.9400000000000001}, {""feature"": ""name_addr_consistency"", ""shap"": 0.27844753861427307, ""value"": 0.9400000000000001, ""model_input"": 0.9400000000000001}, {""feature"": ""name_contains_crm_max"", ""shap"": 0.27223634719848633, ""value"": 1.0, ""model_input"": 1.0}]}"
78,Babolat Corbas,1 avenue du 24 Aout 1944,69960,CORBAS,55213140100101,0.9990739822387695,BABOLAT VS,1 AVENUE DU 24 AOUT 1944,CORBAS,69960,69273,OUVERT,2024-03-30 07:29:58,1,"{""bias"": 1.1616770029067993, ""margin"": 6.983664512634277, ""prob_from_margin"": 0.9990739580145263, ""top"": [{""feature"": ""name_sim_max_pm_dirigeant"", ""shap"": 1.1566503047943115, ""value"": 0.5595238095238095, ""model_input"": 0.5595238095238095}, {""feature"": ""name_semantic_max"", ""shap"": 0.9820799231529236, ""value"": 0.6556079387664795, ""model_input"": 0.6556079387664795}, {""feature"": ""name_token_overlap_max"", ""shap"": 0.8946316242218018, ""value"": 0.5, ""model_input"": 0.5}, {""feature"": ""token_overlap_ul"", ""shap"": 0.8735973834991455, ""value"": 1.0, ""model_input"": 1.0}, {""feature"": ""addr_token_overlap"", ""shap"": 0.867607831954956, ""value"": 1.0, ""model_input"": 1.0}, {""feature"": ""street_number_diff"", ""shap"": 0.6022494435310364, ""value"": 0.0, ""model_input"": 0.0}, {""feature"": ""name_semantic_second"", ""shap"": -0.35776981711387634, ""value"": 0.3807139992713928, ""model_input"": 0.3807139992713928}, {""feature"": ""name_sim_max_ul"", ""shap"": 0.3192043900489807, ""value"": 0.9400000000000001, ""model_input"": 0.9400000000000001}, {""feature"": ""name_addr_consistency"", ""shap"": 0.27844753861427307, ""value"": 0.9400000000000001, ""model_input"": 0.9400000000000001}, {""feature"": ""name_contains_crm_max"", ""shap"": 0.27223634719848633, ""value"": 1.0, ""model_input"": 1.0}]}"
127,Babolat Corbas,1 avenue du 24 Aout 1944,69960,CORBAS,55213140100101,0.9990739822387695,BABOLAT VS,1 AVENUE DU 24 AOUT 1944,CORBAS,69960,69273,OUVERT,2024-03-30 07:29:58,1,"{""bias"": 1.1616770029067993, ""margin"": 6.983664512634277, ""prob_from_margin"": 0.9990739580145263, ""top"": [{""feature"": ""name_sim_max_pm_dirigeant"", ""shap"": 1.1566503047943115, ""value"": 0.5595238095238095, ""model_input"": 0.5595238095238095}, {""feature"": ""name_semantic_max"", ""shap"": 0.9820799231529236, ""value"": 0.6556079387664795, ""model_input"": 0.6556079387664795}, {""feature"": ""name_token_overlap_max"", ""shap"": 0.8946316242218018, ""value"": 0.5, ""model_input"": 0.5}, {""feature"": ""token_overlap_ul"", ""shap"": 0.8735973834991455, ""value"": 1.0, ""model_input"": 1.0}, {""feature"": ""addr_token_overlap"", ""shap"": 0.867607831954956, ""value"": 1.0, ""model_input"": 1.0}, {""feature"": ""street_number_diff"", ""shap"": 0.6022494435310364, ""value"": 0.0, ""model_input"": 0.0}, {""feature"": ""name_semantic_second"", ""shap"": -0.35776981711387634, ""value"": 0.3807139992713928, ""model_input"": 0.3807139992713928}, {""feature"": ""name_sim_max_ul"", ""shap"": 0.3192043900489807, ""value"": 0.9400000000000001, ""model_input"": 0.9400000000000001}, {""feature"": ""name_addr_consistency"", ""shap"": 0.27844753861427307, ""value"": 0.9400000000000001, ""model_input"": 0.9400000000000001}, {""feature"": ""name_contains_crm_max"", ""shap"": 0.27223634719848633, ""value"": 1.0, ""model_input"": 1.0}]}"
77,Babolat Corbas,1 avenue du 24 Aout 1944,69960,CORBAS,32274915100278,0.904172420501709,LACOMBE TRANSPORTS INTERNATIONAUX,1 AV DU 24 AOUT 1944,CORBAS,69960,69273,FERME,2025-01-21 02:52:54,2,"{""bias"": 1.1616770029067993, ""margin"": 2.2444705963134766, ""prob_from_margin"": 0.9041725117569971, ""top"": [{""feature"": ""name_semantic_max"", ""shap"": -2.0223031044006348, ""value"": 0.4484611749649048, ""model_input"": 0.4484611749649048}, {""feature"": ""street_number_diff"", ""shap"": 1.3610244989395142, ""value"": 0.0, ""model_input"": 0.0}, {""feature"": ""name_sim_max_etab"", ""shap"": 0.7950656414031982, ""value"": 0.0, ""model_input"": 0.0}, {""feature"": ""type_of_max_name"", ""shap"": 0.7746665477752686, ""value"": 7.0, ""model_input"": 7.0}, {""feature"": ""addr_levenshtein"", ""shap"": 0.567326009273529, ""value"": 0.8333333333333334, ""model_input"": 0.8333333333333334}, {""feature"": ""addr_token_overlap"", ""shap"": 0.5565001368522644, ""value"": 0.7142857142857143, ""model_input"": 0.7142857142857143}, {""feature"": ""name_length_max"", ""shap"": 0.47369804978370667, ""value"": 33.0, ""model_input"": 33.0}, {""feature"": ""name_token_overlap_max"", ""shap"": -0.38158196210861206, ""value"": 0.0, ""model_input"": 0.0}, {""feature"": ""name_semantic_second"", ""shap"": -0.3415886163711548, ""value"": 0.0, ""model_input"": 0.0}, {""feature"": ""name_addr_consistency"", ""shap"": -0.3284984827041626, ""value"": 0.5211640211640212, ""model_input"": 0.5211640211640212}]}"
78,Babolat Corbas,1 avenue du 24 Aout 1944,69960,CORBAS,32274915100278,0.904172420501709,LACOMBE TRANSPORTS INTERNATIONAUX,1 AV DU 24 AOUT 1944,CORBAS,69960,69273,FERME,2025-01-21 02:52:54,2,"{""bias"": 1.1616770029067993, ""margin"": 2.2444705963134766, ""prob_from_margin"": 0.9041725117569971, ""top"": [{""feature"": ""name_semantic_max"", ""shap"": -2.0223031044006348, ""value"": 0.4484611749649048, ""model_input"": 0.4484611749649048}, {""feature"": ""street_number_diff"", ""shap"": 1.3610244989395142, ""value"": 0.0, ""model_input"": 0.0}, {""feature"": ""name_sim_max_etab"", ""shap"": 0.7950656414031982, ""value"": 0.0, ""model_input"": 0.0}, {""feature"": ""type_of_max_name"", ""shap"": 0.7746665477752686, ""value"": 7.0, ""model_input"": 7.0}, {""feature"": ""addr_levenshtein"", ""shap"": 0.567326009273529, ""value"": 0.8333333333333334, ""model_input"": 0.8333333333333334}, {""feature"": ""addr_token_overlap"", ""shap"": 0.5565001368522644, ""value"": 0.7142857142857143, ""model_input"": 0.7142857142857143}, {""feature"": ""name_length_max"", ""shap"": 0.47369804978370667, ""value"": 33.0, ""model_input"": 33.0}, {""feature"": ""name_token_overlap_max"", ""shap"": -0.38158196210861206, ""value"": 0.0, ""model_input"": 0.0}, {""feature"": ""name_semantic_second"", ""shap"": -0.3415886163711548, ""value"": 0.0, ""model_input"": 0.0}, {""feature"": ""name_addr_consistency"", ""shap"": -0.3284984827041626, ""value"": 0.5211640211640212, ""model_input"": 0.5211640211640212}]}"
127,Babolat Corbas,1 avenue du 24 Aout 1944,69960,CORBAS,32274915100278,0.904172420501709,LACOMBE TRANSPORTS INTERNATIONAUX,1 AV DU 24 AOUT 1944,CORBAS,69960,69273,FERME,2025-01-21 02:52:54,2,"{""bias"": 1.1616770029067993, ""margin"": 2.2444705963134766, ""prob_from_margin"": 0.9041725117569971, ""top"": [{""feature"": ""name_semantic_max"", ""shap"": -2.0223031044006348, ""value"": 0.4484611749649048, ""model_input"": 0.4484611749649048}, {""feature"": ""street_number_diff"", ""shap"": 1.3610244989395142, ""value"": 0.0, ""model_input"": 0.0}, {""feature"": ""name_sim_max_etab"", ""shap"": 0.7950656414031982, ""value"": 0.0, ""model_input"": 0.0}, {""feature"": ""type_of_max_name"", ""shap"": 0.7746665477752686, ""value"": 7.0, ""model_input"": 7.0}, {""feature"": ""addr_levenshtein"", ""shap"": 0.567326009273529, ""value"": 0.8333333333333334, ""model_input"": 0.8333333333333334}, {""feature"": ""addr_token_overlap"", ""shap"": 0.5565001368522644, ""value"": 0.7142857142857143, ""model_input"": 0.7142857142857143}, {""feature"": ""name_length_max"", ""shap"": 0.47369804978370667, ""value"": 33.0, ""model_input"": 33.0}, {""feature"": ""name_token_overlap_max"", ""shap"": -0.38158196210861206, ""value"": 0.0, ""model_input"": 0.0}, {""feature"": ""name_semantic_second"", ""shap"": -0.3415886163711548, ""value"": 0.0, ""model_input"": 0.0}, {""feature"": ""name_addr_consistency"", ""shap"": -0.3284984827041626, ""value"": 0.5211640211640212, ""model_input"": 0.5211640211640212}]}"
77,Babolat Corbas,1 avenue du 24 Aout 1944,69960,CORBAS,34459795000031,0.8641716837882996,FES,1 AVENUE DU 24 AOUT 1944,CORBAS,69960,69273,FERME,2024-03-30 11:18:50,3,"{""bias"": 1.1616770029067993, ""margin"": 1.8503793478012085, ""prob_from_margin"": 0.8641716366153877, ""top"": [{""feature"": ""addr_token_overlap"", ""shap"": 1.3996872901916504, ""value"": 1.0, ""model_input"": 1.0}, {""feature"": ""street_number_diff"", ""shap"": 1.1430221796035767, ""value"": 0.0, ""model_input"": 0.0}, {""feature"": ""name_sim_max_etab"", ""shap"": -0.7791544198989868, ""value"": 0.6428571428571429, ""model_input"": 0.6428571428571429}, {""feature"": ""name_sim_max_pm_dirigeant"", ""shap"": 0.6814393401145935, ""value"": 0.6428571428571429, ""model_input"": 0.6428571428571429}, {""feature"": ""name_semantic_max"", ""shap"": -0.606364369392395, ""value"": 0.5567994117736816, ""model_input"": 0.5567994117736816}, {""feature"": ""addr_jaro"", ""shap"": 0.5361275672912598, ""value"": 1.0, ""model_input"": 1.0}, {""feature"": ""addr_levenshtein"", ""shap"": 0.47150206565856934, ""value"": 1.0, ""model_input"": 1.0}, {""feature"": ""type_of_max_name"", ""shap"": 0.44410809874534607, ""value"": 4.0, ""model_input"": 4.0}, {""feature"": ""name_token_overlap_max"", ""shap"": -0.32661208510398865, ""value"": 0.0, ""model_input"": 0.0}, {""feature"": ""name_count"", ""shap"": -0.316463440656662, ""value"": 4.0, ""model_input"": 4.0}]}"
78,Babolat Corbas,1 avenue du 24 Aout 1944,69960,CORBAS,34459795000031,0.8641716837882996,FES,1 AVENUE DU 24 AOUT 1944,CORBAS,69960,69273,FERME,2024-03-30 11:18:50,3,"{""bias"": 1.1616770029067993, ""margin"": 1.8503793478012085, ""prob_from_margin"": 0.8641716366153877, ""top"": [{""feature"": ""addr_token_overlap"", ""shap"": 1.3996872901916504, ""value"": 1.0, ""model_input"": 1.0}, {""feature"": ""street_number_diff"", ""shap"": 1.1430221796035767, ""value"": 0.0, ""model_input"": 0.0}, {""feature"": ""name_sim_max_etab"", ""shap"": -0.7791544198989868, ""value"": 0.6428571428571429, ""model_input"": 0.6428571428571429}, {""feature"": ""name_sim_max_pm_dirigeant"", ""shap"": 0.6814393401145935, ""value"": 0.6428571428571429, ""model_input"": 0.6428571428571429}, {""feature"": ""name_semantic_max"", ""shap"": -0.606364369392395, ""value"": 0.5567994117736816, ""model_input"": 0.5567994117736816}, {""feature"": ""addr_jaro"", ""shap"": 0.5361275672912598, ""value"": 1.0, ""model_input"": 1.0}, {""feature"": ""addr_levenshtein"", ""shap"": 0.47150206565856934, ""value"": 1.0, ""model_input"": 1.0}, {""feature"": ""type_of_max_name"", ""shap"": 0.44410809874534607, ""value"": 4.0, ""model_input"": 4.0}, {""feature"": ""name_token_overlap_max"", ""shap"": -0.32661208510398865, ""value"": 0.0, ""model_input"": 0.0}, {""feature"": ""name_count"", ""shap"": -0.316463440656662, ""value"": 4.0, ""model_input"": 4.0}]}"
127,Babolat Corbas,1 avenue du 24 Aout 1944,69960,CORBAS,34459795000031,0.8641716837882996,FES,1 AVENUE DU 24 AOUT 1944,CORBAS,69960,69273,FERME,2024-03-30 11:18:50,3,"{""bias"": 1.1616770029067993, ""margin"": 1.8503793478012085, ""prob_from_margin"": 0.8641716366153877, ""top"": [{""feature"": ""addr_token_overlap"", ""shap"": 1.3996872901916504, ""value"": 1.0, ""model_input"": 1.0}, {""feature"": ""street_number_diff"", ""shap"": 1.1430221796035767, ""value"": 0.0, ""model_input"": 0.0}, {""feature"": ""name_sim_max_etab"", ""shap"": -0.7791544198989868, ""value"": 0.6428571428571429, ""model_input"": 0.6428571428571429}, {""feature"": ""name_sim_max_pm_dirigeant"", ""shap"": 0.6814393401145935, ""value"": 0.6428571428571429, ""model_input"": 0.6428571428571429}, {""feature"": ""name_semantic_max"", ""shap"": -0.606364369392395, ""value"": 0.5567994117736816, ""model_input"": 0.5567994117736816}, {""feature"": ""addr_jaro"", ""shap"": 0.5361275672912598, ""value"": 1.0, ""model_input"": 1.0}, {""feature"": ""addr_levenshtein"", ""shap"": 0.47150206565856934, ""value"": 1.0, ""model_input"": 1.0}, {""feature"": ""type_of_max_name"", ""shap"": 0.44410809874534607, ""value"": 4.0, ""model_input"": 4.0}, {""feature"": ""name_token_overlap_max"", ""shap"": -0.32661208510398865, ""value"": 0.0, ""model_input"": 0.0}, {""feature"": ""name_count"", ""shap"": -0.316463440656662, ""value"": 4.0, ""model_input"": 4.0}]}"
77,Babolat Corbas,1 avenue du 24 Aout 1944,69960,CORBAS,95450547500036,0.8391379714012146,ETABLISSEMENTS G. DURRSCHMIDT,1 AVENUE DU 24 AOUT 1944,CORBAS,69960,69273,FERME,2024-03-30 06:08:28,4,"{""bias"": 1.1616770029067993, ""margin"": 1.6518276929855347, ""prob_from_margin"": 0.8391379153760906, ""top"": [{""feature"": ""name_semantic_max"", ""shap"": -2.1397764682769775, ""value"": 0.4114319384098053, ""model_input"": 0.4114319384098053}, {""feature"": ""addr_token_overlap"", ""shap"": 1.1560373306274414, ""value"": 1.0, ""model_input"": 1.0}, {""feature"": ""street_number_diff"", ""shap"": 1.0719572305679321, ""value"": 0.0, ""model_input"": 0.0}, {""feature"": ""addr_jaro"", ""shap"": 0.7610272765159607, ""value"": 1.0, ""model_input"": 1.0}, {""feature"": ""name_sim_max_etab"", ""shap"": 0.7541372179985046, ""value"": 0.0, ""model_input"": 0.0}, {""feature"": ""name_addr_consistency"", ""shap"": -0.6416243314743042, ""value"": 0.48645320197044334, ""model_input"": 0.48645320197044334}, {""feature"": ""addr_levenshtein"", ""shap"": 0.506569504737854, ""value"": 1.0, ""model_input"": 1.0}, {""feature"": ""type_of_max_name"", ""shap"": 0.4230276942253113, ""value"": 7.0, ""model_input"": 7.0}, {""feature"": ""name_semantic_second"", ""shap"": -0.38512876629829407, ""value"": 0.0, ""model_input"": 0.0}, {""feature"": ""name_sim_max_pm_dirigeant"", ""shap"": -0.3846317231655121, ""value"": 0.0, ""model_input"": 0.0}]}"
78,Babolat Corbas,1 avenue du 24 Aout 1944,69960,CORBAS,95450547500036,0.8391379714012146,ETABLISSEMENTS G. DURRSCHMIDT,1 AVENUE DU 24 AOUT 1944,CORBAS,69960,69273,FERME,2024-03-30 06:08:28,4,"{""bias"": 1.1616770029067993, ""margin"": 1.6518276929855347, ""prob_from_margin"": 0.8391379153760906, ""top"": [{""feature"": ""name_semantic_max"", ""shap"": -2.1397764682769775, ""value"": 0.4114319384098053, ""model_input"": 0.4114319384098053}, {""feature"": ""addr_token_overlap"", ""shap"": 1.1560373306274414, ""value"": 1.0, ""model_input"": 1.0}, {""feature"": ""street_number_diff"", ""shap"": 1.0719572305679321, ""value"": 0.0, ""model_input"": 0.0}, {""feature"": ""addr_jaro"", ""shap"": 0.7610272765159607, ""value"": 1.0, ""model_input"": 1.0}, {""feature"": ""name_sim_max_etab"", ""shap"": 0.7541372179985046, ""value"": 0.0, ""model_input"": 0.0}, {""feature"": ""name_addr_consistency"", ""shap"": -0.6416243314743042, ""value"": 0.48645320197044334, ""model_input"": 0.48645320197044334}, {""feature"": ""addr_levenshtein"", ""shap"": 0.506569504737854, ""value"": 1.0, ""model_input"": 1.0}, {""feature"": ""type_of_max_name"", ""shap"": 0.4230276942253113, ""value"": 7.0, ""model_input"": 7.0}, {""feature"": ""name_semantic_second"", ""shap"": -0.38512876629829407, ""value"": 0.0, ""model_input"": 0.0}, {""feature"": ""name_sim_max_pm_dirigeant"", ""shap"": -0.3846317231655121, ""value"": 0.0, ""model_input"": 0.0}]}"
127,Babolat Corbas,1 avenue du 24 Aout 1944,69960,CORBAS,95450547500036,0.8391379714012146,ETABLISSEMENTS G. DURRSCHMIDT,1 AVENUE DU 24 AOUT 1944,CORBAS,69960,69273,FERME,2024-03-30 06:08:28,4,"{""bias"": 1.1616770029067993, ""margin"": 1.6518276929855347, ""prob_from_margin"": 0.8391379153760906, ""top"": [{""feature"": ""name_semantic_max"", ""shap"": -2.1397764682769775, ""value"": 0.4114319384098053, ""model_input"": 0.4114319384098053}, {""feature"": ""addr_token_overlap"", ""shap"": 1.1560373306274414, ""value"": 1.0, ""model_input"": 1.0}, {""feature"": ""street_number_diff"", ""shap"": 1.0719572305679321, ""value"": 0.0, ""model_input"": 0.0}, {""feature"": ""addr_jaro"", ""shap"": 0.7610272765159607, ""value"": 1.0, ""model_input"": 1.0}, {""feature"": ""name_sim_max_etab"", ""shap"": 0.7541372179985046, ""value"": 0.0, ""model_input"": 0.0}, {""feature"": ""name_addr_consistency"", ""shap"": -0.6416243314743042, ""value"": 0.48645320197044334, ""model_input"": 0.48645320197044334}, {""feature"": ""addr_levenshtein"", ""shap"": 0.506569504737854, ""value"": 1.0, ""model_input"": 1.0}, {""feature"": ""type_of_max_name"", ""shap"": 0.4230276942253113, ""value"": 7.0, ""model_input"": 7.0}, {""feature"": ""name_semantic_second"", ""shap"": -0.38512876629829407, ""value"": 0.0, ""model_input"": 0.0}, {""feature"": ""name_sim_max_pm_dirigeant"", ""shap"": -0.3846317231655121, ""value"": 0.0, ""model_input"": 0.0}]}"
77,Babolat Corbas,1 avenue du 24 Aout 1944,69960,CORBAS,37932444500012,0.7820568084716797,COMITE D'ENTREPRISE DUMSCHMIDT,1 AVENUE DU 24 AOUT 1944,CORBAS,69960,69273,OUVERT,2025-02-03 02:24:48,5,"{""bias"": 1.1616770029067993, ""margin"": 1.2776917219161987, ""prob_from_margin"": 0.7820566002598485, ""top"": [{""feature"": ""name_semantic_max"", ""shap"": -2.3168413639068604, ""value"": 0.36155372858047485, ""model_input"": 0.36155372858047485}, {""feature"": ""addr_token_overlap"", ""shap"": 1.1733285188674927, ""value"": 1.0, ""model_input"": 1.0}, {""feature"": ""street_number_diff"", ""shap"": 0.981381356716156, ""value"": 0.0, ""model_input"": 0.0}, {""feature"": ""name_sim_max_etab"", ""shap"": 0.7605518698692322, ""value"": 0.0, ""model_input"": 0.0}, {""feature"": ""addr_jaro"", ""shap"": 0.6771701574325562, ""value"": 1.0, ""model_input"": 1.0}, {""feature"": ""addr_levenshtein"", ""shap"": 0.47818422317504883, ""value"": 1.0, ""model_input"": 1.0}, {""feature"": ""name_sim_max_pm_dirigeant"", ""shap"": -0.4115935266017914, ""value"": 0.0, ""model_input"": 0.0}, {""feature"": ""name_semantic_second"", ""shap"": -0.39432185888290405, ""value"": 0.0, ""model_input"": 0.0}, {""feature"": ""type_of_max_name"", ""shap"": 0.36810463666915894, ""value"": 7.0, ""model_input"": 7.0}, {""feature"": ""name_addr_consistency"", ""shap"": -0.3581831753253937, ""value"": 0.4507936507936508, ""model_input"": 0.4507936507936508}]}"
78,Babolat Corbas,1 avenue du 24 Aout 1944,69960,CORBAS,37932444500012,0.7820568084716797,COMITE D'ENTREPRISE DUMSCHMIDT,1 AVENUE DU 24 AOUT 1944,CORBAS,69960,69273,OUVERT,2025-02-03 02:24:48,5,"{""bias"": 1.1616770029067993, ""margin"": 1.2776917219161987, ""prob_from_margin"": 0.7820566002598485, ""top"": [{""feature"": ""name_semantic_max"", ""shap"": -2.3168413639068604, ""value"": 0.36155372858047485, ""model_input"": 0.36155372858047485}, {""feature"": ""addr_token_overlap"", ""shap"": 1.1733285188674927, ""value"": 1.0, ""model_input"": 1.0}, {""feature"": ""street_number_diff"", ""shap"": 0.981381356716156, ""value"": 0.0, ""model_input"": 0.0}, {""feature"": ""name_sim_max_etab"", ""shap"": 0.7605518698692322, ""value"": 0.0, ""model_input"": 0.0}, {""feature"": ""addr_jaro"", ""shap"": 0.6771701574325562, ""value"": 1.0, ""model_input"": 1.0}, {""feature"": ""addr_levenshtein"", ""shap"": 0.47818422317504883, ""value"": 1.0, ""model_input"": 1.0}, {""feature"": ""name_sim_max_pm_dirigeant"", ""shap"": -0.4115935266017914, ""value"": 0.0, ""model_input"": 0.0}, {""feature"": ""name_semantic_second"", ""shap"": -0.39432185888290405, ""value"": 0.0, ""model_input"": 0.0}, {""feature"": ""type_of_max_name"", ""shap"": 0.36810463666915894, ""value"": 7.0, ""model_input"": 7.0}, {""feature"": ""name_addr_consistency"", ""shap"": -0.3581831753253937, ""value"": 0.4507936507936508, ""model_input"": 0.4507936507936508}]}"
127,Babolat Corbas,1 avenue du 24 Aout 1944,69960,CORBAS,37932444500012,0.7820568084716797,COMITE D'ENTREPRISE DUMSCHMIDT,1 AVENUE DU 24 AOUT 1944,CORBAS,69960,69273,OUVERT,2025-02-03 02:24:48,5,"{""bias"": 1.1616770029067993, ""margin"": 1.2776917219161987, ""prob_from_margin"": 0.7820566002598485, ""top"": [{""feature"": ""name_semantic_max"", ""shap"": -2.3168413639068604, ""value"": 0.36155372858047485, ""model_input"": 0.36155372858047485}, {""feature"": ""addr_token_overlap"", ""shap"": 1.1733285188674927, ""value"": 1.0, ""model_input"": 1.0}, {""feature"": ""street_number_diff"", ""shap"": 0.981381356716156, ""value"": 0.0, ""model_input"": 0.0}, {""feature"": ""name_sim_max_etab"", ""shap"": 0.7605518698692322, ""value"": 0.0, ""model_input"": 0.0}, {""feature"": ""addr_jaro"", ""shap"": 0.6771701574325562, ""value"": 1.0, ""model_input"": 1.0}, {""feature"": ""addr_levenshtein"", ""shap"": 0.47818422317504883, ""value"": 1.0, ""model_input"": 1.0}, {""feature"": ""name_sim_max_pm_dirigeant"", ""shap"": -0.4115935266017914, ""value"": 0.0, ""model_input"": 0.0}, {""feature"": ""name_semantic_second"", ""shap"": -0.39432185888290405, ""value"": 0.0, ""model_input"": 0.0}, {""feature"": ""type_of_max_name"", ""shap"": 0.36810463666915894, ""value"": 7.0, ""model_input"": 7.0}, {""feature"": ""name_addr_consistency"", ""shap"": -0.3581831753253937, ""value"": 0.4507936507936508, ""model_input"": 0.4507936507936508}]}"
23,Blanc-Rosset Lyon,5 RUE DU MONT BLANC,69960,CORBAS,98401778000011,0.9889625906944275,MHT,5 RUE DU MONT BLANC,CORBAS,69960,69273,OUVERT,2024-04-10 10:50:58,1,"{""bias"": 1.1616770029067993, ""margin"": 4.495366096496582, ""prob_from_margin"": 0.9889625900387797, ""top"": [{""feature"": ""name_semantic_max"", ""shap"": -2.0492069721221924, ""value"": 0.3371579647064209, ""model_input"": 0.3371579647064209}, {""feature"": ""name_addr_consistency"", ""shap"": 1.2734653949737549, ""value"": 0.0, ""model_input"": 0.0}, {""feature"": ""addr_token_overlap"", ""shap"": 1.2553924322128296, ""value"": 1.0, ""model_input"": 1.0}, {""feature"": ""street_number_diff"", ""shap"": 0.967692494392395, ""value"": 0.0, ""model_input"": 0.0}, {""feature"": ""name_sim_max_etab"", ""shap"": 0.9074303507804871, ""value"": 0.0, ""model_input"": 0.0}, {""feature"": ""addr_jaro"", ""shap"": 0.8908045291900635, ""value"": 1.0, ""model_input"": 1.0}, {""feature"": ""addr_levenshtein"", ""shap"": 0.680961549282074, ""value"": 1.0, ""model_input"": 1.0}, {""feature"": ""name_levenshtein_max"", ""shap"": 0.5918233394622803, ""value"": 0.05882352941176472, ""model_input"": 0.05882352941176472}, {""feature"": ""name_jaro_max"", ""shap"": 0.5789966583251953, ""value"": 0.0, ""model_input"": 0.0}, {""feature"": ""name_sim_max_ul"", ""shap"": -0.422774076461792, ""value"": 0.0, ""model_input"": 0.0}]}"
23,Blanc-Rosset Lyon,5 RUE DU MONT BLANC,69960,CORBAS,30139418500047,0.9805185794830322,LE PERE BLANC ALPES VOLAILLES,1 RUE DU MONT BLANC,CORBAS,69960,69273,FERME,2024-03-22 15:40:57,2,"{""bias"": 1.1616770029067993, ""margin"": 3.9186196327209473, ""prob_from_margin"": 0.9805185652644761, ""top"": [{""feature"": ""name_token_overlap_max"", ""shap"": 1.6031689643859863, ""value"": 0.6666666666666666, ""model_input"": 0.6666666666666666}, {""feature"": ""name_semantic_max"", ""shap"": -1.5421299934387207, ""value"": 0.5478319525718689, ""model_input"": 0.5478319525718689}, {""feature"": ""token_overlap_ul"", ""shap"": 1.281392216682434, ""value"": 0.6666666666666666, ""model_input"": 0.6666666666666666}, {""feature"": ""name_sim_max_pm_dirigeant"", ""shap"": 1.2249752283096313, ""value"": 0.592156862745098, ""model_input"": 0.592156862745098}, {""feature"": ""street_number_diff"", ""shap"": -0.8514668941497803, ""value"": 4.0, ""model_input"": 4.0}, {""feature"": ""name_crm_contains_cand_max"", ""shap"": 0.800412654876709, ""value"": 1.0, ""model_input"": 1.0}, {""feature"": ""addr_token_overlap"", ""shap"": 0.4779979884624481, ""value"": 0.6666666666666666, ""model_input"": 0.6666666666666666}, {""feature"": ""name_sim_max_etab"", ""shap"": -0.33259323239326477, ""value"": 0.592156862745098, ""model_input"": 0.592156862745098}, {""feature"": ""name_jaro_max"", ""shap"": 0.30995967984199524, ""value"": 0.9411764705882353, ""model_input"": 0.9411764705882353}, {""feature"": ""is_siege"", ""shap"": -0.3068176209926605, ""value"": 0.0, ""model_input"": 0.0}]}"
23,Blanc-Rosset Lyon,5 RUE DU MONT BLANC,69960,CORBAS,40400979700055,0.8154900670051575,MAISON LANDRIER PERE BLANC,5 RUE DU MONT BLANC,CORBAS,69960,69273,OUVERT,2025-03-27 13:06:58,3,"{""bias"": 1.1616770029067993, ""margin"": 1.4860858917236328, ""prob_from_margin"": 0.815490059390035, ""top"": [{""feature"": ""name_semantic_max"", ""shap"": -2.617185115814209, ""value"": 0.38723990321159363, ""model_input"": 0.38723990321159363}, {""feature"": ""addr_token_overlap"", ""shap"": 1.0700459480285645, ""value"": 1.0, ""model_input"": 1.0}, {""feature"": ""street_number_diff"", ""shap"": 0.836251437664032, ""value"": 0.0, ""model_input"": 0.0}, {""feature"": ""name_sim_max_pm_dirigeant"", ""shap"": 0.8165279030799866, ""value"": 0.5410059676044331, ""model_input"": 0.5410059676044331}, {""feature"": ""token_overlap_ul"", ""shap"": 0.6035208702087402, ""value"": 0.3333333333333333, ""model_input"": 0.3333333333333333}, {""feature"": ""addr_jaro"", ""shap"": 0.5231612324714661, ""value"": 1.0, ""model_input"": 1.0}, {""feature"": ""name_semantic_second"", ""shap"": -0.4469749331474304, ""value"": 0.2931358218193054, ""model_input"": 0.2931358218193054}, {""feature"": ""addr_levenshtein"", ""shap"": 0.3963697850704193, ""value"": 1.0, ""model_input"": 1.0}, {""feature"": ""name_addr_consistency"", ""shap"": -0.38731080293655396, ""value"": 0.5410059676044331, ""model_input"": 0.5410059676044331}, {""feature"": ""type_of_max_name"", ""shap"": 0.3694482147693634, ""value"": 4.0, ""model_input"": 4.0}]}"
23,Blanc-Rosset Lyon,5 RUE DU MONT BLANC,69960,CORBAS,79470553300063,0.774564802646637,RAS 250,5 RUE DU MONT BLANC,CORBAS,69960,69273,OUVERT,2025-01-17 02:31:34,4,"{""bias"": 1.1616770029067993, ""margin"": 1.2342674732208252, ""prob_from_margin"": 0.774564609008601, ""top"": [{""feature"": ""name_semantic_max"", ""shap"": -1.9235018491744995, ""value"": 0.42771875858306885, ""model_input"": 0.42771875858306885}, {""feature"": ""addr_token_overlap"", ""shap"": 1.2154045104980469, ""value"": 1.0, ""model_input"": 1.0}, {""feature"": ""street_number_diff"", ""shap"": 1.1121466159820557, ""value"": 0.0, ""model_input"": 0.0}, {""feature"": ""name_sim_max_pm_dirigeant"", ""shap"": 0.894813060760498, ""value"": 0.6143790849673203, ""model_input"": 0.6143790849673203}, {""feature"": ""addr_jaro"", ""shap"": 0.5507700443267822, ""value"": 1.0, ""model_input"": 1.0}, {""feature"": ""addr_levenshtein"", ""shap"": 0.533434271812439, ""value"": 1.0, ""model_input"": 1.0}, {""feature"": ""type_of_max_name"", ""shap"": 0.4842977821826935, ""value"": 4.0, ""model_input"": 4.0}, {""feature"": ""name_length_max"", ""shap"": -0.4390157163143158, ""value"": 3.0, ""model_input"": 3.0}, {""feature"": ""name_sim_max_etab"", ""shap"": -0.369019478559494, ""value"": 0.6143790849673203, ""model_input"": 0.6143790849673203}, {""feature"": ""name_semantic_second"", ""shap"": -0.3642734885215759, ""value"": 0.41036534309387207, ""model_input"": 0.41036534309387207}]}"
23,Blanc-Rosset Lyon,5 RUE DU MONT BLANC,69960,CORBAS,32456999500016,0.7666054964065552,SYLVAINE MARCHE,5 RUE DU MONT BLANC,CORBAS,69960,69273,FERME,2024-03-22 15:40:57,5,"{""bias"": 1.1616770029067993, ""margin"": 1.189241647720337, ""prob_from_margin"": 0.7666054060915497, ""top"": [{""feature"": ""name_semantic_max"", ""shap"": -2.040550708770752, ""value"": 0.45230430364608765, ""model_input"": 0.45230430364608765}, {""feature"": ""addr_token_overlap"", ""shap"": 1.1888267993927002, ""value"": 1.0, ""model_input"": 1.0}, {""feature"": ""street_number_diff"", ""shap"": 1.0244388580322266, ""value"": 0.0, ""model_input"": 0.0}, {""feature"": ""name_sim_max_etab"", ""shap"": 0.8299758434295654, ""value"": 0.0, ""model_input"": 0.0}, {""feature"": ""addr_jaro"", ""shap"": 0.6922982931137085, ""value"": 1.0, ""model_input"": 1.0}, {""feature"": ""name_addr_consistency"", ""shap"": -0.48606976866722107, ""value"": 0.5287581699346405, ""model_input"": 0.5287581699346405}, {""feature"": ""addr_levenshtein"", ""shap"": 0.45567286014556885, ""value"": 1.0, ""model_input"": 1.0}, {""feature"": ""type_of_max_name"", ""shap"": 0.396595299243927, ""value"": 7.0, ""model_input"": 7.0}, {""feature"": ""name_sim_max_pm_dirigeant"", ""shap"": -0.3961546719074249, ""value"": 0.0, ""model_input"": 0.0}, {""feature"": ""name_semantic_second"", ""shap"": -0.35176414251327515, ""value"": 0.0, ""model_input"": 0.0}]}"
106,CAMSP de Décines  APAJH,15 AVENUE FRANKLIN ROOSEVELT,69150,DECINES CHARPIEU,78457968202902,0.9995419979095459,FEDERATION APAJH,15 AVENUE FRANKLIN ROOSEVELT,DECINES-CHARPIEU,69150,69275,OUVERT,2025-01-18 02:17:49,1,"{""bias"": 1.1616770029067993, ""margin"": 7.688087463378906, ""prob_from_margin"": 0.9995419561390523, ""top"": [{""feature"": ""name_semantic_max"", ""shap"": 2.5353786945343018, ""value"": 0.8347147703170776, ""model_input"": 0.8347147703170776}, {""feature"": ""name_sim_max_etab"", ""shap"": 1.1143542528152466, ""value"": 0.0, ""model_input"": 0.0}, {""feature"": ""name_semantic_second"", ""shap"": 0.8651469349861145, ""value"": 0.8347147703170776, ""model_input"": 0.8347147703170776}, {""feature"": ""street_number_diff"", ""shap"": 0.7190908789634705, ""value"": 0.0, ""model_input"": 0.0}, {""feature"": ""addr_token_overlap"", ""shap"": 0.6558095812797546, ""value"": 1.0, ""model_input"": 1.0}, {""feature"": ""name_sim_max_pm_dirigeant"", ""shap"": -0.3471629321575165, ""value"": 0.0, ""model_input"": 0.0}, {""feature"": ""type_of_max_name"", ""shap"": 0.27412137389183044, ""value"": 5.0, ""model_input"": 5.0}, {""feature"": ""addr_jaro"", ""shap"": 0.272141695022583, ""value"": 1.0, ""model_input"": 1.0}, {""feature"": ""addr_levenshtein"", ""shap"": 0.26774027943611145, ""value"": 1.0, ""model_input"": 1.0}, {""feature"": ""token_overlap_ul"", ""shap"": 0.2435552477836609, ""value"": 0.5, ""model_input"": 0.5}]}"
106,CAMSP de Décines  APAJH,15 AVENUE FRANKLIN ROOSEVELT,69150,DECINES CHARPIEU,33402687900075,0.9747841358184814,APAJH,16 RUE SULLY,DECINES-CHARPIEU,69150,69275,FERME,2025-01-14 02:19:49,2,"{""bias"": 1.1616770029067993, ""margin"": 3.654737949371338, ""prob_from_margin"": 0.9747840185593306, ""top"": [{""feature"": ""name_semantic_max"", ""shap"": 3.1046509742736816, ""value"": 0.8409964442253113, ""model_input"": 0.8409964442253113}, {""feature"": ""name_semantic_second"", ""shap"": 0.8504075407981873, ""value"": 0.8409964442253113, ""model_input"": 0.8409964442253113}, {""feature"": ""name_token_overlap_max"", ""shap"": 0.7995718717575073, ""value"": 0.3333333333333333, ""model_input"": 0.3333333333333333}, {""feature"": ""addr_token_overlap"", ""shap"": -0.7571374773979187, ""value"": 0.0, ""model_input"": 0.0}, {""feature"": ""name_crm_contains_cand_max"", ""shap"": 0.7094956040382385, ""value"": 1.0, ""model_input"": 1.0}, {""feature"": ""street_number_diff"", ""shap"": -0.5212968587875366, ""value"": 1.0, ""model_input"": 1.0}, {""feature"": ""token_overlap_ul"", ""shap"": 0.519085705280304, ""value"": 0.5, ""model_input"": 0.5}, {""feature"": ""name_sim_max_sigle"", ""shap"": -0.5131323337554932, ""value"": 0.5142857142857143, ""model_input"": 0.5142857142857143}, {""feature"": ""name_sim_max_pm_dirigeant"", ""shap"": -0.5086563229560852, ""value"": 0.0, ""model_input"": 0.0}, {""feature"": ""name_addr_consistency"", ""shap"": 0.4998219609260559, ""value"": 0.32008776056395105, ""model_input"": 0.32008776056395105}]}"
106,CAMSP de Décines  APAJH,15 AVENUE FRANKLIN ROOSEVELT,69150,DECINES CHARPIEU,38832234900019,0.9528448581695557,JKSG,15 AVENUE FRANKLIN ROOSEVELT,DECINES-CHARPIEU,69150,69275,FERME,2024-03-30 15:59:34,3,"{""bias"": 1.1616770029067993, ""margin"": 3.006007671356201, ""prob_from_margin"": 0.9528447966044127, ""top"": [{""feature"": ""name_semantic_max"", ""shap"": -2.007422924041748, ""value"": 0.39844441413879395, ""model_input"": 0.39844441413879395}, {""feature"": ""addr_token_overlap"", ""shap"": 1.2153657674789429, ""value"": 1.0, ""model_input"": 1.0}, {""feature"": ""street_number_diff"", ""shap"": 1.157332420349121, ""value"": 0.0, ""model_input"": 0.0}, {""feature"": ""name_sim_max_etab"", ""shap"": 0.7986946702003479, ""value"": 0.0, ""model_input"": 0.0}, {""feature"": ""addr_jaro"", ""shap"": 0.742992639541626, ""value"": 1.0, ""model_input"": 1.0}, {""feature"": ""addr_levenshtein"", ""shap"": 0.5349825620651245, ""value"": 1.0, ""model_input"": 1.0}, {""feature"": ""name_levenshtein_max"", ""shap"": 0.5290058255195618, ""value"": 0.0714285714285714, ""model_input"": 0.0714285714285714}, {""feature"": ""name_sim_max_pm_dirigeant"", ""shap"": -0.38285011053085327, ""value"": 0.0, ""model_input"": 0.0}, {""feature"": ""type_of_max_name"", ""shap"": 0.3783179223537445, ""value"": 7.0, ""model_input"": 7.0}, {""feature"": ""name_token_overlap_max"", ""shap"": -0.34663259983062744, ""value"": 0.0, ""model_input"": 0.0}]}"
106,CAMSP de Décines  APAJH,15 AVENUE FRANKLIN ROOSEVELT,69150,DECINES CHARPIEU,49012842800011,0.8605076670646667,P.M.H.,127 AVENUE FRANKLIN ROOSEVELT,DECINES-CHARPIEU,69150,69275,FERME,2024-03-30 18:45:29,4,"{""bias"": 1.1616770029067993, ""margin"": 1.8195122480392456, ""prob_from_margin"": 0.8605075903783953, ""top"": [{""feature"": ""name_sim_max_etab"", ""shap"": 0.9800765514373779, ""value"": 0.0, ""model_input"": 0.0}, {""feature"": ""street_number_diff"", ""shap"": -0.9723256826400757, ""value"": 112.0, ""model_input"": 112.0}, {""feature"": ""name_jaro_max"", ""shap"": 0.8805177807807922, ""value"": 0.3253968253968254, ""model_input"": 0.3253968253968254}, {""feature"": ""name_sim_max_ul"", ""shap"": -0.779346227645874, ""value"": 0.3253968253968254, ""model_input"": 0.3253968253968254}, {""feature"": ""name_semantic_max"", ""shap"": 0.6982302069664001, ""value"": 0.6773439049720764, ""model_input"": 0.6773439049720764}, {""feature"": ""addr_token_overlap"", ""shap"": 0.5097286701202393, ""value"": 0.6, ""model_input"": 0.6}, {""feature"": ""name_addr_consistency"", ""shap"": 0.4499574899673462, ""value"": 0.3151780827273438, ""model_input"": 0.3151780827273438}, {""feature"": ""type_of_max_name"", ""shap"": 0.4150896668434143, ""value"": 7.0, ""model_input"": 7.0}, {""feature"": ""name_token_overlap_max"", ""shap"": -0.39987602829933167, ""value"": 0.0, ""model_input"": 0.0}, {""feature"": ""token_overlap_ul"", ""shap"": -0.37584400177001953, ""value"": 0.0, ""model_input"": 0.0}]}"
106,CAMSP de Décines  APAJH,15 AVENUE FRANKLIN ROOSEVELT,69150,DECINES CHARPIEU,90445380000016,0.7793002724647522,ANK DISTRIBUTIONS,17 AVENUE FRANKLIN ROOSEVELT,DECINES-CHARPIEU,69150,69275,FERME,2025-02-19 13:08:41,5,"{""bias"": 1.1616770029067993, ""margin"": 1.2615948915481567, ""prob_from_margin"": 0.7793005372943579, ""top"": [{""feature"": ""name_semantic_max"", ""shap"": -2.3660106658935547, ""value"": 0.38128939270973206, ""model_input"": 0.38128939270973206}, {""feature"": ""name_sim_max_etab"", ""shap"": 0.9386181831359863, ""value"": 0.0, ""model_input"": 0.0}, {""feature"": ""addr_token_overlap"", ""shap"": 0.8376675248146057, ""value"": 0.6, ""model_input"": 0.6}, {""feature"": ""name_levenshtein_max"", ""shap"": 0.7181721329689026, ""value"": 0.05882352941176472, ""model_input"": 0.05882352941176472}, {""feature"": ""addr_jaro"", ""shap"": 0.639266848564148, ""value"": 0.9785714285714286, ""model_input"": 0.9785714285714286}, {""feature"": ""addr_levenshtein"", ""shap"": 0.5878956317901611, ""value"": 0.9642857142857143, ""model_input"": 0.9642857142857143}, {""feature"": ""name_token_overlap_max"", ""shap"": -0.47355225682258606, ""value"": 0.0, ""model_input"": 0.0}, {""feature"": ""name_jaro_max"", ""shap"": 0.46350061893463135, ""value"": 0.42366946778711484, ""model_input"": 0.42366946778711484}, {""feature"": ""type_of_max_name"", ""shap"": 0.4343309700489044, ""value"": 7.0, ""model_input"": 7.0}, {""feature"": ""name_semantic_second"", ""shap"": -0.3758805990219116, ""value"": 0.0, ""model_input"": 0.0}]}"
42,CAP VI CORBAS,2 Avenue de l Industrie,69960,CORBAS,31857056100163,0.9989099502563477,CAP V.I,18 AVENUE DE L'INDUSTRIE,CORBAS,69960,69273,OUVERT,2025-09-04 09:56:04,1,"{""bias"": 1.1616770029067993, ""margin"": 6.8203887939453125, ""prob_from_margin"": 0.9989098930796247, ""top"": [{""feature"": ""name_semantic_max"", ""shap"": 3.359806537628174, ""value"": 0.8398486375808716, ""model_input"": 0.8398486375808716}, {""feature"": ""token_overlap_ul"", ""shap"": 1.1022775173187256, ""value"": 1.0, ""model_input"": 1.0}, {""feature"": ""name_sim_max_etab"", ""shap"": 0.6951697468757629, ""value"": 0.4222222222222222, ""model_input"": 0.4222222222222222}, {""feature"": ""street_number_diff"", ""shap"": -0.6696380376815796, ""value"": 16.0, ""model_input"": 16.0}, {""feature"": ""name_token_overlap_max"", ""shap"": 0.6300132870674133, ""value"": 0.3333333333333333, ""model_input"": 0.3333333333333333}, {""feature"": ""name_semantic_second"", ""shap"": 0.30603083968162537, ""value"": 0.7656595706939697, ""model_input"": 0.7656595706939697}, {""feature"": ""is_siege"", ""shap"": 0.27801185846328735, ""value"": 1.0, ""model_input"": 1.0}, {""feature"": ""name_addr_consistency"", ""shap"": 0.2608005404472351, ""value"": 0.9027950310559006, ""model_input"": 0.9027950310559006}, {""feature"": ""name_sim_max_ul"", ""shap"": 0.24014024436473846, ""value"": 0.9714285714285714, ""model_input"": 0.9714285714285714}, {""feature"": ""name_sim_max_pm_dirigeant"", ""shap"": 0.22727234661579132, ""value"": 0.4222222222222222, ""model_input"": 0.4222222222222222}]}"
42,CAP VI CORBAS,2 Avenue de l Industrie,69960,CORBAS,31857056100064,0.9855843186378479,CAP V.I,47 AVENUE GABRIEL PERI,CORBAS,69960,69273,FERME,2025-02-15 02:10:19,2,"{""bias"": 1.1616770029067993, ""margin"": 4.224916458129883, ""prob_from_margin"": 0.9855842955287655, ""top"": [{""feature"": ""name_semantic_max"", ""shap"": 3.149482488632202, ""value"": 0.8398486375808716, ""model_input"": 0.8398486375808716}, {""feature"": ""token_overlap_ul"", ""shap"": 0.9995966553688049, ""value"": 1.0, ""model_input"": 1.0}, {""feature"": ""addr_token_overlap"", ""shap"": -0.883521556854248, ""value"": 0.125, ""model_input"": 0.125}, {""feature"": ""name_sim_max_etab"", ""shap"": 0.8337448835372925, ""value"": 0.4222222222222222, ""model_input"": 0.4222222222222222}, {""feature"": ""street_number_diff"", ""shap"": -0.6671031713485718, ""value"": 45.0, ""model_input"": 45.0}, {""feature"": ""is_siege"", ""shap"": -0.6234461069107056, ""value"": 0.0, ""model_input"": 0.0}, {""feature"": ""name_token_overlap_max"", ""shap"": 0.5694429278373718, ""value"": 0.3333333333333333, ""model_input"": 0.3333333333333333}, {""feature"": ""name_semantic_second"", ""shap"": 0.33331918716430664, ""value"": 0.7656595706939697, ""model_input"": 0.7656595706939697}, {""feature"": ""name_sim_max_pm_dirigeant"", ""shap"": 0.32886090874671936, ""value"": 0.4222222222222222, ""model_input"": 0.4222222222222222}, {""feature"": ""name_count"", ""shap"": -0.2050052434206009, ""value"": 4.0, ""model_input"": 4.0}]}"
42,CAP VI CORBAS,2 Avenue de l Industrie,69960,CORBAS,21690273400013,0.9535404443740845,MAIRIE,PL CHARLES JOCTEUR,CORBAS,69960,69273,OUVERT,2024-03-30 03:33:42,3,"{""bias"": 1.1616770029067993, ""margin"": 3.021599769592285, ""prob_from_margin"": 0.9535404484203313, ""top"": [{""feature"": ""name_city_overlap_max"", ""shap"": 1.9753742218017578, ""value"": 0.3333333333333333, ""model_input"": 0.3333333333333333}, {""feature"": ""name_semantic_max"", ""shap"": -1.6317700147628784, ""value"": 0.4916696548461914, ""model_input"": 0.4916696548461914}, {""feature"": ""name_length_max"", ""shap"": 0.6568416953086853, ""value"": 6.0, ""model_input"": 6.0}, {""feature"": ""addr_levenshtein"", ""shap"": -0.5854317545890808, ""value"": 0.17391304347826086, ""model_input"": 0.17391304347826086}, {""feature"": ""name_addr_consistency"", ""shap"": 0.5079506039619446, ""value"": 0.3130255859724458, ""model_input"": 0.3130255859724458}, {""feature"": ""name_semantic_second"", ""shap"": 0.4921114146709442, ""value"": 0.4893699586391449, ""model_input"": 0.4893699586391449}, {""feature"": ""is_siege"", ""shap"": 0.4156356453895569, ""value"": 1.0, ""model_input"": 1.0}, {""feature"": ""name_token_overlap_max"", ""shap"": -0.4039517939090729, ""value"": 0.0, ""model_input"": 0.0}, {""feature"": ""name_jaro_gap"", ""shap"": 0.3998851776123047, ""value"": 0.07189542483660122, ""model_input"": 0.07189542483660122}, {""feature"": ""street_number_diff"", ""shap"": 0.3386555314064026, ""value"": 9999.0, ""model_input"": 9999.0}]}"
42,CAP VI CORBAS,2 Avenue de l Industrie,69960,CORBAS,52472544700022,0.9281086325645447,CAP VALO,5 RUE AMPERE,CORBAS,69960,69273,FERME,2024-03-22 15:40:57,4,"{""bias"": 1.1616770029067993, ""margin"": 2.557992935180664, ""prob_from_margin"": 0.9281086554055963, ""top"": [{""feature"": ""token_overlap_ul"", ""shap"": 1.2416948080062866, ""value"": 1.0, ""model_input"": 1.0}, {""feature"": ""name_sim_max_etab"", ""shap"": 1.2087360620498657, ""value"": 0.0, ""model_input"": 0.0}, {""feature"": ""name_token_overlap_max"", ""shap"": 0.8643796443939209, ""value"": 0.3333333333333333, ""model_input"": 0.3333333333333333}, {""feature"": ""type_of_max_name"", ""shap"": 0.6966015100479126, ""value"": 7.0, ""model_input"": 7.0}, {""feature"": ""name_sim_max_pm_dirigeant"", ""shap"": -0.5017399191856384, ""value"": 0.0, ""model_input"": 0.0}, {""feature"": ""name_addr_consistency"", ""shap"": -0.5015699863433838, ""value"": 0.48729367954911434, ""model_input"": 0.48729367954911434}, {""feature"": ""addr_token_overlap"", ""shap"": -0.47654908895492554, ""value"": 0.0, ""model_input"": 0.0}, {""feature"": ""name_length_max"", ""shap"": -0.4669550955295563, ""value"": 8.0, ""model_input"": 8.0}, {""feature"": ""street_number_diff"", ""shap"": -0.39536333084106445, ""value"": 3.0, ""model_input"": 3.0}, {""feature"": ""name_semantic_max"", ""shap"": 0.39111021161079407, ""value"": 0.629995584487915, ""model_input"": 0.629995584487915}]}"
42,CAP VI CORBAS,2 Avenue de l Industrie,69960,CORBAS,43877412700056,0.8788251280784607,CAP TERRE,1 IMPASSE DU RHONE,CORBAS,69960,69273,FERME,2024-03-30 04:34:39,5,"{""bias"": 1.1616770029067993, ""margin"": 1.9813510179519653, ""prob_from_margin"": 0.8788251077369024, ""top"": [{""feature"": ""token_overlap_ul"", ""shap"": 1.2425717115402222, ""value"": 1.0, ""model_input"": 1.0}, {""feature"": ""name_sim_max_pm_dirigeant"", ""shap"": 0.8774256706237793, ""value"": 0.49572649572649574, ""model_input"": 0.49572649572649574}, {""feature"": ""name_token_overlap_max"", ""shap"": 0.7868983745574951, ""value"": 0.3333333333333333, ""model_input"": 0.3333333333333333}, {""feature"": ""addr_token_overlap"", ""shap"": -0.7732666730880737, ""value"": 0.0, ""model_input"": 0.0}, {""feature"": ""type_of_max_name"", ""shap"": 0.5372921824455261, ""value"": 7.0, ""model_input"": 7.0}, {""feature"": ""name_addr_consistency"", ""shap"": -0.49851301312446594, ""value"": 0.4632778672392199, ""model_input"": 0.4632778672392199}, {""feature"": ""street_number_diff"", ""shap"": -0.48672452569007874, ""value"": 1.0, ""model_input"": 1.0}, {""feature"": ""name_semantic_max"", ""shap"": 0.32500922679901123, ""value"": 0.6107400059700012, ""model_input"": 0.6107400059700012}, {""feature"": ""addr_levenshtein"", ""shap"": -0.3206210732460022, ""value"": 0.26086956521739135, ""model_input"": 0.26086956521739135}, {""feature"": ""street_name_jaro"", ""shap"": 0.3181364834308624, ""value"": 0.5525793650793651, ""model_input"": 0.5525793650793651}]}"
5,CHAMPILYON,69 Rue Marcel Merieux,69960,CORBAS,38388325300023,0.9998729228973389,CHAMPILYON,69 RUE MARCEL MERIEUX,CORBAS,69960,69273,OUVERT,2025-01-15 02:08:54,1,"{""bias"": 1.1616770029067993, ""margin"": 8.970725059509277, ""prob_from_margin"": 0.9998729401251961, ""top"": [{""feature"": ""name_semantic_max"", ""shap"": 2.312929391860962, ""value"": 1.000000238418579, ""model_input"": 1.000000238418579}, {""feature"": ""token_overlap_ul"", ""shap"": 0.9598187208175659, ""value"": 1.0, ""model_input"": 1.0}, {""feature"": ""name_token_overlap_max"", ""shap"": 0.9439918994903564, ""value"": 1.0, ""model_input"": 1.0}, {""feature"": ""name_crm_contains_cand_max"", ""shap"": 0.7016496658325195, ""value"": 1.0, ""model_input"": 1.0}, {""feature"": ""addr_token_overlap"", ""shap"": 0.5389273166656494, ""value"": 1.0, ""model_input"": 1.0}, {""feature"": ""street_number_diff"", ""shap"": 0.4866918623447418, ""value"": 0.0, ""model_input"": 0.0}, {""feature"": ""name_semantic_second"", ""shap"": 0.4666978716850281, ""value"": 1.000000238418579, ""model_input"": 1.000000238418579}, {""feature"": ""is_siege"", ""shap"": 0.33536484837532043, ""value"": 1.0, ""model_input"": 1.0}, {""feature"": ""name_sim_max_etab"", ""shap"": 0.29086732864379883, ""value"": 0.44761904761904764, ""model_input"": 0.44761904761904764}, {""feature"": ""name_sim_max_pm_dirigeant"", ""shap"": 0.24584883451461792, ""value"": 0.44761904761904764, ""model_input"": 0.44761904761904764}]}"
5,CHAMPILYON,69 Rue Marcel Merieux,69960,CORBAS,43533987400024,0.997833788394928,CHAMPI TOMM,69 RUE MARCEL MERIEUX,CORBAS,69960,69273,OUVERT,2025-02-11 02:29:30,2,"{""bias"": 1.1616770029067993, ""margin"": 6.1326165199279785, ""prob_from_margin"": 0.9978338092317149, ""top"": [{""feature"": ""name_semantic_max"", ""shap"": 1.1447889804840088, ""value"": 0.6519360542297363, ""model_input"": 0.6519360542297363}, {""feature"": ""name_sim_max_etab"", ""shap"": 0.9344404935836792, ""value"": 0.0, ""model_input"": 0.0}, {""feature"": ""addr_token_overlap"", ""shap"": 0.9046821594238281, ""value"": 1.0, ""model_input"": 1.0}, {""feature"": ""token_overlap_ul"", ""shap"": 0.8561961650848389, ""value"": 1.0, ""model_input"": 1.0}, {""feature"": ""street_number_diff"", ""shap"": 0.8263178467750549, ""value"": 0.0, ""model_input"": 0.0}, {""feature"": ""name_jaro_gap"", ""shap"": 0.5122050642967224, ""value"": 0.8672727272727273, ""model_input"": 0.8672727272727273}, {""feature"": ""name_sim_max_pm_dirigeant"", ""shap"": -0.41480252146720886, ""value"": 0.0, ""model_input"": 0.0}, {""feature"": ""name_addr_consistency"", ""shap"": 0.35436388850212097, ""value"": 0.8672727272727273, ""model_input"": 0.8672727272727273}, {""feature"": ""addr_jaro"", ""shap"": 0.346950888633728, ""value"": 1.0, ""model_input"": 1.0}, {""feature"": ""name_token_overlap_max"", ""shap"": -0.3360041379928589, ""value"": 0.0, ""model_input"": 0.0}]}"
5,CHAMPILYON,69 Rue Marcel Merieux,69960,CORBAS,79249138300016,0.9897407293319702,DU 41,69 RUE MARCEL MERIEUX,CORBAS,69960,69273,OUVERT,2024-03-30 11:11:13,3,"{""bias"": 1.1616770029067993, ""margin"": 4.569259166717529, ""prob_from_margin"": 0.9897407080052635, ""top"": [{""feature"": ""name_semantic_max"", ""shap"": -2.1462173461914062, ""value"": 0.3233489394187927, ""model_input"": 0.3233489394187927}, {""feature"": ""addr_token_overlap"", ""shap"": 1.210585355758667, ""value"": 1.0, ""model_input"": 1.0}, {""feature"": ""name_addr_consistency"", ""shap"": 1.209488868713379, ""value"": 0.0, ""model_input"": 0.0}, {""feature"": ""street_number_diff"", ""shap"": 1.0047398805618286, ""value"": 0.0, ""model_input"": 0.0}, {""feature"": ""addr_jaro"", ""shap"": 0.9005143046379089, ""value"": 1.0, ""model_input"": 1.0}, {""feature"": ""name_sim_max_etab"", ""shap"": 0.8781614303588867, ""value"": 0.0, ""model_input"": 0.0}, {""feature"": ""name_jaro_max"", ""shap"": 0.6575483679771423, ""value"": 0.0, ""model_input"": 0.0}, {""feature"": ""addr_levenshtein"", ""shap"": 0.6372861266136169, ""value"": 1.0, ""model_input"": 1.0}, {""feature"": ""name_sim_max_ul"", ""shap"": -0.43411844968795776, ""value"": 0.0, ""model_input"": 0.0}, {""feature"": ""name_semantic_second"", ""shap"": -0.32983681559562683, ""value"": 0.0, ""model_input"": 0.0}]}"
5,CHAMPILYON,69 Rue Marcel Merieux,69960,CORBAS,84146910900018,0.9892380237579346,VERT FRAMBOISE,69 RUE MARCEL MERIEUX,CORBAS,69960,69273,OUVERT,2025-10-13 19:16:06,4,"{""bias"": 1.1616770029067993, ""margin"": 4.520915508270264, ""prob_from_margin"": 0.9892380209681341, ""top"": [{""feature"": ""addr_token_overlap"", ""shap"": 1.2308968305587769, ""value"": 1.0, ""model_input"": 1.0}, {""feature"": ""name_sim_max_pm_dirigeant"", ""shap"": 1.1225907802581787, ""value"": 0.565079365079365, ""model_input"": 0.565079365079365}, {""feature"": ""street_number_diff"", ""shap"": 1.0244624614715576, ""value"": 0.0, ""model_input"": 0.0}, {""feature"": ""name_semantic_max"", ""shap"": 0.589512288570404, ""value"": 0.6070125102996826, ""model_input"": 0.6070125102996826}, {""feature"": ""addr_jaro"", ""shap"": 0.5235800743103027, ""value"": 1.0, ""model_input"": 1.0}, {""feature"": ""addr_levenshtein"", ""shap"": 0.3946852385997772, ""value"": 1.0, ""model_input"": 1.0}, {""feature"": ""name_addr_consistency"", ""shap"": -0.3887757956981659, ""value"": 0.6, ""model_input"": 0.6}, {""feature"": ""type_of_max_name"", ""shap"": 0.3884904980659485, ""value"": 7.0, ""model_input"": 7.0}, {""feature"": ""name_token_overlap_max"", ""shap"": -0.34937024116516113, ""value"": 0.0, ""model_input"": 0.0}, {""feature"": ""token_overlap_ul"", ""shap"": -0.30061373114585876, ""value"": 0.0, ""model_input"": 0.0}]}"
5,CHAMPILYON,69 Rue Marcel Merieux,69960,CORBAS,79468653500038,0.9866397976875305,LYON SAVEURS,69 RUE MARCEL MERIEUX,CORBAS,69960,69273,OUVERT,2025-01-18 02:07:00,5,"{""bias"": 1.1616770029067993, ""margin"": 4.302021503448486, ""prob_from_margin"": 0.9866397553529019, ""top"": [{""feature"": ""addr_token_overlap"", ""shap"": 1.1467721462249756, ""value"": 1.0, ""model_input"": 1.0}, {""feature"": ""street_number_diff"", ""shap"": 1.0800307989120483, ""value"": 0.0, ""model_input"": 0.0}, {""feature"": ""token_overlap_ul"", ""shap"": 0.8531470894813538, ""value"": 1.0, ""model_input"": 1.0}, {""feature"": ""name_sim_max_ul"", ""shap"": -0.5359300374984741, ""value"": 0.39444444444444443, ""model_input"": 0.39444444444444443}, {""feature"": ""addr_jaro"", ""shap"": 0.5045999884605408, ""value"": 1.0, ""model_input"": 1.0}, {""feature"": ""name_sim_max_etab"", ""shap"": 0.4914775788784027, ""value"": 0.44722222222222224, ""model_input"": 0.44722222222222224}, {""feature"": ""name_sim_max_pm_dirigeant"", ""shap"": 0.45974233746528625, ""value"": 0.44722222222222224, ""model_input"": 0.44722222222222224}, {""feature"": ""addr_levenshtein"", ""shap"": 0.3633713126182556, ""value"": 1.0, ""model_input"": 1.0}, {""feature"": ""name_token_overlap_max"", ""shap"": -0.3519118130207062, ""value"": 0.0, ""model_input"": 0.0}, {""feature"": ""type_of_max_name"", ""shap"": 0.338832825422287, ""value"": 4.0, ""model_input"": 4.0}]}"
108,CHARCUTERIE TRAITEUR SELECTION,7 Avenue de Montmartin,69960,CORBAS,95039687900088,0.9996569156646729,CTS,5 AVENUE DE MONTMARTIN,CORBAS,69960,69273,FERME,2025-10-29 10:16:54,1,"{""bias"": 1.1616770029067993, ""margin"": 7.977323055267334, ""prob_from_margin"": 0.9996569609103194, ""top"": [{""feature"": ""name_semantic_max"", ""shap"": 2.50959849357605, ""value"": 1.0, ""model_input"": 1.0}, {""feature"": ""name_token_overlap_max"", ""shap"": 1.205686092376709, ""value"": 1.0, ""model_input"": 1.0}, {""feature"": ""token_overlap_ul"", ""shap"": 1.0559886693954468, ""value"": 1.0, ""model_input"": 1.0}, {""feature"": ""name_sim_max_pm_dirigeant"", ""shap"": 0.7241566777229309, ""value"": 0.5383040935672515, ""model_input"": 0.5383040935672515}, {""feature"": ""name_crm_contains_cand_max"", ""shap"": 0.6482974290847778, ""value"": 1.0, ""model_input"": 1.0}, {""feature"": ""acronym_match_max"", ""shap"": 0.4052755832672119, ""value"": 1.0, ""model_input"": 1.0}, {""feature"": ""is_siege"", ""shap"": 0.39469534158706665, ""value"": 1.0, ""model_input"": 1.0}, {""feature"": ""name_semantic_second"", ""shap"": -0.35786744952201843, ""value"": 0.4209025204181671, ""model_input"": 0.4209025204181671}, {""feature"": ""addr_token_overlap"", ""shap"": 0.25617289543151855, ""value"": 0.6, ""model_input"": 0.6}, {""feature"": ""street_number_diff"", ""shap"": -0.23688185214996338, ""value"": 2.0, ""model_input"": 2.0}]}"
108,CHARCUTERIE TRAITEUR SELECTION,7 Avenue de Montmartin,69960,CORBAS,87910748000037,0.9903806447982788,RY2C,7 AVENUE DE MONTMARTIN,CORBAS,69960,69273,OUVERT,2024-08-05 13:50:06,2,"{""bias"": 1.1616770029067993, ""margin"": 4.634306907653809, ""prob_from_margin"": 0.9903805951091977, ""top"": [{""feature"": ""name_semantic_max"", ""shap"": -1.9443435668945312, ""value"": 0.36947745084762573, ""model_input"": 0.36947745084762573}, {""feature"": ""addr_token_overlap"", ""shap"": 1.375366449356079, ""value"": 1.0, ""model_input"": 1.0}, {""feature"": ""street_number_diff"", ""shap"": 1.0613502264022827, ""value"": 0.0, ""model_input"": 0.0}, {""feature"": ""name_addr_consistency"", ""shap"": 0.9027212262153625, ""value"": 0.35555555555555557, ""model_input"": 0.35555555555555557}, {""feature"": ""addr_jaro"", ""shap"": 0.8429849147796631, ""value"": 1.0, ""model_input"": 1.0}, {""feature"": ""name_sim_max_etab"", ""shap"": 0.7843918800354004, ""value"": 0.0, ""model_input"": 0.0}, {""feature"": ""addr_levenshtein"", ""shap"": 0.6521310806274414, ""value"": 1.0, ""model_input"": 1.0}, {""feature"": ""name_jaro_max"", ""shap"": 0.5584067702293396, ""value"": 0.35555555555555557, ""model_input"": 0.35555555555555557}, {""feature"": ""name_levenshtein_max"", ""shap"": 0.4543106257915497, ""value"": 0.06666666666666665, ""model_input"": 0.06666666666666665}, {""feature"": ""name_sim_max_pm_dirigeant"", ""shap"": -0.3851337432861328, ""value"": 0.0, ""model_input"": 0.0}]}"
108,CHARCUTERIE TRAITEUR SELECTION,7 Avenue de Montmartin,69960,CORBAS,95039687900054,0.9646691679954529,CTS,31 RUE DE LA VANOISE,CORBAS,69960,69273,FERME,2024-03-29 23:00:45,3,"{""bias"": 1.1616770029067993, ""margin"": 3.307030200958252, ""prob_from_margin"": 0.964669202081614, ""top"": [{""feature"": ""name_semantic_max"", ""shap"": 2.31709885597229, ""value"": 1.0, ""model_input"": 1.0}, {""feature"": ""name_token_overlap_max"", ""shap"": 1.1062231063842773, ""value"": 1.0, ""model_input"": 1.0}, {""feature"": ""name_sim_max_pm_dirigeant"", ""shap"": 1.0877500772476196, ""value"": 0.5383040935672515, ""model_input"": 0.5383040935672515}, {""feature"": ""token_overlap_ul"", ""shap"": 1.022891640663147, ""value"": 1.0, ""model_input"": 1.0}, {""feature"": ""street_number_diff"", ""shap"": -0.8425076603889465, ""value"": 24.0, ""model_input"": 24.0}, {""feature"": ""is_siege"", ""shap"": -0.8318958878517151, ""value"": 0.0, ""model_input"": 0.0}, {""feature"": ""addr_token_overlap"", ""shap"": -0.7157875299453735, ""value"": 0.125, ""model_input"": 0.125}, {""feature"": ""name_addr_consistency"", ""shap"": -0.3764253556728363, ""value"": 0.6359307359307359, ""model_input"": 0.6359307359307359}, {""feature"": ""name_crm_contains_cand_max"", ""shap"": 0.3684532642364502, ""value"": 1.0, ""model_input"": 1.0}, {""feature"": ""addr_jaro"", ""shap"": -0.3292577266693115, ""value"": 0.6359307359307359, ""model_input"": 0.6359307359307359}]}"
108,CHARCUTERIE TRAITEUR SELECTION,7 Avenue de Montmartin,69960,CORBAS,31446535200032,0.9174721240997314,CSL,LES TAILLIS,CORBAS,69960,69273,OUVERT,2025-01-24 02:54:38,4,"{""bias"": 1.1616770029067993, ""margin"": 2.40848445892334, ""prob_from_margin"": 0.9174720020345492, ""top"": [{""feature"": ""name_sim_max_pm_dirigeant"", ""shap"": 1.0310837030410767, ""value"": 0.5944444444444444, ""model_input"": 0.5944444444444444}, {""feature"": ""type_of_max_name"", ""shap"": 0.6852858066558838, ""value"": 7.0, ""model_input"": 7.0}, {""feature"": ""token_overlap_ul"", ""shap"": 0.6286956667900085, ""value"": 0.3333333333333333, ""model_input"": 0.3333333333333333}, {""feature"": ""addr_token_overlap"", ""shap"": -0.5998280644416809, ""value"": 0.0, ""model_input"": 0.0}, {""feature"": ""street_number_diff"", ""shap"": 0.4652901589870453, ""value"": 9999.0, ""model_input"": 9999.0}, {""feature"": ""addr_levenshtein"", ""shap"": -0.36644211411476135, ""value"": 0.18181818181818177, ""model_input"": 0.18181818181818177}, {""feature"": ""name_sim_max_etab"", ""shap"": -0.3469831049442291, ""value"": 0.5944444444444444, ""model_input"": 0.5944444444444444}, {""feature"": ""name_token_overlap_max"", ""shap"": 0.24245528876781464, ""value"": 0.2, ""model_input"": 0.2}, {""feature"": ""name_sim_max_sigle"", ""shap"": -0.22753804922103882, ""value"": 0.45555555555555555, ""model_input"": 0.45555555555555555}, {""feature"": ""is_siege"", ""shap"": 0.20156192779541016, ""value"": 1.0, ""model_input"": 1.0}]}"
108,CHARCUTERIE TRAITEUR SELECTION,7 Avenue de Montmartin,69960,CORBAS,92824877200016,0.8521953821182251,FRESH AND PACK,7 AVENUE DE MONTMARTIN,CORBAS,69960,69273,OUVERT,2025-04-27 02:06:43,5,"{""bias"": 1.1616770029067993, ""margin"": 1.7519251108169556, ""prob_from_margin"": 0.8521954502232374, ""top"": [{""feature"": ""name_semantic_max"", ""shap"": -1.9409334659576416, ""value"": 0.43322739005088806, ""model_input"": 0.43322739005088806}, {""feature"": ""street_number_diff"", ""shap"": 1.2209246158599854, ""value"": 0.0, ""model_input"": 0.0}, {""feature"": ""addr_token_overlap"", ""shap"": 1.1165827512741089, ""value"": 1.0, ""model_input"": 1.0}, {""feature"": ""name_sim_max_etab"", ""shap"": 0.6999613046646118, ""value"": 0.0, ""model_input"": 0.0}, {""feature"": ""addr_jaro"", ""shap"": 0.6705707311630249, ""value"": 1.0, ""model_input"": 1.0}, {""feature"": ""addr_levenshtein"", ""shap"": 0.5547100901603699, ""value"": 1.0, ""model_input"": 1.0}, {""feature"": ""type_of_max_name"", ""shap"": 0.45405134558677673, ""value"": 7.0, ""model_input"": 7.0}, {""feature"": ""name_addr_consistency"", ""shap"": -0.4522606432437897, ""value"": 0.4876984126984127, ""model_input"": 0.4876984126984127}, {""feature"": ""name_semantic_second"", ""shap"": -0.39507627487182617, ""value"": 0.0, ""model_input"": 0.0}, {""feature"": ""name_sim_max_pm_dirigeant"", ""shap"": -0.3318672478199005, ""value"": 0.0, ""model_input"": 0.0}]}"
126,CHRONOPOST - Agence  LYON SANTE FRESH,42 BOULEVARD DES NATIONS,69960,CORBAS,38396013502974,0.9990718364715576,CHRONOPOST,42 BOULEVARD DES NATIONS,CORBAS,69960,69273,OUVERT,2025-01-23 02:40:01,1,"{""bias"": 1.1616770029067993, ""margin"": 6.981417655944824, ""prob_from_margin"": 0.9990718769249474, ""top"": [{""feature"": ""name_semantic_max"", ""shap"": 2.330519199371338, ""value"": 0.8360503911972046, ""model_input"": 0.8360503911972046}, {""feature"": ""name_sim_max_pm_dirigeant"", ""shap"": 0.7893879413604736, ""value"": 0.5008714596949891, ""model_input"": 0.5008714596949891}, {""feature"": ""street_number_diff"", ""shap"": 0.6730796098709106, ""value"": 0.0, ""model_input"": 0.0}, {""feature"": ""addr_token_overlap"", ""shap"": 0.6693646311759949, ""value"": 1.0, ""model_input"": 1.0}, {""feature"": ""name_crm_contains_cand_max"", ""shap"": 0.5698895454406738, ""value"": 1.0, ""model_input"": 1.0}, {""feature"": ""token_overlap_ul"", ""shap"": 0.3978063762187958, ""value"": 0.2, ""model_input"": 0.2}, {""feature"": ""addr_jaro"", ""shap"": 0.3846714496612549, ""value"": 1.0, ""model_input"": 1.0}, {""feature"": ""name_levenshtein_max"", ""shap"": -0.20896069705486298, ""value"": 0.2941176470588235, ""model_input"": 0.2941176470588235}, {""feature"": ""is_siege"", ""shap"": -0.2055724561214447, ""value"": 0.0, ""model_input"": 0.0}, {""feature"": ""addr_levenshtein"", ""shap"": 0.18469224870204926, ""value"": 1.0, ""model_input"": 1.0}]}"
126,CHRONOPOST - Agence  LYON SANTE FRESH,42 BOULEVARD DES NATIONS,69960,CORBAS,50921047200155,0.9961519837379456,CHRONOFRESH,42 BOULEVARD DES NATIONS,CORBAS,69960,69273,OUVERT,2024-03-30 06:45:41,2,"{""bias"": 1.1616770029067993, ""margin"": 5.556335926055908, ""prob_from_margin"": 0.9961519601440824, ""top"": [{""feature"": ""name_semantic_max"", ""shap"": 1.6947678327560425, ""value"": 0.6835674047470093, ""model_input"": 0.6835674047470093}, {""feature"": ""addr_token_overlap"", ""shap"": 0.9147487282752991, ""value"": 1.0, ""model_input"": 1.0}, {""feature"": ""street_number_diff"", ""shap"": 0.8543856143951416, ""value"": 0.0, ""model_input"": 0.0}, {""feature"": ""name_sim_max_pm_dirigeant"", ""shap"": 0.8035910129547119, ""value"": 0.5008714596949891, ""model_input"": 0.5008714596949891}, {""feature"": ""name_addr_consistency"", ""shap"": -0.39786261320114136, ""value"": 0.6125222816399287, ""model_input"": 0.6125222816399287}, {""feature"": ""token_overlap_ul"", ""shap"": 0.3913906514644623, ""value"": 0.2, ""model_input"": 0.2}, {""feature"": ""addr_jaro"", ""shap"": 0.3606783151626587, ""value"": 1.0, ""model_input"": 1.0}, {""feature"": ""name_token_overlap_max"", ""shap"": -0.32138359546661377, ""value"": 0.0, ""model_input"": 0.0}, {""feature"": ""addr_levenshtein"", ""shap"": 0.25366270542144775, ""value"": 1.0, ""model_input"": 1.0}, {""feature"": ""name_count"", ""shap"": 0.23811116814613342, ""value"": 2.0, ""model_input"": 2.0}]}"
126,CHRONOPOST - Agence  LYON SANTE FRESH,42 BOULEVARD DES NATIONS,69960,CORBAS,38469201800086,0.9843829274177551,STERNE CARE,42 BOULEVARD DES NATIONS,CORBAS,69960,69273,OUVERT,2025-03-11 05:19:45,3,"{""bias"": 1.1616770029067993, ""margin"": 4.14364767074585, ""prob_from_margin"": 0.9843828875650839, ""top"": [{""feature"": ""addr_token_overlap"", ""shap"": 1.4415628910064697, ""value"": 1.0, ""model_input"": 1.0}, {""feature"": ""street_number_diff"", ""shap"": 1.1506052017211914, ""value"": 0.0, ""model_input"": 0.0}, {""feature"": ""name_semantic_second"", ""shap"": 0.8562861680984497, ""value"": 0.6068774461746216, ""model_input"": 0.6068774461746216}, {""feature"": ""name_sim_max_etab"", ""shap"": -0.8523470163345337, ""value"": 0.6897070040830977, ""model_input"": 0.6897070040830977}, {""feature"": ""name_sim_max_pm_dirigeant"", ""shap"": 0.6369217038154602, ""value"": 0.6897070040830977, ""model_input"": 0.6897070040830977}, {""feature"": ""addr_levenshtein"", ""shap"": 0.4818437397480011, ""value"": 1.0, ""model_input"": 1.0}, {""feature"": ""addr_jaro"", ""shap"": 0.42535436153411865, ""value"": 1.0, ""model_input"": 1.0}, {""feature"": ""name_token_overlap_max"", ""shap"": -0.34120485186576843, ""value"": 0.0, ""model_input"": 0.0}, {""feature"": ""name_semantic_max"", ""shap"": 0.3294246792793274, ""value"": 0.6068774461746216, ""model_input"": 0.6068774461746216}, {""feature"": ""name_sim_max_sigle"", ""shap"": 0.2994227111339569, ""value"": 0.546147752030105, ""model_input"": 0.546147752030105}]}"
126,CHRONOPOST - Agence  LYON SANTE FRESH,42 BOULEVARD DES NATIONS,69960,CORBAS,50921047200122,0.9776396751403809,CHRONOFRESH,6 AVENUE GABRIEL PERI,CORBAS,69960,69273,OUVERT,2024-03-30 06:45:41,4,"{""bias"": 1.1616770029067993, ""margin"": 3.7778515815734863, ""prob_from_margin"": 0.9776396442416313, ""top"": [{""feature"": ""name_semantic_max"", ""shap"": 2.048546314239502, ""value"": 0.6835674047470093, ""model_input"": 0.6835674047470093}, {""feature"": ""name_sim_max_pm_dirigeant"", ""shap"": 0.783419132232666, ""value"": 0.5008714596949891, ""model_input"": 0.5008714596949891}, {""feature"": ""token_overlap_ul"", ""shap"": 0.586557924747467, ""value"": 0.2, ""model_input"": 0.2}, {""feature"": ""street_number_diff"", ""shap"": -0.5571339130401611, ""value"": 36.0, ""model_input"": 36.0}, {""feature"": ""name_sim_max_etab"", ""shap"": 0.5453973412513733, ""value"": 0.5008714596949891, ""model_input"": 0.5008714596949891}, {""feature"": ""addr_token_overlap"", ""shap"": -0.5235592126846313, ""value"": 0.0, ""model_input"": 0.0}, {""feature"": ""name_addr_consistency"", ""shap"": 0.48672154545783997, ""value"": 0.34692768424386067, ""model_input"": 0.34692768424386067}, {""feature"": ""name_token_overlap_max"", ""shap"": -0.4594399333000183, ""value"": 0.0, ""model_input"": 0.0}, {""feature"": ""addr_levenshtein"", ""shap"": -0.4043026864528656, ""value"": 0.16666666666666663, ""model_input"": 0.16666666666666663}, {""feature"": ""name_count"", ""shap"": 0.33290427923202515, ""value"": 2.0, ""model_input"": 2.0}]}"
126,CHRONOPOST - Agence  LYON SANTE FRESH,42 BOULEVARD DES NATIONS,69960,CORBAS,38396013501554,0.9637089967727661,CHRONOPOST,6 AVENUE GABRIEL PERI,CORBAS,69960,69273,OUVERT,2025-01-23 02:27:39,5,"{""bias"": 1.1616770029067993, ""margin"": 3.2792201042175293, ""prob_from_margin"": 0.9637090174535355, ""top"": [{""feature"": ""name_semantic_max"", ""shap"": 3.000974655151367, ""value"": 0.8360503911972046, ""model_input"": 0.8360503911972046}, {""feature"": ""name_sim_max_pm_dirigeant"", ""shap"": 0.8690829873085022, ""value"": 0.5008714596949891, ""model_input"": 0.5008714596949891}, {""feature"": ""street_number_diff"", ""shap"": -0.7182633876800537, ""value"": 36.0, ""model_input"": 36.0}, {""feature"": ""name_addr_consistency"", ""shap"": -0.6497147083282471, ""value"": 0.48643072613660837, ""model_input"": 0.48643072613660837}, {""feature"": ""addr_token_overlap"", ""shap"": -0.582804799079895, ""value"": 0.0, ""model_input"": 0.0}, {""feature"": ""name_crm_contains_cand_max"", ""shap"": 0.5279377102851868, ""value"": 1.0, ""model_input"": 1.0}, {""feature"": ""is_siege"", ""shap"": -0.4292350113391876, ""value"": 0.0, ""model_input"": 0.0}, {""feature"": ""token_overlap_ul"", ""shap"": 0.4016273617744446, ""value"": 0.2, ""model_input"": 0.2}, {""feature"": ""addr_levenshtein"", ""shap"": -0.3555215895175934, ""value"": 0.16666666666666663, ""model_input"": 0.16666666666666663}, {""feature"": ""name_length_max"", ""shap"": -0.24919363856315613, ""value"": 10.0, ""model_input"": 10.0}]}"
125,CHRONOPOST - Agence DE CORBAS,6 Avenue Gabriel Péri ,69960,CORBAS,38396013501554,0.9992033839225769,CHRONOPOST,6 AVENUE GABRIEL PERI,CORBAS,69960,69273,OUVERT,2025-01-23 02:27:39,1,"{""bias"": 1.1616770029067993, ""margin"": 7.134326457977295, ""prob_from_margin"": 0.9992033725293391, ""top"": [{""feature"": ""name_semantic_max"", ""shap"": 2.3307716846466064, ""value"": 0.917206883430481, ""model_input"": 0.917206883430481}, {""feature"": ""name_sim_max_pm_dirigeant"", ""shap"": 0.9054176211357117, ""value"": 0.5351851851851852, ""model_input"": 0.5351851851851852}, {""feature"": ""addr_token_overlap"", ""shap"": 0.7139630913734436, ""value"": 1.0, ""model_input"": 1.0}, {""feature"": ""name_crm_contains_cand_max"", ""shap"": 0.5742219090461731, ""value"": 1.0, ""model_input"": 1.0}, {""feature"": ""name_token_overlap_max"", ""shap"": 0.5740441679954529, ""value"": 0.3333333333333333, ""model_input"": 0.3333333333333333}, {""feature"": ""street_number_diff"", ""shap"": 0.5051360130310059, ""value"": 0.0, ""model_input"": 0.0}, {""feature"": ""token_overlap_ul"", ""shap"": 0.3807987570762634, ""value"": 0.5, ""model_input"": 0.5}, {""feature"": ""addr_jaro"", ""shap"": 0.3462740182876587, ""value"": 1.0, ""model_input"": 1.0}, {""feature"": ""name_semantic_second"", ""shap"": -0.26772341132164, ""value"": 0.4048053026199341, ""model_input"": 0.4048053026199341}, {""feature"": ""is_siege"", ""shap"": -0.2087876945734024, ""value"": 0.0, ""model_input"": 0.0}]}"
125,CHRONOPOST - Agence DE CORBAS,6 Avenue Gabriel Péri ,69960,CORBAS,50921047200122,0.986850380897522,CHRONOFRESH,6 AVENUE GABRIEL PERI,CORBAS,69960,69273,OUVERT,2024-03-30 06:45:41,2,"{""bias"": 1.1616770029067993, ""margin"": 4.318120956420898, ""prob_from_margin"": 0.9868503200478024, ""top"": [{""feature"": ""name_semantic_max"", ""shap"": 1.9001219272613525, ""value"": 0.730670690536499, ""model_input"": 0.730670690536499}, {""feature"": ""addr_token_overlap"", ""shap"": 0.9461932182312012, ""value"": 1.0, ""model_input"": 1.0}, {""feature"": ""name_sim_max_pm_dirigeant"", ""shap"": 0.8977776169776917, ""value"": 0.5351851851851852, ""model_input"": 0.5351851851851852}, {""feature"": ""street_number_diff"", ""shap"": 0.8118690252304077, ""value"": 0.0, ""model_input"": 0.0}, {""feature"": ""addr_jaro"", ""shap"": 0.38719436526298523, ""value"": 1.0, ""model_input"": 1.0}, {""feature"": ""name_semantic_second"", ""shap"": -0.3665676712989807, ""value"": 0.4048053026199341, ""model_input"": 0.4048053026199341}, {""feature"": ""name_token_overlap_max"", ""shap"": -0.3448188900947571, ""value"": 0.0, ""model_input"": 0.0}, {""feature"": ""token_overlap_ul"", ""shap"": -0.3397989571094513, ""value"": 0.0, ""model_input"": 0.0}, {""feature"": ""addr_levenshtein"", ""shap"": 0.2758629024028778, ""value"": 1.0, ""model_input"": 1.0}, {""feature"": ""name_count"", ""shap"": 0.2585730254650116, ""value"": 2.0, ""model_input"": 2.0}]}"
125,CHRONOPOST - Agence DE CORBAS,6 Avenue Gabriel Péri ,69960,CORBAS,38396013502974,0.9829077124595642,CHRONOPOST,42 BOULEVARD DES NATIONS,CORBAS,69960,69273,OUVERT,2025-01-23 02:40:01,3,"{""bias"": 1.1616770029067993, ""margin"": 4.051887035369873, ""prob_from_margin"": 0.9829076980774933, ""top"": [{""feature"": ""name_semantic_max"", ""shap"": 3.052391529083252, ""value"": 0.917206883430481, ""model_input"": 0.917206883430481}, {""feature"": ""name_sim_max_pm_dirigeant"", ""shap"": 0.9491034150123596, ""value"": 0.5351851851851852, ""model_input"": 0.5351851851851852}, {""feature"": ""addr_token_overlap"", ""shap"": -0.7895955443382263, ""value"": 0.0, ""model_input"": 0.0}, {""feature"": ""name_token_overlap_max"", ""shap"": 0.6667148470878601, ""value"": 0.3333333333333333, ""model_input"": 0.3333333333333333}, {""feature"": ""street_number_diff"", ""shap"": -0.6520615816116333, ""value"": 36.0, ""model_input"": 36.0}, {""feature"": ""name_crm_contains_cand_max"", ""shap"": 0.4919142723083496, ""value"": 1.0, ""model_input"": 1.0}, {""feature"": ""name_addr_consistency"", ""shap"": -0.4612652659416199, ""value"": 0.5097527472527471, ""model_input"": 0.5097527472527471}, {""feature"": ""is_siege"", ""shap"": -0.4509093761444092, ""value"": 0.0, ""model_input"": 0.0}, {""feature"": ""token_overlap_ul"", ""shap"": 0.4375644326210022, ""value"": 0.5, ""model_input"": 0.5}, {""feature"": ""addr_levenshtein"", ""shap"": -0.3019961714744568, ""value"": 0.16666666666666663, ""model_input"": 0.16666666666666663}]}"
125,CHRONOPOST - Agence DE CORBAS,6 Avenue Gabriel Péri ,69960,CORBAS,39950664100766,0.8266111612319946,ATALIAN PROPRETE,6 AVENUE GABRIEL PERI,CORBAS,69960,69273,OUVERT,2025-02-12 02:29:39,4,"{""bias"": 1.1616770029067993, ""margin"": 1.561798334121704, ""prob_from_margin"": 0.8266112507907422, ""top"": [{""feature"": ""name_semantic_max"", ""shap"": -1.5142766237258911, ""value"": 0.4894827604293823, ""model_input"": 0.4894827604293823}, {""feature"": ""addr_token_overlap"", ""shap"": 1.4360381364822388, ""value"": 1.0, ""model_input"": 1.0}, {""feature"": ""street_number_diff"", ""shap"": 0.9606000185012817, ""value"": 0.0, ""model_input"": 0.0}, {""feature"": ""name_sim_max_pm_dirigeant"", ""shap"": 0.8152452707290649, ""value"": 0.5884370015948964, ""model_input"": 0.5884370015948964}, {""feature"": ""addr_levenshtein"", ""shap"": 0.516302227973938, ""value"": 1.0, ""model_input"": 1.0}, {""feature"": ""type_of_max_name"", ""shap"": 0.5039082169532776, ""value"": 4.0, ""model_input"": 4.0}, {""feature"": ""addr_jaro"", ""shap"": 0.482512891292572, ""value"": 1.0, ""model_input"": 1.0}, {""feature"": ""name_sim_max_etab"", ""shap"": -0.4092310667037964, ""value"": 0.5884370015948964, ""model_input"": 0.5884370015948964}, {""feature"": ""name_token_overlap_max"", ""shap"": -0.3282568156719208, ""value"": 0.0, ""model_input"": 0.0}, {""feature"": ""name_addr_consistency"", ""shap"": -0.2928937077522278, ""value"": 0.5884370015948964, ""model_input"": 0.5884370015948964}]}"
125,CHRONOPOST - Agence DE CORBAS,6 Avenue Gabriel Péri ,69960,CORBAS,67185001400281,0.8166030645370483,GEODIS RT CHIMIE LILLEBONNE,6 AVENUE GABRIEL PERI,CORBAS,69960,69273,FERME,2024-03-30 10:42:07,5,"{""bias"": 1.1616770029067993, ""margin"": 1.4935013055801392, ""prob_from_margin"": 0.8166032178943, ""top"": [{""feature"": ""name_semantic_max"", ""shap"": -1.4732998609542847, ""value"": 0.4894827604293823, ""model_input"": 0.4894827604293823}, {""feature"": ""addr_token_overlap"", ""shap"": 1.4368197917938232, ""value"": 1.0, ""model_input"": 1.0}, {""feature"": ""street_number_diff"", ""shap"": 1.027955412864685, ""value"": 0.0, ""model_input"": 0.0}, {""feature"": ""name_sim_max_pm_dirigeant"", ""shap"": 0.7782984972000122, ""value"": 0.5884370015948964, ""model_input"": 0.5884370015948964}, {""feature"": ""type_of_max_name"", ""shap"": 0.525277853012085, ""value"": 4.0, ""model_input"": 4.0}, {""feature"": ""addr_levenshtein"", ""shap"": 0.5131281614303589, ""value"": 1.0, ""model_input"": 1.0}, {""feature"": ""addr_jaro"", ""shap"": 0.48239925503730774, ""value"": 1.0, ""model_input"": 1.0}, {""feature"": ""name_sim_max_etab"", ""shap"": -0.40231460332870483, ""value"": 0.5884370015948964, ""model_input"": 0.5884370015948964}, {""feature"": ""name_addr_consistency"", ""shap"": -0.3378722071647644, ""value"": 0.5884370015948964, ""model_input"": 0.5884370015948964}, {""feature"": ""name_semantic_second"", ""shap"": -0.33047494292259216, ""value"": 0.4106793999671936, ""model_input"": 0.4106793999671936}]}"
133,CMR LOCATION,8 Avenue de l'Industrie,69960,CORBAS,49069921200026,0.999869704246521,CMR LOCATION,8 AVENUE DE L'INDUSTRIE,CORBAS,69960,69273,OUVERT,2025-02-17 02:19:07,1,"{""bias"": 1.1616770029067993, ""margin"": 8.945847511291504, ""prob_from_margin"": 0.999869739957662, ""top"": [{""feature"": ""name_semantic_max"", ""shap"": 2.2858498096466064, ""value"": 1.0, ""model_input"": 1.0}, {""feature"": ""token_overlap_ul"", ""shap"": 0.9767550230026245, ""value"": 1.0, ""model_input"": 1.0}, {""feature"": ""name_token_overlap_max"", ""shap"": 0.955021858215332, ""value"": 1.0, ""model_input"": 1.0}, {""feature"": ""name_sim_max_pm_dirigeant"", ""shap"": 0.8396382331848145, ""value"": 0.6120268620268621, ""model_input"": 0.6120268620268621}, {""feature"": ""name_crm_contains_cand_max"", ""shap"": 0.6847533583641052, ""value"": 1.0, ""model_input"": 1.0}, {""feature"": ""addr_token_overlap"", ""shap"": 0.5870981812477112, ""value"": 1.0, ""model_input"": 1.0}, {""feature"": ""name_semantic_second"", ""shap"": 0.439998596906662, ""value"": 1.0, ""model_input"": 1.0}, {""feature"": ""street_number_diff"", ""shap"": 0.41746410727500916, ""value"": 0.0, ""model_input"": 0.0}, {""feature"": ""is_siege"", ""shap"": 0.31828737258911133, ""value"": 1.0, ""model_input"": 1.0}, {""feature"": ""name_sim_max_etab"", ""shap"": -0.30589866638183594, ""value"": 0.6120268620268621, ""model_input"": 0.6120268620268621}]}"
133,CMR LOCATION,8 Avenue de l'Industrie,69960,CORBAS,43922065800041,0.9939594268798828,T.D.E,8 AVENUE DE L'INDUSTRIE,CORBAS,69960,69273,FERME,2024-03-30 15:49:57,2,"{""bias"": 1.1616770029067993, ""margin"": 5.103187561035156, ""prob_from_margin"": 0.993959367247753, ""top"": [{""feature"": ""name_semantic_max"", ""shap"": -1.8295977115631104, ""value"": 0.3590058982372284, ""model_input"": 0.3590058982372284}, {""feature"": ""addr_token_overlap"", ""shap"": 1.3069568872451782, ""value"": 1.0, ""model_input"": 1.0}, {""feature"": ""name_addr_consistency"", ""shap"": 1.2145793437957764, ""value"": 0.0, ""model_input"": 0.0}, {""feature"": ""street_number_diff"", ""shap"": 1.0085389614105225, ""value"": 0.0, ""model_input"": 0.0}, {""feature"": ""addr_jaro"", ""shap"": 0.9274075627326965, ""value"": 1.0, ""model_input"": 1.0}, {""feature"": ""name_sim_max_etab"", ""shap"": 0.8999775648117065, ""value"": 0.0, ""model_input"": 0.0}, {""feature"": ""addr_levenshtein"", ""shap"": 0.6534047722816467, ""value"": 1.0, ""model_input"": 1.0}, {""feature"": ""name_jaro_max"", ""shap"": 0.6042000651359558, ""value"": 0.0, ""model_input"": 0.0}, {""feature"": ""name_sim_max_ul"", ""shap"": -0.4252127408981323, ""value"": 0.0, ""model_input"": 0.0}, {""feature"": ""name_semantic_second"", ""shap"": -0.3210853338241577, ""value"": 0.0, ""model_input"": 0.0}]}"
133,CMR LOCATION,8 Avenue de l'Industrie,69960,CORBAS,31822472200021,0.988049328327179,LOCATION ET TRANSPORTS F. MARGIOTTA,20 AVENUE DU 24 AOUT 1944,CORBAS,69960,69273,FERME,2024-03-30 12:27:03,3,"{""bias"": 1.1616770029067993, ""margin"": 4.414947032928467, ""prob_from_margin"": 0.9880493506758686, ""top"": [{""feature"": ""name_semantic_max"", ""shap"": 1.1996946334838867, ""value"": 0.6793252229690552, ""model_input"": 0.6793252229690552}, {""feature"": ""name_sim_max_etab"", ""shap"": 1.1591922044754028, ""value"": 0.0, ""model_input"": 0.0}, {""feature"": ""name_addr_consistency"", ""shap"": 0.6670953631401062, ""value"": 0.34511003757380565, ""model_input"": 0.34511003757380565}, {""feature"": ""token_overlap_ul"", ""shap"": 0.5759671926498413, ""value"": 0.5, ""model_input"": 0.5}, {""feature"": ""type_of_max_name"", ""shap"": 0.4460758566856384, ""value"": 7.0, ""model_input"": 7.0}, {""feature"": ""addr_token_overlap"", ""shap"": -0.3690829277038574, ""value"": 0.1111111111111111, ""model_input"": 0.1111111111111111}, {""feature"": ""street_number_diff"", ""shap"": -0.36650946736335754, ""value"": 12.0, ""model_input"": 12.0}, {""feature"": ""name_sim_max_pm_dirigeant"", ""shap"": -0.35410749912261963, ""value"": 0.0, ""model_input"": 0.0}, {""feature"": ""name_length_max"", ""shap"": 0.3350675702095032, ""value"": 35.0, ""model_input"": 35.0}, {""feature"": ""name_count"", ""shap"": 0.26957038044929504, ""value"": 1.0, ""model_input"": 1.0}]}"
133,CMR LOCATION,8 Avenue de l'Industrie,69960,CORBAS,91437134900012,0.9804334044456482,RHONE SERVICES LOCATION,8 AVENUE DE L'INDUSTRIE,CORBAS,69960,69273,FERME,2025-07-28 05:10:33,4,"{""bias"": 1.1616770029067993, ""margin"": 3.914170265197754, ""prob_from_margin"": 0.9804333918929798, ""top"": [{""feature"": ""addr_token_overlap"", ""shap"": 1.0264954566955566, ""value"": 1.0, ""model_input"": 1.0}, {""feature"": ""street_number_diff"", ""shap"": 1.0187674760818481, ""value"": 0.0, ""model_input"": 0.0}, {""feature"": ""name_sim_max_etab"", ""shap"": 0.8433888554573059, ""value"": 0.0, ""model_input"": 0.0}, {""feature"": ""addr_jaro"", ""shap"": 0.5064666867256165, ""value"": 1.0, ""model_input"": 1.0}, {""feature"": ""name_sim_max_pm_dirigeant"", ""shap"": -0.4483219087123871, ""value"": 0.0, ""model_input"": 0.0}, {""feature"": ""type_of_max_name"", ""shap"": 0.44225117564201355, ""value"": 7.0, ""model_input"": 7.0}, {""feature"": ""token_overlap_ul"", ""shap"": 0.40481990575790405, ""value"": 0.5, ""model_input"": 0.5}, {""feature"": ""name_addr_consistency"", ""shap"": -0.4047064781188965, ""value"": 0.5339889579020014, ""model_input"": 0.5339889579020014}, {""feature"": ""addr_levenshtein"", ""shap"": 0.3726816773414612, ""value"": 1.0, ""model_input"": 1.0}, {""feature"": ""name_semantic_second"", ""shap"": -0.3398842513561249, ""value"": 0.0, ""model_input"": 0.0}]}"
133,CMR LOCATION,8 Avenue de l'Industrie,69960,CORBAS,80282923400029,0.9622227549552917,HOLDING S.M.C.C.,8 AVENUE DE L'INDUSTRIE,CORBAS,69960,69273,FERME,2025-10-22 15:57:09,5,"{""bias"": 1.1616770029067993, ""margin"": 3.2375383377075195, ""prob_from_margin"": 0.9622227294467856, ""top"": [{""feature"": ""addr_token_overlap"", ""shap"": 1.2981210947036743, ""value"": 1.0, ""model_input"": 1.0}, {""feature"": ""name_semantic_max"", ""shap"": -1.070757269859314, ""value"": 0.5133170485496521, ""model_input"": 0.5133170485496521}, {""feature"": ""street_number_diff"", ""shap"": 1.0507389307022095, ""value"": 0.0, ""model_input"": 0.0}, {""feature"": ""name_sim_max_etab"", ""shap"": 0.8371893167495728, ""value"": 0.0, ""model_input"": 0.0}, {""feature"": ""addr_jaro"", ""shap"": 0.6336418986320496, ""value"": 1.0, ""model_input"": 1.0}, {""feature"": ""addr_levenshtein"", ""shap"": 0.49091339111328125, ""value"": 1.0, ""model_input"": 1.0}, {""feature"": ""type_of_max_name"", ""shap"": 0.47510090470314026, ""value"": 7.0, ""model_input"": 7.0}, {""feature"": ""name_addr_consistency"", ""shap"": -0.3647211194038391, ""value"": 0.5138888888888888, ""model_input"": 0.5138888888888888}, {""feature"": ""name_sim_max_pm_dirigeant"", ""shap"": -0.3590751588344574, ""value"": 0.0, ""model_input"": 0.0}, {""feature"": ""name_count"", ""shap"": 0.3439388871192932, ""value"": 1.0, ""model_input"": 1.0}]}"
4,CMT,76 Rue Paul et Marc Barbezat,69150,DECINES-CHARPIEU,30742038000023,0.9998462200164795,CMT,76 RUE PAUL ET MARC BARBEZAT,DECINES-CHARPIEU,69150,69275,OUVERT,2025-02-05 02:27:38,1,"{""bias"": 1.1616770029067993, ""margin"": 8.780200958251953, ""prob_from_margin"": 0.9998462764492346, ""top"": [{""feature"": ""name_semantic_max"", ""shap"": 2.3874194622039795, ""value"": 1.0, ""model_input"": 1.0}, {""feature"": ""name_token_overlap_max"", ""shap"": 0.9445927143096924, ""value"": 1.0, ""model_input"": 1.0}, {""feature"": ""name_sim_max_pm_dirigeant"", ""shap"": 0.8968585729598999, ""value"": 0.611111111111111, ""model_input"": 0.611111111111111}, {""feature"": ""token_overlap_ul"", ""shap"": 0.8515952229499817, ""value"": 1.0, ""model_input"": 1.0}, {""feature"": ""acronym_match_max"", ""shap"": 0.7701419591903687, ""value"": 1.0, ""model_input"": 1.0}, {""feature"": ""name_crm_contains_cand_max"", ""shap"": 0.5732532739639282, ""value"": 1.0, ""model_input"": 1.0}, {""feature"": ""name_count"", ""shap"": -0.5225238800048828, ""value"": 6.0, ""model_input"": 6.0}, {""feature"": ""name_length_max"", ""shap"": -0.5152013301849365, ""value"": 3.0, ""model_input"": 3.0}, {""feature"": ""street_number_diff"", ""shap"": 0.46472635865211487, ""value"": 0.0, ""model_input"": 0.0}, {""feature"": ""name_semantic_second"", ""shap"": 0.45735156536102295, ""value"": 0.6331474781036377, ""model_input"": 0.6331474781036377}]}"
4,CMT,76 Rue Paul et Marc Barbezat,69150,DECINES-CHARPIEU,99181968100016,0.9987308382987976,CMT BIAX,76 RUE PAUL ET MARC BARBEZAT,DECINES-CHARPIEU,69150,69275,OUVERT,2025-10-07 05:22:40,2,"{""bias"": 1.1616770029067993, ""margin"": 6.668105125427246, ""prob_from_margin"": 0.9987308084082565, ""top"": [{""feature"": ""name_semantic_max"", ""shap"": 1.503514289855957, ""value"": 0.7169286012649536, ""model_input"": 0.7169286012649536}, {""feature"": ""name_sim_max_pm_dirigeant"", ""shap"": 0.9093381762504578, ""value"": 0.5868055555555555, ""model_input"": 0.5868055555555555}, {""feature"": ""name_token_overlap_max"", ""shap"": 0.8291606903076172, ""value"": 0.5, ""model_input"": 0.5}, {""feature"": ""token_overlap_ul"", ""shap"": 0.7482993602752686, ""value"": 1.0, ""model_input"": 1.0}, {""feature"": ""addr_token_overlap"", ""shap"": 0.6987334489822388, ""value"": 1.0, ""model_input"": 1.0}, {""feature"": ""street_number_diff"", ""shap"": 0.5624614953994751, ""value"": 0.0, ""model_input"": 0.0}, {""feature"": ""name_semantic_second"", ""shap"": 0.39759331941604614, ""value"": 0.6313365697860718, ""model_input"": 0.6313365697860718}, {""feature"": ""addr_levenshtein"", ""shap"": 0.21949966251850128, ""value"": 1.0, ""model_input"": 1.0}, {""feature"": ""addr_jaro"", ""shap"": 0.20206566154956818, ""value"": 1.0, ""model_input"": 1.0}, {""feature"": ""is_siege"", ""shap"": 0.1887183040380478, ""value"": 1.0, ""model_input"": 1.0}]}"
4,CMT,76 Rue Paul et Marc Barbezat,69150,DECINES-CHARPIEU,81918758400019,0.9982393980026245,CMT AUTOS,63 RUE PAUL ET MARC BARBEZAT,DECINES-CHARPIEU,69150,69275,FERME,2024-03-30 01:54:05,3,"{""bias"": 1.1616770029067993, ""margin"": 6.340335845947266, ""prob_from_margin"": 0.9982393953930366, ""top"": [{""feature"": ""name_semantic_max"", ""shap"": 2.6075971126556396, ""value"": 0.8174949288368225, ""model_input"": 0.8174949288368225}, {""feature"": ""name_token_overlap_max"", ""shap"": 1.0598232746124268, ""value"": 0.5, ""model_input"": 0.5}, {""feature"": ""name_sim_max_etab"", ""shap"": 1.0152164697647095, ""value"": 0.0, ""model_input"": 0.0}, {""feature"": ""token_overlap_ul"", ""shap"": 0.959007978439331, ""value"": 1.0, ""model_input"": 1.0}, {""feature"": ""name_sim_max_pm_dirigeant"", ""shap"": -0.48858729004859924, ""value"": 0.0, ""model_input"": 0.0}, {""feature"": ""street_number_diff"", ""shap"": -0.4522491991519928, ""value"": 13.0, ""model_input"": 13.0}, {""feature"": ""name_addr_consistency"", ""shap"": 0.3175768256187439, ""value"": 0.8243386243386243, ""model_input"": 0.8243386243386243}, {""feature"": ""name_jaro_gap"", ""shap"": 0.3038825988769531, ""value"": 0.8444444444444443, ""model_input"": 0.8444444444444443}, {""feature"": ""name_length_max"", ""shap"": -0.2711234986782074, ""value"": 9.0, ""model_input"": 9.0}, {""feature"": ""name_levenshtein_max"", ""shap"": -0.2628265917301178, ""value"": 0.33333333333333337, ""model_input"": 0.33333333333333337}]}"
4,CMT,76 Rue Paul et Marc Barbezat,69150,DECINES-CHARPIEU,35304274000012,0.9761316776275635,SORELI,76 RUE PAUL ET MARC BARBEZAT,DECINES-CHARPIEU,69150,69275,FERME,2025-01-22 02:56:15,4,"{""bias"": 1.1616770029067993, ""margin"": 3.7110447883605957, ""prob_from_margin"": 0.9761316648479109, ""top"": [{""feature"": ""name_semantic_max"", ""shap"": -2.452266216278076, ""value"": 0.29966938495635986, ""model_input"": 0.29966938495635986}, {""feature"": ""addr_token_overlap"", ""shap"": 1.2494903802871704, ""value"": 1.0, ""model_input"": 1.0}, {""feature"": ""street_number_diff"", ""shap"": 0.9969126582145691, ""value"": 0.0, ""model_input"": 0.0}, {""feature"": ""name_addr_consistency"", ""shap"": 0.9628962874412537, ""value"": 0.0, ""model_input"": 0.0}, {""feature"": ""addr_jaro"", ""shap"": 0.9274490475654602, ""value"": 1.0, ""model_input"": 1.0}, {""feature"": ""name_sim_max_etab"", ""shap"": 0.9112991690635681, ""value"": 0.0, ""model_input"": 0.0}, {""feature"": ""name_jaro_max"", ""shap"": 0.5682008862495422, ""value"": 0.0, ""model_input"": 0.0}, {""feature"": ""addr_levenshtein"", ""shap"": 0.5002988576889038, ""value"": 1.0, ""model_input"": 1.0}, {""feature"": ""name_sim_max_ul"", ""shap"": -0.3479447364807129, ""value"": 0.0, ""model_input"": 0.0}, {""feature"": ""name_semantic_second"", ""shap"": -0.29904747009277344, ""value"": 0.0, ""model_input"": 0.0}]}"
4,CMT,76 Rue Paul et Marc Barbezat,69150,DECINES-CHARPIEU,41903825200013,0.9747099280357361,GB FINANCE,76 RUE PAUL ET MARC BARBEZAT,DECINES-CHARPIEU,69150,69275,FERME,2025-01-14 02:49:59,5,"{""bias"": 1.1616770029067993, ""margin"": 3.6517295837402344, ""prob_from_margin"": 0.9747099668097844, ""top"": [{""feature"": ""name_semantic_max"", ""shap"": -2.1316568851470947, ""value"": 0.32686102390289307, ""model_input"": 0.32686102390289307}, {""feature"": ""addr_token_overlap"", ""shap"": 1.292580485343933, ""value"": 1.0, ""model_input"": 1.0}, {""feature"": ""name_addr_consistency"", ""shap"": 1.2196182012557983, ""value"": 0.0, ""model_input"": 0.0}, {""feature"": ""street_number_diff"", ""shap"": 0.9664055705070496, ""value"": 0.0, ""model_input"": 0.0}, {""feature"": ""addr_jaro"", ""shap"": 0.8887467384338379, ""value"": 1.0, ""model_input"": 1.0}, {""feature"": ""name_sim_max_etab"", ""shap"": 0.874154806137085, ""value"": 0.0, ""model_input"": 0.0}, {""feature"": ""addr_levenshtein"", ""shap"": 0.6528732776641846, ""value"": 1.0, ""model_input"": 1.0}, {""feature"": ""name_jaro_max"", ""shap"": 0.5892468094825745, ""value"": 0.0, ""model_input"": 0.0}, {""feature"": ""name_sim_max_ul"", ""shap"": -0.5245826840400696, ""value"": 0.0, ""model_input"": 0.0}, {""feature"": ""name_semantic_second"", ""shap"": -0.35921159386634827, ""value"": 0.0, ""model_input"": 0.0}]}"
117,COFRULY,69 Rue Marcel Merieux,69960,CORBAS,38230906000020,0.9998241066932678,COFRULY,69 RUE MARCEL MERIEUX,CORBAS,69960,69273,OUVERT,2025-07-04 10:47:09,1,"{""bias"": 1.1616770029067993, ""margin"": 8.645254135131836, ""prob_from_margin"": 0.9998240710046086, ""top"": [{""feature"": ""name_semantic_max"", ""shap"": 2.3680334091186523, ""value"": 1.0000001192092896, ""model_input"": 1.0000001192092896}, {""feature"": ""token_overlap_ul"", ""shap"": 0.9949386119842529, ""value"": 1.0, ""model_input"": 1.0}, {""feature"": ""name_token_overlap_max"", ""shap"": 0.9648439884185791, ""value"": 1.0, ""model_input"": 1.0}, {""feature"": ""name_sim_max_pm_dirigeant"", ""shap"": 0.7877582311630249, ""value"": 0.6438923395445134, ""model_input"": 0.6438923395445134}, {""feature"": ""name_crm_contains_cand_max"", ""shap"": 0.6551747918128967, ""value"": 1.0, ""model_input"": 1.0}, {""feature"": ""name_semantic_second"", ""shap"": 0.5419947504997253, ""value"": 0.6702060699462891, ""model_input"": 0.6702060699462891}, {""feature"": ""addr_token_overlap"", ""shap"": 0.5193135738372803, ""value"": 1.0, ""model_input"": 1.0}, {""feature"": ""name_sim_max_etab"", ""shap"": -0.5025759339332581, ""value"": 0.6438923395445134, ""model_input"": 0.6438923395445134}, {""feature"": ""name_count"", ""shap"": -0.48218104243278503, ""value"": 6.0, ""model_input"": 6.0}, {""feature"": ""street_number_diff"", ""shap"": 0.43221455812454224, ""value"": 0.0, ""model_input"": 0.0}]}"
117,COFRULY,69 Rue Marcel Merieux,69960,CORBAS,48210635800021,0.9887479543685913,PAMEX,69 RUE MARCEL MERIEUX,CORBAS,69960,69273,FERME,2025-02-07 02:14:28,2,"{""bias"": 1.1616770029067993, ""margin"": 4.47588586807251, ""prob_from_margin"": 0.9887479139155738, ""top"": [{""feature"": ""name_semantic_max"", ""shap"": -2.1223459243774414, ""value"": 0.3152145743370056, ""model_input"": 0.3152145743370056}, {""feature"": ""addr_token_overlap"", ""shap"": 1.2252432107925415, ""value"": 1.0, ""model_input"": 1.0}, {""feature"": ""name_addr_consistency"", ""shap"": 1.1771199703216553, ""value"": 0.0, ""model_input"": 0.0}, {""feature"": ""street_number_diff"", ""shap"": 1.0208886861801147, ""value"": 0.0, ""model_input"": 0.0}, {""feature"": ""addr_jaro"", ""shap"": 0.9397938251495361, ""value"": 1.0, ""model_input"": 1.0}, {""feature"": ""name_sim_max_etab"", ""shap"": 0.9252399802207947, ""value"": 0.0, ""model_input"": 0.0}, {""feature"": ""name_jaro_max"", ""shap"": 0.5544959306716919, ""value"": 0.0, ""model_input"": 0.0}, {""feature"": ""addr_levenshtein"", ""shap"": 0.5112975239753723, ""value"": 1.0, ""model_input"": 1.0}, {""feature"": ""name_sim_max_ul"", ""shap"": -0.43807467818260193, ""value"": 0.0, ""model_input"": 0.0}, {""feature"": ""name_semantic_second"", ""shap"": -0.2969692647457123, ""value"": 0.0, ""model_input"": 0.0}]}"
117,COFRULY,69 Rue Marcel Merieux,69960,CORBAS,42900125800020,0.9870009422302246,BLANCHE,69 RUE MARCEL MERIEUX,CORBAS,69960,69273,FERME,2024-03-30 03:41:38,3,"{""bias"": 1.1616770029067993, ""margin"": 4.3297953605651855, ""prob_from_margin"": 0.9870009581661824, ""top"": [{""feature"": ""name_semantic_max"", ""shap"": -1.6730200052261353, ""value"": 0.40546974539756775, ""model_input"": 0.40546974539756775}, {""feature"": ""addr_token_overlap"", ""shap"": 1.4119861125946045, ""value"": 1.0, ""model_input"": 1.0}, {""feature"": ""name_addr_consistency"", ""shap"": 1.0537233352661133, ""value"": 0.0, ""model_input"": 0.0}, {""feature"": ""street_number_diff"", ""shap"": 0.996552050113678, ""value"": 0.0, ""model_input"": 0.0}, {""feature"": ""addr_jaro"", ""shap"": 0.906467854976654, ""value"": 1.0, ""model_input"": 1.0}, {""feature"": ""name_sim_max_etab"", ""shap"": 0.8568913340568542, ""value"": 0.0, ""model_input"": 0.0}, {""feature"": ""name_jaro_max"", ""shap"": 0.6370501518249512, ""value"": 0.0, ""model_input"": 0.0}, {""feature"": ""addr_levenshtein"", ""shap"": 0.6084252595901489, ""value"": 1.0, ""model_input"": 1.0}, {""feature"": ""name_sim_max_ul"", ""shap"": -0.4359714388847351, ""value"": 0.0, ""model_input"": 0.0}, {""feature"": ""name_count"", ""shap"": 0.3243882656097412, ""value"": 1.0, ""model_input"": 1.0}]}"
117,COFRULY,69 Rue Marcel Merieux,69960,CORBAS,42037022300034,0.981704592704773,COULEURS PRIMEURS,69 RUE MARCEL MERIEUX,CORBAS,69960,69273,OUVERT,2024-03-30 11:45:52,4,"{""bias"": 1.1616770029067993, ""margin"": 3.9826388359069824, ""prob_from_margin"": 0.9817045649694542, ""top"": [{""feature"": ""addr_token_overlap"", ""shap"": 1.0966317653656006, ""value"": 1.0, ""model_input"": 1.0}, {""feature"": ""street_number_diff"", ""shap"": 0.941502571105957, ""value"": 0.0, ""model_input"": 0.0}, {""feature"": ""name_semantic_max"", ""shap"": 0.7055188417434692, ""value"": 0.6258262991905212, ""model_input"": 0.6258262991905212}, {""feature"": ""name_sim_max_pm_dirigeant"", ""shap"": 0.4799020290374756, ""value"": 0.47985347985347987, ""model_input"": 0.47985347985347987}, {""feature"": ""addr_jaro"", ""shap"": 0.4586729407310486, ""value"": 1.0, ""model_input"": 1.0}, {""feature"": ""type_of_max_name"", ""shap"": 0.3732575476169586, ""value"": 7.0, ""model_input"": 7.0}, {""feature"": ""name_addr_consistency"", ""shap"": -0.33407631516456604, ""value"": 0.6028011204481792, ""model_input"": 0.6028011204481792}, {""feature"": ""name_token_overlap_max"", ""shap"": -0.32733649015426636, ""value"": 0.0, ""model_input"": 0.0}, {""feature"": ""addr_levenshtein"", ""shap"": 0.31494641304016113, ""value"": 1.0, ""model_input"": 1.0}, {""feature"": ""token_overlap_ul"", ""shap"": -0.27327609062194824, ""value"": 0.0, ""model_input"": 0.0}]}"
117,COFRULY,69 Rue Marcel Merieux,69960,CORBAS,79249138300016,0.9790152311325073,DU 41,69 RUE MARCEL MERIEUX,CORBAS,69960,69273,OUVERT,2024-03-30 11:11:13,5,"{""bias"": 1.1616770029067993, ""margin"": 3.842754364013672, ""prob_from_margin"": 0.9790153142612809, ""top"": [{""feature"": ""name_semantic_max"", ""shap"": -2.4287328720092773, ""value"": 0.30459922552108765, ""model_input"": 0.30459922552108765}, {""feature"": ""addr_token_overlap"", ""shap"": 1.1959807872772217, ""value"": 1.0, ""model_input"": 1.0}, {""feature"": ""street_number_diff"", ""shap"": 1.0275218486785889, ""value"": 0.0, ""model_input"": 0.0}, {""feature"": ""name_addr_consistency"", ""shap"": 0.9705262780189514, ""value"": 0.0, ""model_input"": 0.0}, {""feature"": ""addr_jaro"", ""shap"": 0.9252607226371765, ""value"": 1.0, ""model_input"": 1.0}, {""feature"": ""name_sim_max_etab"", ""shap"": 0.8800169825553894, ""value"": 0.0, ""model_input"": 0.0}, {""feature"": ""name_jaro_max"", ""shap"": 0.5739113688468933, ""value"": 0.0, ""model_input"": 0.0}, {""feature"": ""addr_levenshtein"", ""shap"": 0.49416637420654297, ""value"": 1.0, ""model_input"": 1.0}, {""feature"": ""name_sim_max_ul"", ""shap"": -0.4615166485309601, ""value"": 0.0, ""model_input"": 0.0}, {""feature"": ""name_semantic_second"", ""shap"": -0.32578566670417786, ""value"": 0.0, ""model_input"": 0.0}]}"
38,COMPTOIR DE L AIL,69 Rue Marcel Merieux,69960,CORBAS,40091271300023,0.9998481273651123,COMPTOIR DE L AIL,69 RUE MARCEL MERIEUX,CORBAS,69960,69273,OUVERT,2024-03-30 17:51:42,1,"{""bias"": 1.1616770029067993, ""margin"": 8.792638778686523, ""prob_from_margin"": 0.9998481763053443, ""top"": [{""feature"": ""name_semantic_max"", ""shap"": 2.274108648300171, ""value"": 1.0000001192092896, ""model_input"": 1.0000001192092896}, {""feature"": ""token_overlap_ul"", ""shap"": 0.9073959589004517, ""value"": 1.0, ""model_input"": 1.0}, {""feature"": ""name_sim_max_etab"", ""shap"": 0.8826032280921936, ""value"": 0.0, ""model_input"": 0.0}, {""feature"": ""name_token_overlap_max"", ""shap"": 0.8214005827903748, ""value"": 1.0, ""model_input"": 1.0}, {""feature"": ""name_crm_contains_cand_max"", ""shap"": 0.6183577179908752, ""value"": 1.0, ""model_input"": 1.0}, {""feature"": ""street_number_diff"", ""shap"": 0.5054163336753845, ""value"": 0.0, ""model_input"": 0.0}, {""feature"": ""addr_token_overlap"", ""shap"": 0.4980923533439636, ""value"": 1.0, ""model_input"": 1.0}, {""feature"": ""is_siege"", ""shap"": 0.37239742279052734, ""value"": 1.0, ""model_input"": 1.0}, {""feature"": ""name_addr_consistency"", ""shap"": 0.35961946845054626, ""value"": 1.0, ""model_input"": 1.0}, {""feature"": ""name_sim_max_pm_dirigeant"", ""shap"": -0.3331054747104645, ""value"": 0.0, ""model_input"": 0.0}]}"
38,COMPTOIR DE L AIL,69 Rue Marcel Merieux,69960,CORBAS,96550106700056,0.9775906801223755,CLEDOR LA PROVENCE,69 RUE MARCEL MERIEUX,CORBAS,69960,69273,OUVERT,2024-04-25 13:09:11,2,"{""bias"": 1.1616770029067993, ""margin"": 3.77561616897583, ""prob_from_margin"": 0.9775907250829126, ""top"": [{""feature"": ""addr_token_overlap"", ""shap"": 1.2054024934768677, ""value"": 1.0, ""model_input"": 1.0}, {""feature"": ""street_number_diff"", ""shap"": 1.0502893924713135, ""value"": 0.0, ""model_input"": 0.0}, {""feature"": ""name_sim_max_pm_dirigeant"", ""shap"": 0.8092362284660339, ""value"": 0.5098039215686274, ""model_input"": 0.5098039215686274}, {""feature"": ""name_semantic_max"", ""shap"": -0.6639907360076904, ""value"": 0.5446630120277405, ""model_input"": 0.5446630120277405}, {""feature"": ""addr_jaro"", ""shap"": 0.5867723226547241, ""value"": 1.0, ""model_input"": 1.0}, {""feature"": ""type_of_max_name"", ""shap"": 0.5495220422744751, ""value"": 7.0, ""model_input"": 7.0}, {""feature"": ""addr_levenshtein"", ""shap"": 0.3911631405353546, ""value"": 1.0, ""model_input"": 1.0}, {""feature"": ""name_semantic_second"", ""shap"": -0.38299691677093506, ""value"": 0.33750104904174805, ""model_input"": 0.33750104904174805}, {""feature"": ""name_token_overlap_max"", ""shap"": -0.3491973280906677, ""value"": 0.0, ""model_input"": 0.0}, {""feature"": ""token_overlap_ul"", ""shap"": -0.23944103717803955, ""value"": 0.0, ""model_input"": 0.0}]}"
38,COMPTOIR DE L AIL,69 Rue Marcel Merieux,69960,CORBAS,44209549300049,0.9761584401130676,JABRI,69 RUE MARCEL MERIEUX,CORBAS,69960,69273,OUVERT,2024-03-30 08:38:42,3,"{""bias"": 1.1616770029067993, ""margin"": 3.7121973037719727, ""prob_from_margin"": 0.9761585021570386, ""top"": [{""feature"": ""name_semantic_max"", ""shap"": -2.207829475402832, ""value"": 0.38824185729026794, ""model_input"": 0.38824185729026794}, {""feature"": ""addr_token_overlap"", ""shap"": 1.3402070999145508, ""value"": 1.0, ""model_input"": 1.0}, {""feature"": ""street_number_diff"", ""shap"": 0.9756411910057068, ""value"": 0.0, ""model_input"": 0.0}, {""feature"": ""addr_jaro"", ""shap"": 0.8336443305015564, ""value"": 1.0, ""model_input"": 1.0}, {""feature"": ""name_addr_consistency"", ""shap"": 0.7660086750984192, ""value"": 0.33921568627450976, ""model_input"": 0.33921568627450976}, {""feature"": ""name_sim_max_etab"", ""shap"": 0.7650344967842102, ""value"": 0.0, ""model_input"": 0.0}, {""feature"": ""addr_levenshtein"", ""shap"": 0.6077761054039001, ""value"": 1.0, ""model_input"": 1.0}, {""feature"": ""name_jaro_max"", ""shap"": 0.5573878884315491, ""value"": 0.33921568627450976, ""model_input"": 0.33921568627450976}, {""feature"": ""name_semantic_second"", ""shap"": -0.364989697933197, ""value"": 0.0, ""model_input"": 0.0}, {""feature"": ""name_sim_max_pm_dirigeant"", ""shap"": -0.35196974873542786, ""value"": 0.0, ""model_input"": 0.0}]}"
38,COMPTOIR DE L AIL,69 Rue Marcel Merieux,69960,CORBAS,89067198500012,0.9748705625534058,4CFJ,69 RUE MARCEL MERIEUX,CORBAS,69960,69273,OUVERT,2025-02-17 02:14:21,4,"{""bias"": 1.1616770029067993, ""margin"": 3.6582651138305664, ""prob_from_margin"": 0.9748705717052403, ""top"": [{""feature"": ""street_number_diff"", ""shap"": 1.25438392162323, ""value"": 0.0, ""model_input"": 0.0}, {""feature"": ""addr_token_overlap"", ""shap"": 1.139215111732483, ""value"": 1.0, ""model_input"": 1.0}, {""feature"": ""name_sim_max_pm_dirigeant"", ""shap"": 0.7082061171531677, ""value"": 0.5036053130929791, ""model_input"": 0.5036053130929791}, {""feature"": ""addr_jaro"", ""shap"": 0.6348187923431396, ""value"": 1.0, ""model_input"": 1.0}, {""feature"": ""name_semantic_max"", ""shap"": -0.5033034086227417, ""value"": 0.5573546290397644, ""model_input"": 0.5573546290397644}, {""feature"": ""type_of_max_name"", ""shap"": 0.49348336458206177, ""value"": 4.0, ""model_input"": 4.0}, {""feature"": ""addr_levenshtein"", ""shap"": 0.4143754839897156, ""value"": 1.0, ""model_input"": 1.0}, {""feature"": ""name_semantic_second"", ""shap"": -0.34401917457580566, ""value"": 0.39101487398147583, ""model_input"": 0.39101487398147583}, {""feature"": ""name_count"", ""shap"": 0.3176143169403076, ""value"": 2.0, ""model_input"": 2.0}, {""feature"": ""name_addr_consistency"", ""shap"": -0.3131077289581299, ""value"": 0.5036053130929791, ""model_input"": 0.5036053130929791}]}"
38,COMPTOIR DE L AIL,69 Rue Marcel Merieux,69960,CORBAS,77983234400088,0.9728108048439026,SOLY IMPORT,69 RUE MARCEL MERIEUX,CORBAS,69960,69273,OUVERT,2024-03-30 15:57:53,5,"{""bias"": 1.1616770029067993, ""margin"": 3.5773706436157227, ""prob_from_margin"": 0.9728108229088576, ""top"": [{""feature"": ""addr_token_overlap"", ""shap"": 1.2864718437194824, ""value"": 1.0, ""model_input"": 1.0}, {""feature"": ""street_number_diff"", ""shap"": 1.2112396955490112, ""value"": 0.0, ""model_input"": 0.0}, {""feature"": ""name_semantic_max"", ""shap"": -0.6792712807655334, ""value"": 0.5373782515525818, ""model_input"": 0.5373782515525818}, {""feature"": ""addr_jaro"", ""shap"": 0.6450743079185486, ""value"": 1.0, ""model_input"": 1.0}, {""feature"": ""type_of_max_name"", ""shap"": 0.5497849583625793, ""value"": 7.0, ""model_input"": 7.0}, {""feature"": ""name_sim_max_etab"", ""shap"": 0.4217929542064667, ""value"": 0.4477124183006536, ""model_input"": 0.4477124183006536}, {""feature"": ""name_sim_max_pm_dirigeant"", ""shap"": 0.3783096671104431, ""value"": 0.4477124183006536, ""model_input"": 0.4477124183006536}, {""feature"": ""addr_levenshtein"", ""shap"": 0.36307841539382935, ""value"": 1.0, ""model_input"": 1.0}, {""feature"": ""name_addr_consistency"", ""shap"": -0.34870338439941406, ""value"": 0.6076203208556149, ""model_input"": 0.6076203208556149}, {""feature"": ""name_token_overlap_max"", ""shap"": -0.3221565783023834, ""value"": 0.0, ""model_input"": 0.0}]}"
41,CORALLIS,6 Rue du Dauphiné,69960,CORBAS,42152046100367,0.950207531452179,CORALLIS FORMATION PROFESSIONNELLE,6 RUE DU DAUPHINE,CORBAS,69960,69273,OUVERT,2025-01-16 03:15:48,1,"{""bias"": 1.1616770029067993, ""margin"": 2.9488162994384766, ""prob_from_margin"": 0.9502075136224618, ""top"": [{""feature"": ""name_semantic_max"", ""shap"": 2.589423418045044, ""value"": 0.7948476076126099, ""model_input"": 0.7948476076126099}, {""feature"": ""addr_token_overlap"", ""shap"": 0.8028878569602966, ""value"": 1.0, ""model_input"": 1.0}, {""feature"": ""name_count"", ""shap"": -0.7831512093544006, ""value"": 5.0, ""model_input"": 5.0}, {""feature"": ""street_number_diff"", ""shap"": 0.7523157000541687, ""value"": 0.0, ""model_input"": 0.0}, {""feature"": ""name_sim_max_etab"", ""shap"": -0.7000438570976257, ""value"": 0.8470588235294118, ""model_input"": 0.8470588235294118}, {""feature"": ""name_token_overlap_max"", ""shap"": 0.6483224630355835, ""value"": 0.3333333333333333, ""model_input"": 0.3333333333333333}, {""feature"": ""name_sim_max_ul"", ""shap"": -0.6285449862480164, ""value"": 0.40972222222222215, ""model_input"": 0.40972222222222215}, {""feature"": ""name_sim_max_pm_dirigeant"", ""shap"": 0.46101412177085876, ""value"": 0.5648148148148148, ""model_input"": 0.5648148148148148}, {""feature"": ""type_of_max_name"", ""shap"": -0.45762506127357483, ""value"": 2.0, ""model_input"": 2.0}, {""feature"": ""token_overlap_ul"", ""shap"": -0.4206846058368683, ""value"": 0.0, ""model_input"": 0.0}]}"
41,CORALLIS,6 Rue du Dauphiné,69960,CORBAS,32345901600032,0.868463397026062,MERMET R CORBAS,6 RUE DU DAUPHINE,CORBAS,69960,69273,FERME,2024-03-30 10:48:45,2,"{""bias"": 1.1616770029067993, ""margin"": 1.8874423503875732, ""prob_from_margin"": 0.868463633850425, ""top"": [{""feature"": ""name_semantic_max"", ""shap"": -1.6371322870254517, ""value"": 0.4538264274597168, ""model_input"": 0.4538264274597168}, {""feature"": ""addr_token_overlap"", ""shap"": 1.0608234405517578, ""value"": 1.0, ""model_input"": 1.0}, {""feature"": ""addr_jaro"", ""shap"": 0.700565755367279, ""value"": 1.0, ""model_input"": 1.0}, {""feature"": ""name_sim_max_etab"", ""shap"": 0.6542094349861145, ""value"": 0.0, ""model_input"": 0.0}, {""feature"": ""name_semantic_second"", ""shap"": -0.5689299702644348, ""value"": 0.0, ""model_input"": 0.0}, {""feature"": ""street_number_diff"", ""shap"": 0.563866376876831, ""value"": 0.0, ""model_input"": 0.0}, {""feature"": ""name_city_overlap_max"", ""shap"": 0.5288394093513489, ""value"": 0.3333333333333333, ""model_input"": 0.3333333333333333}, {""feature"": ""addr_levenshtein"", ""shap"": 0.5002979636192322, ""value"": 1.0, ""model_input"": 1.0}, {""feature"": ""type_of_max_name"", ""shap"": 0.42509689927101135, ""value"": 7.0, ""model_input"": 7.0}, {""feature"": ""name_sim_max_ul"", ""shap"": -0.3948298692703247, ""value"": 0.3972222222222222, ""model_input"": 0.3972222222222222}]}"
41,CORALLIS,6 Rue du Dauphiné,69960,CORBAS,60612032700030,0.8308210372924805,ROBERT MERMET,6 RUE DU DAUPHINE,CORBAS,69960,69273,OUVERT,2024-03-30 14:04:14,3,"{""bias"": 1.1616770029067993, ""margin"": 1.5914568901062012, ""prob_from_margin"": 0.8308209785757141, ""top"": [{""feature"": ""name_semantic_max"", ""shap"": -2.3220202922821045, ""value"": 0.34565943479537964, ""model_input"": 0.34565943479537964}, {""feature"": ""street_number_diff"", ""shap"": 1.150415062904358, ""value"": 0.0, ""model_input"": 0.0}, {""feature"": ""addr_token_overlap"", ""shap"": 1.1260727643966675, ""value"": 1.0, ""model_input"": 1.0}, {""feature"": ""addr_jaro"", ""shap"": 0.6719268560409546, ""value"": 1.0, ""model_input"": 1.0}, {""feature"": ""name_semantic_second"", ""shap"": -0.5996189713478088, ""value"": 0.25877267122268677, ""model_input"": 0.25877267122268677}, {""feature"": ""addr_levenshtein"", ""shap"": 0.4899670481681824, ""value"": 1.0, ""model_input"": 1.0}, {""feature"": ""type_of_max_name"", ""shap"": 0.4507758915424347, ""value"": 4.0, ""model_input"": 4.0}, {""feature"": ""name_sim_max_ul"", ""shap"": -0.3918505012989044, ""value"": 0.30128205128205127, ""model_input"": 0.30128205128205127}, {""feature"": ""name_sim_max_etab"", ""shap"": 0.34444040060043335, ""value"": 0.44166666666666665, ""model_input"": 0.44166666666666665}, {""feature"": ""name_sim_max_pm_dirigeant"", ""shap"": 0.34062737226486206, ""value"": 0.44166666666666665, ""model_input"": 0.44166666666666665}]}"
41,CORALLIS,6 Rue du Dauphiné,69960,CORBAS,39937378600132,0.7723388075828552,AGROLOGIS,6 RUE DU DAUPHINE,CORBAS,69960,69273,OUVERT,2024-03-30 15:31:30,4,"{""bias"": 1.1616770029067993, ""margin"": 1.2215640544891357, ""prob_from_margin"": 0.7723386768357632, ""top"": [{""feature"": ""name_semantic_max"", ""shap"": -2.131152391433716, ""value"": 0.4370485842227936, ""model_input"": 0.4370485842227936}, {""feature"": ""addr_token_overlap"", ""shap"": 1.3250027894973755, ""value"": 1.0, ""model_input"": 1.0}, {""feature"": ""street_number_diff"", ""shap"": 1.2024770975112915, ""value"": 0.0, ""model_input"": 0.0}, {""feature"": ""addr_jaro"", ""shap"": 0.6711853742599487, ""value"": 1.0, ""model_input"": 1.0}, {""feature"": ""name_sim_max_etab"", ""shap"": 0.6368077397346497, ""value"": 0.0, ""model_input"": 0.0}, {""feature"": ""addr_levenshtein"", ""shap"": 0.5551069974899292, ""value"": 1.0, ""model_input"": 1.0}, {""feature"": ""name_sim_max_pm_dirigeant"", ""shap"": -0.4646996259689331, ""value"": 0.0, ""model_input"": 0.0}, {""feature"": ""type_of_max_name"", ""shap"": 0.4329131841659546, ""value"": 7.0, ""model_input"": 7.0}, {""feature"": ""name_levenshtein_max"", ""shap"": -0.4072117805480957, ""value"": 0.4444444444444444, ""model_input"": 0.4444444444444444}, {""feature"": ""name_semantic_second"", ""shap"": -0.3939482569694519, ""value"": 0.0, ""model_input"": 0.0}]}"
41,CORALLIS,6 Rue du Dauphiné,69960,CORBAS,44107723700028,0.6461160182952881,GEMLOG (GPT EMPLOYEURS LOGISTIQUE ),6 RUE DU DAUPHINE,CORBAS,69960,69273,OUVERT,2024-03-30 01:55:26,5,"{""bias"": 1.1616770029067993, ""margin"": 0.6020103693008423, ""prob_from_margin"": 0.646116112242702, ""top"": [{""feature"": ""name_semantic_max"", ""shap"": -3.01061749458313, ""value"": 0.33838367462158203, ""model_input"": 0.33838367462158203}, {""feature"": ""addr_token_overlap"", ""shap"": 1.184252381324768, ""value"": 1.0, ""model_input"": 1.0}, {""feature"": ""street_number_diff"", ""shap"": 0.8704450130462646, ""value"": 0.0, ""model_input"": 0.0}, {""feature"": ""name_sim_max_etab"", ""shap"": 0.8233385682106018, ""value"": 0.0, ""model_input"": 0.0}, {""feature"": ""addr_jaro"", ""shap"": 0.5379486680030823, ""value"": 1.0, ""model_input"": 1.0}, {""feature"": ""addr_levenshtein"", ""shap"": 0.5364249348640442, ""value"": 1.0, ""model_input"": 1.0}, {""feature"": ""name_semantic_second"", ""shap"": -0.3996635973453522, ""value"": 0.0, ""model_input"": 0.0}, {""feature"": ""name_sim_max_pm_dirigeant"", ""shap"": -0.39931246638298035, ""value"": 0.0, ""model_input"": 0.0}, {""feature"": ""type_of_max_name"", ""shap"": 0.34766778349876404, ""value"": 7.0, ""model_input"": 7.0}, {""feature"": ""name_token_overlap_max"", ""shap"": -0.3417752683162689, ""value"": 0.0, ""model_input"": 0.0}]}"
28,CORBAS - ALLENDE,38 avenue Salvador Allende,69960,CORBAS,21690273400013,0.800351619720459,MAIRIE,PL CHARLES JOCTEUR,CORBAS,69960,69273,OUVERT,2024-03-30 03:33:42,1,"{""bias"": 1.1616770029067993, ""margin"": 1.3884943723678589, ""prob_from_margin"": 0.8003517694887435, ""top"": [{""feature"": ""name_semantic_max"", ""shap"": -2.211148500442505, ""value"": 0.406052827835083, ""model_input"": 0.406052827835083}, {""feature"": ""name_city_overlap_max"", ""shap"": 1.7094080448150635, ""value"": 0.3333333333333333, ""model_input"": 0.3333333333333333}, {""feature"": ""name_length_max"", ""shap"": 0.5480498671531677, ""value"": 6.0, ""model_input"": 6.0}, {""feature"": ""name_token_overlap_max"", ""shap"": -0.4696747660636902, ""value"": 0.0, ""model_input"": 0.0}, {""feature"": ""is_siege"", ""shap"": 0.4258391857147217, ""value"": 1.0, ""model_input"": 1.0}, {""feature"": ""street_number_diff"", ""shap"": 0.41845008730888367, ""value"": 9999.0, ""model_input"": 9999.0}, {""feature"": ""name_count"", ""shap"": 0.4103648364543915, ""value"": 2.0, ""model_input"": 2.0}, {""feature"": ""addr_jaro"", ""shap"": -0.36159977316856384, ""value"": 0.5133903133903134, ""model_input"": 0.5133903133903134}, {""feature"": ""name_semantic_second"", ""shap"": -0.34318244457244873, ""value"": 0.3904540538787842, ""model_input"": 0.3904540538787842}, {""feature"": ""addr_levenshtein"", ""shap"": -0.3296864330768585, ""value"": 0.1923076923076923, ""model_input"": 0.1923076923076923}]}"
28,CORBAS - ALLENDE,38 avenue Salvador Allende,69960,CORBAS,22690001701186,0.795743465423584,MDR MEDICO SOCIAL,38 AVENUE SALVADOR ALLENDE,CORBAS,69960,69273,OUVERT,2025-02-14 02:27:39,2,"{""bias"": 1.1616770029067993, ""margin"": 1.3598994016647339, ""prob_from_margin"": 0.7957433473641726, ""top"": [{""feature"": ""name_semantic_max"", ""shap"": -2.110974073410034, ""value"": 0.41722390055656433, ""model_input"": 0.41722390055656433}, {""feature"": ""addr_token_overlap"", ""shap"": 1.2950764894485474, ""value"": 1.0, ""model_input"": 1.0}, {""feature"": ""street_number_diff"", ""shap"": 1.1529895067214966, ""value"": 0.0, ""model_input"": 0.0}, {""feature"": ""name_sim_max_etab"", ""shap"": 0.8301789164543152, ""value"": 0.3011204481792717, ""model_input"": 0.3011204481792717}, {""feature"": ""addr_jaro"", ""shap"": 0.6604642271995544, ""value"": 1.0, ""model_input"": 1.0}, {""feature"": ""addr_levenshtein"", ""shap"": 0.5373802185058594, ""value"": 1.0, ""model_input"": 1.0}, {""feature"": ""name_sim_max_pm_dirigeant"", ""shap"": -0.44916820526123047, ""value"": 0.0, ""model_input"": 0.0}, {""feature"": ""name_semantic_second"", ""shap"": -0.3556368052959442, ""value"": 0.3661370277404785, ""model_input"": 0.3661370277404785}, {""feature"": ""name_count"", ""shap"": 0.35000887513160706, ""value"": 2.0, ""model_input"": 2.0}, {""feature"": ""type_of_max_name"", ""shap"": 0.34910258650779724, ""value"": 7.0, ""model_input"": 7.0}]}"
28,CORBAS - ALLENDE,38 avenue Salvador Allende,69960,CORBAS,30678258200028,0.6816459894180298,ALLEMAND ET DE LAVIE,24 AV SALVADOR ALLENDE,CORBAS,69960,69273,FERME,2024-03-22 15:40:57,3,"{""bias"": 1.1616770029067993, ""margin"": 0.7613462805747986, ""prob_from_margin"": 0.6816459544822348, ""top"": [{""feature"": ""name_semantic_max"", ""shap"": 1.6075642108917236, ""value"": 0.6957299113273621, ""model_input"": 0.6957299113273621}, {""feature"": ""street_number_diff"", ""shap"": -1.022283673286438, ""value"": 14.0, ""model_input"": 14.0}, {""feature"": ""name_sim_max_etab"", ""shap"": 0.8090049624443054, ""value"": 0.0, ""model_input"": 0.0}, {""feature"": ""name_levenshtein_max"", ""shap"": -0.5476522445678711, ""value"": 0.35, ""model_input"": 0.35}, {""feature"": ""name_token_overlap_max"", ""shap"": -0.4678889513015747, ""value"": 0.0, ""model_input"": 0.0}, {""feature"": ""token_overlap_ul"", ""shap"": -0.4604596793651581, ""value"": 0.0, ""model_input"": 0.0}, {""feature"": ""name_sim_max_pm_dirigeant"", ""shap"": -0.4158501625061035, ""value"": 0.0, ""model_input"": 0.0}, {""feature"": ""addr_levenshtein"", ""shap"": 0.34551331400871277, ""value"": 0.7692307692307692, ""model_input"": 0.7692307692307692}, {""feature"": ""name_semantic_second"", ""shap"": -0.3400578498840332, ""value"": 0.0, ""model_input"": 0.0}, {""feature"": ""type_of_max_name"", ""shap"": 0.3259585201740265, ""value"": 7.0, ""model_input"": 7.0}]}"
28,CORBAS - ALLENDE,38 avenue Salvador Allende,69960,CORBAS,91047578900020,0.5953892469406128,BIEN BOIRE A CORBAS,8 RUE DES ROSES,CORBAS,69960,69273,OUVERT,2024-03-30 14:55:41,4,"{""bias"": 1.1616770029067993, ""margin"": 0.38628995418548584, ""prob_from_margin"": 0.5953892631743432, ""top"": [{""feature"": ""name_semantic_max"", ""shap"": -1.8397825956344604, ""value"": 0.47868770360946655, ""model_input"": 0.47868770360946655}, {""feature"": ""street_number_diff"", ""shap"": -0.7253119945526123, ""value"": 30.0, ""model_input"": 30.0}, {""feature"": ""name_city_overlap_max"", ""shap"": 0.6815561056137085, ""value"": 0.25, ""model_input"": 0.25}, {""feature"": ""type_of_max_name"", ""shap"": 0.48327258229255676, ""value"": 7.0, ""model_input"": 7.0}, {""feature"": ""name_sim_max_pm_dirigeant"", ""shap"": 0.46445396542549133, ""value"": 0.47985347985347987, ""model_input"": 0.47985347985347987}, {""feature"": ""name_token_overlap_max"", ""shap"": -0.4301229417324066, ""value"": 0.0, ""model_input"": 0.0}, {""feature"": ""is_siege"", ""shap"": 0.41337355971336365, ""value"": 1.0, ""model_input"": 1.0}, {""feature"": ""name_addr_consistency"", ""shap"": 0.36617913842201233, ""value"": 0.3398924662082556, ""model_input"": 0.3398924662082556}, {""feature"": ""name_count"", ""shap"": 0.3505472242832184, ""value"": 2.0, ""model_input"": 2.0}, {""feature"": ""addr_token_overlap"", ""shap"": -0.2960500121116638, ""value"": 0.0, ""model_input"": 0.0}]}"
28,CORBAS - ALLENDE,38 avenue Salvador Allende,69960,CORBAS,39388610600011,0.5353937149047852,AGRO CORBAS SERVICES,4 RUE DU MONT BLANC,CORBAS,69960,69273,FERME,2024-03-22 15:40:57,5,"{""bias"": 1.1616770029067993, ""margin"": 0.1418132781982422, ""prob_from_margin"": 0.5353940219736216, ""top"": [{""feature"": ""name_semantic_max"", ""shap"": -2.027348518371582, ""value"": 0.4581019878387451, ""model_input"": 0.4581019878387451}, {""feature"": ""name_city_overlap_max"", ""shap"": 1.0580761432647705, ""value"": 0.3333333333333333, ""model_input"": 0.3333333333333333}, {""feature"": ""name_sim_max_etab"", ""shap"": 0.7485347986221313, ""value"": 0.0, ""model_input"": 0.0}, {""feature"": ""type_of_max_name"", ""shap"": 0.6467627882957458, ""value"": 7.0, ""model_input"": 7.0}, {""feature"": ""name_semantic_second"", ""shap"": -0.49865657091140747, ""value"": 0.0, ""model_input"": 0.0}, {""feature"": ""is_siege"", ""shap"": 0.42896172404289246, ""value"": 1.0, ""model_input"": 1.0}, {""feature"": ""street_number_diff"", ""shap"": -0.4225294589996338, ""value"": 34.0, ""model_input"": 34.0}, {""feature"": ""addr_levenshtein"", ""shap"": -0.4039393365383148, ""value"": 0.2692307692307693, ""model_input"": 0.2692307692307693}, {""feature"": ""name_token_overlap_max"", ""shap"": -0.38322192430496216, ""value"": 0.0, ""model_input"": 0.0}, {""feature"": ""name_jaro_max"", ""shap"": 0.3479098081588745, ""value"": 0.4619047619047619, ""model_input"": 0.4619047619047619}]}"
71,CORBAS - COLLEGE CASSIN,chemin des Romanettes,69960,CORBAS,19692898000016,0.9993836879730225,CLG,CHEMIN DES ROMANETTES,CORBAS,69960,69273,OUVERT,2025-01-31 02:24:40,1,"{""bias"": 1.1616770029067993, ""margin"": 7.3911662101745605, ""prob_from_margin"": 0.9993837036956142, ""top"": [{""feature"": ""name_semantic_max"", ""shap"": 2.0857765674591064, ""value"": 0.7455765008926392, ""model_input"": 0.7455765008926392}, {""feature"": ""name_token_overlap_max"", ""shap"": 1.2341574430465698, ""value"": 0.6666666666666666, ""model_input"": 0.6666666666666666}, {""feature"": ""person_name_jaro_max"", ""shap"": 1.0485984086990356, ""value"": 0.9187969924812031, ""model_input"": 0.9187969924812031}, {""feature"": ""token_overlap_ul"", ""shap"": 0.9825102090835571, ""value"": 1.0, ""model_input"": 1.0}, {""feature"": ""name_sim_max_etab"", ""shap"": 0.7713522911071777, ""value"": 0.0, ""model_input"": 0.0}, {""feature"": ""addr_token_overlap"", ""shap"": 0.5143815279006958, ""value"": 1.0, ""model_input"": 1.0}, {""feature"": ""name_sim_max_pm_dirigeant"", ""shap"": -0.5074549913406372, ""value"": 0.0, ""model_input"": 0.0}, {""feature"": ""name_addr_consistency"", ""shap"": 0.3725750148296356, ""value"": 0.9187969924812031, ""model_input"": 0.9187969924812031}, {""feature"": ""is_siege"", ""shap"": 0.35546600818634033, ""value"": 1.0, ""model_input"": 1.0}, {""feature"": ""name_semantic_second"", ""shap"": -0.340798944234848, ""value"": 0.0, ""model_input"": 0.0}]}"
84,CORBAS - COLLEGE CASSIN,chemin des Romanettes,69960,CORBAS,19692898000016,0.9993836879730225,CLG,CHEMIN DES ROMANETTES,CORBAS,69960,69273,OUVERT,2025-01-31 02:24:40,1,"{""bias"": 1.1616770029067993, ""margin"": 7.3911662101745605, ""prob_from_margin"": 0.9993837036956142, ""top"": [{""feature"": ""name_semantic_max"", ""shap"": 2.0857765674591064, ""value"": 0.7455765008926392, ""model_input"": 0.7455765008926392}, {""feature"": ""name_token_overlap_max"", ""shap"": 1.2341574430465698, ""value"": 0.6666666666666666, ""model_input"": 0.6666666666666666}, {""feature"": ""person_name_jaro_max"", ""shap"": 1.0485984086990356, ""value"": 0.9187969924812031, ""model_input"": 0.9187969924812031}, {""feature"": ""token_overlap_ul"", ""shap"": 0.9825102090835571, ""value"": 1.0, ""model_input"": 1.0}, {""feature"": ""name_sim_max_etab"", ""shap"": 0.7713522911071777, ""value"": 0.0, ""model_input"": 0.0}, {""feature"": ""addr_token_overlap"", ""shap"": 0.5143815279006958, ""value"": 1.0, ""model_input"": 1.0}, {""feature"": ""name_sim_max_pm_dirigeant"", ""shap"": -0.5074549913406372, ""value"": 0.0, ""model_input"": 0.0}, {""feature"": ""name_addr_consistency"", ""shap"": 0.3725750148296356, ""value"": 0.9187969924812031, ""model_input"": 0.9187969924812031}, {""feature"": ""is_siege"", ""shap"": 0.35546600818634033, ""value"": 1.0, ""model_input"": 1.0}, {""feature"": ""name_semantic_second"", ""shap"": -0.340798944234848, ""value"": 0.0, ""model_input"": 0.0}]}"
71,CORBAS - COLLEGE CASSIN,chemin des Romanettes,69960,CORBAS,32099119300014,0.9686691761016846,ASS SPORTIVE COLLEGE RENE CASSIN,CHEMIN DES ROMANETTES,CORBAS,69960,69273,OUVERT,2024-03-30 04:44:56,2,"{""bias"": 1.1616770029067993, ""margin"": 3.431319236755371, ""prob_from_margin"": 0.9686691303572764, ""top"": [{""feature"": ""name_semantic_max"", ""shap"": 1.5110371112823486, ""value"": 0.6971032023429871, ""model_input"": 0.6971032023429871}, {""feature"": ""name_sim_max_etab"", ""shap"": 0.8569889068603516, ""value"": 0.0, ""model_input"": 0.0}, {""feature"": ""token_overlap_ul"", ""shap"": 0.7762006521224976, ""value"": 1.0, ""model_input"": 1.0}, {""feature"": ""name_token_overlap_max"", ""shap"": 0.7400222420692444, ""value"": 0.4, ""model_input"": 0.4}, {""feature"": ""addr_token_overlap"", ""shap"": 0.6899154186248779, ""value"": 1.0, ""model_input"": 1.0}, {""feature"": ""is_association"", ""shap"": -0.6242247223854065, ""value"": 1.0, ""model_input"": 1.0}, {""feature"": ""name_sim_max_pm_dirigeant"", ""shap"": -0.44558995962142944, ""value"": 0.0, ""model_input"": 0.0}, {""feature"": ""name_semantic_second"", ""shap"": -0.33909186720848083, ""value"": 0.0, ""model_input"": 0.0}, {""feature"": ""street_number_diff"", ""shap"": -0.3032180368900299, ""value"": 9999.0, ""model_input"": 9999.0}, {""feature"": ""name_jaro_max"", ""shap"": -0.28820711374282837, ""value"": 0.6500686813186813, ""model_input"": 0.6500686813186813}]}"
84,CORBAS - COLLEGE CASSIN,chemin des Romanettes,69960,CORBAS,32099119300014,0.9686691761016846,ASS SPORTIVE COLLEGE RENE CASSIN,CHEMIN DES ROMANETTES,CORBAS,69960,69273,OUVERT,2024-03-30 04:44:56,2,"{""bias"": 1.1616770029067993, ""margin"": 3.431319236755371, ""prob_from_margin"": 0.9686691303572764, ""top"": [{""feature"": ""name_semantic_max"", ""shap"": 1.5110371112823486, ""value"": 0.6971032023429871, ""model_input"": 0.6971032023429871}, {""feature"": ""name_sim_max_etab"", ""shap"": 0.8569889068603516, ""value"": 0.0, ""model_input"": 0.0}, {""feature"": ""token_overlap_ul"", ""shap"": 0.7762006521224976, ""value"": 1.0, ""model_input"": 1.0}, {""feature"": ""name_token_overlap_max"", ""shap"": 0.7400222420692444, ""value"": 0.4, ""model_input"": 0.4}, {""feature"": ""addr_token_overlap"", ""shap"": 0.6899154186248779, ""value"": 1.0, ""model_input"": 1.0}, {""feature"": ""is_association"", ""shap"": -0.6242247223854065, ""value"": 1.0, ""model_input"": 1.0}, {""feature"": ""name_sim_max_pm_dirigeant"", ""shap"": -0.44558995962142944, ""value"": 0.0, ""model_input"": 0.0}, {""feature"": ""name_semantic_second"", ""shap"": -0.33909186720848083, ""value"": 0.0, ""model_input"": 0.0}, {""feature"": ""street_number_diff"", ""shap"": -0.3032180368900299, ""value"": 9999.0, ""model_input"": 9999.0}, {""feature"": ""name_jaro_max"", ""shap"": -0.28820711374282837, ""value"": 0.6500686813186813, ""model_input"": 0.6500686813186813}]}"
71,CORBAS - COLLEGE CASSIN,chemin des Romanettes,69960,CORBAS,48392159900013,0.9281570315361023,16 R DU COLLEGE,19 ROUTE DE SAINT SYMPHORIEN D'OZON,CORBAS,69960,69273,OUVERT,2024-03-30 05:32:53,3,"{""bias"": 1.1616770029067993, ""margin"": 2.558716058731079, ""prob_from_margin"": 0.9281568894290143, ""top"": [{""feature"": ""name_jaro_max"", ""shap"": 1.0299220085144043, ""value"": 0.3603174603174603, ""model_input"": 0.3603174603174603}, {""feature"": ""type_of_max_name"", ""shap"": 0.8041796088218689, ""value"": 7.0, ""model_input"": 7.0}, {""feature"": ""name_sim_max_etab"", ""shap"": 0.7383348345756531, ""value"": 0.0, ""model_input"": 0.0}, {""feature"": ""token_overlap_ul"", ""shap"": 0.7255258560180664, ""value"": 0.5, ""model_input"": 0.5}, {""feature"": ""addr_token_overlap"", ""shap"": -0.5234894156455994, ""value"": 0.0, ""model_input"": 0.0}, {""feature"": ""name_sim_max_ul"", ""shap"": -0.4068523347377777, ""value"": 0.3603174603174603, ""model_input"": 0.3603174603174603}, {""feature"": ""name_semantic_second"", ""shap"": -0.4003984034061432, ""value"": 0.0, ""model_input"": 0.0}, {""feature"": ""name_sim_max_pm_dirigeant"", ""shap"": -0.3166263997554779, ""value"": 0.0, ""model_input"": 0.0}, {""feature"": ""addr_levenshtein"", ""shap"": -0.3140195608139038, ""value"": 0.19999999999999996, ""model_input"": 0.19999999999999996}, {""feature"": ""is_crm_school"", ""shap"": -0.2591564953327179, ""value"": 1.0, ""model_input"": 1.0}]}"
84,CORBAS - COLLEGE CASSIN,chemin des Romanettes,69960,CORBAS,48392159900013,0.9281570315361023,16 R DU COLLEGE,19 ROUTE DE SAINT SYMPHORIEN D'OZON,CORBAS,69960,69273,OUVERT,2024-03-30 05:32:53,3,"{""bias"": 1.1616770029067993, ""margin"": 2.558716058731079, ""prob_from_margin"": 0.9281568894290143, ""top"": [{""feature"": ""name_jaro_max"", ""shap"": 1.0299220085144043, ""value"": 0.3603174603174603, ""model_input"": 0.3603174603174603}, {""feature"": ""type_of_max_name"", ""shap"": 0.8041796088218689, ""value"": 7.0, ""model_input"": 7.0}, {""feature"": ""name_sim_max_etab"", ""shap"": 0.7383348345756531, ""value"": 0.0, ""model_input"": 0.0}, {""feature"": ""token_overlap_ul"", ""shap"": 0.7255258560180664, ""value"": 0.5, ""model_input"": 0.5}, {""feature"": ""addr_token_overlap"", ""shap"": -0.5234894156455994, ""value"": 0.0, ""model_input"": 0.0}, {""feature"": ""name_sim_max_ul"", ""shap"": -0.4068523347377777, ""value"": 0.3603174603174603, ""model_input"": 0.3603174603174603}, {""feature"": ""name_semantic_second"", ""shap"": -0.4003984034061432, ""value"": 0.0, ""model_input"": 0.0}, {""feature"": ""name_sim_max_pm_dirigeant"", ""shap"": -0.3166263997554779, ""value"": 0.0, ""model_input"": 0.0}, {""feature"": ""addr_levenshtein"", ""shap"": -0.3140195608139038, ""value"": 0.19999999999999996, ""model_input"": 0.19999999999999996}, {""feature"": ""is_crm_school"", ""shap"": -0.2591564953327179, ""value"": 1.0, ""model_input"": 1.0}]}"
71,CORBAS - COLLEGE CASSIN,chemin des Romanettes,69960,CORBAS,32099120100015,0.8826672434806824,FOYER SOCIO EDUCATIF DU COLLEGE RENE CASSIN,CHEMIN DES ROMANETTES,CORBAS,69960,69273,OUVERT,2025-01-20 02:49:40,4,"{""bias"": 1.1616770029067993, ""margin"": 2.017932891845703, ""prob_from_margin"": 0.8826670965058762, ""top"": [{""feature"": ""name_semantic_max"", ""shap"": 2.091916799545288, ""value"": 0.7435810565948486, ""model_input"": 0.7435810565948486}, {""feature"": ""is_association"", ""shap"": -0.9095232486724854, ""value"": 1.0, ""model_input"": 1.0}, {""feature"": ""name_sim_max_etab"", ""shap"": 0.7753451466560364, ""value"": 0.0, ""model_input"": 0.0}, {""feature"": ""token_overlap_ul"", ""shap"": 0.6365652680397034, ""value"": 1.0, ""model_input"": 1.0}, {""feature"": ""name_addr_consistency"", ""shap"": -0.6063095927238464, ""value"": 0.4692383413313646, ""model_input"": 0.4692383413313646}, {""feature"": ""addr_token_overlap"", ""shap"": 0.47935763001441956, ""value"": 1.0, ""model_input"": 1.0}, {""feature"": ""name_token_overlap_max"", ""shap"": 0.4441938102245331, ""value"": 0.2857142857142857, ""model_input"": 0.2857142857142857}, {""feature"": ""name_length_max"", ""shap"": -0.4242841303348541, ""value"": 43.0, ""model_input"": 43.0}, {""feature"": ""name_sim_max_ul"", ""shap"": -0.40243515372276306, ""value"": 0.4692383413313646, ""model_input"": 0.4692383413313646}, {""feature"": ""name_sim_max_pm_dirigeant"", ""shap"": -0.3800570070743561, ""value"": 0.0, ""model_input"": 0.0}]}"
84,CORBAS - COLLEGE CASSIN,chemin des Romanettes,69960,CORBAS,32099120100015,0.8826672434806824,FOYER SOCIO EDUCATIF DU COLLEGE RENE CASSIN,CHEMIN DES ROMANETTES,CORBAS,69960,69273,OUVERT,2025-01-20 02:49:40,4,"{""bias"": 1.1616770029067993, ""margin"": 2.017932891845703, ""prob_from_margin"": 0.8826670965058762, ""top"": [{""feature"": ""name_semantic_max"", ""shap"": 2.091916799545288, ""value"": 0.7435810565948486, ""model_input"": 0.7435810565948486}, {""feature"": ""is_association"", ""shap"": -0.9095232486724854, ""value"": 1.0, ""model_input"": 1.0}, {""feature"": ""name_sim_max_etab"", ""shap"": 0.7753451466560364, ""value"": 0.0, ""model_input"": 0.0}, {""feature"": ""token_overlap_ul"", ""shap"": 0.6365652680397034, ""value"": 1.0, ""model_input"": 1.0}, {""feature"": ""name_addr_consistency"", ""shap"": -0.6063095927238464, ""value"": 0.4692383413313646, ""model_input"": 0.4692383413313646}, {""feature"": ""addr_token_overlap"", ""shap"": 0.47935763001441956, ""value"": 1.0, ""model_input"": 1.0}, {""feature"": ""name_token_overlap_max"", ""shap"": 0.4441938102245331, ""value"": 0.2857142857142857, ""model_input"": 0.2857142857142857}, {""feature"": ""name_length_max"", ""shap"": -0.4242841303348541, ""value"": 43.0, ""model_input"": 43.0}, {""feature"": ""name_sim_max_ul"", ""shap"": -0.40243515372276306, ""value"": 0.4692383413313646, ""model_input"": 0.4692383413313646}, {""feature"": ""name_sim_max_pm_dirigeant"", ""shap"": -0.3800570070743561, ""value"": 0.0, ""model_input"": 0.0}]}"
71,CORBAS - COLLEGE CASSIN,chemin des Romanettes,69960,CORBAS,51266043200018,0.38920608162879944,QUIBLIER DEVELOPPEMENT,19 RUE DU VERCORS,CORBAS,69960,69273,FERME,2024-03-22 15:40:57,5,"{""bias"": 1.1616770029067993, ""margin"": -0.45065009593963623, ""prob_from_margin"": 0.3892062110383127, ""top"": [{""feature"": ""name_sim_max_pm_dirigeant"", ""shap"": 0.781194806098938, ""value"": 0.5758778258778259, ""model_input"": 0.5758778258778259}, {""feature"": ""addr_token_overlap"", ""shap"": -0.622257649898529, ""value"": 0.0, ""model_input"": 0.0}, {""feature"": ""addr_jaro"", ""shap"": -0.5830031633377075, ""value"": 0.4505135387488329, ""model_input"": 0.4505135387488329}, {""feature"": ""name_semantic_second"", ""shap"": -0.49257105588912964, ""value"": 0.33533328771591187, ""model_input"": 0.33533328771591187}, {""feature"": ""street_number_diff"", ""shap"": 0.44339147210121155, ""value"": 9999.0, ""model_input"": 9999.0}, {""feature"": ""name_token_overlap_max"", ""shap"": -0.4316180348396301, ""value"": 0.0, ""model_input"": 0.0}, {""feature"": ""token_overlap_ul"", ""shap"": -0.42286133766174316, ""value"": 0.0, ""model_input"": 0.0}, {""feature"": ""type_of_max_name"", ""shap"": 0.37886735796928406, ""value"": 4.0, ""model_input"": 4.0}, {""feature"": ""addr_levenshtein"", ""shap"": -0.37760406732559204, ""value"": 0.19047619047619047, ""model_input"": 0.19047619047619047}, {""feature"": ""name_city_overlap_max"", ""shap"": -0.2541837692260742, ""value"": 0.0, ""model_input"": 0.0}]}"
84,CORBAS - COLLEGE CASSIN,chemin des Romanettes,69960,CORBAS,51266043200018,0.38920608162879944,QUIBLIER DEVELOPPEMENT,19 RUE DU VERCORS,CORBAS,69960,69273,FERME,2024-03-22 15:40:57,5,"{""bias"": 1.1616770029067993, ""margin"": -0.45065009593963623, ""prob_from_margin"": 0.3892062110383127, ""top"": [{""feature"": ""name_sim_max_pm_dirigeant"", ""shap"": 0.781194806098938, ""value"": 0.5758778258778259, ""model_input"": 0.5758778258778259}, {""feature"": ""addr_token_overlap"", ""shap"": -0.622257649898529, ""value"": 0.0, ""model_input"": 0.0}, {""feature"": ""addr_jaro"", ""shap"": -0.5830031633377075, ""value"": 0.4505135387488329, ""model_input"": 0.4505135387488329}, {""feature"": ""name_semantic_second"", ""shap"": -0.49257105588912964, ""value"": 0.33533328771591187, ""model_input"": 0.33533328771591187}, {""feature"": ""street_number_diff"", ""shap"": 0.44339147210121155, ""value"": 9999.0, ""model_input"": 9999.0}, {""feature"": ""name_token_overlap_max"", ""shap"": -0.4316180348396301, ""value"": 0.0, ""model_input"": 0.0}, {""feature"": ""token_overlap_ul"", ""shap"": -0.42286133766174316, ""value"": 0.0, ""model_input"": 0.0}, {""feature"": ""type_of_max_name"", ""shap"": 0.37886735796928406, ""value"": 4.0, ""model_input"": 4.0}, {""feature"": ""addr_levenshtein"", ""shap"": -0.37760406732559204, ""value"": 0.19047619047619047, ""model_input"": 0.19047619047619047}, {""feature"": ""name_city_overlap_max"", ""shap"": -0.2541837692260742, ""value"": 0.0, ""model_input"": 0.0}]}"
97,CORETEC CONCEPTION REALISAT,64 Avenue des Bruyères,69150,DECINES-CHARPIEU,41940199700038,0.9994169473648071,CORETEC,64 AVENUE DES BRUYERES,DECINES-CHARPIEU,69150,69275,OUVERT,2025-07-16 16:36:54,1,"{""bias"": 1.1616770029067993, ""margin"": 7.4465460777282715, ""prob_from_margin"": 0.9994168868807951, ""top"": [{""feature"": ""name_semantic_max"", ""shap"": 2.4270997047424316, ""value"": 0.9279403686523438, ""model_input"": 0.9279403686523438}, {""feature"": ""token_overlap_ul"", ""shap"": 1.017940878868103, ""value"": 1.3333333333333333, ""model_input"": 1.3333333333333333}, {""feature"": ""name_token_overlap_max"", ""shap"": 0.9064620137214661, ""value"": 0.5, ""model_input"": 0.5}, {""feature"": ""name_sim_max_etab"", ""shap"": -0.81144779920578, ""value"": 0.851851851851852, ""model_input"": 0.851851851851852}, {""feature"": ""name_sim_max_pm_dirigeant"", ""shap"": 0.6550126075744629, ""value"": 0.615831517792302, ""model_input"": 0.615831517792302}, {""feature"": ""name_crm_contains_cand_max"", ""shap"": 0.5826758742332458, ""value"": 1.0, ""model_input"": 1.0}, {""feature"": ""name_count"", ""shap"": -0.5665212869644165, ""value"": 6.0, ""model_input"": 6.0}, {""feature"": ""addr_token_overlap"", ""shap"": 0.5511479377746582, ""value"": 1.0, ""model_input"": 1.0}, {""feature"": ""name_semantic_second"", ""shap"": 0.49166467785835266, ""value"": 0.8164473176002502, ""model_input"": 0.8164473176002502}, {""feature"": ""street_number_diff"", ""shap"": 0.4199543297290802, ""value"": 0.0, ""model_input"": 0.0}]}"
97,CORETEC CONCEPTION REALISAT,64 Avenue des Bruyères,69150,DECINES-CHARPIEU,41940199700046,0.9935358762741089,CORETEC,47 AVENUE DES BRUYERES,DECINES-CHARPIEU,69150,69275,OUVERT,2025-04-06 02:05:58,2,"{""bias"": 1.1616770029067993, ""margin"": 5.034988880157471, ""prob_from_margin"": 0.9935357874501193, ""top"": [{""feature"": ""name_semantic_max"", ""shap"": 2.634904623031616, ""value"": 0.9279403686523438, ""model_input"": 0.9279403686523438}, {""feature"": ""name_token_overlap_max"", ""shap"": 1.134451150894165, ""value"": 0.5, ""model_input"": 0.5}, {""feature"": ""token_overlap_ul"", ""shap"": 1.039742350578308, ""value"": 1.3333333333333333, ""model_input"": 1.3333333333333333}, {""feature"": ""name_sim_max_pm_dirigeant"", ""shap"": 0.9015004634857178, ""value"": 0.615831517792302, ""model_input"": 0.615831517792302}, {""feature"": ""street_number_diff"", ""shap"": -0.8746085166931152, ""value"": 17.0, ""model_input"": 17.0}, {""feature"": ""name_sim_max_etab"", ""shap"": -0.8293589949607849, ""value"": 0.851851851851852, ""model_input"": 0.851851851851852}, {""feature"": ""is_siege"", ""shap"": -0.5126292705535889, ""value"": 0.0, ""model_input"": 0.0}, {""feature"": ""name_count"", ""shap"": -0.4974771738052368, ""value"": 5.0, ""model_input"": 5.0}, {""feature"": ""addr_token_overlap"", ""shap"": 0.42158281803131104, ""value"": 0.6, ""model_input"": 0.6}, {""feature"": ""name_semantic_second"", ""shap"": 0.3624863922595978, ""value"": 0.8164473176002502, ""model_input"": 0.8164473176002502}]}"
97,CORETEC CONCEPTION REALISAT,64 Avenue des Bruyères,69150,DECINES-CHARPIEU,39479066100018,0.9585850834846497,PUBLI CONCEPT COMMUNICATION GRAPHIQUE,54 RUE RASPAIL,DECINES-CHARPIEU,69150,69275,OUVERT,2025-01-30 02:41:23,3,"{""bias"": 1.1616770029067993, ""margin"": 3.141819953918457, ""prob_from_margin"": 0.9585851925112484, ""top"": [{""feature"": ""name_sim_max_etab"", ""shap"": 1.1967891454696655, ""value"": 0.0, ""model_input"": 0.0}, {""feature"": ""type_of_max_name"", ""shap"": 0.9334142208099365, ""value"": 7.0, ""model_input"": 7.0}, {""feature"": ""token_overlap_ul"", ""shap"": 0.7410549521446228, ""value"": 0.3333333333333333, ""model_input"": 0.3333333333333333}, {""feature"": ""name_semantic_max"", ""shap"": 0.6241222023963928, ""value"": 0.6255104541778564, ""model_input"": 0.6255104541778564}, {""feature"": ""name_length_max"", ""shap"": 0.551972508430481, ""value"": 37.0, ""model_input"": 37.0}, {""feature"": ""name_sim_max_pm_dirigeant"", ""shap"": -0.4627310037612915, ""value"": 0.0, ""model_input"": 0.0}, {""feature"": ""name_token_overlap_max"", ""shap"": -0.43382760882377625, ""value"": 0.0, ""model_input"": 0.0}, {""feature"": ""addr_token_overlap"", ""shap"": -0.3922613263130188, ""value"": 0.0, ""model_input"": 0.0}, {""feature"": ""name_semantic_second"", ""shap"": -0.3503265380859375, ""value"": 0.0, ""model_input"": 0.0}, {""feature"": ""street_number_diff"", ""shap"": -0.29711854457855225, ""value"": 10.0, ""model_input"": 10.0}]}"
97,CORETEC CONCEPTION REALISAT,64 Avenue des Bruyères,69150,DECINES-CHARPIEU,83057263200016,0.9188944101333618,INOVIA CONCEPT,42 RUE VAUCANSON,DECINES-CHARPIEU,69150,69275,OUVERT,2024-03-30 01:35:22,4,"{""bias"": 1.1616770029067993, ""margin"": 2.427417755126953, ""prob_from_margin"": 0.9188942923952309, ""top"": [{""feature"": ""name_sim_max_pm_dirigeant"", ""shap"": 0.9660584926605225, ""value"": 0.5392416225749559, ""model_input"": 0.5392416225749559}, {""feature"": ""type_of_max_name"", ""shap"": 0.7730156779289246, ""value"": 7.0, ""model_input"": 7.0}, {""feature"": ""token_overlap_ul"", ""shap"": 0.7578046917915344, ""value"": 0.3333333333333333, ""model_input"": 0.3333333333333333}, {""feature"": ""street_number_diff"", ""shap"": -0.6835180521011353, ""value"": 22.0, ""model_input"": 22.0}, {""feature"": ""name_semantic_max"", ""shap"": 0.6692284345626831, ""value"": 0.6289420127868652, ""model_input"": 0.6289420127868652}, {""feature"": ""name_token_overlap_max"", ""shap"": -0.5282290577888489, ""value"": 0.0, ""model_input"": 0.0}, {""feature"": ""addr_token_overlap"", ""shap"": -0.4265826344490051, ""value"": 0.0, ""model_input"": 0.0}, {""feature"": ""name_addr_consistency"", ""shap"": 0.417161762714386, ""value"": 0.34141152992163093, ""model_input"": 0.34141152992163093}, {""feature"": ""name_count"", ""shap"": 0.37855327129364014, ""value"": 2.0, ""model_input"": 2.0}, {""feature"": ""name_semantic_second"", ""shap"": -0.3025767505168915, ""value"": 0.32339537143707275, ""model_input"": 0.32339537143707275}]}"
97,CORETEC CONCEPTION REALISAT,64 Avenue des Bruyères,69150,DECINES-CHARPIEU,82148118100021,0.8527899980545044,PAYSAGE CONCEPT,34 RUE FRANCISCO FERRER,DECINES-CHARPIEU,69150,69275,OUVERT,2024-03-30 03:55:12,5,"{""bias"": 1.1616770029067993, ""margin"": 1.75665283203125, ""prob_from_margin"": 0.8527899552499267, ""top"": [{""feature"": ""name_sim_max_etab"", ""shap"": 1.1330924034118652, ""value"": 0.0, ""model_input"": 0.0}, {""feature"": ""token_overlap_ul"", ""shap"": 0.9296344518661499, ""value"": 0.3333333333333333, ""model_input"": 0.3333333333333333}, {""feature"": ""type_of_max_name"", ""shap"": 0.7754126787185669, ""value"": 7.0, ""model_input"": 7.0}, {""feature"": ""name_semantic_max"", ""shap"": 0.5496689677238464, ""value"": 0.6187933683395386, ""model_input"": 0.6187933683395386}, {""feature"": ""street_number_diff"", ""shap"": -0.5065982937812805, ""value"": 30.0, ""model_input"": 30.0}, {""feature"": ""name_token_overlap_max"", ""shap"": -0.4385223984718323, ""value"": 0.0, ""model_input"": 0.0}, {""feature"": ""addr_token_overlap"", ""shap"": -0.3742489218711853, ""value"": 0.0, ""model_input"": 0.0}, {""feature"": ""name_sim_max_pm_dirigeant"", ""shap"": -0.35320132970809937, ""value"": 0.0, ""model_input"": 0.0}, {""feature"": ""name_semantic_second"", ""shap"": -0.3467026352882385, ""value"": 0.0, ""model_input"": 0.0}, {""feature"": ""addr_levenshtein"", ""shap"": -0.3027838468551636, ""value"": 0.26086956521739135, ""model_input"": 0.26086956521739135}]}"
61,COTE FRAIS DISTRIBUTION,17 Rue Du Vercors,69960,CORBAS,79143049900032,0.9997391104698181,COTE FRAIS DISTRIBUTION LYON,17 RUE DU VERCORS,CORBAS,69960,69273,OUVERT,2025-01-15 03:20:47,1,"{""bias"": 1.1616770029067993, ""margin"": 8.251367568969727, ""prob_from_margin"": 0.9997391665394413, ""top"": [{""feature"": ""name_semantic_max"", ""shap"": 2.3118643760681152, ""value"": 0.9521743059158325, ""model_input"": 0.9521743059158325}, {""feature"": ""token_overlap_ul"", ""shap"": 0.96330726146698, ""value"": 1.0, ""model_input"": 1.0}, {""feature"": ""name_token_overlap_max"", ""shap"": 0.9249771237373352, ""value"": 0.75, ""model_input"": 0.75}, {""feature"": ""addr_token_overlap"", ""shap"": 0.5942981839179993, ""value"": 1.0, ""model_input"": 1.0}, {""feature"": ""name_sim_max_pm_dirigeant"", ""shap"": 0.5488628149032593, ""value"": 0.5532608695652174, ""model_input"": 0.5532608695652174}, {""feature"": ""street_number_diff"", ""shap"": 0.5283112525939941, ""value"": 0.0, ""model_input"": 0.0}, {""feature"": ""name_semantic_second"", ""shap"": 0.47407692670822144, ""value"": 0.9521743059158325, ""model_input"": 0.9521743059158325}, {""feature"": ""is_siege"", ""shap"": 0.29554611444473267, ""value"": 1.0, ""model_input"": 1.0}, {""feature"": ""name_addr_consistency"", ""shap"": 0.2459898442029953, ""value"": 0.9642857142857142, ""model_input"": 0.9642857142857142}, {""feature"": ""addr_jaro"", ""shap"": 0.22850993275642395, ""value"": 1.0, ""model_input"": 1.0}]}"
61,COTE FRAIS DISTRIBUTION,17 Rue Du Vercors,69960,CORBAS,49246772500056,0.9993751645088196,COTE FRAIS DISTRIBUTION,17 RUE DU VERCORS,CORBAS,69960,69273,OUVERT,2024-03-30 12:16:15,2,"{""bias"": 1.1616770029067993, ""margin"": 7.377364635467529, ""prob_from_margin"": 0.9993751442198101, ""top"": [{""feature"": ""name_semantic_max"", ""shap"": 2.0749356746673584, ""value"": 0.9999999403953552, ""model_input"": 0.9999999403953552}, {""feature"": ""name_sim_max_pm_dirigeant"", ""shap"": 1.278540015220642, ""value"": 0.6682769726247987, ""model_input"": 0.6682769726247987}, {""feature"": ""name_token_overlap_max"", ""shap"": 0.8271545767784119, ""value"": 1.0, ""model_input"": 1.0}, {""feature"": ""token_overlap_ul"", ""shap"": 0.7695525884628296, ""value"": 1.0, ""model_input"": 1.0}, {""feature"": ""name_sim_max_etab"", ""shap"": -0.7283413410186768, ""value"": 0.6682769726247987, ""model_input"": 0.6682769726247987}, {""feature"": ""addr_token_overlap"", ""shap"": 0.6687899827957153, ""value"": 1.0, ""model_input"": 1.0}, {""feature"": ""name_crm_contains_cand_max"", ""shap"": 0.5754328370094299, ""value"": 1.0, ""model_input"": 1.0}, {""feature"": ""is_siege"", ""shap"": -0.4386880397796631, ""value"": 0.0, ""model_input"": 0.0}, {""feature"": ""street_number_diff"", ""shap"": 0.4323883652687073, ""value"": 0.0, ""model_input"": 0.0}, {""feature"": ""name_addr_consistency"", ""shap"": 0.3472493588924408, ""value"": 1.0, ""model_input"": 1.0}]}"
61,COTE FRAIS DISTRIBUTION,17 Rue Du Vercors,69960,CORBAS,79367339300013,0.9931981563568115,COLIS FRAIS,17 RUE DU VERCORS,CORBAS,69960,69273,FERME,2024-03-22 15:40:57,3,"{""bias"": 1.1616770029067993, ""margin"": 4.983724594116211, ""prob_from_margin"": 0.9931980759391659, ""top"": [{""feature"": ""name_semantic_max"", ""shap"": 1.2039988040924072, ""value"": 0.6539783477783203, ""model_input"": 0.6539783477783203}, {""feature"": ""addr_token_overlap"", ""shap"": 0.9102669358253479, ""value"": 1.0, ""model_input"": 1.0}, {""feature"": ""name_sim_max_etab"", ""shap"": 0.8513181209564209, ""value"": 0.0, ""model_input"": 0.0}, {""feature"": ""street_number_diff"", ""shap"": 0.8276395201683044, ""value"": 0.0, ""model_input"": 0.0}, {""feature"": ""name_sim_max_pm_dirigeant"", ""shap"": -0.47872665524482727, ""value"": 0.0, ""model_input"": 0.0}, {""feature"": ""token_overlap_ul"", ""shap"": 0.40564772486686707, ""value"": 0.3333333333333333, ""model_input"": 0.3333333333333333}, {""feature"": ""addr_jaro"", ""shap"": 0.33715614676475525, ""value"": 1.0, ""model_input"": 1.0}, {""feature"": ""addr_levenshtein"", ""shap"": 0.32698652148246765, ""value"": 1.0, ""model_input"": 1.0}, {""feature"": ""name_semantic_second"", ""shap"": -0.31877419352531433, ""value"": 0.0, ""model_input"": 0.0}, {""feature"": ""type_of_max_name"", ""shap"": 0.31221699714660645, ""value"": 7.0, ""model_input"": 7.0}]}"
61,COTE FRAIS DISTRIBUTION,17 Rue Du Vercors,69960,CORBAS,97951603600030,0.9922153353691101,FRESH DISTRIBUTION,17 RUE DU VERCORS,CORBAS,69960,69273,OUVERT,2025-10-23 12:56:40,4,"{""bias"": 1.1616770029067993, ""margin"": 4.847781658172607, ""prob_from_margin"": 0.9922153139577761, ""top"": [{""feature"": ""addr_token_overlap"", ""shap"": 0.9740559458732605, ""value"": 1.0, ""model_input"": 1.0}, {""feature"": ""street_number_diff"", ""shap"": 0.8220681548118591, ""value"": 0.0, ""model_input"": 0.0}, {""feature"": ""name_sim_max_pm_dirigeant"", ""shap"": 0.5864895582199097, ""value"": 0.5532608695652174, ""model_input"": 0.5532608695652174}, {""feature"": ""name_semantic_max"", ""shap"": 0.5805222392082214, ""value"": 0.6184923052787781, ""model_input"": 0.6184923052787781}, {""feature"": ""token_overlap_ul"", ""shap"": 0.36864975094795227, ""value"": 0.3333333333333333, ""model_input"": 0.3333333333333333}, {""feature"": ""addr_jaro"", ""shap"": 0.332936555147171, ""value"": 1.0, ""model_input"": 1.0}, {""feature"": ""name_semantic_second"", ""shap"": 0.31144002079963684, ""value"": 0.5683647394180298, ""model_input"": 0.5683647394180298}, {""feature"": ""type_of_max_name"", ""shap"": 0.31020817160606384, ""value"": 7.0, ""model_input"": 7.0}, {""feature"": ""addr_levenshtein"", ""shap"": 0.2811030149459839, ""value"": 1.0, ""model_input"": 1.0}, {""feature"": ""name_count"", ""shap"": -0.25900033116340637, ""value"": 4.0, ""model_input"": 4.0}]}"
61,COTE FRAIS DISTRIBUTION,17 Rue Du Vercors,69960,CORBAS,38760403600013,0.9392102360725403,DU CHEMIN DE LA COTE,11 RUE FREDERIC CHOPIN,CORBAS,69960,69273,OUVERT,2024-03-30 14:46:24,5,"{""bias"": 1.1616770029067993, ""margin"": 2.737617015838623, ""prob_from_margin"": 0.939210183914081, ""top"": [{""feature"": ""name_sim_max_etab"", ""shap"": 1.0375635623931885, ""value"": 0.0, ""model_input"": 0.0}, {""feature"": ""type_of_max_name"", ""shap"": 0.8225325345993042, ""value"": 7.0, ""model_input"": 7.0}, {""feature"": ""token_overlap_ul"", ""shap"": 0.6906659603118896, ""value"": 0.3333333333333333, ""model_input"": 0.3333333333333333}, {""feature"": ""street_number_diff"", ""shap"": -0.6453406810760498, ""value"": 6.0, ""model_input"": 6.0}, {""feature"": ""name_addr_consistency"", ""shap"": 0.4331262409687042, ""value"": 0.3541182548151858, ""model_input"": 0.3541182548151858}, {""feature"": ""name_semantic_max"", ""shap"": 0.37738749384880066, ""value"": 0.6082106828689575, ""model_input"": 0.6082106828689575}, {""feature"": ""name_sim_max_pm_dirigeant"", ""shap"": -0.35295939445495605, ""value"": 0.0, ""model_input"": 0.0}, {""feature"": ""addr_token_overlap"", ""shap"": -0.27173885703086853, ""value"": 0.14285714285714285, ""model_input"": 0.14285714285714285}, {""feature"": ""name_semantic_second"", ""shap"": -0.2501877248287201, ""value"": 0.0, ""model_input"": 0.0}, {""feature"": ""addr_jaro"", ""shap"": -0.244534432888031, ""value"": 0.7605306458247635, ""model_input"": 0.7605306458247635}]}"
24,COULEUR PRIMEUR,69 Rue Marcel Merieux,69960,CORBAS,42037022300034,0.9993863105773926,COULEURS PRIMEURS,69 RUE MARCEL MERIEUX,CORBAS,69960,69273,OUVERT,2024-03-30 11:45:52,1,"{""bias"": 1.1616770029067993, ""margin"": 7.3954620361328125, ""prob_from_margin"": 0.9993863438976367, ""top"": [{""feature"": ""name_semantic_max"", ""shap"": 2.4400458335876465, ""value"": 0.8859927654266357, ""model_input"": 0.8859927654266357}, {""feature"": ""token_overlap_ul"", ""shap"": 0.9245171546936035, ""value"": 1.0, ""model_input"": 1.0}, {""feature"": ""name_sim_max_pm_dirigeant"", ""shap"": 0.6350972652435303, ""value"": 0.4393162393162393, ""model_input"": 0.4393162393162393}, {""feature"": ""street_number_diff"", ""shap"": 0.6149557828903198, ""value"": 0.0, ""model_input"": 0.0}, {""feature"": ""addr_token_overlap"", ""shap"": 0.5719242095947266, ""value"": 1.0, ""model_input"": 1.0}, {""feature"": ""name_addr_consistency"", ""shap"": 0.35262736678123474, ""value"": 0.9764705882352941, ""model_input"": 0.9764705882352941}, {""feature"": ""addr_jaro"", ""shap"": 0.3209202289581299, ""value"": 1.0, ""model_input"": 1.0}, {""feature"": ""name_semantic_second"", ""shap"": -0.316983163356781, ""value"": 0.38262566924095154, ""model_input"": 0.38262566924095154}, {""feature"": ""name_token_overlap_max"", ""shap"": -0.30519306659698486, ""value"": 0.0, ""model_input"": 0.0}, {""feature"": ""name_sim_max_etab"", ""shap"": 0.2636301517486572, ""value"": 0.4393162393162393, ""model_input"": 0.4393162393162393}]}"
24,COULEUR PRIMEUR,69 Rue Marcel Merieux,69960,CORBAS,50062848200027,0.9942817687988281,MARCHE DE CORBAS,69 RUE MARCEL MERIEUX,CORBAS,69960,69273,OUVERT,2024-07-16 14:26:28,2,"{""bias"": 1.1616770029067993, ""margin"": 5.158349990844727, ""prob_from_margin"": 0.9942817055852874, ""top"": [{""feature"": ""addr_token_overlap"", ""shap"": 0.9410697221755981, ""value"": 1.0, ""model_input"": 1.0}, {""feature"": ""street_number_diff"", ""shap"": 0.8857751488685608, ""value"": 0.0, ""model_input"": 0.0}, {""feature"": ""name_semantic_max"", ""shap"": 0.6648948192596436, ""value"": 0.6253924369812012, ""model_input"": 0.6253924369812012}, {""feature"": ""name_sim_max_etab"", ""shap"": 0.6362695097923279, ""value"": 0.37777777777777777, ""model_input"": 0.37777777777777777}, {""feature"": ""name_city_overlap_max"", ""shap"": 0.48691853880882263, ""value"": 0.3333333333333333, ""model_input"": 0.3333333333333333}, {""feature"": ""addr_jaro"", ""shap"": 0.46580538153648376, ""value"": 1.0, ""model_input"": 1.0}, {""feature"": ""name_addr_consistency"", ""shap"": -0.42020636796951294, ""value"": 0.48055555555555557, ""model_input"": 0.48055555555555557}, {""feature"": ""name_levenshtein_max"", ""shap"": 0.39375412464141846, ""value"": 0.0625, ""model_input"": 0.0625}, {""feature"": ""name_token_overlap_max"", ""shap"": -0.3237212896347046, ""value"": 0.0, ""model_input"": 0.0}, {""feature"": ""addr_levenshtein"", ""shap"": 0.30813342332839966, ""value"": 1.0, ""model_input"": 1.0}]}"
24,COULEUR PRIMEUR,69 Rue Marcel Merieux,69960,CORBAS,97250554900022,0.9931818842887878,MILAN PRIMEURS,69 RUE MARCEL MERIEUX,CORBAS,69960,69273,OUVERT,2024-03-30 09:57:35,3,"{""bias"": 1.1616770029067993, ""margin"": 4.98133659362793, ""prob_from_margin"": 0.9931819244099208, ""top"": [{""feature"": ""name_semantic_max"", ""shap"": 1.119420051574707, ""value"": 0.6553876399993896, ""model_input"": 0.6553876399993896}, {""feature"": ""addr_token_overlap"", ""shap"": 1.0350373983383179, ""value"": 1.0, ""model_input"": 1.0}, {""feature"": ""name_sim_max_pm_dirigeant"", ""shap"": 0.9564513564109802, ""value"": 0.5292929292929293, ""model_input"": 0.5292929292929293}, {""feature"": ""street_number_diff"", ""shap"": 0.8641687631607056, ""value"": 0.0, ""model_input"": 0.0}, {""feature"": ""token_overlap_ul"", ""shap"": 0.5311189293861389, ""value"": 0.5, ""model_input"": 0.5}, {""feature"": ""name_token_overlap_max"", ""shap"": -0.3555692434310913, ""value"": 0.0, ""model_input"": 0.0}, {""feature"": ""addr_jaro"", ""shap"": 0.3141201436519623, ""value"": 1.0, ""model_input"": 1.0}, {""feature"": ""type_of_max_name"", ""shap"": 0.3121151328086853, ""value"": 7.0, ""model_input"": 7.0}, {""feature"": ""addr_levenshtein"", ""shap"": 0.2622706890106201, ""value"": 1.0, ""model_input"": 1.0}, {""feature"": ""name_addr_consistency"", ""shap"": -0.2303934246301651, ""value"": 0.6365079365079365, ""model_input"": 0.6365079365079365}]}"
24,COULEUR PRIMEUR,69 Rue Marcel Merieux,69960,CORBAS,78015368000076,0.9928230047225952,VINDRY,69 RUE MARCEL MERIEUX,CORBAS,69960,69273,OUVERT,2025-01-19 03:16:01,4,"{""bias"": 1.1616770029067993, ""margin"": 4.929679870605469, ""prob_from_margin"": 0.9928230636918468, ""top"": [{""feature"": ""name_semantic_max"", ""shap"": 1.8180216550827026, ""value"": 0.6896588206291199, ""model_input"": 0.6896588206291199}, {""feature"": ""street_number_diff"", ""shap"": 0.8849382996559143, ""value"": 0.0, ""model_input"": 0.0}, {""feature"": ""addr_token_overlap"", ""shap"": 0.8142051696777344, ""value"": 1.0, ""model_input"": 1.0}, {""feature"": ""name_sim_max_etab"", ""shap"": 0.6141155362129211, ""value"": 0.39090909090909093, ""model_input"": 0.39090909090909093}, {""feature"": ""token_overlap_ul"", ""shap"": 0.4505685269832611, ""value"": 0.5, ""model_input"": 0.5}, {""feature"": ""addr_levenshtein"", ""shap"": 0.390071839094162, ""value"": 1.0, ""model_input"": 1.0}, {""feature"": ""addr_jaro"", ""shap"": 0.34212726354599, ""value"": 1.0, ""model_input"": 1.0}, {""feature"": ""name_token_overlap_max"", ""shap"": -0.32941436767578125, ""value"": 0.0, ""model_input"": 0.0}, {""feature"": ""name_addr_consistency"", ""shap"": -0.32582664489746094, ""value"": 0.6192450824029772, ""model_input"": 0.6192450824029772}, {""feature"": ""name_jaro_max"", ""shap"": -0.25672879815101624, ""value"": 0.6192450824029772, ""model_input"": 0.6192450824029772}]}"
24,COULEUR PRIMEUR,69 Rue Marcel Merieux,69960,CORBAS,32876129100025,0.9912652373313904,EKVAL PRIMEURS,69 RUE MARCEL MERIEUX,CORBAS,69960,69273,FERME,2024-03-22 15:40:57,5,"{""bias"": 1.1616770029067993, ""margin"": 4.7316765785217285, ""prob_from_margin"": 0.991265282415113, ""top"": [{""feature"": ""addr_token_overlap"", ""shap"": 1.050621509552002, ""value"": 1.0, ""model_input"": 1.0}, {""feature"": ""name_sim_max_etab"", ""shap"": 0.9269125461578369, ""value"": 0.0, ""model_input"": 0.0}, {""feature"": ""name_semantic_max"", ""shap"": 0.9166525602340698, ""value"": 0.6384516954421997, ""model_input"": 0.6384516954421997}, {""feature"": ""street_number_diff"", ""shap"": 0.9126530885696411, ""value"": 0.0, ""model_input"": 0.0}, {""feature"": ""name_sim_max_pm_dirigeant"", ""shap"": -0.45809367299079895, ""value"": 0.0, ""model_input"": 0.0}, {""feature"": ""token_overlap_ul"", ""shap"": 0.42592233419418335, ""value"": 0.5, ""model_input"": 0.5}, {""feature"": ""addr_jaro"", ""shap"": 0.4208713173866272, ""value"": 1.0, ""model_input"": 1.0}, {""feature"": ""type_of_max_name"", ""shap"": 0.40841951966285706, ""value"": 7.0, ""model_input"": 7.0}, {""feature"": ""addr_levenshtein"", ""shap"": 0.39376014471054077, ""value"": 1.0, ""model_input"": 1.0}, {""feature"": ""name_semantic_second"", ""shap"": -0.37130191922187805, ""value"": 0.0, ""model_input"": 0.0}]}"
52,DAD,7 Avenue de Montmartin,69960,CORBAS,89766474400025,0.9989734888076782,DAD,7 AVENUE DE MONTMARTIN,CORBAS,69960,69273,OUVERT,2024-03-30 10:22:57,1,"{""bias"": 1.1616770029067993, ""margin"": 6.8805108070373535, ""prob_from_margin"": 0.9989734359206768, ""top"": [{""feature"": ""name_semantic_max"", ""shap"": 2.4351515769958496, ""value"": 0.9999998807907104, ""model_input"": 0.9999998807907104}, {""feature"": ""name_token_overlap_max"", ""shap"": 1.1271538734436035, ""value"": 1.0, ""model_input"": 1.0}, {""feature"": ""token_overlap_ul"", ""shap"": 0.8556904792785645, ""value"": 1.0, ""model_input"": 1.0}, {""feature"": ""name_length_max"", ""shap"": -0.5690913796424866, ""value"": 3.0, ""model_input"": 3.0}, {""feature"": ""addr_token_overlap"", ""shap"": 0.5621576905250549, ""value"": 1.0, ""model_input"": 1.0}, {""feature"": ""name_sim_max_etab"", ""shap"": -0.546687126159668, ""value"": 1.0, ""model_input"": 1.0}, {""feature"": ""name_crm_contains_cand_max"", ""shap"": 0.5401129722595215, ""value"": 1.0, ""model_input"": 1.0}, {""feature"": ""street_number_diff"", ""shap"": 0.4936096966266632, ""value"": 0.0, ""model_input"": 0.0}, {""feature"": ""name_semantic_second"", ""shap"": 0.44757845997810364, ""value"": 0.9999998807907104, ""model_input"": 0.9999998807907104}, {""feature"": ""name_addr_consistency"", ""shap"": 0.3662075698375702, ""value"": 1.0, ""model_input"": 1.0}]}"
52,DAD,7 Avenue de Montmartin,69960,CORBAS,89766474400017,0.9889165163040161,DAD,RUE DE LA CHARTREUSE,CORBAS,69960,69273,FERME,2025-01-27 03:09:26,2,"{""bias"": 1.1616770029067993, ""margin"": 4.491154670715332, ""prob_from_margin"": 0.9889165250701432, ""top"": [{""feature"": ""name_semantic_max"", ""shap"": 2.5894248485565186, ""value"": 0.9999998807907104, ""model_input"": 0.9999998807907104}, {""feature"": ""name_token_overlap_max"", ""shap"": 1.3737149238586426, ""value"": 1.0, ""model_input"": 1.0}, {""feature"": ""token_overlap_ul"", ""shap"": 0.8424345850944519, ""value"": 1.0, ""model_input"": 1.0}, {""feature"": ""name_crm_contains_cand_max"", ""shap"": 0.7194430828094482, ""value"": 1.0, ""model_input"": 1.0}, {""feature"": ""addr_token_overlap"", ""shap"": -0.6493601202964783, ""value"": 0.14285714285714285, ""model_input"": 0.14285714285714285}, {""feature"": ""name_sim_max_etab"", ""shap"": -0.5832963585853577, ""value"": 1.0, ""model_input"": 1.0}, {""feature"": ""name_semantic_second"", ""shap"": 0.4977184236049652, ""value"": 0.9999998807907104, ""model_input"": 0.9999998807907104}, {""feature"": ""is_siege"", ""shap"": -0.4939705729484558, ""value"": 0.0, ""model_input"": 0.0}, {""feature"": ""name_sim_max_pm_dirigeant"", ""shap"": -0.38647910952568054, ""value"": 0.0, ""model_input"": 0.0}, {""feature"": ""street_number_diff"", ""shap"": 0.38505294919013977, ""value"": 9999.0, ""model_input"": 9999.0}]}"
52,DAD,7 Avenue de Montmartin,69960,CORBAS,51359179200058,0.9553013443946838,MY INVEST CONSULTING,7 AVENUE DE MONTMARTIN,CORBAS,69960,69273,OUVERT,2024-08-02 15:30:47,3,"{""bias"": 1.1616770029067993, ""margin"": 3.0620837211608887, ""prob_from_margin"": 0.9553013577091144, ""top"": [{""feature"": ""name_semantic_max"", ""shap"": -2.309199810028076, ""value"": 0.31680744886398315, ""model_input"": 0.31680744886398315}, {""feature"": ""addr_token_overlap"", ""shap"": 1.2472654581069946, ""value"": 1.0, ""model_input"": 1.0}, {""feature"": ""name_addr_consistency"", ""shap"": 1.049443006515503, ""value"": 0.0, ""model_input"": 0.0}, {""feature"": ""street_number_diff"", ""shap"": 0.9423408508300781, ""value"": 0.0, ""model_input"": 0.0}, {""feature"": ""addr_jaro"", ""shap"": 0.904666006565094, ""value"": 1.0, ""model_input"": 1.0}, {""feature"": ""name_sim_max_etab"", ""shap"": 0.8854154348373413, ""value"": 0.0, ""model_input"": 0.0}, {""feature"": ""name_sim_max_ul"", ""shap"": -0.5584040284156799, ""value"": 0.0, ""model_input"": 0.0}, {""feature"": ""addr_levenshtein"", ""shap"": 0.5195804834365845, ""value"": 1.0, ""model_input"": 1.0}, {""feature"": ""name_jaro_max"", ""shap"": 0.4603141248226166, ""value"": 0.0, ""model_input"": 0.0}, {""feature"": ""name_semantic_second"", ""shap"": -0.37483924627304077, ""value"": 0.0, ""model_input"": 0.0}]}"
52,DAD,7 Avenue de Montmartin,69960,CORBAS,52224113200037,0.9528307914733887,DENERGIE,7 AVENUE DE MONTMARTIN,CORBAS,69960,69273,OUVERT,2025-02-15 02:18:52,4,"{""bias"": 1.1616770029067993, ""margin"": 3.005695343017578, ""prob_from_margin"": 0.9528307612104978, ""top"": [{""feature"": ""addr_token_overlap"", ""shap"": 1.1325017213821411, ""value"": 1.0, ""model_input"": 1.0}, {""feature"": ""street_number_diff"", ""shap"": 1.0109777450561523, ""value"": 0.0, ""model_input"": 0.0}, {""feature"": ""name_sim_max_etab"", ""shap"": 0.7473483085632324, ""value"": 0.0, ""model_input"": 0.0}, {""feature"": ""addr_jaro"", ""shap"": 0.5751738548278809, ""value"": 1.0, ""model_input"": 1.0}, {""feature"": ""name_addr_consistency"", ""shap"": -0.5421779751777649, ""value"": 0.4861111111111111, ""model_input"": 0.4861111111111111}, {""feature"": ""name_length_max"", ""shap"": -0.47269442677497864, ""value"": 8.0, ""model_input"": 8.0}, {""feature"": ""addr_levenshtein"", ""shap"": 0.4559667408466339, ""value"": 1.0, ""model_input"": 1.0}, {""feature"": ""type_of_max_name"", ""shap"": 0.4414803087711334, ""value"": 7.0, ""model_input"": 7.0}, {""feature"": ""name_semantic_second"", ""shap"": -0.3792249858379364, ""value"": 0.0, ""model_input"": 0.0}, {""feature"": ""name_sim_max_pm_dirigeant"", ""shap"": -0.37860769033432007, ""value"": 0.0, ""model_input"": 0.0}]}"
52,DAD,7 Avenue de Montmartin,69960,CORBAS,87910748000037,0.9328746795654297,RY2C,7 AVENUE DE MONTMARTIN,CORBAS,69960,69273,OUVERT,2024-08-05 13:50:06,5,"{""bias"": 1.1616770029067993, ""margin"": 2.6317124366760254, ""prob_from_margin"": 0.9328748606128003, ""top"": [{""feature"": ""name_semantic_max"", ""shap"": -3.4459590911865234, ""value"": 0.2675451934337616, ""model_input"": 0.2675451934337616}, {""feature"": ""addr_token_overlap"", ""shap"": 1.1482712030410767, ""value"": 1.0, ""model_input"": 1.0}, {""feature"": ""name_addr_consistency"", ""shap"": 1.0995585918426514, ""value"": 0.0, ""model_input"": 0.0}, {""feature"": ""street_number_diff"", ""shap"": 1.024298071861267, ""value"": 0.0, ""model_input"": 0.0}, {""feature"": ""addr_jaro"", ""shap"": 0.9409103989601135, ""value"": 1.0, ""model_input"": 1.0}, {""feature"": ""name_sim_max_etab"", ""shap"": 0.8321323394775391, ""value"": 0.0, ""model_input"": 0.0}, {""feature"": ""addr_levenshtein"", ""shap"": 0.6114591956138611, ""value"": 1.0, ""model_input"": 1.0}, {""feature"": ""name_jaro_max"", ""shap"": 0.488604873418808, ""value"": 0.0, ""model_input"": 0.0}, {""feature"": ""name_sim_max_ul"", ""shap"": -0.43519994616508484, ""value"": 0.0, ""model_input"": 0.0}, {""feature"": ""name_levenshtein_max"", ""shap"": 0.3765052258968353, ""value"": 0.0, ""model_input"": 0.0}]}"
79,DASIR (Dépot Auto Sport Industrie Rhodanien),5 Rue de Catalogne,69150,DECINES CHARPIEU,30327422900051,0.9997352957725525,DASIR,5 RUE DE CATALOGNE,DECINES-CHARPIEU,69150,69275,OUVERT,2025-01-15 03:08:54,1,"{""bias"": 1.1616770029067993, ""margin"": 8.236454010009766, ""prob_from_margin"": 0.9997352484705638, ""top"": [{""feature"": ""name_semantic_max"", ""shap"": 2.0320510864257812, ""value"": 0.7658998966217041, ""model_input"": 0.7658998966217041}, {""feature"": ""token_overlap_ul"", ""shap"": 0.9532900452613831, ""value"": 0.8333333333333334, ""model_input"": 0.8333333333333334}, {""feature"": ""name_crm_contains_cand_max"", ""shap"": 0.7287887930870056, ""value"": 1.0, ""model_input"": 1.0}, {""feature"": ""addr_token_overlap"", ""shap"": 0.661742627620697, ""value"": 1.0, ""model_input"": 1.0}, {""feature"": ""name_token_overlap_max"", ""shap"": 0.6268877983093262, ""value"": 0.375, ""model_input"": 0.375}, {""feature"": ""name_semantic_second"", ""shap"": 0.5881692171096802, ""value"": 0.7557471990585327, ""model_input"": 0.7557471990585327}, {""feature"": ""street_number_diff"", ""shap"": 0.5385417938232422, ""value"": 0.0, ""model_input"": 0.0}, {""feature"": ""name_count"", ""shap"": -0.467803955078125, ""value"": 5.0, ""model_input"": 5.0}, {""feature"": ""name_sim_max_pm_dirigeant"", ""shap"": 0.3592436909675598, ""value"": 0.5025252525252525, ""model_input"": 0.5025252525252525}, {""feature"": ""name_semantic_gap"", ""shap"": 0.31567537784576416, ""value"": 0.010152697563171387, ""model_input"": 0.010152697563171387}]}"
79,DASIR (Dépot Auto Sport Industrie Rhodanien),5 Rue de Catalogne,69150,DECINES CHARPIEU,30327422900077,0.9466373324394226,DASIR,85 RUE ELISEE RECLUS,DECINES-CHARPIEU,69150,69275,OUVERT,2025-01-17 02:12:09,2,"{""bias"": 1.1616770029067993, ""margin"": 2.8758058547973633, ""prob_from_margin"": 0.9466373926419074, ""top"": [{""feature"": ""name_semantic_max"", ""shap"": 2.1754112243652344, ""value"": 0.7658998966217041, ""model_input"": 0.7658998966217041}, {""feature"": ""token_overlap_ul"", ""shap"": 1.1274007558822632, ""value"": 0.8333333333333334, ""model_input"": 0.8333333333333334}, {""feature"": ""addr_token_overlap"", ""shap"": -0.9674539566040039, ""value"": 0.14285714285714285, ""model_input"": 0.14285714285714285}, {""feature"": ""street_number_diff"", ""shap"": -0.8840546011924744, ""value"": 80.0, ""model_input"": 80.0}, {""feature"": ""name_token_overlap_max"", ""shap"": 0.8285114765167236, ""value"": 0.375, ""model_input"": 0.375}, {""feature"": ""name_crm_contains_cand_max"", ""shap"": 0.5835217833518982, ""value"": 1.0, ""model_input"": 1.0}, {""feature"": ""name_count"", ""shap"": -0.5493116974830627, ""value"": 5.0, ""model_input"": 5.0}, {""feature"": ""name_addr_consistency"", ""shap"": -0.5229845643043518, ""value"": 0.5428060912151821, ""model_input"": 0.5428060912151821}, {""feature"": ""name_sim_max_pm_dirigeant"", ""shap"": 0.5060065984725952, ""value"": 0.5025252525252525, ""model_input"": 0.5025252525252525}, {""feature"": ""name_semantic_second"", ""shap"": 0.48347920179367065, ""value"": 0.7557471990585327, ""model_input"": 0.7557471990585327}]}"
79,DASIR (Dépot Auto Sport Industrie Rhodanien),5 Rue de Catalogne,69150,DECINES CHARPIEU,30327422900085,0.9342424869537354,DASIR,91 AVENUE FRANKLIN ROOSEVELT,DECINES-CHARPIEU,69150,69275,OUVERT,2024-10-05 05:23:35,3,"{""bias"": 1.1616770029067993, ""margin"": 2.6537623405456543, ""prob_from_margin"": 0.9342425020294984, ""top"": [{""feature"": ""name_semantic_max"", ""shap"": 2.141545057296753, ""value"": 0.7658998966217041, ""model_input"": 0.7658998966217041}, {""feature"": ""token_overlap_ul"", ""shap"": 1.1824878454208374, ""value"": 0.8333333333333334, ""model_input"": 0.8333333333333334}, {""feature"": ""addr_token_overlap"", ""shap"": -1.0070478916168213, ""value"": 0.0, ""model_input"": 0.0}, {""feature"": ""street_number_diff"", ""shap"": -0.9170185923576355, ""value"": 86.0, ""model_input"": 86.0}, {""feature"": ""name_token_overlap_max"", ""shap"": 0.8271899223327637, ""value"": 0.375, ""model_input"": 0.375}, {""feature"": ""name_crm_contains_cand_max"", ""shap"": 0.5480242371559143, ""value"": 1.0, ""model_input"": 1.0}, {""feature"": ""name_count"", ""shap"": -0.539797306060791, ""value"": 5.0, ""model_input"": 5.0}, {""feature"": ""name_sim_max_pm_dirigeant"", ""shap"": 0.4970623552799225, ""value"": 0.5025252525252525, ""model_input"": 0.5025252525252525}, {""feature"": ""name_semantic_second"", ""shap"": 0.47722166776657104, ""value"": 0.7557471990585327, ""model_input"": 0.7557471990585327}, {""feature"": ""is_siege"", ""shap"": -0.469097375869751, ""value"": 0.0, ""model_input"": 0.0}]}"
79,DASIR (Dépot Auto Sport Industrie Rhodanien),5 Rue de Catalogne,69150,DECINES CHARPIEU,30327422900044,0.9342424869537354,DASIR,91 AVENUE FRANKLIN ROOSEVELT,DECINES-CHARPIEU,69150,69275,FERME,2024-03-30 11:17:06,4,"{""bias"": 1.1616770029067993, ""margin"": 2.6537623405456543, ""prob_from_margin"": 0.9342425020294984, ""top"": [{""feature"": ""name_semantic_max"", ""shap"": 2.141545057296753, ""value"": 0.7658998966217041, ""model_input"": 0.7658998966217041}, {""feature"": ""token_overlap_ul"", ""shap"": 1.1824878454208374, ""value"": 0.8333333333333334, ""model_input"": 0.8333333333333334}, {""feature"": ""addr_token_overlap"", ""shap"": -1.0070478916168213, ""value"": 0.0, ""model_input"": 0.0}, {""feature"": ""street_number_diff"", ""shap"": -0.9170185923576355, ""value"": 86.0, ""model_input"": 86.0}, {""feature"": ""name_token_overlap_max"", ""shap"": 0.8271899223327637, ""value"": 0.375, ""model_input"": 0.375}, {""feature"": ""name_crm_contains_cand_max"", ""shap"": 0.5480242371559143, ""value"": 1.0, ""model_input"": 1.0}, {""feature"": ""name_count"", ""shap"": -0.539797306060791, ""value"": 5.0, ""model_input"": 5.0}, {""feature"": ""name_sim_max_pm_dirigeant"", ""shap"": 0.4970623552799225, ""value"": 0.5025252525252525, ""model_input"": 0.5025252525252525}, {""feature"": ""name_semantic_second"", ""shap"": 0.47722166776657104, ""value"": 0.7557471990585327, ""model_input"": 0.7557471990585327}, {""feature"": ""is_siege"", ""shap"": -0.469097375869751, ""value"": 0.0, ""model_input"": 0.0}]}"
79,DASIR (Dépot Auto Sport Industrie Rhodanien),5 Rue de Catalogne,69150,DECINES CHARPIEU,30327422900036,0.9312559366226196,DASIR,171 AVENUE FRANKLIN ROOSEVELT,DECINES-CHARPIEU,69150,69275,FERME,2024-03-30 11:17:03,5,"{""bias"": 1.1616770029067993, ""margin"": 2.606144905090332, ""prob_from_margin"": 0.931256009761198, ""top"": [{""feature"": ""name_semantic_max"", ""shap"": 2.1348297595977783, ""value"": 0.7658998966217041, ""model_input"": 0.7658998966217041}, {""feature"": ""token_overlap_ul"", ""shap"": 1.1782640218734741, ""value"": 0.8333333333333334, ""model_input"": 0.8333333333333334}, {""feature"": ""addr_token_overlap"", ""shap"": -1.0069912672042847, ""value"": 0.0, ""model_input"": 0.0}, {""feature"": ""street_number_diff"", ""shap"": -0.9554619789123535, ""value"": 166.0, ""model_input"": 166.0}, {""feature"": ""name_token_overlap_max"", ""shap"": 0.8230313658714294, ""value"": 0.375, ""model_input"": 0.375}, {""feature"": ""name_crm_contains_cand_max"", ""shap"": 0.5480242371559143, ""value"": 1.0, ""model_input"": 1.0}, {""feature"": ""name_count"", ""shap"": -0.5272606611251831, ""value"": 5.0, ""model_input"": 5.0}, {""feature"": ""name_sim_max_pm_dirigeant"", ""shap"": 0.493625670671463, ""value"": 0.5025252525252525, ""model_input"": 0.5025252525252525}, {""feature"": ""name_semantic_second"", ""shap"": 0.4806300401687622, ""value"": 0.7557471990585327, ""model_input"": 0.7557471990585327}, {""feature"": ""is_siege"", ""shap"": -0.4687245190143585, ""value"": 0.0, ""model_input"": 0.0}]}"
72,DECINES - COLLEGE BASTIE,107-115 rue Emile Zola,69150,DECINES CHARPIEU,19691495600012,0.9996604919433594,CLG,107 RUE EMILE ZOLA,DECINES-CHARPIEU,69150,69275,OUVERT,2024-03-30 10:56:10,1,"{""bias"": 1.1616770029067993, ""margin"": 7.987553119659424, ""prob_from_margin"": 0.999660451147598, ""top"": [{""feature"": ""name_semantic_max"", ""shap"": 2.5264766216278076, ""value"": 0.8882231712341309, ""model_input"": 0.8882231712341309}, {""feature"": ""name_sim_max_etab"", ""shap"": 0.9303540587425232, ""value"": 0.0, ""model_input"": 0.0}, {""feature"": ""name_token_overlap_max"", ""shap"": 0.8241069912910461, ""value"": 0.6666666666666666, ""model_input"": 0.6666666666666666}, {""feature"": ""token_overlap_ul"", ""shap"": 0.7007756233215332, ""value"": 1.0, ""model_input"": 1.0}, {""feature"": ""addr_token_overlap"", ""shap"": 0.6294800639152527, ""value"": 0.8, ""model_input"": 0.8}, {""feature"": ""street_number_diff"", ""shap"": 0.5899113416671753, ""value"": 0.0, ""model_input"": 0.0}, {""feature"": ""name_semantic_second"", ""shap"": 0.48938605189323425, ""value"": 0.7502548694610596, ""model_input"": 0.7502548694610596}, {""feature"": ""name_sim_max_pm_dirigeant"", ""shap"": -0.39908310770988464, ""value"": 0.0, ""model_input"": 0.0}, {""feature"": ""is_siege"", ""shap"": 0.3538386821746826, ""value"": 1.0, ""model_input"": 1.0}, {""feature"": ""name_sim_max_sigle"", ""shap"": 0.226364403963089, ""value"": 0.7642857142857143, ""model_input"": 0.7642857142857143}]}"
83,DECINES - COLLEGE BASTIE,107-115 rue Emile Zola,69150,DECINES-CHARPIEU,19691495600012,0.9996604919433594,CLG,107 RUE EMILE ZOLA,DECINES-CHARPIEU,69150,69275,OUVERT,2024-03-30 10:56:10,1,"{""bias"": 1.1616770029067993, ""margin"": 7.987553119659424, ""prob_from_margin"": 0.999660451147598, ""top"": [{""feature"": ""name_semantic_max"", ""shap"": 2.5264766216278076, ""value"": 0.8882231712341309, ""model_input"": 0.8882231712341309}, {""feature"": ""name_sim_max_etab"", ""shap"": 0.9303540587425232, ""value"": 0.0, ""model_input"": 0.0}, {""feature"": ""name_token_overlap_max"", ""shap"": 0.8241069912910461, ""value"": 0.6666666666666666, ""model_input"": 0.6666666666666666}, {""feature"": ""token_overlap_ul"", ""shap"": 0.7007756233215332, ""value"": 1.0, ""model_input"": 1.0}, {""feature"": ""addr_token_overlap"", ""shap"": 0.6294800639152527, ""value"": 0.8, ""model_input"": 0.8}, {""feature"": ""street_number_diff"", ""shap"": 0.5899113416671753, ""value"": 0.0, ""model_input"": 0.0}, {""feature"": ""name_semantic_second"", ""shap"": 0.48938605189323425, ""value"": 0.7502548694610596, ""model_input"": 0.7502548694610596}, {""feature"": ""name_sim_max_pm_dirigeant"", ""shap"": -0.39908310770988464, ""value"": 0.0, ""model_input"": 0.0}, {""feature"": ""is_siege"", ""shap"": 0.3538386821746826, ""value"": 1.0, ""model_input"": 1.0}, {""feature"": ""name_sim_max_sigle"", ""shap"": 0.226364403963089, ""value"": 0.7642857142857143, ""model_input"": 0.7642857142857143}]}"
72,DECINES - COLLEGE BASTIE,107-115 rue Emile Zola,69150,DECINES CHARPIEU,32368680800011,0.9911763668060303,CONSEIL PARENTS ELEVES DU COLLEGE BASTIE,107 RUE EMILE ZOLA,DECINES-CHARPIEU,69150,69275,FERME,2024-03-30 17:28:19,2,"{""bias"": 1.1616770029067993, ""margin"": 4.721449851989746, ""prob_from_margin"": 0.9911762887664727, ""top"": [{""feature"": ""name_semantic_max"", ""shap"": 2.282202959060669, ""value"": 0.8173922300338745, ""model_input"": 0.8173922300338745}, {""feature"": ""name_sim_max_etab"", ""shap"": 0.8892732858657837, ""value"": 0.0, ""model_input"": 0.0}, {""feature"": ""addr_token_overlap"", ""shap"": 0.6634888648986816, ""value"": 0.8, ""model_input"": 0.8}, {""feature"": ""token_overlap_ul"", ""shap"": 0.6187632083892822, ""value"": 1.0, ""model_input"": 1.0}, {""feature"": ""street_number_diff"", ""shap"": 0.6062746047973633, ""value"": 0.0, ""model_input"": 0.0}, {""feature"": ""is_association"", ""shap"": -0.5732712745666504, ""value"": 1.0, ""model_input"": 1.0}, {""feature"": ""name_sim_max_pm_dirigeant"", ""shap"": -0.45345166325569153, ""value"": 0.0, ""model_input"": 0.0}, {""feature"": ""name_token_overlap_max"", ""shap"": 0.43475717306137085, ""value"": 0.3333333333333333, ""model_input"": 0.3333333333333333}, {""feature"": ""name_semantic_second"", ""shap"": -0.3205118775367737, ""value"": 0.0, ""model_input"": 0.0}, {""feature"": ""name_jaro_max"", ""shap"": -0.3176937401294708, ""value"": 0.6357142857142857, ""model_input"": 0.6357142857142857}]}"
83,DECINES - COLLEGE BASTIE,107-115 rue Emile Zola,69150,DECINES-CHARPIEU,32368680800011,0.9911763668060303,CONSEIL PARENTS ELEVES DU COLLEGE BASTIE,107 RUE EMILE ZOLA,DECINES-CHARPIEU,69150,69275,FERME,2024-03-30 17:28:19,2,"{""bias"": 1.1616770029067993, ""margin"": 4.721449851989746, ""prob_from_margin"": 0.9911762887664727, ""top"": [{""feature"": ""name_semantic_max"", ""shap"": 2.282202959060669, ""value"": 0.8173922300338745, ""model_input"": 0.8173922300338745}, {""feature"": ""name_sim_max_etab"", ""shap"": 0.8892732858657837, ""value"": 0.0, ""model_input"": 0.0}, {""feature"": ""addr_token_overlap"", ""shap"": 0.6634888648986816, ""value"": 0.8, ""model_input"": 0.8}, {""feature"": ""token_overlap_ul"", ""shap"": 0.6187632083892822, ""value"": 1.0, ""model_input"": 1.0}, {""feature"": ""street_number_diff"", ""shap"": 0.6062746047973633, ""value"": 0.0, ""model_input"": 0.0}, {""feature"": ""is_association"", ""shap"": -0.5732712745666504, ""value"": 1.0, ""model_input"": 1.0}, {""feature"": ""name_sim_max_pm_dirigeant"", ""shap"": -0.45345166325569153, ""value"": 0.0, ""model_input"": 0.0}, {""feature"": ""name_token_overlap_max"", ""shap"": 0.43475717306137085, ""value"": 0.3333333333333333, ""model_input"": 0.3333333333333333}, {""feature"": ""name_semantic_second"", ""shap"": -0.3205118775367737, ""value"": 0.0, ""model_input"": 0.0}, {""feature"": ""name_jaro_max"", ""shap"": -0.3176937401294708, ""value"": 0.6357142857142857, ""model_input"": 0.6357142857142857}]}"
72,DECINES - COLLEGE BASTIE,107-115 rue Emile Zola,69150,DECINES CHARPIEU,53239583700018,0.9668074250221252,FOYER SOCIO EDUCATIF DU COLLEGE GEORGES BRASSENS,17 AVENUE SALVADOR ALLENDE,DECINES-CHARPIEU,69150,69275,OUVERT,2024-03-30 11:10:36,3,"{""bias"": 1.1616770029067993, ""margin"": 3.371671676635742, ""prob_from_margin"": 0.9668073786028148, ""top"": [{""feature"": ""name_sim_max_etab"", ""shap"": 1.2498259544372559, ""value"": 0.0, ""model_input"": 0.0}, {""feature"": ""name_semantic_max"", ""shap"": 1.237351417541504, ""value"": 0.6504433155059814, ""model_input"": 0.6504433155059814}, {""feature"": ""token_overlap_ul"", ""shap"": 0.8193973302841187, ""value"": 0.5, ""model_input"": 0.5}, {""feature"": ""type_of_max_name"", ""shap"": 0.6154439449310303, ""value"": 7.0, ""model_input"": 7.0}, {""feature"": ""name_addr_consistency"", ""shap"": 0.4453125298023224, ""value"": 0.33349312123662783, ""model_input"": 0.33349312123662783}, {""feature"": ""addr_levenshtein"", ""shap"": -0.39604803919792175, ""value"": 0.23076923076923073, ""model_input"": 0.23076923076923073}, {""feature"": ""name_semantic_second"", ""shap"": -0.3890509605407715, ""value"": 0.0, ""model_input"": 0.0}, {""feature"": ""addr_jaro"", ""shap"": -0.3839046359062195, ""value"": 0.605894105894106, ""model_input"": 0.605894105894106}, {""feature"": ""name_sim_max_pm_dirigeant"", ""shap"": -0.3281520903110504, ""value"": 0.0, ""model_input"": 0.0}, {""feature"": ""name_semantic_gap"", ""shap"": 0.3090694844722748, ""value"": 0.6504433155059814, ""model_input"": 0.6504433155059814}]}"
83,DECINES - COLLEGE BASTIE,107-115 rue Emile Zola,69150,DECINES-CHARPIEU,53239583700018,0.9668074250221252,FOYER SOCIO EDUCATIF DU COLLEGE GEORGES BRASSENS,17 AVENUE SALVADOR ALLENDE,DECINES-CHARPIEU,69150,69275,OUVERT,2024-03-30 11:10:36,3,"{""bias"": 1.1616770029067993, ""margin"": 3.371671676635742, ""prob_from_margin"": 0.9668073786028148, ""top"": [{""feature"": ""name_sim_max_etab"", ""shap"": 1.2498259544372559, ""value"": 0.0, ""model_input"": 0.0}, {""feature"": ""name_semantic_max"", ""shap"": 1.237351417541504, ""value"": 0.6504433155059814, ""model_input"": 0.6504433155059814}, {""feature"": ""token_overlap_ul"", ""shap"": 0.8193973302841187, ""value"": 0.5, ""model_input"": 0.5}, {""feature"": ""type_of_max_name"", ""shap"": 0.6154439449310303, ""value"": 7.0, ""model_input"": 7.0}, {""feature"": ""name_addr_consistency"", ""shap"": 0.4453125298023224, ""value"": 0.33349312123662783, ""model_input"": 0.33349312123662783}, {""feature"": ""addr_levenshtein"", ""shap"": -0.39604803919792175, ""value"": 0.23076923076923073, ""model_input"": 0.23076923076923073}, {""feature"": ""name_semantic_second"", ""shap"": -0.3890509605407715, ""value"": 0.0, ""model_input"": 0.0}, {""feature"": ""addr_jaro"", ""shap"": -0.3839046359062195, ""value"": 0.605894105894106, ""model_input"": 0.605894105894106}, {""feature"": ""name_sim_max_pm_dirigeant"", ""shap"": -0.3281520903110504, ""value"": 0.0, ""model_input"": 0.0}, {""feature"": ""name_semantic_gap"", ""shap"": 0.3090694844722748, ""value"": 0.6504433155059814, ""model_input"": 0.6504433155059814}]}"
72,DECINES - COLLEGE BASTIE,107-115 rue Emile Zola,69150,DECINES CHARPIEU,19692157100010,0.9514957070350647,CLG,50 RUE SULLY,DECINES-CHARPIEU,69150,69275,OUVERT,2025-02-05 02:08:10,4,"{""bias"": 1.1616770029067993, ""margin"": 2.976381778717041, ""prob_from_margin"": 0.9514956568472125, ""top"": [{""feature"": ""name_semantic_max"", ""shap"": 2.7135910987854004, ""value"": 0.7502548694610596, ""model_input"": 0.7502548694610596}, {""feature"": ""name_sim_max_etab"", ""shap"": 1.269785761833191, ""value"": 0.0, ""model_input"": 0.0}, {""feature"": ""street_number_diff"", ""shap"": -0.6652762293815613, ""value"": 57.0, ""model_input"": 57.0}, {""feature"": ""name_addr_consistency"", ""shap"": -0.6566309928894043, ""value"": 0.5100529100529101, ""model_input"": 0.5100529100529101}, {""feature"": ""name_semantic_second"", ""shap"": 0.604360818862915, ""value"": 0.7192440032958984, ""model_input"": 0.7192440032958984}, {""feature"": ""addr_token_overlap"", ""shap"": -0.4530234932899475, ""value"": 0.14285714285714285, ""model_input"": 0.14285714285714285}, {""feature"": ""name_sim_max_pm_dirigeant"", ""shap"": -0.42497384548187256, ""value"": 0.0, ""model_input"": 0.0}, {""feature"": ""token_overlap_ul"", ""shap"": 0.41283029317855835, ""value"": 0.5, ""model_input"": 0.5}, {""feature"": ""is_siege"", ""shap"": 0.31434503197669983, ""value"": 1.0, ""model_input"": 1.0}, {""feature"": ""name_jaro_max"", ""shap"": -0.2645154893398285, ""value"": 0.8380952380952381, ""model_input"": 0.8380952380952381}]}"
83,DECINES - COLLEGE BASTIE,107-115 rue Emile Zola,69150,DECINES-CHARPIEU,19692157100010,0.9514957070350647,CLG,50 RUE SULLY,DECINES-CHARPIEU,69150,69275,OUVERT,2025-02-05 02:08:10,4,"{""bias"": 1.1616770029067993, ""margin"": 2.976381778717041, ""prob_from_margin"": 0.9514956568472125, ""top"": [{""feature"": ""name_semantic_max"", ""shap"": 2.7135910987854004, ""value"": 0.7502548694610596, ""model_input"": 0.7502548694610596}, {""feature"": ""name_sim_max_etab"", ""shap"": 1.269785761833191, ""value"": 0.0, ""model_input"": 0.0}, {""feature"": ""street_number_diff"", ""shap"": -0.6652762293815613, ""value"": 57.0, ""model_input"": 57.0}, {""feature"": ""name_addr_consistency"", ""shap"": -0.6566309928894043, ""value"": 0.5100529100529101, ""model_input"": 0.5100529100529101}, {""feature"": ""name_semantic_second"", ""shap"": 0.604360818862915, ""value"": 0.7192440032958984, ""model_input"": 0.7192440032958984}, {""feature"": ""addr_token_overlap"", ""shap"": -0.4530234932899475, ""value"": 0.14285714285714285, ""model_input"": 0.14285714285714285}, {""feature"": ""name_sim_max_pm_dirigeant"", ""shap"": -0.42497384548187256, ""value"": 0.0, ""model_input"": 0.0}, {""feature"": ""token_overlap_ul"", ""shap"": 0.41283029317855835, ""value"": 0.5, ""model_input"": 0.5}, {""feature"": ""is_siege"", ""shap"": 0.31434503197669983, ""value"": 1.0, ""model_input"": 1.0}, {""feature"": ""name_jaro_max"", ""shap"": -0.2645154893398285, ""value"": 0.8380952380952381, ""model_input"": 0.8380952380952381}]}"
72,DECINES - COLLEGE BASTIE,107-115 rue Emile Zola,69150,DECINES CHARPIEU,50898280800018,0.9348527789115906,ASSOCIATION SPORTIVE DU COLLEGE MARYSE BASTIE,107 RUE EMILE ZOLA,DECINES-CHARPIEU,69150,69275,OUVERT,2025-02-02 02:21:24,5,"{""bias"": 1.1616770029067993, ""margin"": 2.663740634918213, ""prob_from_margin"": 0.9348528533560462, ""top"": [{""feature"": ""name_semantic_max"", ""shap"": 1.7853270769119263, ""value"": 0.736629843711853, ""model_input"": 0.736629843711853}, {""feature"": ""name_sim_max_etab"", ""shap"": 0.8916468620300293, ""value"": 0.0, ""model_input"": 0.0}, {""feature"": ""is_association"", ""shap"": -0.7553015947341919, ""value"": 1.0, ""model_input"": 1.0}, {""feature"": ""street_number_diff"", ""shap"": 0.6826542615890503, ""value"": 0.0, ""model_input"": 0.0}, {""feature"": ""addr_token_overlap"", ""shap"": 0.6350823044776917, ""value"": 0.8, ""model_input"": 0.8}, {""feature"": ""name_addr_consistency"", ""shap"": -0.617459774017334, ""value"": 0.42329057773502227, ""model_input"": 0.42329057773502227}, {""feature"": ""name_length_max"", ""shap"": -0.4803576171398163, ""value"": 45.0, ""model_input"": 45.0}, {""feature"": ""token_overlap_ul"", ""shap"": 0.4573083817958832, ""value"": 1.0, ""model_input"": 1.0}, {""feature"": ""name_token_overlap_max"", ""shap"": 0.4031135141849518, ""value"": 0.3333333333333333, ""model_input"": 0.3333333333333333}, {""feature"": ""name_sim_max_pm_dirigeant"", ""shap"": -0.3865063190460205, ""value"": 0.0, ""model_input"": 0.0}]}"
83,DECINES - COLLEGE BASTIE,107-115 rue Emile Zola,69150,DECINES-CHARPIEU,50898280800018,0.9348527789115906,ASSOCIATION SPORTIVE DU COLLEGE MARYSE BASTIE,107 RUE EMILE ZOLA,DECINES-CHARPIEU,69150,69275,OUVERT,2025-02-02 02:21:24,5,"{""bias"": 1.1616770029067993, ""margin"": 2.663740634918213, ""prob_from_margin"": 0.9348528533560462, ""top"": [{""feature"": ""name_semantic_max"", ""shap"": 1.7853270769119263, ""value"": 0.736629843711853, ""model_input"": 0.736629843711853}, {""feature"": ""name_sim_max_etab"", ""shap"": 0.8916468620300293, ""value"": 0.0, ""model_input"": 0.0}, {""feature"": ""is_association"", ""shap"": -0.7553015947341919, ""value"": 1.0, ""model_input"": 1.0}, {""feature"": ""street_number_diff"", ""shap"": 0.6826542615890503, ""value"": 0.0, ""model_input"": 0.0}, {""feature"": ""addr_token_overlap"", ""shap"": 0.6350823044776917, ""value"": 0.8, ""model_input"": 0.8}, {""feature"": ""name_addr_consistency"", ""shap"": -0.617459774017334, ""value"": 0.42329057773502227, ""model_input"": 0.42329057773502227}, {""feature"": ""name_length_max"", ""shap"": -0.4803576171398163, ""value"": 45.0, ""model_input"": 45.0}, {""feature"": ""token_overlap_ul"", ""shap"": 0.4573083817958832, ""value"": 1.0, ""model_input"": 1.0}, {""feature"": ""name_token_overlap_max"", ""shap"": 0.4031135141849518, ""value"": 0.3333333333333333, ""model_input"": 0.3333333333333333}, {""feature"": ""name_sim_max_pm_dirigeant"", ""shap"": -0.3865063190460205, ""value"": 0.0, ""model_input"": 0.0}]}"
70,DECINES - COLLEGE BRASSENS,17 AVENUE SALVADOR ALLENDE,69150,DECINES CHARPIEU,19692157100010,0.9963322281837463,CLG,50 RUE SULLY,DECINES-CHARPIEU,69150,69275,OUVERT,2025-02-05 02:08:10,1,"{""bias"": 1.1616770029067993, ""margin"": 5.604494094848633, ""prob_from_margin"": 0.9963322196823283, ""top"": [{""feature"": ""name_semantic_max"", ""shap"": 3.081599712371826, ""value"": 0.8973951935768127, ""model_input"": 0.8973951935768127}, {""feature"": ""name_sim_max_etab"", ""shap"": 1.1475553512573242, ""value"": 0.0, ""model_input"": 0.0}, {""feature"": ""name_token_overlap_max"", ""shap"": 1.0175179243087769, ""value"": 0.6666666666666666, ""model_input"": 0.6666666666666666}, {""feature"": ""token_overlap_ul"", ""shap"": 0.9289469122886658, ""value"": 1.0, ""model_input"": 1.0}, {""feature"": ""street_number_diff"", ""shap"": -0.5868107080459595, ""value"": 33.0, ""model_input"": 33.0}, {""feature"": ""name_addr_consistency"", ""shap"": -0.5059664845466614, ""value"": 0.5105374949124949, ""model_input"": 0.5105374949124949}, {""feature"": ""name_semantic_second"", ""shap"": 0.475945383310318, ""value"": 0.7700730562210083, ""model_input"": 0.7700730562210083}, {""feature"": ""addr_token_overlap"", ""shap"": -0.4534475803375244, ""value"": 0.0, ""model_input"": 0.0}, {""feature"": ""is_siege"", ""shap"": 0.4492613673210144, ""value"": 1.0, ""model_input"": 1.0}, {""feature"": ""name_sim_max_pm_dirigeant"", ""shap"": -0.41960930824279785, ""value"": 0.0, ""model_input"": 0.0}]}"
82,DECINES - COLLEGE BRASSENS,17 AVENUE SALVADOR ALLENDE,69150,DECINES-CHARPIEU,19692157100010,0.9963322281837463,CLG,50 RUE SULLY,DECINES-CHARPIEU,69150,69275,OUVERT,2025-02-05 02:08:10,1,"{""bias"": 1.1616770029067993, ""margin"": 5.604494094848633, ""prob_from_margin"": 0.9963322196823283, ""top"": [{""feature"": ""name_semantic_max"", ""shap"": 3.081599712371826, ""value"": 0.8973951935768127, ""model_input"": 0.8973951935768127}, {""feature"": ""name_sim_max_etab"", ""shap"": 1.1475553512573242, ""value"": 0.0, ""model_input"": 0.0}, {""feature"": ""name_token_overlap_max"", ""shap"": 1.0175179243087769, ""value"": 0.6666666666666666, ""model_input"": 0.6666666666666666}, {""feature"": ""token_overlap_ul"", ""shap"": 0.9289469122886658, ""value"": 1.0, ""model_input"": 1.0}, {""feature"": ""street_number_diff"", ""shap"": -0.5868107080459595, ""value"": 33.0, ""model_input"": 33.0}, {""feature"": ""name_addr_consistency"", ""shap"": -0.5059664845466614, ""value"": 0.5105374949124949, ""model_input"": 0.5105374949124949}, {""feature"": ""name_semantic_second"", ""shap"": 0.475945383310318, ""value"": 0.7700730562210083, ""model_input"": 0.7700730562210083}, {""feature"": ""addr_token_overlap"", ""shap"": -0.4534475803375244, ""value"": 0.0, ""model_input"": 0.0}, {""feature"": ""is_siege"", ""shap"": 0.4492613673210144, ""value"": 1.0, ""model_input"": 1.0}, {""feature"": ""name_sim_max_pm_dirigeant"", ""shap"": -0.41960930824279785, ""value"": 0.0, ""model_input"": 0.0}]}"
70,DECINES - COLLEGE BRASSENS,17 AVENUE SALVADOR ALLENDE,69150,DECINES CHARPIEU,53239583700018,0.9885128736495972,FOYER SOCIO EDUCATIF DU COLLEGE GEORGES BRASSENS,17 AVENUE SALVADOR ALLENDE,DECINES-CHARPIEU,69150,69275,OUVERT,2024-03-30 11:10:36,2,"{""bias"": 1.1616770029067993, ""margin"": 4.45496940612793, ""prob_from_margin"": 0.9885128134751087, ""top"": [{""feature"": ""name_semantic_max"", ""shap"": 2.4366273880004883, ""value"": 0.781983494758606, ""model_input"": 0.781983494758606}, {""feature"": ""name_sim_max_etab"", ""shap"": 1.0109018087387085, ""value"": 0.0, ""model_input"": 0.0}, {""feature"": ""is_association"", ""shap"": -0.6870747208595276, ""value"": 1.0, ""model_input"": 1.0}, {""feature"": ""street_number_diff"", ""shap"": 0.6401585340499878, ""value"": 0.0, ""model_input"": 0.0}, {""feature"": ""addr_token_overlap"", ""shap"": 0.5273564457893372, ""value"": 1.0, ""model_input"": 1.0}, {""feature"": ""token_overlap_ul"", ""shap"": 0.5206125974655151, ""value"": 1.0, ""model_input"": 1.0}, {""feature"": ""name_addr_consistency"", ""shap"": -0.5041963458061218, ""value"": 0.5176767676767676, ""model_input"": 0.5176767676767676}, {""feature"": ""name_sim_max_pm_dirigeant"", ""shap"": -0.3757639229297638, ""value"": 0.0, ""model_input"": 0.0}, {""feature"": ""name_token_overlap_max"", ""shap"": 0.3549800217151642, ""value"": 0.2857142857142857, ""model_input"": 0.2857142857142857}, {""feature"": ""name_semantic_second"", ""shap"": -0.30845192074775696, ""value"": 0.0, ""model_input"": 0.0}]}"
82,DECINES - COLLEGE BRASSENS,17 AVENUE SALVADOR ALLENDE,69150,DECINES-CHARPIEU,53239583700018,0.9885128736495972,FOYER SOCIO EDUCATIF DU COLLEGE GEORGES BRASSENS,17 AVENUE SALVADOR ALLENDE,DECINES-CHARPIEU,69150,69275,OUVERT,2024-03-30 11:10:36,2,"{""bias"": 1.1616770029067993, ""margin"": 4.45496940612793, ""prob_from_margin"": 0.9885128134751087, ""top"": [{""feature"": ""name_semantic_max"", ""shap"": 2.4366273880004883, ""value"": 0.781983494758606, ""model_input"": 0.781983494758606}, {""feature"": ""name_sim_max_etab"", ""shap"": 1.0109018087387085, ""value"": 0.0, ""model_input"": 0.0}, {""feature"": ""is_association"", ""shap"": -0.6870747208595276, ""value"": 1.0, ""model_input"": 1.0}, {""feature"": ""street_number_diff"", ""shap"": 0.6401585340499878, ""value"": 0.0, ""model_input"": 0.0}, {""feature"": ""addr_token_overlap"", ""shap"": 0.5273564457893372, ""value"": 1.0, ""model_input"": 1.0}, {""feature"": ""token_overlap_ul"", ""shap"": 0.5206125974655151, ""value"": 1.0, ""model_input"": 1.0}, {""feature"": ""name_addr_consistency"", ""shap"": -0.5041963458061218, ""value"": 0.5176767676767676, ""model_input"": 0.5176767676767676}, {""feature"": ""name_sim_max_pm_dirigeant"", ""shap"": -0.3757639229297638, ""value"": 0.0, ""model_input"": 0.0}, {""feature"": ""name_token_overlap_max"", ""shap"": 0.3549800217151642, ""value"": 0.2857142857142857, ""model_input"": 0.2857142857142857}, {""feature"": ""name_semantic_second"", ""shap"": -0.30845192074775696, ""value"": 0.0, ""model_input"": 0.0}]}"
70,DECINES - COLLEGE BRASSENS,17 AVENUE SALVADOR ALLENDE,69150,DECINES CHARPIEU,53300386900013,0.9811413288116455,ASSOCIATION SPORTIVE DU COLLEGE GEORGES BRASSENS,50 RUE SULLY,DECINES-CHARPIEU,69150,69275,OUVERT,2024-03-30 09:53:47,3,"{""bias"": 1.1616770029067993, ""margin"": 3.9517369270324707, ""prob_from_margin"": 0.981141203543761, ""top"": [{""feature"": ""name_semantic_max"", ""shap"": 2.610501289367676, ""value"": 0.7524880170822144, ""model_input"": 0.7524880170822144}, {""feature"": ""name_sim_max_etab"", ""shap"": 1.2561047077178955, ""value"": 0.0, ""model_input"": 0.0}, {""feature"": ""token_overlap_ul"", ""shap"": 0.8766436576843262, ""value"": 1.0, ""model_input"": 1.0}, {""feature"": ""is_association"", ""shap"": -0.5160471796989441, ""value"": 1.0, ""model_input"": 1.0}, {""feature"": ""name_token_overlap_max"", ""shap"": 0.44866475462913513, ""value"": 0.3333333333333333, ""model_input"": 0.3333333333333333}, {""feature"": ""addr_token_overlap"", ""shap"": -0.43164536356925964, ""value"": 0.0, ""model_input"": 0.0}, {""feature"": ""name_sim_max_pm_dirigeant"", ""shap"": -0.3735939860343933, ""value"": 0.0, ""model_input"": 0.0}, {""feature"": ""name_semantic_second"", ""shap"": -0.35693490505218506, ""value"": 0.0, ""model_input"": 0.0}, {""feature"": ""addr_levenshtein"", ""shap"": -0.3156254291534424, ""value"": 0.2692307692307693, ""model_input"": 0.2692307692307693}, {""feature"": ""name_length_max"", ""shap"": -0.2906225919723511, ""value"": 48.0, ""model_input"": 48.0}]}"
82,DECINES - COLLEGE BRASSENS,17 AVENUE SALVADOR ALLENDE,69150,DECINES-CHARPIEU,53300386900013,0.9811413288116455,ASSOCIATION SPORTIVE DU COLLEGE GEORGES BRASSENS,50 RUE SULLY,DECINES-CHARPIEU,69150,69275,OUVERT,2024-03-30 09:53:47,3,"{""bias"": 1.1616770029067993, ""margin"": 3.9517369270324707, ""prob_from_margin"": 0.981141203543761, ""top"": [{""feature"": ""name_semantic_max"", ""shap"": 2.610501289367676, ""value"": 0.7524880170822144, ""model_input"": 0.7524880170822144}, {""feature"": ""name_sim_max_etab"", ""shap"": 1.2561047077178955, ""value"": 0.0, ""model_input"": 0.0}, {""feature"": ""token_overlap_ul"", ""shap"": 0.8766436576843262, ""value"": 1.0, ""model_input"": 1.0}, {""feature"": ""is_association"", ""shap"": -0.5160471796989441, ""value"": 1.0, ""model_input"": 1.0}, {""feature"": ""name_token_overlap_max"", ""shap"": 0.44866475462913513, ""value"": 0.3333333333333333, ""model_input"": 0.3333333333333333}, {""feature"": ""addr_token_overlap"", ""shap"": -0.43164536356925964, ""value"": 0.0, ""model_input"": 0.0}, {""feature"": ""name_sim_max_pm_dirigeant"", ""shap"": -0.3735939860343933, ""value"": 0.0, ""model_input"": 0.0}, {""feature"": ""name_semantic_second"", ""shap"": -0.35693490505218506, ""value"": 0.0, ""model_input"": 0.0}, {""feature"": ""addr_levenshtein"", ""shap"": -0.3156254291534424, ""value"": 0.2692307692307693, ""model_input"": 0.2692307692307693}, {""feature"": ""name_length_max"", ""shap"": -0.2906225919723511, ""value"": 48.0, ""model_input"": 48.0}]}"
70,DECINES - COLLEGE BRASSENS,17 AVENUE SALVADOR ALLENDE,69150,DECINES CHARPIEU,19691495600012,0.9494026899337769,CLG,107 RUE EMILE ZOLA,DECINES-CHARPIEU,69150,69275,OUVERT,2024-03-30 10:56:10,4,"{""bias"": 1.1616770029067993, ""margin"": 2.9319353103637695, ""prob_from_margin"": 0.9494027228433776, ""top"": [{""feature"": ""name_semantic_max"", ""shap"": 2.7402162551879883, ""value"": 0.7700730562210083, ""model_input"": 0.7700730562210083}, {""feature"": ""name_sim_max_etab"", ""shap"": 1.3233826160430908, ""value"": 0.0, ""model_input"": 0.0}, {""feature"": ""name_addr_consistency"", ""shap"": -0.6386266350746155, ""value"": 0.5614434947768281, ""model_input"": 0.5614434947768281}, {""feature"": ""addr_token_overlap"", ""shap"": -0.6302722692489624, ""value"": 0.0, ""model_input"": 0.0}, {""feature"": ""street_number_diff"", ""shap"": -0.569700300693512, ""value"": 90.0, ""model_input"": 90.0}, {""feature"": ""name_semantic_second"", ""shap"": 0.5558046102523804, ""value"": 0.6649404764175415, ""model_input"": 0.6649404764175415}, {""feature"": ""name_sim_max_pm_dirigeant"", ""shap"": -0.48766613006591797, ""value"": 0.0, ""model_input"": 0.0}, {""feature"": ""token_overlap_ul"", ""shap"": 0.35110995173454285, ""value"": 0.5, ""model_input"": 0.5}, {""feature"": ""addr_jaro"", ""shap"": -0.33059370517730713, ""value"": 0.6381766381766382, ""model_input"": 0.6381766381766382}, {""feature"": ""is_siege"", ""shap"": 0.3074459731578827, ""value"": 1.0, ""model_input"": 1.0}]}"
82,DECINES - COLLEGE BRASSENS,17 AVENUE SALVADOR ALLENDE,69150,DECINES-CHARPIEU,19691495600012,0.9494026899337769,CLG,107 RUE EMILE ZOLA,DECINES-CHARPIEU,69150,69275,OUVERT,2024-03-30 10:56:10,4,"{""bias"": 1.1616770029067993, ""margin"": 2.9319353103637695, ""prob_from_margin"": 0.9494027228433776, ""top"": [{""feature"": ""name_semantic_max"", ""shap"": 2.7402162551879883, ""value"": 0.7700730562210083, ""model_input"": 0.7700730562210083}, {""feature"": ""name_sim_max_etab"", ""shap"": 1.3233826160430908, ""value"": 0.0, ""model_input"": 0.0}, {""feature"": ""name_addr_consistency"", ""shap"": -0.6386266350746155, ""value"": 0.5614434947768281, ""model_input"": 0.5614434947768281}, {""feature"": ""addr_token_overlap"", ""shap"": -0.6302722692489624, ""value"": 0.0, ""model_input"": 0.0}, {""feature"": ""street_number_diff"", ""shap"": -0.569700300693512, ""value"": 90.0, ""model_input"": 90.0}, {""feature"": ""name_semantic_second"", ""shap"": 0.5558046102523804, ""value"": 0.6649404764175415, ""model_input"": 0.6649404764175415}, {""feature"": ""name_sim_max_pm_dirigeant"", ""shap"": -0.48766613006591797, ""value"": 0.0, ""model_input"": 0.0}, {""feature"": ""token_overlap_ul"", ""shap"": 0.35110995173454285, ""value"": 0.5, ""model_input"": 0.5}, {""feature"": ""addr_jaro"", ""shap"": -0.33059370517730713, ""value"": 0.6381766381766382, ""model_input"": 0.6381766381766382}, {""feature"": ""is_siege"", ""shap"": 0.3074459731578827, ""value"": 1.0, ""model_input"": 1.0}]}"
70,DECINES - COLLEGE BRASSENS,17 AVENUE SALVADOR ALLENDE,69150,DECINES CHARPIEU,50898280800018,0.8971801996231079,ASSOCIATION SPORTIVE DU COLLEGE MARYSE BASTIE,107 RUE EMILE ZOLA,DECINES-CHARPIEU,69150,69275,OUVERT,2025-02-02 02:21:24,5,"{""bias"": 1.1616770029067993, ""margin"": 2.1662778854370117, ""prob_from_margin"": 0.8971801163469211, ""top"": [{""feature"": ""name_sim_max_etab"", ""shap"": 1.1361219882965088, ""value"": 0.0, ""model_input"": 0.0}, {""feature"": ""type_of_max_name"", ""shap"": 0.8052036166191101, ""value"": 7.0, ""model_input"": 7.0}, {""feature"": ""token_overlap_ul"", ""shap"": 0.7838358879089355, ""value"": 0.5, ""model_input"": 0.5}, {""feature"": ""addr_levenshtein"", ""shap"": -0.40462425351142883, ""value"": 0.2692307692307693, ""model_input"": 0.2692307692307693}, {""feature"": ""name_semantic_second"", ""shap"": -0.393510103225708, ""value"": 0.0, ""model_input"": 0.0}, {""feature"": ""name_semantic_max"", ""shap"": 0.36336222290992737, ""value"": 0.6055994033813477, ""model_input"": 0.6055994033813477}, {""feature"": ""street_number_diff"", ""shap"": -0.3151138424873352, ""value"": 90.0, ""model_input"": 90.0}, {""feature"": ""name_addr_consistency"", ""shap"": 0.31143203377723694, ""value"": 0.31428050687309944, ""model_input"": 0.31428050687309944}, {""feature"": ""addr_token_overlap"", ""shap"": -0.3082786798477173, ""value"": 0.0, ""model_input"": 0.0}, {""feature"": ""name_sim_max_ul"", ""shap"": -0.3077143728733063, ""value"": 0.49246632996632994, ""model_input"": 0.49246632996632994}]}"
82,DECINES - COLLEGE BRASSENS,17 AVENUE SALVADOR ALLENDE,69150,DECINES-CHARPIEU,50898280800018,0.8971801996231079,ASSOCIATION SPORTIVE DU COLLEGE MARYSE BASTIE,107 RUE EMILE ZOLA,DECINES-CHARPIEU,69150,69275,OUVERT,2025-02-02 02:21:24,5,"{""bias"": 1.1616770029067993, ""margin"": 2.1662778854370117, ""prob_from_margin"": 0.8971801163469211, ""top"": [{""feature"": ""name_sim_max_etab"", ""shap"": 1.1361219882965088, ""value"": 0.0, ""model_input"": 0.0}, {""feature"": ""type_of_max_name"", ""shap"": 0.8052036166191101, ""value"": 7.0, ""model_input"": 7.0}, {""feature"": ""token_overlap_ul"", ""shap"": 0.7838358879089355, ""value"": 0.5, ""model_input"": 0.5}, {""feature"": ""addr_levenshtein"", ""shap"": -0.40462425351142883, ""value"": 0.2692307692307693, ""model_input"": 0.2692307692307693}, {""feature"": ""name_semantic_second"", ""shap"": -0.393510103225708, ""value"": 0.0, ""model_input"": 0.0}, {""feature"": ""name_semantic_max"", ""shap"": 0.36336222290992737, ""value"": 0.6055994033813477, ""model_input"": 0.6055994033813477}, {""feature"": ""street_number_diff"", ""shap"": -0.3151138424873352, ""value"": 90.0, ""model_input"": 90.0}, {""feature"": ""name_addr_consistency"", ""shap"": 0.31143203377723694, ""value"": 0.31428050687309944, ""model_input"": 0.31428050687309944}, {""feature"": ""addr_token_overlap"", ""shap"": -0.3082786798477173, ""value"": 0.0, ""model_input"": 0.0}, {""feature"": ""name_sim_max_ul"", ""shap"": -0.3077143728733063, ""value"": 0.49246632996632994, ""model_input"": 0.49246632996632994}]}"
73,DECINES - MITTERAND,5 place François Mitterrand,69150,DECINES CHARPIEU,91389226100011,0.9538721442222595,K ASM,5 PLACE FRANCOIS MITTERRAND,DECINES-CHARPIEU,69150,69275,OUVERT,2025-02-16 02:27:53,1,"{""bias"": 1.1616770029067993, ""margin"": 3.0291123390197754, ""prob_from_margin"": 0.9538721315330367, ""top"": [{""feature"": ""name_semantic_max"", ""shap"": -1.6437419652938843, ""value"": 0.4046141505241394, ""model_input"": 0.4046141505241394}, {""feature"": ""addr_token_overlap"", ""shap"": 1.482900857925415, ""value"": 1.0, ""model_input"": 1.0}, {""feature"": ""street_number_diff"", ""shap"": 0.9699543118476868, ""value"": 0.0, ""model_input"": 0.0}, {""feature"": ""name_addr_consistency"", ""shap"": 0.940142810344696, ""value"": 0.0, ""model_input"": 0.0}, {""feature"": ""addr_jaro"", ""shap"": 0.9339827299118042, ""value"": 1.0, ""model_input"": 1.0}, {""feature"": ""type_of_max_name"", ""shap"": -0.9136463403701782, ""value"": 2.0, ""model_input"": 2.0}, {""feature"": ""name_sim_max_etab"", ""shap"": 0.8846626877784729, ""value"": 0.0, ""model_input"": 0.0}, {""feature"": ""addr_levenshtein"", ""shap"": 0.8373773694038391, ""value"": 1.0, ""model_input"": 1.0}, {""feature"": ""name_jaro_max"", ""shap"": 0.7291726469993591, ""value"": 0.0, ""model_input"": 0.0}, {""feature"": ""name_sim_max_ul"", ""shap"": -0.6532340049743652, ""value"": 0.0, ""model_input"": 0.0}]}"
85,DECINES - MITTERAND,5 place François Mitterrand,69150,DECINES-CHARPIEU,91389226100011,0.9538721442222595,K ASM,5 PLACE FRANCOIS MITTERRAND,DECINES-CHARPIEU,69150,69275,OUVERT,2025-02-16 02:27:53,1,"{""bias"": 1.1616770029067993, ""margin"": 3.0291123390197754, ""prob_from_margin"": 0.9538721315330367, ""top"": [{""feature"": ""name_semantic_max"", ""shap"": -1.6437419652938843, ""value"": 0.4046141505241394, ""model_input"": 0.4046141505241394}, {""feature"": ""addr_token_overlap"", ""shap"": 1.482900857925415, ""value"": 1.0, ""model_input"": 1.0}, {""feature"": ""street_number_diff"", ""shap"": 0.9699543118476868, ""value"": 0.0, ""model_input"": 0.0}, {""feature"": ""name_addr_consistency"", ""shap"": 0.940142810344696, ""value"": 0.0, ""model_input"": 0.0}, {""feature"": ""addr_jaro"", ""shap"": 0.9339827299118042, ""value"": 1.0, ""model_input"": 1.0}, {""feature"": ""type_of_max_name"", ""shap"": -0.9136463403701782, ""value"": 2.0, ""model_input"": 2.0}, {""feature"": ""name_sim_max_etab"", ""shap"": 0.8846626877784729, ""value"": 0.0, ""model_input"": 0.0}, {""feature"": ""addr_levenshtein"", ""shap"": 0.8373773694038391, ""value"": 1.0, ""model_input"": 1.0}, {""feature"": ""name_jaro_max"", ""shap"": 0.7291726469993591, ""value"": 0.0, ""model_input"": 0.0}, {""feature"": ""name_sim_max_ul"", ""shap"": -0.6532340049743652, ""value"": 0.0, ""model_input"": 0.0}]}"
73,DECINES - MITTERAND,5 place François Mitterrand,69150,DECINES CHARPIEU,39254982000067,0.9055991768836975,TOP DUO,5 PLACE FRANCOIS MITTERRAND,DECINES-CHARPIEU,69150,69275,FERME,2024-03-30 16:35:30,2,"{""bias"": 1.1616770029067993, ""margin"": 2.2610464096069336, ""prob_from_margin"": 0.9055991259014872, ""top"": [{""feature"": ""street_number_diff"", ""shap"": 1.2765083312988281, ""value"": 0.0, ""model_input"": 0.0}, {""feature"": ""addr_token_overlap"", ""shap"": 1.1997737884521484, ""value"": 1.0, ""model_input"": 1.0}, {""feature"": ""name_count"", ""shap"": -0.8637510538101196, ""value"": 5.0, ""model_input"": 5.0}, {""feature"": ""name_semantic_max"", ""shap"": -0.6920201182365417, ""value"": 0.5320626497268677, ""model_input"": 0.5320626497268677}, {""feature"": ""addr_jaro"", ""shap"": 0.6094177961349487, ""value"": 1.0, ""model_input"": 1.0}, {""feature"": ""name_semantic_second"", ""shap"": 0.583188533782959, ""value"": 0.5283703207969666, ""model_input"": 0.5283703207969666}, {""feature"": ""addr_levenshtein"", ""shap"": 0.44850265979766846, ""value"": 1.0, ""model_input"": 1.0}, {""feature"": ""type_of_max_name"", ""shap"": 0.42126259207725525, ""value"": 4.0, ""model_input"": 4.0}, {""feature"": ""name_token_overlap_max"", ""shap"": -0.314759761095047, ""value"": 0.0, ""model_input"": 0.0}, {""feature"": ""name_addr_consistency"", ""shap"": -0.304029256105423, ""value"": 0.49415204678362573, ""model_input"": 0.49415204678362573}]}"
85,DECINES - MITTERAND,5 place François Mitterrand,69150,DECINES-CHARPIEU,39254982000067,0.9055991768836975,TOP DUO,5 PLACE FRANCOIS MITTERRAND,DECINES-CHARPIEU,69150,69275,FERME,2024-03-30 16:35:30,2,"{""bias"": 1.1616770029067993, ""margin"": 2.2610464096069336, ""prob_from_margin"": 0.9055991259014872, ""top"": [{""feature"": ""street_number_diff"", ""shap"": 1.2765083312988281, ""value"": 0.0, ""model_input"": 0.0}, {""feature"": ""addr_token_overlap"", ""shap"": 1.1997737884521484, ""value"": 1.0, ""model_input"": 1.0}, {""feature"": ""name_count"", ""shap"": -0.8637510538101196, ""value"": 5.0, ""model_input"": 5.0}, {""feature"": ""name_semantic_max"", ""shap"": -0.6920201182365417, ""value"": 0.5320626497268677, ""model_input"": 0.5320626497268677}, {""feature"": ""addr_jaro"", ""shap"": 0.6094177961349487, ""value"": 1.0, ""model_input"": 1.0}, {""feature"": ""name_semantic_second"", ""shap"": 0.583188533782959, ""value"": 0.5283703207969666, ""model_input"": 0.5283703207969666}, {""feature"": ""addr_levenshtein"", ""shap"": 0.44850265979766846, ""value"": 1.0, ""model_input"": 1.0}, {""feature"": ""type_of_max_name"", ""shap"": 0.42126259207725525, ""value"": 4.0, ""model_input"": 4.0}, {""feature"": ""name_token_overlap_max"", ""shap"": -0.314759761095047, ""value"": 0.0, ""model_input"": 0.0}, {""feature"": ""name_addr_consistency"", ""shap"": -0.304029256105423, ""value"": 0.49415204678362573, ""model_input"": 0.49415204678362573}]}"
73,DECINES - MITTERAND,5 place François Mitterrand,69150,DECINES CHARPIEU,42153716800013,0.787245512008667,ESPACE SERVICE RAPIDE,5 PLACE FRANCOIS MITTERRAND,DECINES-CHARPIEU,69150,69275,FERME,2024-03-30 12:26:23,3,"{""bias"": 1.1616770029067993, ""margin"": 1.3084031343460083, ""prob_from_margin"": 0.7872458197881433, ""top"": [{""feature"": ""name_semantic_max"", ""shap"": -2.5365467071533203, ""value"": 0.3427174687385559, ""model_input"": 0.3427174687385559}, {""feature"": ""addr_token_overlap"", ""shap"": 1.2473154067993164, ""value"": 1.0, ""model_input"": 1.0}, {""feature"": ""name_sim_max_etab"", ""shap"": 0.8087928891181946, ""value"": 0.0, ""model_input"": 0.0}, {""feature"": ""addr_jaro"", ""shap"": 0.7181652188301086, ""value"": 1.0, ""model_input"": 1.0}, {""feature"": ""addr_levenshtein"", ""shap"": 0.6674573421478271, ""value"": 1.0, ""model_input"": 1.0}, {""feature"": ""street_number_diff"", ""shap"": 0.6607640385627747, ""value"": 0.0, ""model_input"": 0.0}, {""feature"": ""name_addr_consistency"", ""shap"": 0.5567286610603333, ""value"": 0.38095238095238093, ""model_input"": 0.38095238095238093}, {""feature"": ""name_semantic_second"", ""shap"": -0.4441429674625397, ""value"": 0.0, ""model_input"": 0.0}, {""feature"": ""name_levenshtein_max"", ""shap"": -0.3727476894855499, ""value"": 0.19047619047619047, ""model_input"": 0.19047619047619047}, {""feature"": ""name_sim_max_pm_dirigeant"", ""shap"": -0.36397475004196167, ""value"": 0.0, ""model_input"": 0.0}]}"
85,DECINES - MITTERAND,5 place François Mitterrand,69150,DECINES-CHARPIEU,42153716800013,0.787245512008667,ESPACE SERVICE RAPIDE,5 PLACE FRANCOIS MITTERRAND,DECINES-CHARPIEU,69150,69275,FERME,2024-03-30 12:26:23,3,"{""bias"": 1.1616770029067993, ""margin"": 1.3084031343460083, ""prob_from_margin"": 0.7872458197881433, ""top"": [{""feature"": ""name_semantic_max"", ""shap"": -2.5365467071533203, ""value"": 0.3427174687385559, ""model_input"": 0.3427174687385559}, {""feature"": ""addr_token_overlap"", ""shap"": 1.2473154067993164, ""value"": 1.0, ""model_input"": 1.0}, {""feature"": ""name_sim_max_etab"", ""shap"": 0.8087928891181946, ""value"": 0.0, ""model_input"": 0.0}, {""feature"": ""addr_jaro"", ""shap"": 0.7181652188301086, ""value"": 1.0, ""model_input"": 1.0}, {""feature"": ""addr_levenshtein"", ""shap"": 0.6674573421478271, ""value"": 1.0, ""model_input"": 1.0}, {""feature"": ""street_number_diff"", ""shap"": 0.6607640385627747, ""value"": 0.0, ""model_input"": 0.0}, {""feature"": ""name_addr_consistency"", ""shap"": 0.5567286610603333, ""value"": 0.38095238095238093, ""model_input"": 0.38095238095238093}, {""feature"": ""name_semantic_second"", ""shap"": -0.4441429674625397, ""value"": 0.0, ""model_input"": 0.0}, {""feature"": ""name_levenshtein_max"", ""shap"": -0.3727476894855499, ""value"": 0.19047619047619047, ""model_input"": 0.19047619047619047}, {""feature"": ""name_sim_max_pm_dirigeant"", ""shap"": -0.36397475004196167, ""value"": 0.0, ""model_input"": 0.0}]}"
73,DECINES - MITTERAND,5 place François Mitterrand,69150,DECINES CHARPIEU,43404822900042,0.7492697834968567,AU RYTHME DES QUATRE SAISONS,5 PL FRANCOIS MITTERRAND,DECINES-CHARPIEU,69150,69275,FERME,2024-03-22 15:40:57,4,"{""bias"": 1.1616770029067993, ""margin"": 1.0947210788726807, ""prob_from_margin"": 0.7492696886361754, ""top"": [{""feature"": ""street_number_diff"", ""shap"": 1.5528147220611572, ""value"": 0.0, ""model_input"": 0.0}, {""feature"": ""name_semantic_max"", ""shap"": -0.8129107356071472, ""value"": 0.529299259185791, ""model_input"": 0.529299259185791}, {""feature"": ""addr_token_overlap"", ""shap"": 0.6542529463768005, ""value"": 0.6, ""model_input"": 0.6}, {""feature"": ""name_semantic_second"", ""shap"": 0.5729497671127319, ""value"": 0.529299259185791, ""model_input"": 0.529299259185791}, {""feature"": ""type_of_max_name"", ""shap"": 0.5297937393188477, ""value"": 7.0, ""model_input"": 7.0}, {""feature"": ""name_sim_max_pm_dirigeant"", ""shap"": -0.4871048927307129, ""value"": 0.0, ""model_input"": 0.0}, {""feature"": ""name_semantic_gap"", ""shap"": -0.46757403016090393, ""value"": 0.0, ""model_input"": 0.0}, {""feature"": ""name_token_overlap_max"", ""shap"": -0.46375715732574463, ""value"": 0.0, ""model_input"": 0.0}, {""feature"": ""name_addr_consistency"", ""shap"": -0.46266674995422363, ""value"": 0.4808641975308642, ""model_input"": 0.4808641975308642}, {""feature"": ""addr_levenshtein"", ""shap"": 0.44645872712135315, ""value"": 0.8888888888888888, ""model_input"": 0.8888888888888888}]}"
85,DECINES - MITTERAND,5 place François Mitterrand,69150,DECINES-CHARPIEU,43404822900042,0.7492697834968567,AU RYTHME DES QUATRE SAISONS,5 PL FRANCOIS MITTERRAND,DECINES-CHARPIEU,69150,69275,FERME,2024-03-22 15:40:57,4,"{""bias"": 1.1616770029067993, ""margin"": 1.0947210788726807, ""prob_from_margin"": 0.7492696886361754, ""top"": [{""feature"": ""street_number_diff"", ""shap"": 1.5528147220611572, ""value"": 0.0, ""model_input"": 0.0}, {""feature"": ""name_semantic_max"", ""shap"": -0.8129107356071472, ""value"": 0.529299259185791, ""model_input"": 0.529299259185791}, {""feature"": ""addr_token_overlap"", ""shap"": 0.6542529463768005, ""value"": 0.6, ""model_input"": 0.6}, {""feature"": ""name_semantic_second"", ""shap"": 0.5729497671127319, ""value"": 0.529299259185791, ""model_input"": 0.529299259185791}, {""feature"": ""type_of_max_name"", ""shap"": 0.5297937393188477, ""value"": 7.0, ""model_input"": 7.0}, {""feature"": ""name_sim_max_pm_dirigeant"", ""shap"": -0.4871048927307129, ""value"": 0.0, ""model_input"": 0.0}, {""feature"": ""name_semantic_gap"", ""shap"": -0.46757403016090393, ""value"": 0.0, ""model_input"": 0.0}, {""feature"": ""name_token_overlap_max"", ""shap"": -0.46375715732574463, ""value"": 0.0, ""model_input"": 0.0}, {""feature"": ""name_addr_consistency"", ""shap"": -0.46266674995422363, ""value"": 0.4808641975308642, ""model_input"": 0.4808641975308642}, {""feature"": ""addr_levenshtein"", ""shap"": 0.44645872712135315, ""value"": 0.8888888888888888, ""model_input"": 0.8888888888888888}]}"
73,DECINES - MITTERAND,5 place François Mitterrand,69150,DECINES CHARPIEU,49303863200029,0.7255867123603821,MACONNERIE RODRIGUES,4 PLACE FRANCOIS MITTERRAND,DECINES-CHARPIEU,69150,69275,OUVERT,2025-01-24 02:20:05,5,"{""bias"": 1.1616770029067993, ""margin"": 0.9723451733589172, ""prob_from_margin"": 0.7255866937178755, ""top"": [{""feature"": ""name_sim_max_etab"", ""shap"": 0.8779212832450867, ""value"": 0.0, ""model_input"": 0.0}, {""feature"": ""street_number_diff"", ""shap"": -0.586647093296051, ""value"": 1.0, ""model_input"": 1.0}, {""feature"": ""addr_levenshtein"", ""shap"": 0.5702246427536011, ""value"": 0.962962962962963, ""model_input"": 0.962962962962963}, {""feature"": ""addr_token_overlap"", ""shap"": 0.5627225637435913, ""value"": 0.6, ""model_input"": 0.6}, {""feature"": ""type_of_max_name"", ""shap"": 0.5516200661659241, ""value"": 7.0, ""model_input"": 7.0}, {""feature"": ""name_token_overlap_max"", ""shap"": -0.48950982093811035, ""value"": 0.0, ""model_input"": 0.0}, {""feature"": ""name_sim_max_pm_dirigeant"", ""shap"": -0.3977392315864563, ""value"": 0.0, ""model_input"": 0.0}, {""feature"": ""name_semantic_second"", ""shap"": -0.3840550482273102, ""value"": 0.0, ""model_input"": 0.0}, {""feature"": ""name_addr_consistency"", ""shap"": -0.3791827857494354, ""value"": 0.5988601476255797, ""model_input"": 0.5988601476255797}, {""feature"": ""token_overlap_ul"", ""shap"": -0.3720300793647766, ""value"": 0.0, ""model_input"": 0.0}]}"
85,DECINES - MITTERAND,5 place François Mitterrand,69150,DECINES-CHARPIEU,49303863200029,0.7255867123603821,MACONNERIE RODRIGUES,4 PLACE FRANCOIS MITTERRAND,DECINES-CHARPIEU,69150,69275,OUVERT,2025-01-24 02:20:05,5,"{""bias"": 1.1616770029067993, ""margin"": 0.9723451733589172, ""prob_from_margin"": 0.7255866937178755, ""top"": [{""feature"": ""name_sim_max_etab"", ""shap"": 0.8779212832450867, ""value"": 0.0, ""model_input"": 0.0}, {""feature"": ""street_number_diff"", ""shap"": -0.586647093296051, ""value"": 1.0, ""model_input"": 1.0}, {""feature"": ""addr_levenshtein"", ""shap"": 0.5702246427536011, ""value"": 0.962962962962963, ""model_input"": 0.962962962962963}, {""feature"": ""addr_token_overlap"", ""shap"": 0.5627225637435913, ""value"": 0.6, ""model_input"": 0.6}, {""feature"": ""type_of_max_name"", ""shap"": 0.5516200661659241, ""value"": 7.0, ""model_input"": 7.0}, {""feature"": ""name_token_overlap_max"", ""shap"": -0.48950982093811035, ""value"": 0.0, ""model_input"": 0.0}, {""feature"": ""name_sim_max_pm_dirigeant"", ""shap"": -0.3977392315864563, ""value"": 0.0, ""model_input"": 0.0}, {""feature"": ""name_semantic_second"", ""shap"": -0.3840550482273102, ""value"": 0.0, ""model_input"": 0.0}, {""feature"": ""name_addr_consistency"", ""shap"": -0.3791827857494354, ""value"": 0.5988601476255797, ""model_input"": 0.5988601476255797}, {""feature"": ""token_overlap_ul"", ""shap"": -0.3720300793647766, ""value"": 0.0, ""model_input"": 0.0}]}"
48,DELTA SERVICE LOCATION,29 Route de Lyon,69960,CORBAS,31874347300163,0.9996102452278137,DSL,29 ROUTE DE LYON,CORBAS,69960,69273,OUVERT,2025-01-28 03:09:09,1,"{""bias"": 1.1616770029067993, ""margin"": 7.849473476409912, ""prob_from_margin"": 0.9996101947714767, ""top"": [{""feature"": ""name_semantic_max"", ""shap"": 2.1562788486480713, ""value"": 0.9999999403953552, ""model_input"": 0.9999999403953552}, {""feature"": ""name_sim_max_pm_dirigeant"", ""shap"": 1.0014342069625854, ""value"": 0.6378787878787878, ""model_input"": 0.6378787878787878}, {""feature"": ""name_token_overlap_max"", ""shap"": 0.8302612900733948, ""value"": 1.0, ""model_input"": 1.0}, {""feature"": ""token_overlap_ul"", ""shap"": 0.7157464623451233, ""value"": 1.0, ""model_input"": 1.0}, {""feature"": ""addr_token_overlap"", ""shap"": 0.6866227984428406, ""value"": 1.0, ""model_input"": 1.0}, {""feature"": ""name_sim_max_etab"", ""shap"": -0.6147192716598511, ""value"": 0.6378787878787878, ""model_input"": 0.6378787878787878}, {""feature"": ""acronym_match_max"", ""shap"": 0.5251143574714661, ""value"": 1.0, ""model_input"": 1.0}, {""feature"": ""name_crm_contains_cand_max"", ""shap"": 0.5066598653793335, ""value"": 1.0, ""model_input"": 1.0}, {""feature"": ""street_number_diff"", ""shap"": 0.46303486824035645, ""value"": 0.0, ""model_input"": 0.0}, {""feature"": ""is_siege"", ""shap"": -0.44104740023612976, ""value"": 0.0, ""model_input"": 0.0}]}"
93,DELTA SERVICE LOCATION,29 Route de Lyon,69960,CORBAS,31874347300163,0.9996102452278137,DSL,29 ROUTE DE LYON,CORBAS,69960,69273,OUVERT,2025-01-28 03:09:09,1,"{""bias"": 1.1616770029067993, ""margin"": 7.849473476409912, ""prob_from_margin"": 0.9996101947714767, ""top"": [{""feature"": ""name_semantic_max"", ""shap"": 2.1562788486480713, ""value"": 0.9999999403953552, ""model_input"": 0.9999999403953552}, {""feature"": ""name_sim_max_pm_dirigeant"", ""shap"": 1.0014342069625854, ""value"": 0.6378787878787878, ""model_input"": 0.6378787878787878}, {""feature"": ""name_token_overlap_max"", ""shap"": 0.8302612900733948, ""value"": 1.0, ""model_input"": 1.0}, {""feature"": ""token_overlap_ul"", ""shap"": 0.7157464623451233, ""value"": 1.0, ""model_input"": 1.0}, {""feature"": ""addr_token_overlap"", ""shap"": 0.6866227984428406, ""value"": 1.0, ""model_input"": 1.0}, {""feature"": ""name_sim_max_etab"", ""shap"": -0.6147192716598511, ""value"": 0.6378787878787878, ""model_input"": 0.6378787878787878}, {""feature"": ""acronym_match_max"", ""shap"": 0.5251143574714661, ""value"": 1.0, ""model_input"": 1.0}, {""feature"": ""name_crm_contains_cand_max"", ""shap"": 0.5066598653793335, ""value"": 1.0, ""model_input"": 1.0}, {""feature"": ""street_number_diff"", ""shap"": 0.46303486824035645, ""value"": 0.0, ""model_input"": 0.0}, {""feature"": ""is_siege"", ""shap"": -0.44104740023612976, ""value"": 0.0, ""model_input"": 0.0}]}"
48,DELTA SERVICE LOCATION,29 Route de Lyon,69960,CORBAS,31874347300056,0.9995372295379639,DSL,RUE DE SAVOIE,CORBAS,69960,69273,OUVERT,2025-01-29 02:27:08,2,"{""bias"": 1.1616770029067993, ""margin"": 7.6777496337890625, ""prob_from_margin"": 0.999537198602188, ""top"": [{""feature"": ""name_semantic_max"", ""shap"": 2.6337316036224365, ""value"": 0.9999999403953552, ""model_input"": 0.9999999403953552}, {""feature"": ""name_token_overlap_max"", ""shap"": 1.2731989622116089, ""value"": 1.0, ""model_input"": 1.0}, {""feature"": ""name_sim_max_pm_dirigeant"", ""shap"": 1.0610462427139282, ""value"": 0.6378787878787878, ""model_input"": 0.6378787878787878}, {""feature"": ""token_overlap_ul"", ""shap"": 1.0525387525558472, ""value"": 1.0, ""model_input"": 1.0}, {""feature"": ""name_crm_contains_cand_max"", ""shap"": 0.7165459990501404, ""value"": 1.0, ""model_input"": 1.0}, {""feature"": ""name_sim_max_etab"", ""shap"": -0.6555632948875427, ""value"": 0.6378787878787878, ""model_input"": 0.6378787878787878}, {""feature"": ""is_siege"", ""shap"": 0.6051506996154785, ""value"": 1.0, ""model_input"": 1.0}, {""feature"": ""acronym_match_max"", ""shap"": 0.44423606991767883, ""value"": 1.0, ""model_input"": 1.0}, {""feature"": ""name_addr_consistency"", ""shap"": -0.3934469521045685, ""value"": 0.5384615384615384, ""model_input"": 0.5384615384615384}, {""feature"": ""addr_token_overlap"", ""shap"": -0.36561885476112366, ""value"": 0.16666666666666666, ""model_input"": 0.16666666666666666}]}"
93,DELTA SERVICE LOCATION,29 Route de Lyon,69960,CORBAS,31874347300056,0.9995372295379639,DSL,RUE DE SAVOIE,CORBAS,69960,69273,OUVERT,2025-01-29 02:27:08,2,"{""bias"": 1.1616770029067993, ""margin"": 7.6777496337890625, ""prob_from_margin"": 0.999537198602188, ""top"": [{""feature"": ""name_semantic_max"", ""shap"": 2.6337316036224365, ""value"": 0.9999999403953552, ""model_input"": 0.9999999403953552}, {""feature"": ""name_token_overlap_max"", ""shap"": 1.2731989622116089, ""value"": 1.0, ""model_input"": 1.0}, {""feature"": ""name_sim_max_pm_dirigeant"", ""shap"": 1.0610462427139282, ""value"": 0.6378787878787878, ""model_input"": 0.6378787878787878}, {""feature"": ""token_overlap_ul"", ""shap"": 1.0525387525558472, ""value"": 1.0, ""model_input"": 1.0}, {""feature"": ""name_crm_contains_cand_max"", ""shap"": 0.7165459990501404, ""value"": 1.0, ""model_input"": 1.0}, {""feature"": ""name_sim_max_etab"", ""shap"": -0.6555632948875427, ""value"": 0.6378787878787878, ""model_input"": 0.6378787878787878}, {""feature"": ""is_siege"", ""shap"": 0.6051506996154785, ""value"": 1.0, ""model_input"": 1.0}, {""feature"": ""acronym_match_max"", ""shap"": 0.44423606991767883, ""value"": 1.0, ""model_input"": 1.0}, {""feature"": ""name_addr_consistency"", ""shap"": -0.3934469521045685, ""value"": 0.5384615384615384, ""model_input"": 0.5384615384615384}, {""feature"": ""addr_token_overlap"", ""shap"": -0.36561885476112366, ""value"": 0.16666666666666666, ""model_input"": 0.16666666666666666}]}"
48,DELTA SERVICE LOCATION,29 Route de Lyon,69960,CORBAS,83131613800021,0.9967600703239441,DELTA SERVICE GROUP,RUE DE SAVOIE,CORBAS,69960,69273,OUVERT,2025-01-18 03:28:00,3,"{""bias"": 1.1616770029067993, ""margin"": 5.728949069976807, ""prob_from_margin"": 0.9967600399841068, ""top"": [{""feature"": ""name_semantic_max"", ""shap"": 2.7406699657440186, ""value"": 0.8572556972503662, ""model_input"": 0.8572556972503662}, {""feature"": ""name_sim_max_pm_dirigeant"", ""shap"": 1.3903744220733643, ""value"": 0.6378787878787878, ""model_input"": 0.6378787878787878}, {""feature"": ""name_token_overlap_max"", ""shap"": 1.1845852136611938, ""value"": 0.5, ""model_input"": 0.5}, {""feature"": ""token_overlap_ul"", ""shap"": 1.030443787574768, ""value"": 0.6666666666666666, ""model_input"": 0.6666666666666666}, {""feature"": ""name_sim_max_etab"", ""shap"": -0.600899875164032, ""value"": 0.6378787878787878, ""model_input"": 0.6378787878787878}, {""feature"": ""name_addr_consistency"", ""shap"": -0.5597046613693237, ""value"": 0.48152373941847626, ""model_input"": 0.48152373941847626}, {""feature"": ""addr_token_overlap"", ""shap"": -0.3496963381767273, ""value"": 0.16666666666666666, ""model_input"": 0.16666666666666666}, {""feature"": ""is_siege"", ""shap"": 0.33755430579185486, ""value"": 1.0, ""model_input"": 1.0}, {""feature"": ""name_semantic_second"", ""shap"": -0.2842889428138733, ""value"": 0.35717490315437317, ""model_input"": 0.35717490315437317}, {""feature"": ""name_sim_max_ul"", ""shap"": 0.26783621311187744, ""value"": 0.8942583732057416, ""model_input"": 0.8942583732057416}]}"
93,DELTA SERVICE LOCATION,29 Route de Lyon,69960,CORBAS,83131613800021,0.9967600703239441,DELTA SERVICE GROUP,RUE DE SAVOIE,CORBAS,69960,69273,OUVERT,2025-01-18 03:28:00,3,"{""bias"": 1.1616770029067993, ""margin"": 5.728949069976807, ""prob_from_margin"": 0.9967600399841068, ""top"": [{""feature"": ""name_semantic_max"", ""shap"": 2.7406699657440186, ""value"": 0.8572556972503662, ""model_input"": 0.8572556972503662}, {""feature"": ""name_sim_max_pm_dirigeant"", ""shap"": 1.3903744220733643, ""value"": 0.6378787878787878, ""model_input"": 0.6378787878787878}, {""feature"": ""name_token_overlap_max"", ""shap"": 1.1845852136611938, ""value"": 0.5, ""model_input"": 0.5}, {""feature"": ""token_overlap_ul"", ""shap"": 1.030443787574768, ""value"": 0.6666666666666666, ""model_input"": 0.6666666666666666}, {""feature"": ""name_sim_max_etab"", ""shap"": -0.600899875164032, ""value"": 0.6378787878787878, ""model_input"": 0.6378787878787878}, {""feature"": ""name_addr_consistency"", ""shap"": -0.5597046613693237, ""value"": 0.48152373941847626, ""model_input"": 0.48152373941847626}, {""feature"": ""addr_token_overlap"", ""shap"": -0.3496963381767273, ""value"": 0.16666666666666666, ""model_input"": 0.16666666666666666}, {""feature"": ""is_siege"", ""shap"": 0.33755430579185486, ""value"": 1.0, ""model_input"": 1.0}, {""feature"": ""name_semantic_second"", ""shap"": -0.2842889428138733, ""value"": 0.35717490315437317, ""model_input"": 0.35717490315437317}, {""feature"": ""name_sim_max_ul"", ""shap"": 0.26783621311187744, ""value"": 0.8942583732057416, ""model_input"": 0.8942583732057416}]}"
48,DELTA SERVICE LOCATION,29 Route de Lyon,69960,CORBAS,89207929400013,0.9882810711860657,DELTA MANAGERS,RUE DE SAVOIE,CORBAS,69960,69273,OUVERT,2025-02-11 02:16:34,4,"{""bias"": 1.1616770029067993, ""margin"": 4.434764862060547, ""prob_from_margin"": 0.9882811071075812, ""top"": [{""feature"": ""name_semantic_max"", ""shap"": 2.911740303039551, ""value"": 0.7854102253913879, ""model_input"": 0.7854102253913879}, {""feature"": ""name_sim_max_pm_dirigeant"", ""shap"": 1.4775419235229492, ""value"": 0.6378787878787878, ""model_input"": 0.6378787878787878}, {""feature"": ""name_sim_max_etab"", ""shap"": -0.7755082249641418, ""value"": 0.6378787878787878, ""model_input"": 0.6378787878787878}, {""feature"": ""name_semantic_second"", ""shap"": -0.5422083139419556, ""value"": 0.25872302055358887, ""model_input"": 0.25872302055358887}, {""feature"": ""token_overlap_ul"", ""shap"": 0.5151189565658569, ""value"": 0.3333333333333333, ""model_input"": 0.3333333333333333}, {""feature"": ""addr_token_overlap"", ""shap"": -0.479645699262619, ""value"": 0.16666666666666666, ""model_input"": 0.16666666666666666}, {""feature"": ""addr_jaro"", ""shap"": -0.3504840135574341, ""value"": 0.5384615384615384, ""model_input"": 0.5384615384615384}, {""feature"": ""name_token_overlap_max"", ""shap"": 0.3266960382461548, ""value"": 0.25, ""model_input"": 0.25}, {""feature"": ""type_of_max_name"", ""shap"": 0.3095482587814331, ""value"": 7.0, ""model_input"": 7.0}, {""feature"": ""addr_levenshtein"", ""shap"": -0.25513532757759094, ""value"": 0.375, ""model_input"": 0.375}]}"
93,DELTA SERVICE LOCATION,29 Route de Lyon,69960,CORBAS,89207929400013,0.9882810711860657,DELTA MANAGERS,RUE DE SAVOIE,CORBAS,69960,69273,OUVERT,2025-02-11 02:16:34,4,"{""bias"": 1.1616770029067993, ""margin"": 4.434764862060547, ""prob_from_margin"": 0.9882811071075812, ""top"": [{""feature"": ""name_semantic_max"", ""shap"": 2.911740303039551, ""value"": 0.7854102253913879, ""model_input"": 0.7854102253913879}, {""feature"": ""name_sim_max_pm_dirigeant"", ""shap"": 1.4775419235229492, ""value"": 0.6378787878787878, ""model_input"": 0.6378787878787878}, {""feature"": ""name_sim_max_etab"", ""shap"": -0.7755082249641418, ""value"": 0.6378787878787878, ""model_input"": 0.6378787878787878}, {""feature"": ""name_semantic_second"", ""shap"": -0.5422083139419556, ""value"": 0.25872302055358887, ""model_input"": 0.25872302055358887}, {""feature"": ""token_overlap_ul"", ""shap"": 0.5151189565658569, ""value"": 0.3333333333333333, ""model_input"": 0.3333333333333333}, {""feature"": ""addr_token_overlap"", ""shap"": -0.479645699262619, ""value"": 0.16666666666666666, ""model_input"": 0.16666666666666666}, {""feature"": ""addr_jaro"", ""shap"": -0.3504840135574341, ""value"": 0.5384615384615384, ""model_input"": 0.5384615384615384}, {""feature"": ""name_token_overlap_max"", ""shap"": 0.3266960382461548, ""value"": 0.25, ""model_input"": 0.25}, {""feature"": ""type_of_max_name"", ""shap"": 0.3095482587814331, ""value"": 7.0, ""model_input"": 7.0}, {""feature"": ""addr_levenshtein"", ""shap"": -0.25513532757759094, ""value"": 0.375, ""model_input"": 0.375}]}"
48,DELTA SERVICE LOCATION,29 Route de Lyon,69960,CORBAS,40839310600021,0.9872393012046814,RAPIDE SERVICE BACHES SERVICES,21 AVENUE DE MONTMARTIN,CORBAS,69960,69273,FERME,2025-02-05 02:07:19,5,"{""bias"": 1.1616770029067993, ""margin"": 4.348540306091309, ""prob_from_margin"": 0.9872392745461949, ""top"": [{""feature"": ""name_sim_max_etab"", ""shap"": 1.084845781326294, ""value"": 0.0, ""model_input"": 0.0}, {""feature"": ""token_overlap_ul"", ""shap"": 1.0685186386108398, ""value"": 0.6666666666666666, ""model_input"": 0.6666666666666666}, {""feature"": ""type_of_max_name"", ""shap"": 0.8718763589859009, ""value"": 7.0, ""model_input"": 7.0}, {""feature"": ""street_number_diff"", ""shap"": -0.5102298855781555, ""value"": 8.0, ""model_input"": 8.0}, {""feature"": ""name_semantic_max"", ""shap"": 0.479005366563797, ""value"": 0.6099839210510254, ""model_input"": 0.6099839210510254}, {""feature"": ""name_sim_max_pm_dirigeant"", ""shap"": -0.34807485342025757, ""value"": 0.0, ""model_input"": 0.0}, {""feature"": ""name_semantic_second"", ""shap"": -0.32224178314208984, ""value"": 0.0, ""model_input"": 0.0}, {""feature"": ""addr_levenshtein"", ""shap"": -0.31238484382629395, ""value"": 0.34782608695652173, ""model_input"": 0.34782608695652173}, {""feature"": ""name_semantic_gap"", ""shap"": 0.3052287697792053, ""value"": 0.6099839210510254, ""model_input"": 0.6099839210510254}, {""feature"": ""name_jaro_gap"", ""shap"": 0.2625589966773987, ""value"": 0.5717171717171716, ""model_input"": 0.5717171717171716}]}"
93,DELTA SERVICE LOCATION,29 Route de Lyon,69960,CORBAS,40839310600021,0.9872393012046814,RAPIDE SERVICE BACHES SERVICES,21 AVENUE DE MONTMARTIN,CORBAS,69960,69273,FERME,2025-02-05 02:07:19,5,"{""bias"": 1.1616770029067993, ""margin"": 4.348540306091309, ""prob_from_margin"": 0.9872392745461949, ""top"": [{""feature"": ""name_sim_max_etab"", ""shap"": 1.084845781326294, ""value"": 0.0, ""model_input"": 0.0}, {""feature"": ""token_overlap_ul"", ""shap"": 1.0685186386108398, ""value"": 0.6666666666666666, ""model_input"": 0.6666666666666666}, {""feature"": ""type_of_max_name"", ""shap"": 0.8718763589859009, ""value"": 7.0, ""model_input"": 7.0}, {""feature"": ""street_number_diff"", ""shap"": -0.5102298855781555, ""value"": 8.0, ""model_input"": 8.0}, {""feature"": ""name_semantic_max"", ""shap"": 0.479005366563797, ""value"": 0.6099839210510254, ""model_input"": 0.6099839210510254}, {""feature"": ""name_sim_max_pm_dirigeant"", ""shap"": -0.34807485342025757, ""value"": 0.0, ""model_input"": 0.0}, {""feature"": ""name_semantic_second"", ""shap"": -0.32224178314208984, ""value"": 0.0, ""model_input"": 0.0}, {""feature"": ""addr_levenshtein"", ""shap"": -0.31238484382629395, ""value"": 0.34782608695652173, ""model_input"": 0.34782608695652173}, {""feature"": ""name_semantic_gap"", ""shap"": 0.3052287697792053, ""value"": 0.6099839210510254, ""model_input"": 0.6099839210510254}, {""feature"": ""name_jaro_gap"", ""shap"": 0.2625589966773987, ""value"": 0.5717171717171716, ""model_input"": 0.5717171717171716}]}"
89,DEXIS,92 Avenue des Bruyères,69150,DECINES-CHARPIEU,80019655200031,0.993492066860199,INFINITICS,92 AVENUE DES BRUYERES,DECINES-CHARPIEU,69150,69275,FERME,2025-02-01 02:38:44,1,"{""bias"": 1.1616770029067993, ""margin"": 5.028199195861816, ""prob_from_margin"": 0.99349203475663, ""top"": [{""feature"": ""addr_token_overlap"", ""shap"": 1.3122237920761108, ""value"": 1.0, ""model_input"": 1.0}, {""feature"": ""street_number_diff"", ""shap"": 1.0066392421722412, ""value"": 0.0, ""model_input"": 0.0}, {""feature"": ""name_semantic_second"", ""shap"": 0.6555867195129395, ""value"": 0.5401777625083923, ""model_input"": 0.5401777625083923}, {""feature"": ""addr_jaro"", ""shap"": 0.5676398277282715, ""value"": 1.0, ""model_input"": 1.0}, {""feature"": ""name_sim_max_pm_dirigeant"", ""shap"": 0.4893558919429779, ""value"": 0.5596774193548387, ""model_input"": 0.5596774193548387}, {""feature"": ""addr_levenshtein"", ""shap"": 0.4361322224140167, ""value"": 1.0, ""model_input"": 1.0}, {""feature"": ""type_of_max_name"", ""shap"": 0.3724268972873688, ""value"": 4.0, ""model_input"": 4.0}, {""feature"": ""name_addr_consistency"", ""shap"": -0.3652195930480957, ""value"": 0.5596774193548387, ""model_input"": 0.5596774193548387}, {""feature"": ""name_token_overlap_max"", ""shap"": -0.30224093794822693, ""value"": 0.0, ""model_input"": 0.0}, {""feature"": ""name_semantic_max"", ""shap"": 0.2687147557735443, ""value"": 0.589378833770752, ""model_input"": 0.589378833770752}]}"
89,DEXIS,92 Avenue des Bruyères,69150,DECINES-CHARPIEU,91034831700017,0.9722653031349182,CNP,92 AVENUE DES BRUYERES,DECINES-CHARPIEU,69150,69275,OUVERT,2025-07-22 05:17:53,2,"{""bias"": 1.1616770029067993, ""margin"": 3.5569472312927246, ""prob_from_margin"": 0.9722653770801589, ""top"": [{""feature"": ""name_semantic_max"", ""shap"": -1.5137068033218384, ""value"": 0.4555952847003937, ""model_input"": 0.4555952847003937}, {""feature"": ""addr_token_overlap"", ""shap"": 1.240369200706482, ""value"": 1.0, ""model_input"": 1.0}, {""feature"": ""street_number_diff"", ""shap"": 1.006105661392212, ""value"": 0.0, ""model_input"": 0.0}, {""feature"": ""name_addr_consistency"", ""shap"": 0.9086222052574158, ""value"": 0.0, ""model_input"": 0.0}, {""feature"": ""addr_jaro"", ""shap"": 0.7518985271453857, ""value"": 1.0, ""model_input"": 1.0}, {""feature"": ""name_sim_max_etab"", ""shap"": 0.746626615524292, ""value"": 0.0, ""model_input"": 0.0}, {""feature"": ""name_jaro_max"", ""shap"": 0.6819659471511841, ""value"": 0.0, ""model_input"": 0.0}, {""feature"": ""addr_levenshtein"", ""shap"": 0.5977421998977661, ""value"": 1.0, ""model_input"": 1.0}, {""feature"": ""name_sim_max_ul"", ""shap"": -0.557469367980957, ""value"": 0.0, ""model_input"": 0.0}, {""feature"": ""name_length_max"", ""shap"": -0.34329473972320557, ""value"": 3.0, ""model_input"": 3.0}]}"
89,DEXIS,92 Avenue des Bruyères,69150,DECINES-CHARPIEU,99292617000018,0.9662413597106934,M&N GROUP,92 AVENUE DES BRUYERES,DECINES-CHARPIEU,69150,69275,OUVERT,2025-10-27 18:26:10,3,"{""bias"": 1.1616770029067993, ""margin"": 3.354179859161377, ""prob_from_margin"": 0.9662414443409106, ""top"": [{""feature"": ""addr_token_overlap"", ""shap"": 1.151146411895752, ""value"": 1.0, ""model_input"": 1.0}, {""feature"": ""street_number_diff"", ""shap"": 1.0345454216003418, ""value"": 0.0, ""model_input"": 0.0}, {""feature"": ""name_semantic_max"", ""shap"": -0.956083357334137, ""value"": 0.5434579849243164, ""model_input"": 0.5434579849243164}, {""feature"": ""name_sim_max_etab"", ""shap"": 0.7766722440719604, ""value"": 0.0, ""model_input"": 0.0}, {""feature"": ""addr_jaro"", ""shap"": 0.7601526379585266, ""value"": 1.0, ""model_input"": 1.0}, {""feature"": ""name_sim_max_ul"", ""shap"": -0.6832902431488037, ""value"": 0.0, ""model_input"": 0.0}, {""feature"": ""name_addr_consistency"", ""shap"": 0.6638643145561218, ""value"": 0.0, ""model_input"": 0.0}, {""feature"": ""name_jaro_max"", ""shap"": 0.5159728527069092, ""value"": 0.0, ""model_input"": 0.0}, {""feature"": ""addr_levenshtein"", ""shap"": 0.503244161605835, ""value"": 1.0, ""model_input"": 1.0}, {""feature"": ""type_of_max_name"", ""shap"": 0.4148944020271301, ""value"": 7.0, ""model_input"": 7.0}]}"
89,DEXIS,92 Avenue des Bruyères,69150,DECINES-CHARPIEU,82299922300024,0.9611392617225647,BCC,92 AVENUE DES BRUYERES,DECINES-CHARPIEU,69150,69275,OUVERT,2025-02-06 02:31:49,4,"{""bias"": 1.1616770029067993, ""margin"": 3.2081351280212402, ""prob_from_margin"": 0.9611392713726747, ""top"": [{""feature"": ""name_semantic_max"", ""shap"": -2.432471513748169, ""value"": 0.30575481057167053, ""model_input"": 0.30575481057167053}, {""feature"": ""addr_token_overlap"", ""shap"": 1.1576682329177856, ""value"": 1.0, ""model_input"": 1.0}, {""feature"": ""street_number_diff"", ""shap"": 1.0272009372711182, ""value"": 0.0, ""model_input"": 0.0}, {""feature"": ""name_addr_consistency"", ""shap"": 0.9942636489868164, ""value"": 0.0, ""model_input"": 0.0}, {""feature"": ""addr_jaro"", ""shap"": 0.8921447992324829, ""value"": 1.0, ""model_input"": 1.0}, {""feature"": ""name_sim_max_etab"", ""shap"": 0.8775838613510132, ""value"": 0.0, ""model_input"": 0.0}, {""feature"": ""name_jaro_max"", ""shap"": 0.57115238904953, ""value"": 0.0, ""model_input"": 0.0}, {""feature"": ""addr_levenshtein"", ""shap"": 0.5086674094200134, ""value"": 1.0, ""model_input"": 1.0}, {""feature"": ""name_sim_max_ul"", ""shap"": -0.44456934928894043, ""value"": 0.0, ""model_input"": 0.0}, {""feature"": ""name_token_overlap_max"", ""shap"": -0.3178189694881439, ""value"": 0.0, ""model_input"": 0.0}]}"
89,DEXIS,92 Avenue des Bruyères,69150,DECINES-CHARPIEU,33352047600156,0.959388792514801,BOURGOGNE FRANCHE COMTE AUTOMATISMES,92 AVENUE DES BRUYERES,DECINES-CHARPIEU,69150,69275,FERME,2025-09-25 14:10:20,5,"{""bias"": 1.1616770029067993, ""margin"": 3.162252426147461, ""prob_from_margin"": 0.9593887961717656, ""top"": [{""feature"": ""street_number_diff"", ""shap"": 1.1656293869018555, ""value"": 0.0, ""model_input"": 0.0}, {""feature"": ""addr_token_overlap"", ""shap"": 1.0766915082931519, ""value"": 1.0, ""model_input"": 1.0}, {""feature"": ""name_sim_max_ul"", ""shap"": -0.5885852575302124, ""value"": 0.40925925925925927, ""model_input"": 0.40925925925925927}, {""feature"": ""addr_jaro"", ""shap"": 0.5380351543426514, ""value"": 1.0, ""model_input"": 1.0}, {""feature"": ""name_sim_max_etab"", ""shap"": 0.5350950956344604, ""value"": 0.4222222222222222, ""model_input"": 0.4222222222222222}, {""feature"": ""name_addr_consistency"", ""shap"": -0.5135091543197632, ""value"": 0.4222222222222222, ""model_input"": 0.4222222222222222}, {""feature"": ""addr_levenshtein"", ""shap"": 0.41280028223991394, ""value"": 1.0, ""model_input"": 1.0}, {""feature"": ""name_sim_max_pm_dirigeant"", ""shap"": 0.37207385897636414, ""value"": 0.4222222222222222, ""model_input"": 0.4222222222222222}, {""feature"": ""name_token_overlap_max"", ""shap"": -0.30561643838882446, ""value"": 0.0, ""model_input"": 0.0}, {""feature"": ""token_overlap_ul"", ""shap"": -0.28773951530456543, ""value"": 0.0, ""model_input"": 0.0}]}"
110,DGDDI LYON,12 AVENUE SIMONE VEIL,69150,DECINES CHARPIEU,44432008900022,0.9262685179710388,HOTEL ECLIPSE,25 AVENUE JEAN JAURES,DECINES-CHARPIEU,69150,69275,OUVERT,2025-02-13 02:32:37,1,"{""bias"": 1.1616770029067993, ""margin"": 2.530733585357666, ""prob_from_margin"": 0.9262684694196177, ""top"": [{""feature"": ""name_token_overlap_max"", ""shap"": 0.761512041091919, ""value"": 0.3333333333333333, ""model_input"": 0.3333333333333333}, {""feature"": ""name_city_overlap_max"", ""shap"": 0.7598702311515808, ""value"": 0.3333333333333333, ""model_input"": 0.3333333333333333}, {""feature"": ""name_sim_max_etab"", ""shap"": 0.7149919271469116, ""value"": 0.3991452991452991, ""model_input"": 0.3991452991452991}, {""feature"": ""name_sim_max_pm_dirigeant"", ""shap"": -0.5797614455223083, ""value"": 0.0, ""model_input"": 0.0}, {""feature"": ""street_number_diff"", ""shap"": -0.5121163725852966, ""value"": 13.0, ""model_input"": 13.0}, {""feature"": ""token_overlap_ul"", ""shap"": 0.4801168739795685, ""value"": 0.5, ""model_input"": 0.5}, {""feature"": ""addr_token_overlap"", ""shap"": -0.47502750158309937, ""value"": 0.14285714285714285, ""model_input"": 0.14285714285714285}, {""feature"": ""type_of_max_name"", ""shap"": 0.4184495210647583, ""value"": 7.0, ""model_input"": 7.0}, {""feature"": ""name_semantic_max"", ""shap"": 0.3886168301105499, ""value"": 0.6024357676506042, ""model_input"": 0.6024357676506042}, {""feature"": ""is_siege"", ""shap"": 0.3801012635231018, ""value"": 1.0, ""model_input"": 1.0}]}"
110,DGDDI LYON,12 AVENUE SIMONE VEIL,69150,DECINES CHARPIEU,48004083100020,0.9193534851074219,DISTRIBUTION SERVICE LYON,AV BEAUREGARD,DECINES-CHARPIEU,69150,69275,FERME,2024-03-22 15:40:57,2,"{""bias"": 1.1616770029067993, ""margin"": 2.433594226837158, ""prob_from_margin"": 0.9193534204775573, ""top"": [{""feature"": ""name_semantic_max"", ""shap"": 0.9716628789901733, ""value"": 0.6379892826080322, ""model_input"": 0.6379892826080322}, {""feature"": ""name_sim_max_etab"", ""shap"": 0.9581459164619446, ""value"": 0.0, ""model_input"": 0.0}, {""feature"": ""type_of_max_name"", ""shap"": 0.6926427483558655, ""value"": 7.0, ""model_input"": 7.0}, {""feature"": ""token_overlap_ul"", ""shap"": 0.6338764429092407, ""value"": 0.5, ""model_input"": 0.5}, {""feature"": ""addr_token_overlap"", ""shap"": -0.4854166805744171, ""value"": 0.0, ""model_input"": 0.0}, {""feature"": ""name_semantic_second"", ""shap"": -0.3976079225540161, ""value"": 0.0, ""model_input"": 0.0}, {""feature"": ""addr_jaro"", ""shap"": -0.3936956226825714, ""value"": 0.5268620268620269, ""model_input"": 0.5268620268620269}, {""feature"": ""name_sim_max_pm_dirigeant"", ""shap"": -0.3458224833011627, ""value"": 0.0, ""model_input"": 0.0}, {""feature"": ""addr_levenshtein"", ""shap"": -0.31163424253463745, ""value"": 0.19047619047619047, ""model_input"": 0.19047619047619047}, {""feature"": ""name_count"", ""shap"": 0.2201939821243286, ""value"": 1.0, ""model_input"": 1.0}]}"
110,DGDDI LYON,12 AVENUE SIMONE VEIL,69150,DECINES CHARPIEU,95752298000045,0.8944088816642761,CINE DIGITAL LYON,89 AVENUE DES BRUYERES,DECINES-CHARPIEU,69150,69275,OUVERT,2025-02-04 02:56:02,3,"{""bias"": 1.1616770029067993, ""margin"": 2.136589288711548, ""prob_from_margin"": 0.8944089305020477, ""top"": [{""feature"": ""name_semantic_max"", ""shap"": 1.0517634153366089, ""value"": 0.6676853895187378, ""model_input"": 0.6676853895187378}, {""feature"": ""street_number_diff"", ""shap"": -0.7958171367645264, ""value"": 77.0, ""model_input"": 77.0}, {""feature"": ""name_sim_max_pm_dirigeant"", ""shap"": 0.6738713979721069, ""value"": 0.49523809523809526, ""model_input"": 0.49523809523809526}, {""feature"": ""token_overlap_ul"", ""shap"": 0.4855922758579254, ""value"": 0.5, ""model_input"": 0.5}, {""feature"": ""type_of_max_name"", ""shap"": 0.4115294814109802, ""value"": 7.0, ""model_input"": 7.0}, {""feature"": ""name_sim_max_etab"", ""shap"": 0.3854682743549347, ""value"": 0.49523809523809526, ""model_input"": 0.49523809523809526}, {""feature"": ""name_levenshtein_max"", ""shap"": -0.3606718182563782, ""value"": 0.4117647058823529, ""model_input"": 0.4117647058823529}, {""feature"": ""name_token_overlap_max"", ""shap"": 0.2952178716659546, ""value"": 0.25, ""model_input"": 0.25}, {""feature"": ""addr_levenshtein"", ""shap"": -0.24598097801208496, ""value"": 0.40909090909090906, ""model_input"": 0.40909090909090906}, {""feature"": ""addr_token_overlap"", ""shap"": -0.2329535037279129, ""value"": 0.14285714285714285, ""model_input"": 0.14285714285714285}]}"
110,DGDDI LYON,12 AVENUE SIMONE VEIL,69150,DECINES CHARPIEU,83508352800025,0.8453285694122314,KOPSTER HOTEL,12 AVENUE SIMONE VEIL,DECINES-CHARPIEU,69150,69275,OUVERT,2025-02-10 02:09:29,4,"{""bias"": 1.1616770029067993, ""margin"": 1.6984214782714844, ""prob_from_margin"": 0.8453284584396203, ""top"": [{""feature"": ""name_semantic_max"", ""shap"": -2.667982816696167, ""value"": 0.34213921427726746, ""model_input"": 0.34213921427726746}, {""feature"": ""addr_token_overlap"", ""shap"": 1.1143560409545898, ""value"": 1.0, ""model_input"": 1.0}, {""feature"": ""street_number_diff"", ""shap"": 1.028128743171692, ""value"": 0.0, ""model_input"": 0.0}, {""feature"": ""addr_jaro"", ""shap"": 0.6966702938079834, ""value"": 1.0, ""model_input"": 1.0}, {""feature"": ""name_sim_max_etab"", ""shap"": 0.6632325649261475, ""value"": 0.3936507936507936, ""model_input"": 0.3936507936507936}, {""feature"": ""addr_levenshtein"", ""shap"": 0.5533182621002197, ""value"": 1.0, ""model_input"": 1.0}, {""feature"": ""name_semantic_second"", ""shap"": -0.49494025111198425, ""value"": 0.3366754651069641, ""model_input"": 0.3366754651069641}, {""feature"": ""type_of_max_name"", ""shap"": 0.40355798602104187, ""value"": 7.0, ""model_input"": 7.0}, {""feature"": ""name_token_overlap_max"", ""shap"": -0.3529135584831238, ""value"": 0.0, ""model_input"": 0.0}, {""feature"": ""name_levenshtein_max"", ""shap"": 0.31941309571266174, ""value"": 0.07692307692307687, ""model_input"": 0.07692307692307687}]}"
110,DGDDI LYON,12 AVENUE SIMONE VEIL,69150,DECINES CHARPIEU,41132150800029,0.8344565629959106,LOGIDOM,12 RUE DE LOMBARDIE,DECINES-CHARPIEU,69150,69275,FERME,2024-03-30 16:38:02,5,"{""bias"": 1.1616770029067993, ""margin"": 1.6175473928451538, ""prob_from_margin"": 0.8344566075112306, ""top"": [{""feature"": ""name_semantic_max"", ""shap"": -0.9727612733840942, ""value"": 0.5395908951759338, ""model_input"": 0.5395908951759338}, {""feature"": ""street_number_diff"", ""shap"": 0.9578502774238586, ""value"": 0.0, ""model_input"": 0.0}, {""feature"": ""name_sim_max_etab"", ""shap"": 0.7835097908973694, ""value"": 0.41313131313131307, ""model_input"": 0.41313131313131307}, {""feature"": ""type_of_max_name"", ""shap"": 0.7308285236358643, ""value"": 7.0, ""model_input"": 7.0}, {""feature"": ""addr_levenshtein"", ""shap"": -0.43809813261032104, ""value"": 0.38095238095238093, ""model_input"": 0.38095238095238093}, {""feature"": ""name_addr_consistency"", ""shap"": 0.4263456463813782, ""value"": 0.3576122846799539, ""model_input"": 0.3576122846799539}, {""feature"": ""name_token_overlap_max"", ""shap"": -0.39738014340400696, ""value"": 0.0, ""model_input"": 0.0}, {""feature"": ""addr_jaro"", ""shap"": -0.38469037413597107, ""value"": 0.6232247284878863, ""model_input"": 0.6232247284878863}, {""feature"": ""token_overlap_ul"", ""shap"": -0.3417285084724426, ""value"": 0.0, ""model_input"": 0.0}, {""feature"": ""addr_token_overlap"", ""shap"": -0.3109259009361267, ""value"": 0.14285714285714285, ""model_input"": 0.14285714285714285}]}"
51,DIATEX,8 Avenue de l’Industrie,69960,CORBAS,33999882500048,0.9994679093360901,DIATEX,8 AVENUE DE L'INDUSTRIE,CORBAS,69960,69273,OUVERT,2025-02-16 02:10:23,1,"{""bias"": 1.1616770029067993, ""margin"": 7.538144111633301, ""prob_from_margin"": 0.9994678985305278, ""top"": [{""feature"": ""name_semantic_max"", ""shap"": 2.245689868927002, ""value"": 1.0000001192092896, ""model_input"": 1.0000001192092896}, {""feature"": ""name_token_overlap_max"", ""shap"": 0.9771692752838135, ""value"": 1.0, ""model_input"": 1.0}, {""feature"": ""name_sim_max_pm_dirigeant"", ""shap"": 0.730315089225769, ""value"": 0.5555555555555555, ""model_input"": 0.5555555555555555}, {""feature"": ""token_overlap_ul"", ""shap"": 0.712421178817749, ""value"": 1.0, ""model_input"": 1.0}, {""feature"": ""name_crm_contains_cand_max"", ""shap"": 0.4694564938545227, ""value"": 1.0, ""model_input"": 1.0}, {""feature"": ""is_siege"", ""shap"": -0.46553322672843933, ""value"": 0.0, ""model_input"": 0.0}, {""feature"": ""street_number_diff"", ""shap"": 0.45021969079971313, ""value"": 0.0, ""model_input"": 0.0}, {""feature"": ""addr_token_overlap"", ""shap"": 0.3660357594490051, ""value"": 0.6, ""model_input"": 0.6}, {""feature"": ""name_sim_max_etab"", ""shap"": -0.21118797361850739, ""value"": 0.5555555555555555, ""model_input"": 0.5555555555555555}, {""feature"": ""addr_jaro"", ""shap"": 0.19949302077293396, ""value"": 0.9826086956521739, ""model_input"": 0.9826086956521739}]}"
51,DIATEX,8 Avenue de l’Industrie,69960,CORBAS,82789790100027,0.962664008140564,ADEXPERIS,8 AVENUE DE L'INDUSTRIE,CORBAS,69960,69273,FERME,2025-02-02 02:41:01,2,"{""bias"": 1.1616770029067993, ""margin"": 3.249748706817627, ""prob_from_margin"": 0.9626640817395316, ""top"": [{""feature"": ""street_number_diff"", ""shap"": 1.1941665410995483, ""value"": 0.0, ""model_input"": 0.0}, {""feature"": ""addr_token_overlap"", ""shap"": 0.8143414855003357, ""value"": 0.6, ""model_input"": 0.6}, {""feature"": ""name_sim_max_etab"", ""shap"": 0.8087501525878906, ""value"": 0.0, ""model_input"": 0.0}, {""feature"": ""type_of_max_name"", ""shap"": 0.5710175633430481, ""value"": 7.0, ""model_input"": 7.0}, {""feature"": ""addr_levenshtein"", ""shap"": 0.5685276389122009, ""value"": 0.9565217391304348, ""model_input"": 0.9565217391304348}, {""feature"": ""addr_jaro"", ""shap"": 0.44557735323905945, ""value"": 0.9826086956521739, ""model_input"": 0.9826086956521739}, {""feature"": ""name_semantic_max"", ""shap"": 0.4302472472190857, ""value"": 0.597882866859436, ""model_input"": 0.597882866859436}, {""feature"": ""name_sim_max_pm_dirigeant"", ""shap"": -0.4095993936061859, ""value"": 0.0, ""model_input"": 0.0}, {""feature"": ""name_token_overlap_max"", ""shap"": -0.39321666955947876, ""value"": 0.0, ""model_input"": 0.0}, {""feature"": ""name_levenshtein_max"", ""shap"": -0.37124544382095337, ""value"": 0.2222222222222222, ""model_input"": 0.2222222222222222}]}"
51,DIATEX,8 Avenue de l’Industrie,69960,CORBAS,94911703000013,0.9586886167526245,SECUTECH,8 AVENUE DE L'INDUSTRIE,CORBAS,69960,69273,FERME,2024-03-30 15:34:11,3,"{""bias"": 1.1616770029067993, ""margin"": 3.1444287300109863, ""prob_from_margin"": 0.9586886361209173, ""top"": [{""feature"": ""name_semantic_max"", ""shap"": -1.9998741149902344, ""value"": 0.42611879110336304, ""model_input"": 0.42611879110336304}, {""feature"": ""street_number_diff"", ""shap"": 1.1251888275146484, ""value"": 0.0, ""model_input"": 0.0}, {""feature"": ""addr_token_overlap"", ""shap"": 0.8002626895904541, ""value"": 0.6, ""model_input"": 0.6}, {""feature"": ""name_sim_max_etab"", ""shap"": 0.7494468092918396, ""value"": 0.0, ""model_input"": 0.0}, {""feature"": ""name_addr_consistency"", ""shap"": 0.7472807168960571, ""value"": 0.35483091787439613, ""model_input"": 0.35483091787439613}, {""feature"": ""addr_levenshtein"", ""shap"": 0.7302672266960144, ""value"": 0.9565217391304348, ""model_input"": 0.9565217391304348}, {""feature"": ""type_of_max_name"", ""shap"": 0.7246391177177429, ""value"": 7.0, ""model_input"": 7.0}, {""feature"": ""name_jaro_max"", ""shap"": 0.6926364898681641, ""value"": 0.3611111111111111, ""model_input"": 0.3611111111111111}, {""feature"": ""addr_jaro"", ""shap"": 0.4842464327812195, ""value"": 0.9826086956521739, ""model_input"": 0.9826086956521739}, {""feature"": ""name_semantic_second"", ""shap"": -0.35242247581481934, ""value"": 0.0, ""model_input"": 0.0}]}"
51,DIATEX,8 Avenue de l’Industrie,69960,CORBAS,43916488000023,0.9578269124031067,C B L F R,8 AVENUE DE L'INDUSTRIE,CORBAS,69960,69273,OUVERT,2025-02-08 02:28:24,4,"{""bias"": 1.1616770029067993, ""margin"": 3.1228866577148438, ""prob_from_margin"": 0.9578269873343979, ""top"": [{""feature"": ""name_semantic_max"", ""shap"": -2.23514723777771, ""value"": 0.3429637849330902, ""model_input"": 0.3429637849330902}, {""feature"": ""name_addr_consistency"", ""shap"": 1.066780924797058, ""value"": 0.0, ""model_input"": 0.0}, {""feature"": ""street_number_diff"", ""shap"": 0.9850702285766602, ""value"": 0.0, ""model_input"": 0.0}, {""feature"": ""name_sim_max_etab"", ""shap"": 0.8711695671081543, ""value"": 0.0, ""model_input"": 0.0}, {""feature"": ""addr_levenshtein"", ""shap"": 0.795522928237915, ""value"": 0.9565217391304348, ""model_input"": 0.9565217391304348}, {""feature"": ""addr_token_overlap"", ""shap"": 0.7658326625823975, ""value"": 0.6, ""model_input"": 0.6}, {""feature"": ""addr_jaro"", ""shap"": 0.7049442529678345, ""value"": 0.9826086956521739, ""model_input"": 0.9826086956521739}, {""feature"": ""type_of_max_name"", ""shap"": 0.6020575165748596, ""value"": 7.0, ""model_input"": 7.0}, {""feature"": ""name_jaro_max"", ""shap"": 0.5941070318222046, ""value"": 0.0, ""model_input"": 0.0}, {""feature"": ""name_sim_max_ul"", ""shap"": -0.48149335384368896, ""value"": 0.0, ""model_input"": 0.0}]}"
51,DIATEX,8 Avenue de l’Industrie,69960,CORBAS,43922065800041,0.950711727142334,T.D.E,8 AVENUE DE L'INDUSTRIE,CORBAS,69960,69273,FERME,2024-03-30 15:49:57,5,"{""bias"": 1.1616770029067993, ""margin"": 2.9595251083374023, ""prob_from_margin"": 0.9507117457668843, ""top"": [{""feature"": ""name_semantic_max"", ""shap"": -1.5324875116348267, ""value"": 0.515113890171051, ""model_input"": 0.515113890171051}, {""feature"": ""street_number_diff"", ""shap"": 1.2638996839523315, ""value"": 0.0, ""model_input"": 0.0}, {""feature"": ""type_of_max_name"", ""shap"": 0.8608811497688293, ""value"": 7.0, ""model_input"": 7.0}, {""feature"": ""name_sim_max_etab"", ""shap"": 0.8265359997749329, ""value"": 0.0, ""model_input"": 0.0}, {""feature"": ""addr_levenshtein"", ""shap"": 0.6411764025688171, ""value"": 0.9565217391304348, ""model_input"": 0.9565217391304348}, {""feature"": ""addr_token_overlap"", ""shap"": 0.6375836730003357, ""value"": 0.6, ""model_input"": 0.6}, {""feature"": ""name_token_overlap_max"", ""shap"": -0.4050494134426117, ""value"": 0.0, ""model_input"": 0.0}, {""feature"": ""addr_jaro"", ""shap"": 0.3628976345062256, ""value"": 0.9826086956521739, ""model_input"": 0.9826086956521739}, {""feature"": ""name_sim_max_pm_dirigeant"", ""shap"": -0.3407496213912964, ""value"": 0.0, ""model_input"": 0.0}, {""feature"": ""name_semantic_second"", ""shap"": -0.3225560486316681, ""value"": 0.0, ""model_input"": 0.0}]}"
33,DOLONIS,42 Rue Vaucanson,69150,DECINES-CHARPIEU,42086307800036,0.9998751878738403,DOLONIS,42 RUE VAUCANSON,DECINES-CHARPIEU,69150,69275,OUVERT,2024-03-30 05:40:21,1,"{""bias"": 1.1616770029067993, ""margin"": 8.988446235656738, ""prob_from_margin"": 0.9998751716634091, ""top"": [{""feature"": ""name_semantic_max"", ""shap"": 2.281071662902832, ""value"": 0.9999998807907104, ""model_input"": 0.9999998807907104}, {""feature"": ""token_overlap_ul"", ""shap"": 0.9554115533828735, ""value"": 1.0, ""model_input"": 1.0}, {""feature"": ""name_sim_max_etab"", ""shap"": 0.8734328150749207, ""value"": 0.0, ""model_input"": 0.0}, {""feature"": ""name_token_overlap_max"", ""shap"": 0.8411314487457275, ""value"": 1.0, ""model_input"": 1.0}, {""feature"": ""name_crm_contains_cand_max"", ""shap"": 0.6273164749145508, ""value"": 1.0, ""model_input"": 1.0}, {""feature"": ""addr_token_overlap"", ""shap"": 0.5198917388916016, ""value"": 1.0, ""model_input"": 1.0}, {""feature"": ""street_number_diff"", ""shap"": 0.489792138338089, ""value"": 0.0, ""model_input"": 0.0}, {""feature"": ""is_siege"", ""shap"": 0.36833393573760986, ""value"": 1.0, ""model_input"": 1.0}, {""feature"": ""name_addr_consistency"", ""shap"": 0.3654331564903259, ""value"": 1.0, ""model_input"": 1.0}, {""feature"": ""name_sim_max_pm_dirigeant"", ""shap"": -0.3346637785434723, ""value"": 0.0, ""model_input"": 0.0}]}"
33,DOLONIS,42 Rue Vaucanson,69150,DECINES-CHARPIEU,47816639000011,0.9935781955718994,TEXABC,42 RUE VAUCANSON,DECINES-CHARPIEU,69150,69275,FERME,2025-02-07 02:25:25,2,"{""bias"": 1.1616770029067993, ""margin"": 5.041622161865234, ""prob_from_margin"": 0.9935782500462533, ""top"": [{""feature"": ""name_semantic_max"", ""shap"": -1.900704026222229, ""value"": 0.34305375814437866, ""model_input"": 0.34305375814437866}, {""feature"": ""addr_token_overlap"", ""shap"": 1.3214752674102783, ""value"": 1.0, ""model_input"": 1.0}, {""feature"": ""name_addr_consistency"", ""shap"": 1.2693705558776855, ""value"": 0.0, ""model_input"": 0.0}, {""feature"": ""street_number_diff"", ""shap"": 0.9823589324951172, ""value"": 0.0, ""model_input"": 0.0}, {""feature"": ""name_sim_max_etab"", ""shap"": 0.9099476933479309, ""value"": 0.0, ""model_input"": 0.0}, {""feature"": ""addr_jaro"", ""shap"": 0.8923913240432739, ""value"": 1.0, ""model_input"": 1.0}, {""feature"": ""addr_levenshtein"", ""shap"": 0.6538385152816772, ""value"": 1.0, ""model_input"": 1.0}, {""feature"": ""name_jaro_max"", ""shap"": 0.6054584383964539, ""value"": 0.0, ""model_input"": 0.0}, {""feature"": ""name_sim_max_ul"", ""shap"": -0.41119757294654846, ""value"": 0.0, ""model_input"": 0.0}, {""feature"": ""name_semantic_second"", ""shap"": -0.3033986985683441, ""value"": 0.0, ""model_input"": 0.0}]}"
33,DOLONIS,42 Rue Vaucanson,69150,DECINES-CHARPIEU,48355837500026,0.9679673314094543,DIAKELYS,42 RUE VAUCANSON,DECINES-CHARPIEU,69150,69275,OUVERT,2024-08-02 11:25:13,3,"{""bias"": 1.1616770029067993, ""margin"": 3.4084396362304688, ""prob_from_margin"": 0.9679672561739038, ""top"": [{""feature"": ""addr_token_overlap"", ""shap"": 1.2709136009216309, ""value"": 1.0, ""model_input"": 1.0}, {""feature"": ""street_number_diff"", ""shap"": 1.2572135925292969, ""value"": 0.0, ""model_input"": 0.0}, {""feature"": ""name_sim_max_etab"", ""shap"": 0.7921820878982544, ""value"": 0.0, ""model_input"": 0.0}, {""feature"": ""name_semantic_max"", ""shap"": -0.7247102856636047, ""value"": 0.5315579175949097, ""model_input"": 0.5315579175949097}, {""feature"": ""addr_jaro"", ""shap"": 0.6549628376960754, ""value"": 1.0, ""model_input"": 1.0}, {""feature"": ""type_of_max_name"", ""shap"": 0.5679618120193481, ""value"": 7.0, ""model_input"": 7.0}, {""feature"": ""addr_levenshtein"", ""shap"": 0.5584675073623657, ""value"": 1.0, ""model_input"": 1.0}, {""feature"": ""name_sim_max_pm_dirigeant"", ""shap"": -0.4566601812839508, ""value"": 0.0, ""model_input"": 0.0}, {""feature"": ""name_semantic_second"", ""shap"": -0.37468165159225464, ""value"": 0.0, ""model_input"": 0.0}, {""feature"": ""name_addr_consistency"", ""shap"": -0.32419729232788086, ""value"": 0.6011904761904762, ""model_input"": 0.6011904761904762}]}"
33,DOLONIS,42 Rue Vaucanson,69150,DECINES-CHARPIEU,75302836400028,0.9613394737243652,DEVOLYS,42 RUE VAUCANSON,DECINES-CHARPIEU,69150,69275,FERME,2025-02-05 02:26:41,4,"{""bias"": 1.1616770029067993, ""margin"": 3.2135086059570312, ""prob_from_margin"": 0.961339477273066, ""top"": [{""feature"": ""addr_token_overlap"", ""shap"": 1.4420100450515747, ""value"": 1.0, ""model_input"": 1.0}, {""feature"": ""street_number_diff"", ""shap"": 1.094165325164795, ""value"": 0.0, ""model_input"": 0.0}, {""feature"": ""name_sim_max_etab"", ""shap"": 0.896234929561615, ""value"": 0.0, ""model_input"": 0.0}, {""feature"": ""addr_jaro"", ""shap"": 0.6508060693740845, ""value"": 1.0, ""model_input"": 1.0}, {""feature"": ""name_semantic_second"", ""shap"": 0.6311438679695129, ""value"": 0.5854334831237793, ""model_input"": 0.5854334831237793}, {""feature"": ""name_length_max"", ""shap"": -0.45726925134658813, ""value"": 7.0, ""model_input"": 7.0}, {""feature"": ""addr_levenshtein"", ""shap"": 0.43661022186279297, ""value"": 1.0, ""model_input"": 1.0}, {""feature"": ""name_sim_max_pm_dirigeant"", ""shap"": -0.40683895349502563, ""value"": 0.0, ""model_input"": 0.0}, {""feature"": ""name_token_overlap_max"", ""shap"": -0.3715682029724121, ""value"": 0.0, ""model_input"": 0.0}, {""feature"": ""token_overlap_ul"", ""shap"": -0.30270642042160034, ""value"": 0.0, ""model_input"": 0.0}]}"
33,DOLONIS,42 Rue Vaucanson,69150,DECINES-CHARPIEU,53271962200047,0.9328746795654297,BSPM,42 RUE VAUCANSON,DECINES-CHARPIEU,69150,69275,OUVERT,2024-03-30 09:50:11,5,"{""bias"": 1.1616770029067993, ""margin"": 2.6317124366760254, ""prob_from_margin"": 0.9328748606128003, ""top"": [{""feature"": ""name_semantic_max"", ""shap"": -3.445615291595459, ""value"": 0.27720093727111816, ""model_input"": 0.27720093727111816}, {""feature"": ""addr_token_overlap"", ""shap"": 1.1479618549346924, ""value"": 1.0, ""model_input"": 1.0}, {""feature"": ""name_addr_consistency"", ""shap"": 1.0995585918426514, ""value"": 0.0, ""model_input"": 0.0}, {""feature"": ""street_number_diff"", ""shap"": 1.024298071861267, ""value"": 0.0, ""model_input"": 0.0}, {""feature"": ""addr_jaro"", ""shap"": 0.9410117864608765, ""value"": 1.0, ""model_input"": 1.0}, {""feature"": ""name_sim_max_etab"", ""shap"": 0.8330651521682739, ""value"": 0.0, ""model_input"": 0.0}, {""feature"": ""addr_levenshtein"", ""shap"": 0.6114699840545654, ""value"": 1.0, ""model_input"": 1.0}, {""feature"": ""name_jaro_max"", ""shap"": 0.488604873418808, ""value"": 0.0, ""model_input"": 0.0}, {""feature"": ""name_sim_max_ul"", ""shap"": -0.43453294038772583, ""value"": 0.0, ""model_input"": 0.0}, {""feature"": ""name_levenshtein_max"", ""shap"": 0.3765052258968353, ""value"": 0.0, ""model_input"": 0.0}]}"
64,DigitBoxing and coall,25 Avenue Beauregard,69150,DECINES-CHARPIEU,43136403300040,0.9951849579811096,MATOS 2 BOXE,25 AVENUE BEAUREGARD,DECINES-CHARPIEU,69150,69275,OUVERT,2025-02-08 02:12:27,1,"{""bias"": 1.1616770029067993, ""margin"": 5.331190586090088, ""prob_from_margin"": 0.995184990329225, ""top"": [{""feature"": ""name_semantic_max"", ""shap"": 2.269207239151001, ""value"": 0.7600311636924744, ""model_input"": 0.7600311636924744}, {""feature"": ""name_sim_max_etab"", ""shap"": 0.9887312054634094, ""value"": 0.0, ""model_input"": 0.0}, {""feature"": ""street_number_diff"", ""shap"": 0.8334383964538574, ""value"": 0.0, ""model_input"": 0.0}, {""feature"": ""addr_token_overlap"", ""shap"": 0.6665570139884949, ""value"": 1.0, ""model_input"": 1.0}, {""feature"": ""name_sim_max_pm_dirigeant"", ""shap"": -0.4779296815395355, ""value"": 0.0, ""model_input"": 0.0}, {""feature"": ""token_overlap_ul"", ""shap"": 0.3890344798564911, ""value"": 0.3333333333333333, ""model_input"": 0.3333333333333333}, {""feature"": ""addr_jaro"", ""shap"": 0.33571693301200867, ""value"": 1.0, ""model_input"": 1.0}, {""feature"": ""addr_levenshtein"", ""shap"": 0.28499481081962585, ""value"": 1.0, ""model_input"": 1.0}, {""feature"": ""name_token_overlap_max"", ""shap"": -0.27556145191192627, ""value"": 0.0, ""model_input"": 0.0}, {""feature"": ""street_name_jaro"", ""shap"": -0.22993500530719757, ""value"": 1.0, ""model_input"": 1.0}]}"
64,DigitBoxing and coall,25 Avenue Beauregard,69150,DECINES-CHARPIEU,53438295700015,0.9865781664848328,S.2.M.R,25 AVENUE BEAUREGARD,DECINES-CHARPIEU,69150,69275,FERME,2025-01-31 02:49:19,2,"{""bias"": 1.1616770029067993, ""margin"": 4.297361373901367, ""prob_from_margin"": 0.9865781871840512, ""top"": [{""feature"": ""name_semantic_max"", ""shap"": -1.7758026123046875, ""value"": 0.39102935791015625, ""model_input"": 0.39102935791015625}, {""feature"": ""addr_token_overlap"", ""shap"": 1.4358900785446167, ""value"": 1.0, ""model_input"": 1.0}, {""feature"": ""name_addr_consistency"", ""shap"": 1.145268440246582, ""value"": 0.0, ""model_input"": 0.0}, {""feature"": ""street_number_diff"", ""shap"": 0.9942879676818848, ""value"": 0.0, ""model_input"": 0.0}, {""feature"": ""addr_jaro"", ""shap"": 0.9221978783607483, ""value"": 1.0, ""model_input"": 1.0}, {""feature"": ""name_sim_max_etab"", ""shap"": 0.8569542169570923, ""value"": 0.0, ""model_input"": 0.0}, {""feature"": ""name_jaro_max"", ""shap"": 0.6119032502174377, ""value"": 0.0, ""model_input"": 0.0}, {""feature"": ""addr_levenshtein"", ""shap"": 0.6018412113189697, ""value"": 1.0, ""model_input"": 1.0}, {""feature"": ""name_sim_max_ul"", ""shap"": -0.4679957628250122, ""value"": 0.0, ""model_input"": 0.0}, {""feature"": ""name_semantic_second"", ""shap"": -0.30635902285575867, ""value"": 0.0, ""model_input"": 0.0}]}"
64,DigitBoxing and coall,25 Avenue Beauregard,69150,DECINES-CHARPIEU,42173383300022,0.9741235971450806,L.R.P.,25 AVENUE BEAUREGARD,DECINES-CHARPIEU,69150,69275,FERME,2024-03-30 11:04:12,3,"{""bias"": 1.1616770029067993, ""margin"": 3.628207206726074, ""prob_from_margin"": 0.9741236092799527, ""top"": [{""feature"": ""name_semantic_max"", ""shap"": -3.0710060596466064, ""value"": 0.2956433594226837, ""model_input"": 0.2956433594226837}, {""feature"": ""addr_token_overlap"", ""shap"": 1.2235107421875, ""value"": 1.0, ""model_input"": 1.0}, {""feature"": ""name_addr_consistency"", ""shap"": 1.146359920501709, ""value"": 0.0, ""model_input"": 0.0}, {""feature"": ""street_number_diff"", ""shap"": 1.0399507284164429, ""value"": 0.0, ""model_input"": 0.0}, {""feature"": ""addr_jaro"", ""shap"": 1.0134742259979248, ""value"": 1.0, ""model_input"": 1.0}, {""feature"": ""name_sim_max_etab"", ""shap"": 0.8651175498962402, ""value"": 0.0, ""model_input"": 0.0}, {""feature"": ""addr_levenshtein"", ""shap"": 0.6273001432418823, ""value"": 1.0, ""model_input"": 1.0}, {""feature"": ""name_jaro_max"", ""shap"": 0.5496501326560974, ""value"": 0.0, ""model_input"": 0.0}, {""feature"": ""name_sim_max_ul"", ""shap"": -0.411368191242218, ""value"": 0.0, ""model_input"": 0.0}, {""feature"": ""name_semantic_second"", ""shap"": -0.2986198663711548, ""value"": 0.0, ""model_input"": 0.0}]}"
64,DigitBoxing and coall,25 Avenue Beauregard,69150,DECINES-CHARPIEU,83119206700013,0.9680851697921753,ART METALLIQUE,25 AVENUE BEAUREGARD,DECINES-CHARPIEU,69150,69275,OUVERT,2025-01-30 02:26:50,4,"{""bias"": 1.1616770029067993, ""margin"": 3.4122514724731445, ""prob_from_margin"": 0.96808523783501, ""top"": [{""feature"": ""name_semantic_max"", ""shap"": -1.6496763229370117, ""value"": 0.4310110807418823, ""model_input"": 0.4310110807418823}, {""feature"": ""addr_token_overlap"", ""shap"": 1.346348524093628, ""value"": 1.0, ""model_input"": 1.0}, {""feature"": ""street_number_diff"", ""shap"": 0.9590317606925964, ""value"": 0.0, ""model_input"": 0.0}, {""feature"": ""addr_jaro"", ""shap"": 0.8056877255439758, ""value"": 1.0, ""model_input"": 1.0}, {""feature"": ""name_sim_max_etab"", ""shap"": 0.7496377229690552, ""value"": 0.0, ""model_input"": 0.0}, {""feature"": ""name_addr_consistency"", ""shap"": 0.6873911023139954, ""value"": 0.3253968253968254, ""model_input"": 0.3253968253968254}, {""feature"": ""addr_levenshtein"", ""shap"": 0.579017698764801, ""value"": 1.0, ""model_input"": 1.0}, {""feature"": ""name_jaro_max"", ""shap"": 0.5690693855285645, ""value"": 0.3253968253968254, ""model_input"": 0.3253968253968254}, {""feature"": ""name_sim_max_pm_dirigeant"", ""shap"": -0.403535395860672, ""value"": 0.0, ""model_input"": 0.0}, {""feature"": ""name_semantic_second"", ""shap"": -0.3898061215877533, ""value"": 0.0, ""model_input"": 0.0}]}"
64,DigitBoxing and coall,25 Avenue Beauregard,69150,DECINES-CHARPIEU,43974264400024,0.9605749845504761,SMPS,25 AVENUE BEAUREGARD,DECINES-CHARPIEU,69150,69275,FERME,2024-03-30 02:35:38,5,"{""bias"": 1.1616770029067993, ""margin"": 3.193131923675537, ""prob_from_margin"": 0.9605749997361692, ""top"": [{""feature"": ""name_semantic_max"", ""shap"": -3.2631821632385254, ""value"": 0.21127596497535706, ""model_input"": 0.21127596497535706}, {""feature"": ""addr_token_overlap"", ""shap"": 1.1760947704315186, ""value"": 1.0, ""model_input"": 1.0}, {""feature"": ""street_number_diff"", ""shap"": 1.0666913986206055, ""value"": 0.0, ""model_input"": 0.0}, {""feature"": ""name_addr_consistency"", ""shap"": 1.007112979888916, ""value"": 0.0, ""model_input"": 0.0}, {""feature"": ""addr_jaro"", ""shap"": 0.9544275999069214, ""value"": 1.0, ""model_input"": 1.0}, {""feature"": ""name_sim_max_etab"", ""shap"": 0.8594333529472351, ""value"": 0.0, ""model_input"": 0.0}, {""feature"": ""addr_levenshtein"", ""shap"": 0.6281268000602722, ""value"": 1.0, ""model_input"": 1.0}, {""feature"": ""name_jaro_max"", ""shap"": 0.520385205745697, ""value"": 0.0, ""model_input"": 0.0}, {""feature"": ""name_levenshtein_max"", ""shap"": 0.41917684674263, ""value"": 0.0, ""model_input"": 0.0}, {""feature"": ""name_sim_max_ul"", ""shap"": -0.4124614894390106, ""value"": 0.0, ""model_input"": 0.0}]}"
58,EASYDIS CORBAS,44 Boulevard des Nations,69960,CORBAS,38312387400505,0.9995386600494385,EASYDIS,BOULEVARD DES NATIONS,CORBAS,69960,69273,FERME,2025-02-10 02:30:58,1,"{""bias"": 1.1616770029067993, ""margin"": 7.680759906768799, ""prob_from_margin"": 0.9995385890240875, ""top"": [{""feature"": ""name_semantic_max"", ""shap"": 2.211031436920166, ""value"": 1.0, ""model_input"": 1.0}, {""feature"": ""name_token_overlap_max"", ""shap"": 1.0471118688583374, ""value"": 1.0, ""model_input"": 1.0}, {""feature"": ""token_overlap_ul"", ""shap"": 0.9117369651794434, ""value"": 1.0, ""model_input"": 1.0}, {""feature"": ""name_sim_max_pm_dirigeant"", ""shap"": 0.8939608931541443, ""value"": 0.5106516290726817, ""model_input"": 0.5106516290726817}, {""feature"": ""addr_token_overlap"", ""shap"": 0.6120132207870483, ""value"": 0.75, ""model_input"": 0.75}, {""feature"": ""name_crm_contains_cand_max"", ""shap"": 0.5615910887718201, ""value"": 1.0, ""model_input"": 1.0}, {""feature"": ""is_siege"", ""shap"": -0.40800637006759644, ""value"": 0.0, ""model_input"": 0.0}, {""feature"": ""name_addr_consistency"", ""shap"": 0.20335684716701508, ""value"": 0.8472222222222222, ""model_input"": 0.8472222222222222}, {""feature"": ""street_name_jaro"", ""shap"": -0.16760484874248505, ""value"": 0.9841269841269842, ""model_input"": 0.9841269841269842}, {""feature"": ""name_semantic_second"", ""shap"": -0.16505351662635803, ""value"": 0.43059587478637695, ""model_input"": 0.43059587478637695}]}"
58,EASYDIS CORBAS,44 Boulevard des Nations,69960,CORBAS,38312387400497,0.9995386600494385,EASYDIS,BOULEVARD DES NATIONS,CORBAS,69960,69273,OUVERT,2024-03-29 22:32:47,2,"{""bias"": 1.1616770029067993, ""margin"": 7.680759906768799, ""prob_from_margin"": 0.9995385890240875, ""top"": [{""feature"": ""name_semantic_max"", ""shap"": 2.211031436920166, ""value"": 1.0, ""model_input"": 1.0}, {""feature"": ""name_token_overlap_max"", ""shap"": 1.0471118688583374, ""value"": 1.0, ""model_input"": 1.0}, {""feature"": ""token_overlap_ul"", ""shap"": 0.9117369651794434, ""value"": 1.0, ""model_input"": 1.0}, {""feature"": ""name_sim_max_pm_dirigeant"", ""shap"": 0.8939608931541443, ""value"": 0.5106516290726817, ""model_input"": 0.5106516290726817}, {""feature"": ""addr_token_overlap"", ""shap"": 0.6120132207870483, ""value"": 0.75, ""model_input"": 0.75}, {""feature"": ""name_crm_contains_cand_max"", ""shap"": 0.5615910887718201, ""value"": 1.0, ""model_input"": 1.0}, {""feature"": ""is_siege"", ""shap"": -0.40800637006759644, ""value"": 0.0, ""model_input"": 0.0}, {""feature"": ""name_addr_consistency"", ""shap"": 0.20335684716701508, ""value"": 0.8472222222222222, ""model_input"": 0.8472222222222222}, {""feature"": ""street_name_jaro"", ""shap"": -0.16760484874248505, ""value"": 0.9841269841269842, ""model_input"": 0.9841269841269842}, {""feature"": ""name_semantic_second"", ""shap"": -0.16505351662635803, ""value"": 0.43059587478637695, ""model_input"": 0.43059587478637695}]}"
58,EASYDIS CORBAS,44 Boulevard des Nations,69960,CORBAS,82462272400154,0.9849302768707275,SAMSIC INDOORS,44 BOULEVARD DES NATIONS,CORBAS,69960,69273,FERME,2025-01-30 02:14:09,3,"{""bias"": 1.1616770029067993, ""margin"": 4.17988395690918, ""prob_from_margin"": 0.9849302879033052, ""top"": [{""feature"": ""addr_token_overlap"", ""shap"": 1.2456340789794922, ""value"": 1.0, ""model_input"": 1.0}, {""feature"": ""street_number_diff"", ""shap"": 1.1393345594406128, ""value"": 0.0, ""model_input"": 0.0}, {""feature"": ""name_sim_max_pm_dirigeant"", ""shap"": 0.7468050718307495, ""value"": 0.5052910052910052, ""model_input"": 0.5052910052910052}, {""feature"": ""addr_jaro"", ""shap"": 0.5828934907913208, ""value"": 1.0, ""model_input"": 1.0}, {""feature"": ""type_of_max_name"", ""shap"": 0.413939505815506, ""value"": 7.0, ""model_input"": 7.0}, {""feature"": ""name_token_overlap_max"", ""shap"": -0.3648792505264282, ""value"": 0.0, ""model_input"": 0.0}, {""feature"": ""addr_levenshtein"", ""shap"": 0.3648005425930023, ""value"": 1.0, ""model_input"": 1.0}, {""feature"": ""name_addr_consistency"", ""shap"": -0.2833074927330017, ""value"": 0.557142857142857, ""model_input"": 0.557142857142857}, {""feature"": ""name_levenshtein_max"", ""shap"": -0.26965612173080444, ""value"": 0.2857142857142857, ""model_input"": 0.2857142857142857}, {""feature"": ""token_overlap_ul"", ""shap"": -0.26694658398628235, ""value"": 0.0, ""model_input"": 0.0}]}"
58,EASYDIS CORBAS,44 Boulevard des Nations,69960,CORBAS,41016260600025,0.7547144889831543,SEL CORBAS,14 RUE MARCEL MERIEUX,CORBAS,69960,69273,FERME,2024-03-22 15:40:57,4,"{""bias"": 1.1616770029067993, ""margin"": 1.123917818069458, ""prob_from_margin"": 0.7547147081227844, ""top"": [{""feature"": ""name_semantic_max"", ""shap"": -1.4514011144638062, ""value"": 0.4960908889770508, ""model_input"": 0.4960908889770508}, {""feature"": ""name_city_overlap_max"", ""shap"": 1.0753706693649292, ""value"": 0.5, ""model_input"": 0.5}, {""feature"": ""name_sim_max_etab"", ""shap"": 0.6985889673233032, ""value"": 0.0, ""model_input"": 0.0}, {""feature"": ""type_of_max_name"", ""shap"": 0.6664770841598511, ""value"": 7.0, ""model_input"": 7.0}, {""feature"": ""street_number_diff"", ""shap"": -0.5638006925582886, ""value"": 30.0, ""model_input"": 30.0}, {""feature"": ""is_siege"", ""shap"": 0.5321927666664124, ""value"": 1.0, ""model_input"": 1.0}, {""feature"": ""name_semantic_second"", ""shap"": -0.4462014436721802, ""value"": 0.39604616165161133, ""model_input"": 0.39604616165161133}, {""feature"": ""street_name_jaro"", ""shap"": 0.40821823477745056, ""value"": 0.5388888888888889, ""model_input"": 0.5388888888888889}, {""feature"": ""name_count"", ""shap"": 0.37714219093322754, ""value"": 2.0, ""model_input"": 2.0}, {""feature"": ""name_token_overlap_max"", ""shap"": -0.373052179813385, ""value"": 0.0, ""model_input"": 0.0}]}"
58,EASYDIS CORBAS,44 Boulevard des Nations,69960,CORBAS,48782159700027,0.7244348526000977,COGEDIS MAINTENANCE ET SERVICES,20 BOULEVARD DES NATIONS,CORBAS,69960,69273,FERME,2025-02-13 02:21:03,5,"{""bias"": 1.1616770029067993, ""margin"": 0.9665670394897461, ""prob_from_margin"": 0.7244347073896208, ""top"": [{""feature"": ""street_number_diff"", ""shap"": -1.505097508430481, ""value"": 24.0, ""model_input"": 24.0}, {""feature"": ""name_sim_max_etab"", ""shap"": 0.9934036731719971, ""value"": 0.0, ""model_input"": 0.0}, {""feature"": ""addr_token_overlap"", ""shap"": 0.7330642938613892, ""value"": 0.6, ""model_input"": 0.6}, {""feature"": ""name_semantic_second"", ""shap"": 0.6589975357055664, ""value"": 0.6260895133018494, ""model_input"": 0.6260895133018494}, {""feature"": ""name_semantic_max"", ""shap"": 0.6045582294464111, ""value"": 0.6260895133018494, ""model_input"": 0.6260895133018494}, {""feature"": ""name_token_overlap_max"", ""shap"": -0.5080161690711975, ""value"": 0.0, ""model_input"": 0.0}, {""feature"": ""name_addr_consistency"", ""shap"": -0.42905864119529724, ""value"": 0.46453319679126126, ""model_input"": 0.46453319679126126}, {""feature"": ""token_overlap_ul"", ""shap"": -0.31338995695114136, ""value"": 0.0, ""model_input"": 0.0}, {""feature"": ""name_count"", ""shap"": 0.28629928827285767, ""value"": 2.0, ""model_input"": 2.0}, {""feature"": ""type_of_max_name"", ""shap"": 0.2857348322868347, ""value"": 6.0, ""model_input"": 6.0}]}"
49,EBERLE,20 BOULEVARD DES NATIONS,69960,CORBAS,44974369900026,0.9996517896652222,EBERLE FRANCE,20 BOULEVARD DES NATIONS,CORBAS,69960,69273,OUVERT,2024-03-30 09:55:34,1,"{""bias"": 1.1616770029067993, ""margin"": 7.9623942375183105, ""prob_from_margin"": 0.9996518031213906, ""top"": [{""feature"": ""name_semantic_max"", ""shap"": 2.5239219665527344, ""value"": 0.9207085967063904, ""model_input"": 0.9207085967063904}, {""feature"": ""name_sim_max_etab"", ""shap"": 0.9576616883277893, ""value"": 0.0, ""model_input"": 0.0}, {""feature"": ""name_token_overlap_max"", ""shap"": 0.8028283715248108, ""value"": 0.5, ""model_input"": 0.5}, {""feature"": ""token_overlap_ul"", ""shap"": 0.7533154487609863, ""value"": 1.0, ""model_input"": 1.0}, {""feature"": ""street_number_diff"", ""shap"": 0.6188318729400635, ""value"": 0.0, ""model_input"": 0.0}, {""feature"": ""addr_token_overlap"", ""shap"": 0.5698046684265137, ""value"": 1.0, ""model_input"": 1.0}, {""feature"": ""name_semantic_second"", ""shap"": 0.5653667449951172, ""value"": 0.9207085967063904, ""model_input"": 0.9207085967063904}, {""feature"": ""name_sim_max_pm_dirigeant"", ""shap"": -0.31136780977249146, ""value"": 0.0, ""model_input"": 0.0}, {""feature"": ""addr_jaro"", ""shap"": 0.2718629837036133, ""value"": 1.0, ""model_input"": 1.0}, {""feature"": ""addr_levenshtein"", ""shap"": 0.2663717269897461, ""value"": 1.0, ""model_input"": 1.0}]}"
49,EBERLE,20 BOULEVARD DES NATIONS,69960,CORBAS,48017965400029,0.9660313129425049,ANIBER,20 BD DES NATIONS,CORBAS,69960,69273,FERME,2025-01-15 02:28:00,2,"{""bias"": 1.1616770029067993, ""margin"": 3.347757339477539, ""prob_from_margin"": 0.9660313202307589, ""top"": [{""feature"": ""street_number_diff"", ""shap"": 1.0269160270690918, ""value"": 0.0, ""model_input"": 0.0}, {""feature"": ""name_sim_max_etab"", ""shap"": 0.7584906816482544, ""value"": 0.0, ""model_input"": 0.0}, {""feature"": ""name_semantic_max"", ""shap"": 0.737756609916687, ""value"": 0.6115772128105164, ""model_input"": 0.6115772128105164}, {""feature"": ""addr_token_overlap"", ""shap"": 0.6673821210861206, ""value"": 0.6, ""model_input"": 0.6}, {""feature"": ""type_of_max_name"", ""shap"": 0.5923066735267639, ""value"": 7.0, ""model_input"": 7.0}, {""feature"": ""addr_levenshtein"", ""shap"": 0.5482051372528076, ""value"": 0.7083333333333333, ""model_input"": 0.7083333333333333}, {""feature"": ""name_semantic_second"", ""shap"": -0.43717917799949646, ""value"": 0.0, ""model_input"": 0.0}, {""feature"": ""name_token_overlap_max"", ""shap"": -0.40618908405303955, ""value"": 0.0, ""model_input"": 0.0}, {""feature"": ""name_sim_max_pm_dirigeant"", ""shap"": -0.40403252840042114, ""value"": 0.0, ""model_input"": 0.0}, {""feature"": ""name_jaro_max"", ""shap"": -0.30742979049682617, ""value"": 0.6666666666666666, ""model_input"": 0.6666666666666666}]}"
49,EBERLE,20 BOULEVARD DES NATIONS,69960,CORBAS,21690273400013,0.9437351822853088,MAIRIE,PL CHARLES JOCTEUR,CORBAS,69960,69273,OUVERT,2024-03-30 03:33:42,3,"{""bias"": 1.1616770029067993, ""margin"": 2.8197741508483887, ""prob_from_margin"": 0.9437350752231727, ""top"": [{""feature"": ""name_semantic_max"", ""shap"": -1.8228892087936401, ""value"": 0.45699355006217957, ""model_input"": 0.45699355006217957}, {""feature"": ""name_city_overlap_max"", ""shap"": 1.6470617055892944, ""value"": 0.3333333333333333, ""model_input"": 0.3333333333333333}, {""feature"": ""name_length_max"", ""shap"": 0.9900366067886353, ""value"": 6.0, ""model_input"": 6.0}, {""feature"": ""is_siege"", ""shap"": 0.4630632996559143, ""value"": 1.0, ""model_input"": 1.0}, {""feature"": ""name_token_overlap_max"", ""shap"": -0.39071300625801086, ""value"": 0.0, ""model_input"": 0.0}, {""feature"": ""street_number_diff"", ""shap"": 0.3794957101345062, ""value"": 9999.0, ""model_input"": 9999.0}, {""feature"": ""name_jaro_gap"", ""shap"": 0.35838085412979126, ""value"": 0.07189542483660122, ""model_input"": 0.07189542483660122}, {""feature"": ""token_overlap_ul"", ""shap"": -0.30830755829811096, ""value"": 0.0, ""model_input"": 0.0}, {""feature"": ""name_addr_consistency"", ""shap"": 0.307533860206604, ""value"": 0.2990553684998129, ""model_input"": 0.2990553684998129}, {""feature"": ""name_count"", ""shap"": 0.3065866529941559, ""value"": 2.0, ""model_input"": 2.0}]}"
49,EBERLE,20 BOULEVARD DES NATIONS,69960,CORBAS,48782159700027,0.9276001453399658,COGEDIS MAINTENANCE ET SERVICES,20 BOULEVARD DES NATIONS,CORBAS,69960,69273,FERME,2025-02-13 02:21:03,4,"{""bias"": 1.1616770029067993, ""margin"": 2.55039644241333, ""prob_from_margin"": 0.9276001434783194, ""top"": [{""feature"": ""name_semantic_max"", ""shap"": -1.5805771350860596, ""value"": 0.48168468475341797, ""model_input"": 0.48168468475341797}, {""feature"": ""addr_token_overlap"", ""shap"": 1.4036544561386108, ""value"": 1.0, ""model_input"": 1.0}, {""feature"": ""street_number_diff"", ""shap"": 1.004682183265686, ""value"": 0.0, ""model_input"": 0.0}, {""feature"": ""name_sim_max_etab"", ""shap"": 0.8553234338760376, ""value"": 0.0, ""model_input"": 0.0}, {""feature"": ""addr_jaro"", ""shap"": 0.6294757127761841, ""value"": 1.0, ""model_input"": 1.0}, {""feature"": ""addr_levenshtein"", ""shap"": 0.606349527835846, ""value"": 1.0, ""model_input"": 1.0}, {""feature"": ""name_count"", ""shap"": 0.36795246601104736, ""value"": 2.0, ""model_input"": 2.0}, {""feature"": ""name_token_overlap_max"", ""shap"": -0.3643238842487335, ""value"": 0.0, ""model_input"": 0.0}, {""feature"": ""name_semantic_gap"", ""shap"": -0.2923791706562042, ""value"": 0.0, ""model_input"": 0.0}, {""feature"": ""token_overlap_ul"", ""shap"": -0.270865797996521, ""value"": 0.0, ""model_input"": 0.0}]}"
49,EBERLE,20 BOULEVARD DES NATIONS,69960,CORBAS,38347141400029,0.9012171030044556,FP LYON,20 BOULEVARD DES NATIONS,CORBAS,69960,69273,FERME,2024-03-30 12:47:00,5,"{""bias"": 1.1616770029067993, ""margin"": 2.2108211517333984, ""prob_from_margin"": 0.9012170538411576, ""top"": [{""feature"": ""name_semantic_max"", ""shap"": -1.399706482887268, ""value"": 0.485274076461792, ""model_input"": 0.485274076461792}, {""feature"": ""addr_token_overlap"", ""shap"": 1.349940538406372, ""value"": 1.0, ""model_input"": 1.0}, {""feature"": ""street_number_diff"", ""shap"": 1.1712051630020142, ""value"": 0.0, ""model_input"": 0.0}, {""feature"": ""name_sim_max_etab"", ""shap"": 0.6809091567993164, ""value"": 0.3111111111111111, ""model_input"": 0.3111111111111111}, {""feature"": ""addr_jaro"", ""shap"": 0.5990101099014282, ""value"": 1.0, ""model_input"": 1.0}, {""feature"": ""addr_levenshtein"", ""shap"": 0.5238180160522461, ""value"": 1.0, ""model_input"": 1.0}, {""feature"": ""type_of_max_name"", ""shap"": 0.3984205722808838, ""value"": 7.0, ""model_input"": 7.0}, {""feature"": ""name_sim_max_pm_dirigeant"", ""shap"": -0.3958742022514343, ""value"": 0.3111111111111111, ""model_input"": 0.3111111111111111}, {""feature"": ""name_semantic_second"", ""shap"": -0.3689490854740143, ""value"": 0.26394200325012207, ""model_input"": 0.26394200325012207}, {""feature"": ""name_length_max"", ""shap"": -0.36818963289260864, ""value"": 7.0, ""model_input"": 7.0}]}"
30,ELLERS,29 Boulevard Charles de Gaulle,69150,DECINES-CHARPIEU,79446051900026,0.9999158382415771,ELLERS,29 BOULEVARD CHARLES DE GAULLE,DECINES-CHARPIEU,69150,69275,OUVERT,2024-03-30 07:48:42,1,"{""bias"": 1.1616770029067993, ""margin"": 9.382390975952148, ""prob_from_margin"": 0.9999158134312998, ""top"": [{""feature"": ""name_semantic_max"", ""shap"": 2.2533674240112305, ""value"": 1.0, ""model_input"": 1.0}, {""feature"": ""token_overlap_ul"", ""shap"": 0.9250928163528442, ""value"": 1.0, ""model_input"": 1.0}, {""feature"": ""name_token_overlap_max"", ""shap"": 0.8844414949417114, ""value"": 1.0, ""model_input"": 1.0}, {""feature"": ""name_sim_max_pm_dirigeant"", ""shap"": 0.7034649848937988, ""value"": 0.4323671497584541, ""model_input"": 0.4323671497584541}, {""feature"": ""name_crm_contains_cand_max"", ""shap"": 0.6145093441009521, ""value"": 1.0, ""model_input"": 1.0}, {""feature"": ""street_number_diff"", ""shap"": 0.5199719667434692, ""value"": 0.0, ""model_input"": 0.0}, {""feature"": ""addr_token_overlap"", ""shap"": 0.49229830503463745, ""value"": 1.0, ""model_input"": 1.0}, {""feature"": ""name_sim_max_etab"", ""shap"": 0.48675990104675293, ""value"": 0.4323671497584541, ""model_input"": 0.4323671497584541}, {""feature"": ""is_siege"", ""shap"": 0.30081042647361755, ""value"": 1.0, ""model_input"": 1.0}, {""feature"": ""addr_jaro"", ""shap"": 0.2212875634431839, ""value"": 1.0, ""model_input"": 1.0}]}"
30,ELLERS,29 Boulevard Charles de Gaulle,69150,DECINES-CHARPIEU,87973236000026,0.9985029697418213,ELLERS PROFILS,29 BOULEVARD CHARLES DE GAULLE,DECINES-CHARPIEU,69150,69275,OUVERT,2025-01-24 03:14:17,2,"{""bias"": 1.1616770029067993, ""margin"": 6.502744197845459, ""prob_from_margin"": 0.9985029254783208, ""top"": [{""feature"": ""name_semantic_max"", ""shap"": 2.02523136138916, ""value"": 0.8547683954238892, ""model_input"": 0.8547683954238892}, {""feature"": ""token_overlap_ul"", ""shap"": 0.8505964875221252, ""value"": 1.0, ""model_input"": 1.0}, {""feature"": ""name_sim_max_pm_dirigeant"", ""shap"": 0.8310230374336243, ""value"": 0.5138888888888888, ""model_input"": 0.5138888888888888}, {""feature"": ""name_token_overlap_max"", ""shap"": 0.8040571808815002, ""value"": 0.5, ""model_input"": 0.5}, {""feature"": ""addr_token_overlap"", ""shap"": 0.6108419895172119, ""value"": 1.0, ""model_input"": 1.0}, {""feature"": ""street_number_diff"", ""shap"": 0.497636079788208, ""value"": 0.0, ""model_input"": 0.0}, {""feature"": ""addr_jaro"", ""shap"": 0.24353887140750885, ""value"": 1.0, ""model_input"": 1.0}, {""feature"": ""name_semantic_second"", ""shap"": -0.22667136788368225, ""value"": 0.41720154881477356, ""model_input"": 0.41720154881477356}, {""feature"": ""name_levenshtein_max"", ""shap"": -0.22512072324752808, ""value"": 0.4285714285714286, ""model_input"": 0.4285714285714286}, {""feature"": ""is_siege"", ""shap"": -0.1871182769536972, ""value"": 0.0, ""model_input"": 0.0}]}"
30,ELLERS,29 Boulevard Charles de Gaulle,69150,DECINES-CHARPIEU,90393967600016,0.9679700136184692,HACHOD,29 BOULEVARD CHARLES DE GAULLE,DECINES-CHARPIEU,69150,69275,OUVERT,2025-02-16 02:17:15,3,"{""bias"": 1.1616770029067993, ""margin"": 3.408529758453369, ""prob_from_margin"": 0.9679700504440215, ""top"": [{""feature"": ""name_semantic_max"", ""shap"": -3.1350831985473633, ""value"": 0.29006242752075195, ""model_input"": 0.29006242752075195}, {""feature"": ""addr_token_overlap"", ""shap"": 1.2075107097625732, ""value"": 1.0, ""model_input"": 1.0}, {""feature"": ""name_addr_consistency"", ""shap"": 1.1166670322418213, ""value"": 0.0, ""model_input"": 0.0}, {""feature"": ""street_number_diff"", ""shap"": 1.0242462158203125, ""value"": 0.0, ""model_input"": 0.0}, {""feature"": ""addr_jaro"", ""shap"": 1.0102171897888184, ""value"": 1.0, ""model_input"": 1.0}, {""feature"": ""name_sim_max_etab"", ""shap"": 0.8349780440330505, ""value"": 0.0, ""model_input"": 0.0}, {""feature"": ""addr_levenshtein"", ""shap"": 0.6188194155693054, ""value"": 1.0, ""model_input"": 1.0}, {""feature"": ""name_jaro_max"", ""shap"": 0.5461815595626831, ""value"": 0.0, ""model_input"": 0.0}, {""feature"": ""name_sim_max_ul"", ""shap"": -0.4335378110408783, ""value"": 0.0, ""model_input"": 0.0}, {""feature"": ""name_semantic_second"", ""shap"": -0.32826027274131775, ""value"": 0.0, ""model_input"": 0.0}]}"
30,ELLERS,29 Boulevard Charles de Gaulle,69150,DECINES-CHARPIEU,92116556900010,0.6543071269989014,SIRA ZZ,29 BOULEVARD CHARLES DE GAULLE,DECINES-CHARPIEU,69150,69275,OUVERT,2025-02-15 02:11:10,4,"{""bias"": 1.1616770029067993, ""margin"": 0.6380242705345154, ""prob_from_margin"": 0.6543067078111735, ""top"": [{""feature"": ""name_semantic_max"", ""shap"": -2.508985996246338, ""value"": 0.38599783182144165, ""model_input"": 0.38599783182144165}, {""feature"": ""addr_token_overlap"", ""shap"": 1.2112375497817993, ""value"": 1.0, ""model_input"": 1.0}, {""feature"": ""street_number_diff"", ""shap"": 0.9535715579986572, ""value"": 0.0, ""model_input"": 0.0}, {""feature"": ""name_sim_max_pm_dirigeant"", ""shap"": 0.8474498391151428, ""value"": 0.5277777777777778, ""model_input"": 0.5277777777777778}, {""feature"": ""addr_jaro"", ""shap"": 0.606142520904541, ""value"": 1.0, ""model_input"": 1.0}, {""feature"": ""name_semantic_second"", ""shap"": -0.5087073445320129, ""value"": 0.1707921028137207, ""model_input"": 0.1707921028137207}, {""feature"": ""name_addr_consistency"", ""shap"": -0.47511351108551025, ""value"": 0.5277777777777778, ""model_input"": 0.5277777777777778}, {""feature"": ""addr_levenshtein"", ""shap"": 0.47021040320396423, ""value"": 1.0, ""model_input"": 1.0}, {""feature"": ""type_of_max_name"", ""shap"": 0.4311698079109192, ""value"": 4.0, ""model_input"": 4.0}, {""feature"": ""name_token_overlap_max"", ""shap"": -0.3299385607242584, ""value"": 0.0, ""model_input"": 0.0}]}"
30,ELLERS,29 Boulevard Charles de Gaulle,69150,DECINES-CHARPIEU,42411067400019,0.5177354216575623,S M D,93 AVENUE FRANKLIN ROOSEVELT,DECINES-CHARPIEU,69150,69275,OUVERT,2024-03-30 16:40:50,5,"{""bias"": 1.1616770029067993, ""margin"": 0.07097113132476807, ""prob_from_margin"": 0.5177353391930294, ""top"": [{""feature"": ""name_semantic_max"", ""shap"": -2.042724132537842, ""value"": 0.31595638394355774, ""model_input"": 0.31595638394355774}, {""feature"": ""name_addr_consistency"", ""shap"": 0.9336466789245605, ""value"": 0.0, ""model_input"": 0.0}, {""feature"": ""name_jaro_max"", ""shap"": 0.7434195280075073, ""value"": 0.0, ""model_input"": 0.0}, {""feature"": ""name_sim_max_etab"", ""shap"": 0.7236732840538025, ""value"": 0.0, ""model_input"": 0.0}, {""feature"": ""name_sim_max_ul"", ""shap"": -0.6628337502479553, ""value"": 0.0, ""model_input"": 0.0}, {""feature"": ""type_of_max_name"", ""shap"": 0.46843644976615906, ""value"": 7.0, ""model_input"": 7.0}, {""feature"": ""name_token_overlap_max"", ""shap"": -0.4037131071090698, ""value"": 0.0, ""model_input"": 0.0}, {""feature"": ""token_overlap_ul"", ""shap"": -0.3898758888244629, ""value"": 0.0, ""model_input"": 0.0}, {""feature"": ""name_semantic_second"", ""shap"": -0.34419524669647217, ""value"": 0.0, ""model_input"": 0.0}, {""feature"": ""addr_token_overlap"", ""shap"": -0.3314669728279114, ""value"": 0.0, ""model_input"": 0.0}]}"
98,ERIKS N.V.,28 Rue Wilson,69150,DECINES CHARPIEU,37903755900091,0.9993441700935364,ERIKS,28 RUE WILSON,DECINES-CHARPIEU,69150,69275,OUVERT,2025-01-16 03:20:48,1,"{""bias"": 1.1616770029067993, ""margin"": 7.3290486335754395, ""prob_from_margin"": 0.999344232738288, ""top"": [{""feature"": ""name_semantic_max"", ""shap"": 2.2894623279571533, ""value"": 0.8825395703315735, ""model_input"": 0.8825395703315735}, {""feature"": ""name_token_overlap_max"", ""shap"": 0.8373553156852722, ""value"": 0.5, ""model_input"": 0.5}, {""feature"": ""name_sim_max_pm_dirigeant"", ""shap"": 0.6740374565124512, ""value"": 0.6833333333333332, ""model_input"": 0.6833333333333332}, {""feature"": ""name_crm_contains_cand_max"", ""shap"": 0.6451149582862854, ""value"": 1.0, ""model_input"": 1.0}, {""feature"": ""addr_token_overlap"", ""shap"": 0.6106221675872803, ""value"": 1.0, ""model_input"": 1.0}, {""feature"": ""name_sim_max_etab"", ""shap"": -0.5577468276023865, ""value"": 0.6833333333333332, ""model_input"": 0.6833333333333332}, {""feature"": ""street_number_diff"", ""shap"": 0.5063613057136536, ""value"": 0.0, ""model_input"": 0.0}, {""feature"": ""name_semantic_second"", ""shap"": 0.44160449504852295, ""value"": 0.7936645746231079, ""model_input"": 0.7936645746231079}, {""feature"": ""token_overlap_ul"", ""shap"": 0.30363887548446655, ""value"": 0.5, ""model_input"": 0.5}, {""feature"": ""is_siege"", ""shap"": 0.2536590099334717, ""value"": 1.0, ""model_input"": 1.0}]}"
98,ERIKS N.V.,28 Rue Wilson,69150,DECINES CHARPIEU,31122396000064,0.9974014759063721,ERIKS FRANCE HOLDING,28 RUE WILSON,DECINES-CHARPIEU,69150,69275,OUVERT,2025-02-16 02:18:29,2,"{""bias"": 1.1616770029067993, ""margin"": 5.950194835662842, ""prob_from_margin"": 0.9974014372636778, ""top"": [{""feature"": ""name_semantic_max"", ""shap"": 2.4746546745300293, ""value"": 0.7936645746231079, ""model_input"": 0.7936645746231079}, {""feature"": ""street_number_diff"", ""shap"": 0.702460527420044, ""value"": 0.0, ""model_input"": 0.0}, {""feature"": ""addr_token_overlap"", ""shap"": 0.6312888264656067, ""value"": 1.0, ""model_input"": 1.0}, {""feature"": ""name_sim_max_etab"", ""shap"": 0.5201209187507629, ""value"": 0.4037037037037037, ""model_input"": 0.4037037037037037}, {""feature"": ""token_overlap_ul"", ""shap"": 0.39580038189888, ""value"": 0.5, ""model_input"": 0.5}, {""feature"": ""name_semantic_second"", ""shap"": -0.328464150428772, ""value"": 0.3112108111381531, ""model_input"": 0.3112108111381531}, {""feature"": ""addr_jaro"", ""shap"": 0.30182600021362305, ""value"": 1.0, ""model_input"": 1.0}, {""feature"": ""addr_levenshtein"", ""shap"": 0.19822321832180023, ""value"": 1.0, ""model_input"": 1.0}, {""feature"": ""name_levenshtein_max"", ""shap"": -0.1955845206975937, ""value"": 0.35, ""model_input"": 0.35}, {""feature"": ""name_token_overlap_max"", ""shap"": 0.1877100169658661, ""value"": 0.25, ""model_input"": 0.25}]}"
98,ERIKS N.V.,28 Rue Wilson,69150,DECINES CHARPIEU,76680013000144,0.9939146637916565,ERIKS FLEXIBLES & RACCORDS,28 RUE WILSON,DECINES-CHARPIEU,69150,69275,FERME,2025-01-24 03:17:07,3,"{""bias"": 1.1616770029067993, ""margin"": 5.095765590667725, ""prob_from_margin"": 0.9939146409043041, ""top"": [{""feature"": ""name_semantic_max"", ""shap"": 2.357902765274048, ""value"": 0.7808884382247925, ""model_input"": 0.7808884382247925}, {""feature"": ""name_sim_max_pm_dirigeant"", ""shap"": 0.7901777029037476, ""value"": 0.5166666666666667, ""model_input"": 0.5166666666666667}, {""feature"": ""addr_token_overlap"", ""shap"": 0.6868747472763062, ""value"": 1.0, ""model_input"": 1.0}, {""feature"": ""street_number_diff"", ""shap"": 0.6423057317733765, ""value"": 0.0, ""model_input"": 0.0}, {""feature"": ""token_overlap_ul"", ""shap"": 0.5259238481521606, ""value"": 0.5, ""model_input"": 0.5}, {""feature"": ""name_addr_consistency"", ""shap"": -0.476460337638855, ""value"": 0.6102564102564102, ""model_input"": 0.6102564102564102}, {""feature"": ""name_semantic_second"", ""shap"": -0.3716314435005188, ""value"": 0.3112108111381531, ""model_input"": 0.3112108111381531}, {""feature"": ""addr_jaro"", ""shap"": 0.24367298185825348, ""value"": 1.0, ""model_input"": 1.0}, {""feature"": ""addr_levenshtein"", ""shap"": 0.23858028650283813, ""value"": 1.0, ""model_input"": 1.0}, {""feature"": ""name_levenshtein_max"", ""shap"": -0.20950919389724731, ""value"": 0.23076923076923073, ""model_input"": 0.23076923076923073}]}"
98,ERIKS N.V.,28 Rue Wilson,69150,DECINES CHARPIEU,40787810700066,0.9777516722679138,SUEZ RV TRADING FRANCE,28 RUE WILSON,DECINES-CHARPIEU,69150,69275,FERME,2024-03-30 06:32:43,4,"{""bias"": 1.1616770029067993, ""margin"": 3.7829909324645996, ""prob_from_margin"": 0.9777517169968063, ""top"": [{""feature"": ""addr_token_overlap"", ""shap"": 1.150140643119812, ""value"": 1.0, ""model_input"": 1.0}, {""feature"": ""street_number_diff"", ""shap"": 1.1167852878570557, ""value"": 0.0, ""model_input"": 0.0}, {""feature"": ""name_sim_max_pm_dirigeant"", ""shap"": 0.8728843927383423, ""value"": 0.4948717948717949, ""model_input"": 0.4948717948717949}, {""feature"": ""name_semantic_max"", ""shap"": -0.6403854489326477, ""value"": 0.5385491847991943, ""model_input"": 0.5385491847991943}, {""feature"": ""addr_jaro"", ""shap"": 0.6201279163360596, ""value"": 1.0, ""model_input"": 1.0}, {""feature"": ""type_of_max_name"", ""shap"": 0.5342774391174316, ""value"": 7.0, ""model_input"": 7.0}, {""feature"": ""addr_levenshtein"", ""shap"": 0.3832908272743225, ""value"": 1.0, ""model_input"": 1.0}, {""feature"": ""name_semantic_second"", ""shap"": -0.35687533020973206, ""value"": 0.29115790128707886, ""model_input"": 0.29115790128707886}, {""feature"": ""name_count"", ""shap"": 0.35163450241088867, ""value"": 2.0, ""model_input"": 2.0}, {""feature"": ""name_addr_consistency"", ""shap"": -0.35014286637306213, ""value"": 0.5298701298701298, ""model_input"": 0.5298701298701298}]}"
98,ERIKS N.V.,28 Rue Wilson,69150,DECINES CHARPIEU,44330413400044,0.9589117765426636,SUEZ RV REBOND INSERTION,28 RUE WILSON,DECINES-CHARPIEU,69150,69275,OUVERT,2025-02-15 02:14:55,5,"{""bias"": 1.1616770029067993, ""margin"": 3.150075912475586, ""prob_from_margin"": 0.9589117128582929, ""top"": [{""feature"": ""street_number_diff"", ""shap"": 1.168296217918396, ""value"": 0.0, ""model_input"": 0.0}, {""feature"": ""addr_token_overlap"", ""shap"": 1.1306008100509644, ""value"": 1.0, ""model_input"": 1.0}, {""feature"": ""addr_jaro"", ""shap"": 0.6194051504135132, ""value"": 1.0, ""model_input"": 1.0}, {""feature"": ""name_sim_max_pm_dirigeant"", ""shap"": 0.570651113986969, ""value"": 0.5111111111111111, ""model_input"": 0.5111111111111111}, {""feature"": ""type_of_max_name"", ""shap"": 0.5175904631614685, ""value"": 4.0, ""model_input"": 4.0}, {""feature"": ""name_addr_consistency"", ""shap"": -0.5170530676841736, ""value"": 0.5111111111111111, ""model_input"": 0.5111111111111111}, {""feature"": ""addr_levenshtein"", ""shap"": 0.49943599104881287, ""value"": 1.0, ""model_input"": 1.0}, {""feature"": ""name_semantic_second"", ""shap"": -0.39932504296302795, ""value"": 0.33002352714538574, ""model_input"": 0.33002352714538574}, {""feature"": ""name_count"", ""shap"": 0.3151138722896576, ""value"": 2.0, ""model_input"": 2.0}, {""feature"": ""token_overlap_ul"", ""shap"": -0.2982073128223419, ""value"": 0.0, ""model_input"": 0.0}]}"
103,EUROMASTER CORBAS,52 Rue Louis Pradel,69960,CORBAS,39252740400678,0.9990841150283813,EUROMASTER FRANCE,52 RUE LOUIS PRADEL,CORBAS,69960,69273,OUVERT,2025-02-14 02:12:06,1,"{""bias"": 1.1616770029067993, ""margin"": 6.994717597961426, ""prob_from_margin"": 0.9990841279529515, ""top"": [{""feature"": ""name_semantic_max"", ""shap"": 2.114994764328003, ""value"": 0.955595850944519, ""model_input"": 0.955595850944519}, {""feature"": ""name_sim_max_pm_dirigeant"", ""shap"": 1.1300619840621948, ""value"": 0.5274853801169591, ""model_input"": 0.5274853801169591}, {""feature"": ""name_token_overlap_max"", ""shap"": 0.8232200145721436, ""value"": 0.5, ""model_input"": 0.5}, {""feature"": ""token_overlap_ul"", ""shap"": 0.7851223945617676, ""value"": 1.0, ""model_input"": 1.0}, {""feature"": ""addr_token_overlap"", ""shap"": 0.6131645441055298, ""value"": 1.0, ""model_input"": 1.0}, {""feature"": ""street_number_diff"", ""shap"": 0.4781304597854614, ""value"": 0.0, ""model_input"": 0.0}, {""feature"": ""name_semantic_second"", ""shap"": -0.3261444866657257, ""value"": 0.3945452570915222, ""model_input"": 0.3945452570915222}, {""feature"": ""is_siege"", ""shap"": -0.27864766120910645, ""value"": 0.0, ""model_input"": 0.0}, {""feature"": ""name_addr_consistency"", ""shap"": 0.24622857570648193, ""value"": 0.9176470588235295, ""model_input"": 0.9176470588235295}, {""feature"": ""addr_jaro"", ""shap"": 0.2388133704662323, ""value"": 1.0, ""model_input"": 1.0}]}"
103,EUROMASTER CORBAS,52 Rue Louis Pradel,69960,CORBAS,97050509500087,0.9298538565635681,SERVICES EF,52 RUE LOUIS PRADEL,CORBAS,69960,69273,FERME,2024-03-22 15:40:57,2,"{""bias"": 1.1616770029067993, ""margin"": 2.5844452381134033, ""prob_from_margin"": 0.9298537676525945, ""top"": [{""feature"": ""addr_token_overlap"", ""shap"": 1.3466416597366333, ""value"": 1.0, ""model_input"": 1.0}, {""feature"": ""street_number_diff"", ""shap"": 1.1830124855041504, ""value"": 0.0, ""model_input"": 0.0}, {""feature"": ""name_semantic_max"", ""shap"": -1.142319679260254, ""value"": 0.5047158002853394, ""model_input"": 0.5047158002853394}, {""feature"": ""name_sim_max_etab"", ""shap"": 0.7454431653022766, ""value"": 0.0, ""model_input"": 0.0}, {""feature"": ""addr_jaro"", ""shap"": 0.6126163005828857, ""value"": 1.0, ""model_input"": 1.0}, {""feature"": ""addr_levenshtein"", ""shap"": 0.5396290421485901, ""value"": 1.0, ""model_input"": 1.0}, {""feature"": ""type_of_max_name"", ""shap"": 0.5135679244995117, ""value"": 7.0, ""model_input"": 7.0}, {""feature"": ""name_sim_max_pm_dirigeant"", ""shap"": -0.3971494138240814, ""value"": 0.0, ""model_input"": 0.0}, {""feature"": ""name_addr_consistency"", ""shap"": -0.3741130530834198, ""value"": 0.5045454545454545, ""model_input"": 0.5045454545454545}, {""feature"": ""name_semantic_second"", ""shap"": -0.3358951508998871, ""value"": 0.0, ""model_input"": 0.0}]}"
103,EUROMASTER CORBAS,52 Rue Louis Pradel,69960,CORBAS,47854191500011,0.8693249225616455,CHALLENGER,RUE LOUIS PRADEL,CORBAS,69960,69273,FERME,2025-02-01 03:01:54,3,"{""bias"": 1.1616770029067993, ""margin"": 1.895003080368042, ""prob_from_margin"": 0.8693249269017364, ""top"": [{""feature"": ""addr_token_overlap"", ""shap"": 1.0608047246932983, ""value"": 0.75, ""model_input"": 0.75}, {""feature"": ""name_sim_max_etab"", ""shap"": 0.7747182846069336, ""value"": 0.0, ""model_input"": 0.0}, {""feature"": ""name_semantic_max"", ""shap"": 0.6735395193099976, ""value"": 0.6088722348213196, ""model_input"": 0.6088722348213196}, {""feature"": ""name_token_overlap_max"", ""shap"": -0.4614013433456421, ""value"": 0.0, ""model_input"": 0.0}, {""feature"": ""name_sim_max_pm_dirigeant"", ""shap"": -0.4474031627178192, ""value"": 0.0, ""model_input"": 0.0}, {""feature"": ""name_addr_consistency"", ""shap"": -0.41461628675460815, ""value"": 0.4497076023391813, ""model_input"": 0.4497076023391813}, {""feature"": ""type_of_max_name"", ""shap"": 0.41358131170272827, ""value"": 7.0, ""model_input"": 7.0}, {""feature"": ""name_semantic_second"", ""shap"": -0.3885824978351593, ""value"": 0.0, ""model_input"": 0.0}, {""feature"": ""name_length_max"", ""shap"": -0.34374019503593445, ""value"": 10.0, ""model_input"": 10.0}, {""feature"": ""addr_levenshtein"", ""shap"": 0.32666000723838806, ""value"": 0.8421052631578947, ""model_input"": 0.8421052631578947}]}"
103,EUROMASTER CORBAS,52 Rue Louis Pradel,69960,CORBAS,38445469001229,0.8218216300010681,EIS,13 IMPASSE DU 24 AOUT 1944,CORBAS,69960,69273,OUVERT,2025-02-10 02:17:01,4,"{""bias"": 1.1616770029067993, ""margin"": 1.5287383794784546, ""prob_from_margin"": 0.8218216490800938, ""top"": [{""feature"": ""name_semantic_max"", ""shap"": 1.5769633054733276, ""value"": 0.6835669279098511, ""model_input"": 0.6835669279098511}, {""feature"": ""name_sim_max_pm_dirigeant"", ""shap"": 1.5133851766586304, ""value"": 0.6111111111111112, ""model_input"": 0.6111111111111112}, {""feature"": ""token_overlap_ul"", ""shap"": 1.3413231372833252, ""value"": 1.0, ""model_input"": 1.0}, {""feature"": ""addr_token_overlap"", ""shap"": -0.7404160499572754, ""value"": 0.0, ""model_input"": 0.0}, {""feature"": ""street_number_diff"", ""shap"": -0.6068620681762695, ""value"": 39.0, ""model_input"": 39.0}, {""feature"": ""name_addr_consistency"", ""shap"": -0.5825690627098083, ""value"": 0.4694062078272605, ""model_input"": 0.4694062078272605}, {""feature"": ""name_token_overlap_max"", ""shap"": -0.5753008723258972, ""value"": 0.0, ""model_input"": 0.0}, {""feature"": ""name_sim_max_etab"", ""shap"": -0.39329853653907776, ""value"": 0.6111111111111112, ""model_input"": 0.6111111111111112}, {""feature"": ""addr_levenshtein"", ""shap"": -0.3764496147632599, ""value"": 0.15384615384615385, ""model_input"": 0.15384615384615385}, {""feature"": ""type_of_max_name"", ""shap"": 0.3572450876235962, ""value"": 7.0, ""model_input"": 7.0}]}"
103,EUROMASTER CORBAS,52 Rue Louis Pradel,69960,CORBAS,97890109800019,0.8193145990371704,EURO METAL,16 RUE DU VERCORS,CORBAS,69960,69273,OUVERT,2024-03-30 01:28:59,5,"{""bias"": 1.1616770029067993, ""margin"": 1.5117106437683105, ""prob_from_margin"": 0.8193145858063933, ""top"": [{""feature"": ""token_overlap_ul"", ""shap"": 1.373184084892273, ""value"": 1.0, ""model_input"": 1.0}, {""feature"": ""name_sim_max_etab"", ""shap"": 1.2226687669754028, ""value"": 0.0, ""model_input"": 0.0}, {""feature"": ""name_semantic_max"", ""shap"": 0.736199140548706, ""value"": 0.6348031759262085, ""model_input"": 0.6348031759262085}, {""feature"": ""type_of_max_name"", ""shap"": 0.7029104828834534, ""value"": 7.0, ""model_input"": 7.0}, {""feature"": ""street_number_diff"", ""shap"": -0.5795391201972961, ""value"": 36.0, ""model_input"": 36.0}, {""feature"": ""name_token_overlap_max"", ""shap"": -0.559982180595398, ""value"": 0.0, ""model_input"": 0.0}, {""feature"": ""name_length_max"", ""shap"": -0.46627122163772583, ""value"": 10.0, ""model_input"": 10.0}, {""feature"": ""name_sim_max_pm_dirigeant"", ""shap"": -0.46372470259666443, ""value"": 0.0, ""model_input"": 0.0}, {""feature"": ""addr_levenshtein"", ""shap"": -0.40370574593544006, ""value"": 0.368421052631579, ""model_input"": 0.368421052631579}, {""feature"": ""name_addr_consistency"", ""shap"": -0.3994687497615814, ""value"": 0.5827282109015854, ""model_input"": 0.5827282109015854}]}"
100,FEDERAL EXPRESS CORBAS,83 RUE MARCEL MERIEUX,69960,CORBAS,97350535701885,0.997797966003418,TNT,83 RUE MARCEL MERIEUX,CORBAS,69960,69273,OUVERT,2024-03-30 02:40:45,1,"{""bias"": 1.1616770029067993, ""margin"": 6.116154193878174, ""prob_from_margin"": 0.9977979327247612, ""top"": [{""feature"": ""name_semantic_max"", ""shap"": 2.3034353256225586, ""value"": 0.8216906189918518, ""model_input"": 0.8216906189918518}, {""feature"": ""name_sim_max_pm_dirigeant"", ""shap"": 0.8415611386299133, ""value"": 0.543719806763285, ""model_input"": 0.543719806763285}, {""feature"": ""addr_token_overlap"", ""shap"": 0.7318621277809143, ""value"": 1.0, ""model_input"": 1.0}, {""feature"": ""street_number_diff"", ""shap"": 0.586171567440033, ""value"": 0.0, ""model_input"": 0.0}, {""feature"": ""token_overlap_ul"", ""shap"": 0.3368341326713562, ""value"": 0.5, ""model_input"": 0.5}, {""feature"": ""addr_jaro"", ""shap"": 0.2702989876270294, ""value"": 1.0, ""model_input"": 1.0}, {""feature"": ""name_addr_consistency"", ""shap"": 0.2048339694738388, ""value"": 0.8896794871794872, ""model_input"": 0.8896794871794872}, {""feature"": ""addr_levenshtein"", ""shap"": 0.19901679456233978, ""value"": 1.0, ""model_input"": 1.0}, {""feature"": ""name_token_overlap_max"", ""shap"": 0.1959010511636734, ""value"": 0.25, ""model_input"": 0.25}, {""feature"": ""type_of_max_name"", ""shap"": 0.17906159162521362, ""value"": 7.0, ""model_input"": 7.0}]}"
100,FEDERAL EXPRESS CORBAS,83 RUE MARCEL MERIEUX,69960,CORBAS,38495689200309,0.9961307048797607,FEDEX LOGISTICS SERVICES,83 RUE MARCEL MERIEUX,CORBAS,69960,69273,FERME,2024-03-30 06:01:23,2,"{""bias"": 1.1616770029067993, ""margin"": 5.550806999206543, ""prob_from_margin"": 0.9961307082384635, ""top"": [{""feature"": ""name_semantic_max"", ""shap"": 2.0038576126098633, ""value"": 0.9288572072982788, ""model_input"": 0.9288572072982788}, {""feature"": ""token_overlap_ul"", ""shap"": 0.8066563606262207, ""value"": 1.0, ""model_input"": 1.0}, {""feature"": ""name_token_overlap_max"", ""shap"": 0.7850886583328247, ""value"": 0.5, ""model_input"": 0.5}, {""feature"": ""name_sim_max_etab"", ""shap"": -0.7034952044487, ""value"": 0.8896794871794872, ""model_input"": 0.8896794871794872}, {""feature"": ""addr_token_overlap"", ""shap"": 0.6892032623291016, ""value"": 1.0, ""model_input"": 1.0}, {""feature"": ""name_semantic_second"", ""shap"": 0.6095069646835327, ""value"": 0.8216906189918518, ""model_input"": 0.8216906189918518}, {""feature"": ""street_number_diff"", ""shap"": 0.4573865234851837, ""value"": 0.0, ""model_input"": 0.0}, {""feature"": ""name_sim_max_pm_dirigeant"", ""shap"": 0.4350906312465668, ""value"": 0.8896794871794872, ""model_input"": 0.8896794871794872}, {""feature"": ""name_semantic_gap"", ""shap"": -0.30967453122138977, ""value"": 0.107166588306427, ""model_input"": 0.107166588306427}, {""feature"": ""name_addr_consistency"", ""shap"": 0.2170080542564392, ""value"": 0.8896794871794872, ""model_input"": 0.8896794871794872}]}"
100,FEDERAL EXPRESS CORBAS,83 RUE MARCEL MERIEUX,69960,CORBAS,94967077200019,0.97929847240448,VALMY PARTNERS,83 RUE MARCEL MERIEUX,CORBAS,69960,69273,OUVERT,2025-02-08 02:15:20,3,"{""bias"": 1.1616770029067993, ""margin"": 3.8566274642944336, ""prob_from_margin"": 0.9792984417494407, ""top"": [{""feature"": ""addr_token_overlap"", ""shap"": 1.161976933479309, ""value"": 1.0, ""model_input"": 1.0}, {""feature"": ""street_number_diff"", ""shap"": 1.0338144302368164, ""value"": 0.0, ""model_input"": 0.0}, {""feature"": ""name_semantic_max"", ""shap"": -0.9449489116668701, ""value"": 0.5171056389808655, ""model_input"": 0.5171056389808655}, {""feature"": ""name_sim_max_pm_dirigeant"", ""shap"": 0.8849897980690002, ""value"": 0.4333333333333333, ""model_input"": 0.4333333333333333}, {""feature"": ""addr_jaro"", ""shap"": 0.6162910461425781, ""value"": 1.0, ""model_input"": 1.0}, {""feature"": ""type_of_max_name"", ""shap"": 0.6000528335571289, ""value"": 7.0, ""model_input"": 7.0}, {""feature"": ""name_sim_max_etab"", ""shap"": 0.4691326916217804, ""value"": 0.4333333333333333, ""model_input"": 0.4333333333333333}, {""feature"": ""name_semantic_second"", ""shap"": -0.4067072570323944, ""value"": 0.22377261519432068, ""model_input"": 0.22377261519432068}, {""feature"": ""addr_levenshtein"", ""shap"": 0.3903169631958008, ""value"": 1.0, ""model_input"": 1.0}, {""feature"": ""name_token_overlap_max"", ""shap"": -0.3372064530849457, ""value"": 0.0, ""model_input"": 0.0}]}"
100,FEDERAL EXPRESS CORBAS,83 RUE MARCEL MERIEUX,69960,CORBAS,47978680800010,0.9746971130371094,CENTRE EXPRESS LIMOUSIN 69,AVENUE DE MONTMARTIN,CORBAS,69960,69273,FERME,2025-07-04 14:16:58,4,"{""bias"": 1.1616770029067993, ""margin"": 3.651207447052002, ""prob_from_margin"": 0.9746970927160843, ""top"": [{""feature"": ""name_semantic_max"", ""shap"": 2.107555627822876, ""value"": 0.6913767457008362, ""model_input"": 0.6913767457008362}, {""feature"": ""addr_token_overlap"", ""shap"": -0.764950692653656, ""value"": 0.0, ""model_input"": 0.0}, {""feature"": ""token_overlap_ul"", ""shap"": 0.6058735847473145, ""value"": 0.5, ""model_input"": 0.5}, {""feature"": ""name_sim_max_pm_dirigeant"", ""shap"": 0.5789681077003479, ""value"": 0.5247863247863248, ""model_input"": 0.5247863247863248}, {""feature"": ""name_semantic_second"", ""shap"": 0.4226337671279907, ""value"": 0.5854393243789673, ""model_input"": 0.5854393243789673}, {""feature"": ""street_number_diff"", ""shap"": 0.3560318052768707, ""value"": 9999.0, ""model_input"": 9999.0}, {""feature"": ""name_count"", ""shap"": -0.3230292797088623, ""value"": 4.0, ""model_input"": 4.0}, {""feature"": ""addr_levenshtein"", ""shap"": -0.27954456210136414, ""value"": 0.23809523809523814, ""model_input"": 0.23809523809523814}, {""feature"": ""is_siege"", ""shap"": -0.27050310373306274, ""value"": 0.0, ""model_input"": 0.0}, {""feature"": ""name_sim_max_etab"", ""shap"": 0.22405821084976196, ""value"": 0.5247863247863248, ""model_input"": 0.5247863247863248}]}"
100,FEDERAL EXPRESS CORBAS,83 RUE MARCEL MERIEUX,69960,CORBAS,84298155700015,0.9727184176445007,NOVA EXPRESS,9 IMPASSE DU CHALET,CORBAS,69960,69273,OUVERT,2025-01-22 02:47:47,5,"{""bias"": 1.1616770029067993, ""margin"": 3.573881149291992, ""prob_from_margin"": 0.9727183736075415, ""top"": [{""feature"": ""name_semantic_max"", ""shap"": 2.866227149963379, ""value"": 0.7386947274208069, ""model_input"": 0.7386947274208069}, {""feature"": ""name_sim_max_etab"", ""shap"": 1.1493676900863647, ""value"": 0.0, ""model_input"": 0.0}, {""feature"": ""addr_token_overlap"", ""shap"": -0.5470691323280334, ""value"": 0.0, ""model_input"": 0.0}, {""feature"": ""name_token_overlap_max"", ""shap"": 0.5175893306732178, ""value"": 0.3333333333333333, ""model_input"": 0.3333333333333333}, {""feature"": ""name_sim_max_pm_dirigeant"", ""shap"": -0.4890461564064026, ""value"": 0.0, ""model_input"": 0.0}, {""feature"": ""token_overlap_ul"", ""shap"": 0.42323100566864014, ""value"": 0.5, ""model_input"": 0.5}, {""feature"": ""name_length_max"", ""shap"": -0.3630719482898712, ""value"": 12.0, ""model_input"": 12.0}, {""feature"": ""addr_levenshtein"", ""shap"": -0.34491458535194397, ""value"": 0.1428571428571429, ""model_input"": 0.1428571428571429}, {""feature"": ""street_number_diff"", ""shap"": -0.33554986119270325, ""value"": 74.0, ""model_input"": 74.0}, {""feature"": ""name_semantic_second"", ""shap"": -0.3108383119106293, ""value"": 0.0, ""model_input"": 0.0}]}"
40,FEMAT,28 RUE LOUIS PRADEL,69960,CORBAS,84287252500063,0.9992035031318665,FEMAT GROUPE,28 RUE LOUIS PRADEL,CORBAS,69960,69273,OUVERT,2025-11-27 13:21:10,1,"{""bias"": 1.1616770029067993, ""margin"": 7.134501934051514, ""prob_from_margin"": 0.9992035121948054, ""top"": [{""feature"": ""name_semantic_max"", ""shap"": 2.2003695964813232, ""value"": 0.9434489011764526, ""model_input"": 0.9434489011764526}, {""feature"": ""name_sim_max_pm_dirigeant"", ""shap"": 0.9242728352546692, ""value"": 0.5111111111111111, ""model_input"": 0.5111111111111111}, {""feature"": ""token_overlap_ul"", ""shap"": 0.887269139289856, ""value"": 1.0, ""model_input"": 1.0}, {""feature"": ""name_token_overlap_max"", ""shap"": 0.8448445796966553, ""value"": 0.5, ""model_input"": 0.5}, {""feature"": ""addr_token_overlap"", ""shap"": 0.6126342415809631, ""value"": 1.0, ""model_input"": 1.0}, {""feature"": ""street_number_diff"", ""shap"": 0.4731946289539337, ""value"": 0.0, ""model_input"": 0.0}, {""feature"": ""name_addr_consistency"", ""shap"": 0.2766050100326538, ""value"": 0.8833333333333334, ""model_input"": 0.8833333333333334}, {""feature"": ""addr_jaro"", ""shap"": 0.23726359009742737, ""value"": 1.0, ""model_input"": 1.0}, {""feature"": ""name_levenshtein_max"", ""shap"": -0.2277674674987793, ""value"": 0.41666666666666663, ""model_input"": 0.41666666666666663}, {""feature"": ""name_semantic_second"", ""shap"": -0.220945805311203, ""value"": 0.2459511011838913, ""model_input"": 0.2459511011838913}]}"
40,FEMAT,28 RUE LOUIS PRADEL,69960,CORBAS,84287252500022,0.9992035031318665,FEMAT GROUPE,28 RUE LOUIS PRADEL,CORBAS,69960,69273,FERME,2025-04-20 02:07:47,2,"{""bias"": 1.1616770029067993, ""margin"": 7.134501934051514, ""prob_from_margin"": 0.9992035121948054, ""top"": [{""feature"": ""name_semantic_max"", ""shap"": 2.2003695964813232, ""value"": 0.9434489011764526, ""model_input"": 0.9434489011764526}, {""feature"": ""name_sim_max_pm_dirigeant"", ""shap"": 0.9242728352546692, ""value"": 0.5111111111111111, ""model_input"": 0.5111111111111111}, {""feature"": ""token_overlap_ul"", ""shap"": 0.887269139289856, ""value"": 1.0, ""model_input"": 1.0}, {""feature"": ""name_token_overlap_max"", ""shap"": 0.8448445796966553, ""value"": 0.5, ""model_input"": 0.5}, {""feature"": ""addr_token_overlap"", ""shap"": 0.6126342415809631, ""value"": 1.0, ""model_input"": 1.0}, {""feature"": ""street_number_diff"", ""shap"": 0.4731946289539337, ""value"": 0.0, ""model_input"": 0.0}, {""feature"": ""name_addr_consistency"", ""shap"": 0.2766050100326538, ""value"": 0.8833333333333334, ""model_input"": 0.8833333333333334}, {""feature"": ""addr_jaro"", ""shap"": 0.23726359009742737, ""value"": 1.0, ""model_input"": 1.0}, {""feature"": ""name_levenshtein_max"", ""shap"": -0.2277674674987793, ""value"": 0.41666666666666663, ""model_input"": 0.41666666666666663}, {""feature"": ""name_semantic_second"", ""shap"": -0.220945805311203, ""value"": 0.2459511011838913, ""model_input"": 0.2459511011838913}]}"
40,FEMAT,28 RUE LOUIS PRADEL,69960,CORBAS,94089427200019,0.9915327429771423,FEMAT HOLDING,11 IMPASSE DU RHONE,CORBAS,69960,69273,OUVERT,2025-02-20 10:56:37,3,"{""bias"": 1.1616770029067993, ""margin"": 4.763045310974121, ""prob_from_margin"": 0.9915327425566579, ""top"": [{""feature"": ""name_semantic_max"", ""shap"": 2.5726373195648193, ""value"": 0.8563891649246216, ""model_input"": 0.8563891649246216}, {""feature"": ""token_overlap_ul"", ""shap"": 1.1931651830673218, ""value"": 1.0, ""model_input"": 1.0}, {""feature"": ""name_sim_max_pm_dirigeant"", ""shap"": 1.1486217975616455, ""value"": 0.5407407407407407, ""model_input"": 0.5407407407407407}, {""feature"": ""name_token_overlap_max"", ""shap"": 1.1173782348632812, ""value"": 0.5, ""model_input"": 0.5}, {""feature"": ""street_number_diff"", ""shap"": -0.6288629770278931, ""value"": 17.0, ""model_input"": 17.0}, {""feature"": ""addr_levenshtein"", ""shap"": -0.5200324058532715, ""value"": 0.10526315789473684, ""model_input"": 0.10526315789473684}, {""feature"": ""name_addr_consistency"", ""shap"": -0.462568461894989, ""value"": 0.5641025641025641, ""model_input"": 0.5641025641025641}, {""feature"": ""addr_token_overlap"", ""shap"": -0.40481260418891907, ""value"": 0.0, ""model_input"": 0.0}, {""feature"": ""name_semantic_second"", ""shap"": -0.31941622495651245, ""value"": 0.33854255080223083, ""model_input"": 0.33854255080223083}, {""feature"": ""type_of_max_name"", ""shap"": 0.30014440417289734, ""value"": 7.0, ""model_input"": 7.0}]}"
40,FEMAT,28 RUE LOUIS PRADEL,69960,CORBAS,44174995900017,0.9776361584663391,ROOFMART CENTRE EST,28 RUE LOUIS PRADEL,CORBAS,69960,69273,FERME,2024-03-30 11:11:40,4,"{""bias"": 1.1616770029067993, ""margin"": 3.7776918411254883, ""prob_from_margin"": 0.9776361519898485, ""top"": [{""feature"": ""addr_token_overlap"", ""shap"": 1.255607008934021, ""value"": 1.0, ""model_input"": 1.0}, {""feature"": ""street_number_diff"", ""shap"": 1.0964890718460083, ""value"": 0.0, ""model_input"": 0.0}, {""feature"": ""name_semantic_max"", ""shap"": -0.8185818195343018, ""value"": 0.5352433323860168, ""model_input"": 0.5352433323860168}, {""feature"": ""addr_jaro"", ""shap"": 0.629294216632843, ""value"": 1.0, ""model_input"": 1.0}, {""feature"": ""name_sim_max_pm_dirigeant"", ""shap"": 0.6093027591705322, ""value"": 0.47485380116959064, ""model_input"": 0.47485380116959064}, {""feature"": ""type_of_max_name"", ""shap"": 0.48907458782196045, ""value"": 7.0, ""model_input"": 7.0}, {""feature"": ""addr_levenshtein"", ""shap"": 0.3919883668422699, ""value"": 1.0, ""model_input"": 1.0}, {""feature"": ""name_token_overlap_max"", ""shap"": -0.3600277900695801, ""value"": 0.0, ""model_input"": 0.0}, {""feature"": ""name_semantic_second"", ""shap"": -0.33224645256996155, ""value"": 0.3192867338657379, ""model_input"": 0.3192867338657379}, {""feature"": ""name_jaro_max"", ""shap"": -0.31195393204689026, ""value"": 0.6701754385964912, ""model_input"": 0.6701754385964912}]}"
40,FEMAT,28 RUE LOUIS PRADEL,69960,CORBAS,35263586600010,0.8918639421463013,JV CODEBAT,28 RUE LOUIS PRADEL,CORBAS,69960,69273,FERME,2024-03-30 10:48:32,5,"{""bias"": 1.1616770029067993, ""margin"": 2.109921932220459, ""prob_from_margin"": 0.8918638043962895, ""top"": [{""feature"": ""name_semantic_max"", ""shap"": -2.5559115409851074, ""value"": 0.3211658000946045, ""model_input"": 0.3211658000946045}, {""feature"": ""addr_token_overlap"", ""shap"": 1.2378243207931519, ""value"": 1.0, ""model_input"": 1.0}, {""feature"": ""name_addr_consistency"", ""shap"": 1.1443580389022827, ""value"": 0.0, ""model_input"": 0.0}, {""feature"": ""street_number_diff"", ""shap"": 0.9304516315460205, ""value"": 0.0, ""model_input"": 0.0}, {""feature"": ""name_sim_max_etab"", ""shap"": 0.9169231653213501, ""value"": 0.0, ""model_input"": 0.0}, {""feature"": ""addr_jaro"", ""shap"": 0.8164218068122864, ""value"": 1.0, ""model_input"": 1.0}, {""feature"": ""name_levenshtein_max"", ""shap"": -0.5568482875823975, ""value"": 0.30000000000000004, ""model_input"": 0.30000000000000004}, {""feature"": ""addr_levenshtein"", ""shap"": 0.5353208780288696, ""value"": 1.0, ""model_input"": 1.0}, {""feature"": ""name_sim_max_ul"", ""shap"": -0.5050821900367737, ""value"": 0.0, ""model_input"": 0.0}, {""feature"": ""name_jaro_max"", ""shap"": 0.4565970301628113, ""value"": 0.0, ""model_input"": 0.0}]}"
15,FONTBONNE & FILS,57 Rue Émile Zola,69150,DECINES-CHARPIEU,96650042300035,0.9997566342353821,FONTBONNE ET FILS,57 RUE EMILE ZOLA,DECINES-CHARPIEU,69150,69275,OUVERT,2025-01-14 03:23:53,1,"{""bias"": 1.1616770029067993, ""margin"": 8.320591926574707, ""prob_from_margin"": 0.9997566075382857, ""top"": [{""feature"": ""name_semantic_max"", ""shap"": 2.3741230964660645, ""value"": 0.9718170166015625, ""model_input"": 0.9718170166015625}, {""feature"": ""token_overlap_ul"", ""shap"": 0.9396611452102661, ""value"": 1.0, ""model_input"": 1.0}, {""feature"": ""name_token_overlap_max"", ""shap"": 0.8356159329414368, ""value"": 0.5, ""model_input"": 0.5}, {""feature"": ""name_sim_max_pm_dirigeant"", ""shap"": 0.7748076319694519, ""value"": 0.48806980056980054, ""model_input"": 0.48806980056980054}, {""feature"": ""addr_token_overlap"", ""shap"": 0.5248639583587646, ""value"": 1.0, ""model_input"": 1.0}, {""feature"": ""street_number_diff"", ""shap"": 0.5072206258773804, ""value"": 0.0, ""model_input"": 0.0}, {""feature"": ""name_addr_consistency"", ""shap"": 0.34384503960609436, ""value"": 0.9639705882352941, ""model_input"": 0.9639705882352941}, {""feature"": ""name_sim_max_etab"", ""shap"": 0.29720446467399597, ""value"": 0.48806980056980054, ""model_input"": 0.48806980056980054}, {""feature"": ""name_semantic_second"", ""shap"": -0.29027047753334045, ""value"": 0.3439386487007141, ""model_input"": 0.3439386487007141}, {""feature"": ""is_siege"", ""shap"": 0.2526443898677826, ""value"": 1.0, ""model_input"": 1.0}]}"
15,FONTBONNE & FILS,57 Rue Émile Zola,69150,DECINES-CHARPIEU,33458144400018,0.9254117608070374,PINGEON ET FILS,4 RUE VOUT,DECINES-CHARPIEU,69150,69275,FERME,2024-03-22 15:40:57,2,"{""bias"": 1.1616770029067993, ""margin"": 2.518256425857544, ""prob_from_margin"": 0.9254117942003951, ""top"": [{""feature"": ""name_semantic_max"", ""shap"": 2.8847639560699463, ""value"": 0.7396467924118042, ""model_input"": 0.7396467924118042}, {""feature"": ""name_sim_max_etab"", ""shap"": 1.290187954902649, ""value"": 0.0, ""model_input"": 0.0}, {""feature"": ""name_addr_consistency"", ""shap"": -0.7225401997566223, ""value"": 0.48585165379283035, ""model_input"": 0.48585165379283035}, {""feature"": ""street_number_diff"", ""shap"": -0.5702796578407288, ""value"": 53.0, ""model_input"": 53.0}, {""feature"": ""name_sim_max_pm_dirigeant"", ""shap"": -0.45567843317985535, ""value"": 0.0, ""model_input"": 0.0}, {""feature"": ""addr_token_overlap"", ""shap"": -0.3717118799686432, ""value"": 0.16666666666666666, ""model_input"": 0.16666666666666666}, {""feature"": ""addr_levenshtein"", ""shap"": -0.34034568071365356, ""value"": 0.3529411764705882, ""model_input"": 0.3529411764705882}, {""feature"": ""token_overlap_ul"", ""shap"": 0.3387168049812317, ""value"": 0.5, ""model_input"": 0.5}, {""feature"": ""name_semantic_second"", ""shap"": -0.3242306411266327, ""value"": 0.0, ""model_input"": 0.0}, {""feature"": ""name_jaro_max"", ""shap"": -0.2898693084716797, ""value"": 0.7463383838383839, ""model_input"": 0.7463383838383839}]}"
15,FONTBONNE & FILS,57 Rue Émile Zola,69150,DECINES-CHARPIEU,39756468300019,0.8992959260940552,BEN & FILS,RUE DE CATALOGNE,DECINES-CHARPIEU,69150,69275,OUVERT,2024-03-30 13:22:00,3,"{""bias"": 1.1616770029067993, ""margin"": 2.189424991607666, ""prob_from_margin"": 0.8992958440040958, ""top"": [{""feature"": ""name_semantic_max"", ""shap"": 1.7206677198410034, ""value"": 0.7170606851577759, ""model_input"": 0.7170606851577759}, {""feature"": ""name_token_overlap_max"", ""shap"": 1.1826351881027222, ""value"": 0.5, ""model_input"": 0.5}, {""feature"": ""name_sim_max_etab"", ""shap"": 0.9361100792884827, ""value"": 0.0, ""model_input"": 0.0}, {""feature"": ""addr_token_overlap"", ""shap"": -0.5609293580055237, ""value"": 0.16666666666666666, ""model_input"": 0.16666666666666666}, {""feature"": ""name_sim_max_pm_dirigeant"", ""shap"": -0.5052163004875183, ""value"": 0.0, ""model_input"": 0.0}, {""feature"": ""token_overlap_ul"", ""shap"": 0.4323403835296631, ""value"": 0.5, ""model_input"": 0.5}, {""feature"": ""name_addr_consistency"", ""shap"": -0.43104854226112366, ""value"": 0.4684191176470589, ""model_input"": 0.4684191176470589}, {""feature"": ""name_jaro_max"", ""shap"": -0.396193265914917, ""value"": 0.775, ""model_input"": 0.775}, {""feature"": ""addr_levenshtein"", ""shap"": -0.39520400762557983, ""value"": 0.23529411764705888, ""model_input"": 0.23529411764705888}, {""feature"": ""name_length_max"", ""shap"": -0.36661016941070557, ""value"": 10.0, ""model_input"": 10.0}]}"
15,FONTBONNE & FILS,57 Rue Émile Zola,69150,DECINES-CHARPIEU,34929586500043,0.8912387490272522,NASARRE ET FILS,RUE PAUL ET MARC BARBEZAT,DECINES-CHARPIEU,69150,69275,OUVERT,2025-09-09 05:17:42,4,"{""bias"": 1.1616770029067993, ""margin"": 2.103457450866699, ""prob_from_margin"": 0.8912387708242432, ""top"": [{""feature"": ""name_semantic_max"", ""shap"": 0.711238443851471, ""value"": 0.6318461298942566, ""model_input"": 0.6318461298942566}, {""feature"": ""type_of_max_name"", ""shap"": 0.6945884823799133, ""value"": 7.0, ""model_input"": 7.0}, {""feature"": ""addr_token_overlap"", ""shap"": -0.6877832412719727, ""value"": 0.125, ""model_input"": 0.125}, {""feature"": ""token_overlap_ul"", ""shap"": 0.6202132105827332, ""value"": 0.5, ""model_input"": 0.5}, {""feature"": ""name_sim_max_pm_dirigeant"", ""shap"": 0.4714852571487427, ""value"": 0.45568181818181824, ""model_input"": 0.45568181818181824}, {""feature"": ""name_sim_max_etab"", ""shap"": 0.32251185178756714, ""value"": 0.45568181818181824, ""model_input"": 0.45568181818181824}, {""feature"": ""addr_levenshtein"", ""shap"": -0.2737243175506592, ""value"": 0.28, ""model_input"": 0.28}, {""feature"": ""name_semantic_second"", ""shap"": -0.26543810963630676, ""value"": 0.3998716473579407, ""model_input"": 0.3998716473579407}, {""feature"": ""name_token_overlap_max"", ""shap"": 0.24914765357971191, ""value"": 0.2, ""model_input"": 0.2}, {""feature"": ""name_levenshtein_max"", ""shap"": -0.24556013941764832, ""value"": 0.4375, ""model_input"": 0.4375}]}"
15,FONTBONNE & FILS,57 Rue Émile Zola,69150,DECINES-CHARPIEU,91098499600017,0.8734397292137146,FLTC,57 RUE EMILE ZOLA,DECINES-CHARPIEU,69150,69275,OUVERT,2025-01-19 02:48:56,5,"{""bias"": 1.1616770029067993, ""margin"": 1.9317197799682617, ""prob_from_margin"": 0.8734396513432674, ""top"": [{""feature"": ""addr_token_overlap"", ""shap"": 1.3034549951553345, ""value"": 1.0, ""model_input"": 1.0}, {""feature"": ""name_semantic_max"", ""shap"": -1.1834615468978882, ""value"": 0.507171630859375, ""model_input"": 0.507171630859375}, {""feature"": ""street_number_diff"", ""shap"": 1.0886714458465576, ""value"": 0.0, ""model_input"": 0.0}, {""feature"": ""name_sim_max_etab"", ""shap"": 0.7522621750831604, ""value"": 0.0, ""model_input"": 0.0}, {""feature"": ""name_length_max"", ""shap"": -0.6461853384971619, ""value"": 4.0, ""model_input"": 4.0}, {""feature"": ""addr_jaro"", ""shap"": 0.5653113722801208, ""value"": 1.0, ""model_input"": 1.0}, {""feature"": ""addr_levenshtein"", ""shap"": 0.5302835702896118, ""value"": 1.0, ""model_input"": 1.0}, {""feature"": ""type_of_max_name"", ""shap"": 0.5281158685684204, ""value"": 7.0, ""model_input"": 7.0}, {""feature"": ""name_sim_max_pm_dirigeant"", ""shap"": -0.46049603819847107, ""value"": 0.0, ""model_input"": 0.0}, {""feature"": ""name_addr_consistency"", ""shap"": -0.3494642674922943, ""value"": 0.5416666666666666, ""model_input"": 0.5416666666666666}]}"
44,FOYER NOTRE DAME DES SANS ABRI DECINES CHARPIEU,51 Avenue Franklin Roosevelt,69150,DECINES-CHARPIEU,94273320500010,0.8524395823478699,EURO PARE BRISE + LYON,51 AVENUE FRANKLIN ROOSEVELT,DECINES-CHARPIEU,69150,69275,OUVERT,2025-05-23 05:15:42,1,"{""bias"": 1.1616770029067993, ""margin"": 1.753864049911499, ""prob_from_margin"": 0.8524395090803917, ""top"": [{""feature"": ""name_semantic_max"", ""shap"": -1.982192873954773, ""value"": 0.4365834593772888, ""model_input"": 0.4365834593772888}, {""feature"": ""street_number_diff"", ""shap"": 1.2902393341064453, ""value"": 0.0, ""model_input"": 0.0}, {""feature"": ""addr_token_overlap"", ""shap"": 1.2561503648757935, ""value"": 1.0, ""model_input"": 1.0}, {""feature"": ""name_sim_max_etab"", ""shap"": 0.7738303542137146, ""value"": 0.0, ""model_input"": 0.0}, {""feature"": ""addr_jaro"", ""shap"": 0.6852637529373169, ""value"": 1.0, ""model_input"": 1.0}, {""feature"": ""addr_levenshtein"", ""shap"": 0.5236285924911499, ""value"": 1.0, ""model_input"": 1.0}, {""feature"": ""type_of_max_name"", ""shap"": 0.4514347314834595, ""value"": 7.0, ""model_input"": 7.0}, {""feature"": ""name_semantic_second"", ""shap"": -0.45007166266441345, ""value"": 0.0, ""model_input"": 0.0}, {""feature"": ""name_sim_max_pm_dirigeant"", ""shap"": -0.4362034797668457, ""value"": 0.0, ""model_input"": 0.0}, {""feature"": ""name_levenshtein_max"", ""shap"": -0.40676209330558777, ""value"": 0.2666666666666667, ""model_input"": 0.2666666666666667}]}"
44,FOYER NOTRE DAME DES SANS ABRI DECINES CHARPIEU,51 Avenue Franklin Roosevelt,69150,DECINES-CHARPIEU,81879433100012,0.7513113617897034,DECINES OLYMPIQUE HANDISPORT,51 RUE DANTON,DECINES-CHARPIEU,69150,69275,OUVERT,2025-02-16 02:16:11,2,"{""bias"": 1.1616770029067993, ""margin"": 1.1056172847747803, ""prob_from_margin"": 0.7513111352841674, ""top"": [{""feature"": ""name_semantic_max"", ""shap"": -1.964042067527771, ""value"": 0.4481929540634155, ""model_input"": 0.4481929540634155}, {""feature"": ""name_sim_max_etab"", ""shap"": 0.8100651502609253, ""value"": 0.0, ""model_input"": 0.0}, {""feature"": ""type_of_max_name"", ""shap"": 0.7304574251174927, ""value"": 7.0, ""model_input"": 7.0}, {""feature"": ""street_number_diff"", ""shap"": 0.6075757145881653, ""value"": 0.0, ""model_input"": 0.0}, {""feature"": ""name_semantic_second"", ""shap"": -0.5286563634872437, ""value"": 0.0, ""model_input"": 0.0}, {""feature"": ""addr_levenshtein"", ""shap"": -0.46806129813194275, ""value"": 0.3214285714285714, ""model_input"": 0.3214285714285714}, {""feature"": ""name_length_max"", ""shap"": 0.42505088448524475, ""value"": 28.0, ""model_input"": 28.0}, {""feature"": ""name_token_overlap_max"", ""shap"": -0.4213309586048126, ""value"": 0.0, ""model_input"": 0.0}, {""feature"": ""is_siege"", ""shap"": 0.34787777066230774, ""value"": 1.0, ""model_input"": 1.0}, {""feature"": ""name_city_overlap_max"", ""shap"": 0.34758904576301575, ""value"": 0.25, ""model_input"": 0.25}]}"
44,FOYER NOTRE DAME DES SANS ABRI DECINES CHARPIEU,51 Avenue Franklin Roosevelt,69150,DECINES-CHARPIEU,33128901700013,0.7401056289672852,JUM'SERVICE,195 AVENUE FRANKLIN ROOSEVELT,DECINES-CHARPIEU,69150,69275,FERME,2024-03-30 11:33:54,3,"{""bias"": 1.1616770029067993, ""margin"": 1.046517014503479, ""prob_from_margin"": 0.740105509682411, ""top"": [{""feature"": ""name_semantic_max"", ""shap"": -1.4493367671966553, ""value"": 0.5315767526626587, ""model_input"": 0.5315767526626587}, {""feature"": ""name_jaro_max"", ""shap"": 0.8505746722221375, ""value"": 0.3323232323232323, ""model_input"": 0.3323232323232323}, {""feature"": ""name_sim_max_etab"", ""shap"": 0.8391395807266235, ""value"": 0.0, ""model_input"": 0.0}, {""feature"": ""street_number_diff"", ""shap"": -0.7265799641609192, ""value"": 144.0, ""model_input"": 144.0}, {""feature"": ""type_of_max_name"", ""shap"": 0.6499232053756714, ""value"": 7.0, ""model_input"": 7.0}, {""feature"": ""addr_token_overlap"", ""shap"": 0.6314157843589783, ""value"": 0.6, ""model_input"": 0.6}, {""feature"": ""name_addr_consistency"", ""shap"": 0.5987311601638794, ""value"": 0.32454719609892024, ""model_input"": 0.32454719609892024}, {""feature"": ""name_token_overlap_max"", ""shap"": -0.4305529296398163, ""value"": 0.0, ""model_input"": 0.0}, {""feature"": ""name_sim_max_ul"", ""shap"": -0.4303072392940521, ""value"": 0.3323232323232323, ""model_input"": 0.3323232323232323}, {""feature"": ""name_length_max"", ""shap"": -0.4294409155845642, ""value"": 11.0, ""model_input"": 11.0}]}"
44,FOYER NOTRE DAME DES SANS ABRI DECINES CHARPIEU,51 Avenue Franklin Roosevelt,69150,DECINES-CHARPIEU,44303932600022,0.7165942192077637,DITIB,127 AVENUE FRANKLIN ROOSEVELT,DECINES-CHARPIEU,69150,69275,OUVERT,2024-03-30 14:25:39,4,"{""bias"": 1.1616770029067993, ""margin"": 0.9276312589645386, ""prob_from_margin"": 0.7165944722831724, ""top"": [{""feature"": ""name_semantic_max"", ""shap"": -1.9414764642715454, ""value"": 0.48077550530433655, ""model_input"": 0.48077550530433655}, {""feature"": ""name_jaro_max"", ""shap"": 1.0289250612258911, ""value"": 0.32222222222222224, ""model_input"": 0.32222222222222224}, {""feature"": ""street_number_diff"", ""shap"": -0.8645346760749817, ""value"": 76.0, ""model_input"": 76.0}, {""feature"": ""name_sim_max_etab"", ""shap"": 0.8325327634811401, ""value"": 0.0, ""model_input"": 0.0}, {""feature"": ""addr_token_overlap"", ""shap"": 0.587537407875061, ""value"": 0.6, ""model_input"": 0.6}, {""feature"": ""name_addr_consistency"", ""shap"": 0.5477685928344727, ""value"": 0.31097883597883597, ""model_input"": 0.31097883597883597}, {""feature"": ""type_of_max_name"", ""shap"": 0.5284010767936707, ""value"": 7.0, ""model_input"": 7.0}, {""feature"": ""name_token_overlap_max"", ""shap"": -0.4237392544746399, ""value"": 0.0, ""model_input"": 0.0}, {""feature"": ""addr_levenshtein"", ""shap"": 0.3953832983970642, ""value"": 0.896551724137931, ""model_input"": 0.896551724137931}, {""feature"": ""name_sim_max_ul"", ""shap"": -0.38932010531425476, ""value"": 0.32222222222222224, ""model_input"": 0.32222222222222224}]}"
44,FOYER NOTRE DAME DES SANS ABRI DECINES CHARPIEU,51 Avenue Franklin Roosevelt,69150,DECINES-CHARPIEU,90182384900020,0.7069314122200012,SD2E,185 AVENUE FRANKLIN ROOSEVELT,DECINES-CHARPIEU,69150,69275,FERME,2025-02-01 02:13:05,5,"{""bias"": 1.1616770029067993, ""margin"": 0.8805278539657593, ""prob_from_margin"": 0.7069315934611121, ""top"": [{""feature"": ""name_semantic_max"", ""shap"": -1.973408818244934, ""value"": 0.47881123423576355, ""model_input"": 0.47881123423576355}, {""feature"": ""name_sim_max_etab"", ""shap"": 0.8950377106666565, ""value"": 0.0, ""model_input"": 0.0}, {""feature"": ""name_jaro_max"", ""shap"": 0.8877890706062317, ""value"": 0.35555555555555557, ""model_input"": 0.35555555555555557}, {""feature"": ""street_number_diff"", ""shap"": -0.7626931071281433, ""value"": 134.0, ""model_input"": 134.0}, {""feature"": ""addr_token_overlap"", ""shap"": 0.5751788020133972, ""value"": 0.6, ""model_input"": 0.6}, {""feature"": ""name_addr_consistency"", ""shap"": 0.5591722726821899, ""value"": 0.34723590585659553, ""model_input"": 0.34723590585659553}, {""feature"": ""type_of_max_name"", ""shap"": 0.5495090484619141, ""value"": 7.0, ""model_input"": 7.0}, {""feature"": ""name_length_max"", ""shap"": -0.43927714228630066, ""value"": 4.0, ""model_input"": 4.0}, {""feature"": ""name_token_overlap_max"", ""shap"": -0.42747437953948975, ""value"": 0.0, ""model_input"": 0.0}, {""feature"": ""token_overlap_ul"", ""shap"": -0.35157841444015503, ""value"": 0.0, ""model_input"": 0.0}]}"
104,FRANCE VIANDES,30 Avenue du 24 Août 1944,69960,CORBAS,31563143200046,0.9998871088027954,FRANCE VIANDES,30 AVENUE DU 24 AOUT 1944,CORBAS,69960,69273,OUVERT,2024-03-30 07:22:28,1,"{""bias"": 1.1616770029067993, ""margin"": 9.089599609375, ""prob_from_margin"": 0.999887179493053, ""top"": [{""feature"": ""name_semantic_max"", ""shap"": 2.2276978492736816, ""value"": 1.0, ""model_input"": 1.0}, {""feature"": ""token_overlap_ul"", ""shap"": 0.9936000108718872, ""value"": 1.0, ""model_input"": 1.0}, {""feature"": ""name_sim_max_pm_dirigeant"", ""shap"": 0.9868521690368652, ""value"": 0.5669427191166322, ""model_input"": 0.5669427191166322}, {""feature"": ""name_token_overlap_max"", ""shap"": 0.9173291921615601, ""value"": 1.0, ""model_input"": 1.0}, {""feature"": ""name_crm_contains_cand_max"", ""shap"": 0.6656365394592285, ""value"": 1.0, ""model_input"": 1.0}, {""feature"": ""addr_token_overlap"", ""shap"": 0.5482382774353027, ""value"": 1.0, ""model_input"": 1.0}, {""feature"": ""street_number_diff"", ""shap"": 0.417940616607666, ""value"": 0.0, ""model_input"": 0.0}, {""feature"": ""is_siege"", ""shap"": 0.3445172905921936, ""value"": 1.0, ""model_input"": 1.0}, {""feature"": ""name_addr_consistency"", ""shap"": 0.27741679549217224, ""value"": 1.0, ""model_input"": 1.0}, {""feature"": ""name_sim_max_ul"", ""shap"": 0.2528567910194397, ""value"": 1.0, ""model_input"": 1.0}]}"
104,FRANCE VIANDES,30 Avenue du 24 Août 1944,69960,CORBAS,30903362900028,0.9953338503837585,SOC LYONNAISE DES VIANDES,1 AV MONTMARTIN,CORBAS,69960,69273,FERME,2024-03-22 15:40:57,2,"{""bias"": 1.1616770029067993, ""margin"": 5.362729549407959, ""prob_from_margin"": 0.995333783405756, ""top"": [{""feature"": ""name_semantic_max"", ""shap"": 2.714228630065918, ""value"": 0.7499307990074158, ""model_input"": 0.7499307990074158}, {""feature"": ""name_sim_max_etab"", ""shap"": 1.351171612739563, ""value"": 0.0, ""model_input"": 0.0}, {""feature"": ""token_overlap_ul"", ""shap"": 0.5656077861785889, ""value"": 0.5, ""model_input"": 0.5}, {""feature"": ""name_sim_max_pm_dirigeant"", ""shap"": -0.4214034974575043, ""value"": 0.0, ""model_input"": 0.0}, {""feature"": ""name_addr_consistency"", ""shap"": 0.4089280962944031, ""value"": 0.32728359788359784, ""model_input"": 0.32728359788359784}, {""feature"": ""name_semantic_second"", ""shap"": -0.3915516436100006, ""value"": 0.0, ""model_input"": 0.0}, {""feature"": ""street_number_diff"", ""shap"": -0.34823596477508545, ""value"": 29.0, ""model_input"": 29.0}, {""feature"": ""type_of_max_name"", ""shap"": 0.3218792676925659, ""value"": 7.0, ""model_input"": 7.0}, {""feature"": ""street_name_jaro"", ""shap"": 0.31372886896133423, ""value"": 0.5236430236430237, ""model_input"": 0.5236430236430237}, {""feature"": ""addr_token_overlap"", ""shap"": -0.29306507110595703, ""value"": 0.0, ""model_input"": 0.0}]}"
104,FRANCE VIANDES,30 Avenue du 24 Août 1944,69960,CORBAS,95550756100020,0.9904797673225403,SOCIETE LYONNAISE DES VIANDES,1 AVENUE DE MONTMARTIN,CORBAS,69960,69273,FERME,2024-03-30 12:06:50,3,"{""bias"": 1.1616770029067993, ""margin"": 4.644773483276367, ""prob_from_margin"": 0.9904797987559782, ""top"": [{""feature"": ""name_semantic_max"", ""shap"": 2.794095754623413, ""value"": 0.7777673006057739, ""model_input"": 0.7777673006057739}, {""feature"": ""name_sim_max_etab"", ""shap"": 1.3816959857940674, ""value"": 0.0, ""model_input"": 0.0}, {""feature"": ""token_overlap_ul"", ""shap"": 0.5994610786437988, ""value"": 0.5, ""model_input"": 0.5}, {""feature"": ""street_number_diff"", ""shap"": -0.4215322434902191, ""value"": 29.0, ""model_input"": 29.0}, {""feature"": ""street_name_jaro"", ""shap"": -0.4088101387023926, ""value"": 0.6873737373737373, ""model_input"": 0.6873737373737373}, {""feature"": ""addr_token_overlap"", ""shap"": -0.38093650341033936, ""value"": 0.1111111111111111, ""model_input"": 0.1111111111111111}, {""feature"": ""name_sim_max_pm_dirigeant"", ""shap"": -0.3338314890861511, ""value"": 0.0, ""model_input"": 0.0}, {""feature"": ""name_addr_consistency"", ""shap"": 0.3016093075275421, ""value"": 0.37495702764668276, ""model_input"": 0.37495702764668276}, {""feature"": ""name_semantic_second"", ""shap"": -0.29451751708984375, ""value"": 0.0, ""model_input"": 0.0}, {""feature"": ""type_of_max_name"", ""shap"": 0.2591940462589264, ""value"": 7.0, ""model_input"": 7.0}]}"
104,FRANCE VIANDES,30 Avenue du 24 Août 1944,69960,CORBAS,41365427800014,0.990016758441925,MARCHE DES VIANDES DE LYON,4 RUE DU MONT BLANC,CORBAS,69960,69273,FERME,2025-01-26 03:03:01,4,"{""bias"": 1.1616770029067993, ""margin"": 4.596815586090088, ""prob_from_margin"": 0.9900167738443746, ""top"": [{""feature"": ""name_semantic_max"", ""shap"": 1.8402230739593506, ""value"": 0.6853101253509521, ""model_input"": 0.6853101253509521}, {""feature"": ""name_sim_max_etab"", ""shap"": 1.3272665739059448, ""value"": 0.0, ""model_input"": 0.0}, {""feature"": ""token_overlap_ul"", ""shap"": 0.6099525690078735, ""value"": 0.5, ""model_input"": 0.5}, {""feature"": ""street_number_diff"", ""shap"": -0.4888787865638733, ""value"": 26.0, ""model_input"": 26.0}, {""feature"": ""name_addr_consistency"", ""shap"": 0.4755587577819824, ""value"": 0.3425005890795364, ""model_input"": 0.3425005890795364}, {""feature"": ""name_length_max"", ""shap"": 0.45354676246643066, ""value"": 26.0, ""model_input"": 26.0}, {""feature"": ""name_sim_max_pm_dirigeant"", ""shap"": -0.3899998366832733, ""value"": 0.0, ""model_input"": 0.0}, {""feature"": ""type_of_max_name"", ""shap"": 0.3554081320762634, ""value"": 7.0, ""model_input"": 7.0}, {""feature"": ""addr_levenshtein"", ""shap"": -0.3538234829902649, ""value"": 0.36, ""model_input"": 0.36}, {""feature"": ""name_semantic_second"", ""shap"": -0.34483957290649414, ""value"": 0.0, ""model_input"": 0.0}]}"
104,FRANCE VIANDES,30 Avenue du 24 Août 1944,69960,CORBAS,31563143200038,0.9892833232879639,FRANCE VIANDES,36 AVENUE DE MONTMARTIN,CORBAS,69960,69273,FERME,2025-02-07 02:14:12,5,"{""bias"": 1.1616770029067993, ""margin"": 4.525176048278809, ""prob_from_margin"": 0.9892832849362985, ""top"": [{""feature"": ""name_semantic_max"", ""shap"": 2.4751644134521484, ""value"": 1.0, ""model_input"": 1.0}, {""feature"": ""name_sim_max_pm_dirigeant"", ""shap"": 1.2529349327087402, ""value"": 0.5669427191166322, ""model_input"": 0.5669427191166322}, {""feature"": ""name_token_overlap_max"", ""shap"": 1.144010066986084, ""value"": 1.0, ""model_input"": 1.0}, {""feature"": ""token_overlap_ul"", ""shap"": 1.1266285181045532, ""value"": 1.0, ""model_input"": 1.0}, {""feature"": ""addr_token_overlap"", ""shap"": -0.9773651957511902, ""value"": 0.1111111111111111, ""model_input"": 0.1111111111111111}, {""feature"": ""is_siege"", ""shap"": -0.8368127346038818, ""value"": 0.0, ""model_input"": 0.0}, {""feature"": ""street_number_diff"", ""shap"": -0.5804189443588257, ""value"": 6.0, ""model_input"": 6.0}, {""feature"": ""name_crm_contains_cand_max"", ""shap"": 0.34562739729881287, ""value"": 1.0, ""model_input"": 1.0}, {""feature"": ""name_sim_max_etab"", ""shap"": -0.2871236503124237, ""value"": 0.5669427191166322, ""model_input"": 0.5669427191166322}, {""feature"": ""street_name_jaro"", ""shap"": -0.2798963487148285, ""value"": 0.6873737373737373, ""model_input"": 0.6873737373737373}]}"
105,FRIGO TRANSPORTS 69,Rue de la Vanoise,69960,CORBAS,34450958300052,0.9990335702896118,FRIGO TRANSPORTS 69,RUE DE LA VANOISE,CORBAS,69960,69273,OUVERT,2024-03-30 01:56:04,1,"{""bias"": 1.1616770029067993, ""margin"": 6.94087553024292, ""prob_from_margin"": 0.9990335127823561, ""top"": [{""feature"": ""name_semantic_max"", ""shap"": 2.1978816986083984, ""value"": 1.0000001192092896, ""model_input"": 1.0000001192092896}, {""feature"": ""name_sim_max_pm_dirigeant"", ""shap"": 1.2740600109100342, ""value"": 0.6586921850079746, ""model_input"": 0.6586921850079746}, {""feature"": ""name_token_overlap_max"", ""shap"": 0.9995304346084595, ""value"": 1.0, ""model_input"": 1.0}, {""feature"": ""token_overlap_ul"", ""shap"": 0.8527998328208923, ""value"": 1.0, ""model_input"": 1.0}, {""feature"": ""name_sim_max_etab"", ""shap"": -0.6213335394859314, ""value"": 0.6586921850079746, ""model_input"": 0.6586921850079746}, {""feature"": ""addr_token_overlap"", ""shap"": 0.6183995604515076, ""value"": 1.0, ""model_input"": 1.0}, {""feature"": ""name_crm_contains_cand_max"", ""shap"": 0.5572327375411987, ""value"": 1.0, ""model_input"": 1.0}, {""feature"": ""is_siege"", ""shap"": -0.41998839378356934, ""value"": 0.0, ""model_input"": 0.0}, {""feature"": ""name_semantic_second"", ""shap"": -0.3874378502368927, ""value"": 0.3915826678276062, ""model_input"": 0.3915826678276062}, {""feature"": ""name_addr_consistency"", ""shap"": 0.2835445702075958, ""value"": 1.0, ""model_input"": 1.0}]}"
105,FRIGO TRANSPORTS 69,Rue de la Vanoise,69960,CORBAS,45285394800035,0.9911516308784485,LOGISTIQUE TRANSPORTS FRIGO MARCEL OMONT,4 RUE DU MONT BLANC,CORBAS,69960,69273,OUVERT,2025-01-18 02:24:22,2,"{""bias"": 1.1616770029067993, ""margin"": 4.718637943267822, ""prob_from_margin"": 0.9911516622286057, ""top"": [{""feature"": ""name_semantic_max"", ""shap"": 2.441378355026245, ""value"": 0.74637371301651, ""model_input"": 0.74637371301651}, {""feature"": ""token_overlap_ul"", ""shap"": 1.2995717525482178, ""value"": 1.0, ""model_input"": 1.0}, {""feature"": ""name_sim_max_pm_dirigeant"", ""shap"": 1.1356087923049927, ""value"": 0.5573656363130047, ""model_input"": 0.5573656363130047}, {""feature"": ""addr_token_overlap"", ""shap"": -0.7676595449447632, ""value"": 0.125, ""model_input"": 0.125}, {""feature"": ""name_token_overlap_max"", ""shap"": 0.6747800707817078, ""value"": 0.3333333333333333, ""model_input"": 0.3333333333333333}, {""feature"": ""name_semantic_second"", ""shap"": -0.4164685308933258, ""value"": 0.39212942123413086, ""model_input"": 0.39212942123413086}, {""feature"": ""street_number_diff"", ""shap"": 0.3488847315311432, ""value"": 9999.0, ""model_input"": 9999.0}, {""feature"": ""is_siege"", ""shap"": -0.3042896091938019, ""value"": 0.0, ""model_input"": 0.0}, {""feature"": ""addr_jaro"", ""shap"": -0.29644665122032166, ""value"": 0.5904869124683366, ""model_input"": 0.5904869124683366}, {""feature"": ""name_jaro_gap"", ""shap"": -0.23857370018959045, ""value"": 0.0233361180729601, ""model_input"": 0.0233361180729601}]}"
105,FRIGO TRANSPORTS 69,Rue de la Vanoise,69960,CORBAS,89746951600016,0.969844400882721,LES FRIGOS DU RHONE,51 RUE MARCEL MERIEUX,CORBAS,69960,69273,OUVERT,2025-01-16 02:57:27,3,"{""bias"": 1.1616770029067993, ""margin"": 3.470764636993408, ""prob_from_margin"": 0.9698443893145151, ""top"": [{""feature"": ""name_semantic_max"", ""shap"": 1.194201946258545, ""value"": 0.6739897727966309, ""model_input"": 0.6739897727966309}, {""feature"": ""token_overlap_ul"", ""shap"": 0.8175758123397827, ""value"": 0.5, ""model_input"": 0.5}, {""feature"": ""name_sim_max_pm_dirigeant"", ""shap"": 0.7452439665794373, ""value"": 0.4795321637426901, ""model_input"": 0.4795321637426901}, {""feature"": ""type_of_max_name"", ""shap"": 0.48479729890823364, ""value"": 7.0, ""model_input"": 7.0}, {""feature"": ""name_token_overlap_max"", ""shap"": -0.4526174068450928, ""value"": 0.0, ""model_input"": 0.0}, {""feature"": ""name_sim_max_etab"", ""shap"": 0.4236629009246826, ""value"": 0.4795321637426901, ""model_input"": 0.4795321637426901}, {""feature"": ""addr_token_overlap"", ""shap"": -0.4236592650413513, ""value"": 0.14285714285714285, ""model_input"": 0.14285714285714285}, {""feature"": ""name_addr_consistency"", ""shap"": 0.40858012437820435, ""value"": 0.33623869537182227, ""model_input"": 0.33623869537182227}, {""feature"": ""name_semantic_second"", ""shap"": -0.37636810541152954, ""value"": 0.27901163697242737, ""model_input"": 0.27901163697242737}, {""feature"": ""addr_jaro"", ""shap"": -0.32975003123283386, ""value"": 0.5721076309311603, ""model_input"": 0.5721076309311603}]}"
105,FRIGO TRANSPORTS 69,Rue de la Vanoise,69960,CORBAS,58378011900058,0.9549742937088013,TRANSPORTS RAYMOND DUCROUX,RUE DE LA VANOISE,CORBAS,69960,69273,FERME,2024-03-30 03:14:56,4,"{""bias"": 1.1616770029067993, ""margin"": 3.054450511932373, ""prob_from_margin"": 0.9549742793894956, ""top"": [{""feature"": ""addr_token_overlap"", ""shap"": 1.2072527408599854, ""value"": 1.0, ""model_input"": 1.0}, {""feature"": ""name_sim_max_etab"", ""shap"": 0.7019867300987244, ""value"": 0.0, ""model_input"": 0.0}, {""feature"": ""name_semantic_max"", ""shap"": -0.5865447521209717, ""value"": 0.5640106797218323, ""model_input"": 0.5640106797218323}, {""feature"": ""addr_jaro"", ""shap"": 0.5584614276885986, ""value"": 1.0, ""model_input"": 1.0}, {""feature"": ""name_sim_max_pm_dirigeant"", ""shap"": -0.44598451256752014, ""value"": 0.0, ""model_input"": 0.0}, {""feature"": ""name_semantic_second"", ""shap"": 0.4218798279762268, ""value"": 0.5306525230407715, ""model_input"": 0.5306525230407715}, {""feature"": ""token_overlap_ul"", ""shap"": 0.3758525848388672, ""value"": 0.5, ""model_input"": 0.5}, {""feature"": ""type_of_max_name"", ""shap"": 0.26520493626594543, ""value"": 7.0, ""model_input"": 7.0}, {""feature"": ""name_count"", ""shap"": 0.25709161162376404, ""value"": 2.0, ""model_input"": 2.0}, {""feature"": ""name_length_max"", ""shap"": -0.22614596784114838, ""value"": 12.0, ""model_input"": 12.0}]}"
105,FRIGO TRANSPORTS 69,Rue de la Vanoise,69960,CORBAS,31822472200021,0.8292456269264221,LOCATION ET TRANSPORTS F. MARGIOTTA,20 AVENUE DU 24 AOUT 1944,CORBAS,69960,69273,FERME,2024-03-30 12:27:03,5,"{""bias"": 1.1616770029067993, ""margin"": 1.5802905559539795, ""prob_from_margin"": 0.8292456638500275, ""top"": [{""feature"": ""name_semantic_max"", ""shap"": -1.4448275566101074, ""value"": 0.5364474058151245, ""model_input"": 0.5364474058151245}, {""feature"": ""name_sim_max_etab"", ""shap"": 0.9176700115203857, ""value"": 0.0, ""model_input"": 0.0}, {""feature"": ""token_overlap_ul"", ""shap"": 0.8285684585571289, ""value"": 0.5, ""model_input"": 0.5}, {""feature"": ""type_of_max_name"", ""shap"": 0.8026739358901978, ""value"": 7.0, ""model_input"": 7.0}, {""feature"": ""addr_levenshtein"", ""shap"": -0.5083417296409607, ""value"": 0.24, ""model_input"": 0.24}, {""feature"": ""name_jaro_gap"", ""shap"": 0.469898521900177, ""value"": 0.5837928153717628, ""model_input"": 0.5837928153717628}, {""feature"": ""addr_token_overlap"", ""shap"": -0.3967089056968689, ""value"": 0.0, ""model_input"": 0.0}, {""feature"": ""name_sim_max_pm_dirigeant"", ""shap"": -0.39542263746261597, ""value"": 0.0, ""model_input"": 0.0}, {""feature"": ""addr_jaro"", ""shap"": -0.372463196516037, ""value"": 0.5897385620915033, ""model_input"": 0.5897385620915033}, {""feature"": ""name_semantic_second"", ""shap"": -0.3626636266708374, ""value"": 0.0, ""model_input"": 0.0}]}"
39,FRUITAS SANCHEZ,69 Rue Marcel Mérieux,69960,CORBAS,31554738000024,0.9995800852775574,FRUTAS SANCHEZ,69 RUE MARCEL MERIEUX,CORBAS,69960,69273,OUVERT,2025-01-19 02:17:55,1,"{""bias"": 1.1616770029067993, ""margin"": 7.775121212005615, ""prob_from_margin"": 0.9995801198230457, ""top"": [{""feature"": ""name_semantic_max"", ""shap"": 2.5110113620758057, ""value"": 0.9744631052017212, ""model_input"": 0.9744631052017212}, {""feature"": ""name_sim_max_pm_dirigeant"", ""shap"": 1.035936713218689, ""value"": 0.5603174603174603, ""model_input"": 0.5603174603174603}, {""feature"": ""addr_token_overlap"", ""shap"": 0.6548941135406494, ""value"": 1.0, ""model_input"": 1.0}, {""feature"": ""name_token_overlap_max"", ""shap"": 0.5588424801826477, ""value"": 0.3333333333333333, ""model_input"": 0.3333333333333333}, {""feature"": ""street_number_diff"", ""shap"": 0.43527600169181824, ""value"": 0.0, ""model_input"": 0.0}, {""feature"": ""token_overlap_ul"", ""shap"": 0.37540513277053833, ""value"": 0.5, ""model_input"": 0.5}, {""feature"": ""name_sim_max_ul"", ""shap"": 0.3693603575229645, ""value"": 0.9844444444444445, ""model_input"": 0.9844444444444445}, {""feature"": ""addr_jaro"", ""shap"": 0.26184090971946716, ""value"": 1.0, ""model_input"": 1.0}, {""feature"": ""name_addr_consistency"", ""shap"": 0.24825385212898254, ""value"": 0.9844444444444445, ""model_input"": 0.9844444444444445}, {""feature"": ""name_semantic_second"", ""shap"": -0.22330182790756226, ""value"": 0.2603399157524109, ""model_input"": 0.2603399157524109}]}"
39,FRUITAS SANCHEZ,69 Rue Marcel Mérieux,69960,CORBAS,51112302800017,0.9947848916053772,RHONE FRUITS,69 RUE MARCEL MERIEUX,CORBAS,69960,69273,OUVERT,2025-04-29 11:26:25,2,"{""bias"": 1.1616770029067993, ""margin"": 5.250970363616943, ""prob_from_margin"": 0.9947849108658313, ""top"": [{""feature"": ""addr_token_overlap"", ""shap"": 1.1081979274749756, ""value"": 1.0, ""model_input"": 1.0}, {""feature"": ""name_semantic_max"", ""shap"": 1.085556983947754, ""value"": 0.6773715615272522, ""model_input"": 0.6773715615272522}, {""feature"": ""street_number_diff"", ""shap"": 0.9756031632423401, ""value"": 0.0, ""model_input"": 0.0}, {""feature"": ""name_sim_max_pm_dirigeant"", ""shap"": 0.8636720180511475, ""value"": 0.6095959595959596, ""model_input"": 0.6095959595959596}, {""feature"": ""name_semantic_second"", ""shap"": 0.7019359469413757, ""value"": 0.6552348732948303, ""model_input"": 0.6552348732948303}, {""feature"": ""name_sim_max_etab"", ""shap"": -0.3963349163532257, ""value"": 0.6095959595959596, ""model_input"": 0.6095959595959596}, {""feature"": ""addr_levenshtein"", ""shap"": 0.37237638235092163, ""value"": 1.0, ""model_input"": 1.0}, {""feature"": ""addr_jaro"", ""shap"": 0.34614017605781555, ""value"": 1.0, ""model_input"": 1.0}, {""feature"": ""name_addr_consistency"", ""shap"": -0.31242668628692627, ""value"": 0.6095959595959596, ""model_input"": 0.6095959595959596}, {""feature"": ""name_token_overlap_max"", ""shap"": -0.29783162474632263, ""value"": 0.0, ""model_input"": 0.0}]}"
39,FRUITAS SANCHEZ,69 Rue Marcel Mérieux,69960,CORBAS,44242245700055,0.9925354719161987,BLAMPIN FRUITS,69 RUE MARCEL MERIEUX,CORBAS,69960,69273,FERME,2024-03-22 15:40:57,3,"{""bias"": 1.1616770029067993, ""margin"": 4.89009428024292, ""prob_from_margin"": 0.9925354255382001, ""top"": [{""feature"": ""addr_token_overlap"", ""shap"": 1.1249706745147705, ""value"": 1.0, ""model_input"": 1.0}, {""feature"": ""street_number_diff"", ""shap"": 1.0201013088226318, ""value"": 0.0, ""model_input"": 0.0}, {""feature"": ""name_semantic_max"", ""shap"": 0.8633251786231995, ""value"": 0.6284219622612, ""model_input"": 0.6284219622612}, {""feature"": ""name_sim_max_etab"", ""shap"": 0.8226789236068726, ""value"": 0.0, ""model_input"": 0.0}, {""feature"": ""name_semantic_second"", ""shap"": 0.6402609348297119, ""value"": 0.540684163570404, ""model_input"": 0.540684163570404}, {""feature"": ""addr_levenshtein"", ""shap"": 0.451626718044281, ""value"": 1.0, ""model_input"": 1.0}, {""feature"": ""addr_jaro"", ""shap"": 0.4204614460468292, ""value"": 1.0, ""model_input"": 1.0}, {""feature"": ""name_addr_consistency"", ""shap"": -0.3759492039680481, ""value"": 0.5005698005698006, ""model_input"": 0.5005698005698006}, {""feature"": ""name_sim_max_pm_dirigeant"", ""shap"": -0.3645564019680023, ""value"": 0.0, ""model_input"": 0.0}, {""feature"": ""type_of_max_name"", ""shap"": 0.31785523891448975, ""value"": 7.0, ""model_input"": 7.0}]}"
39,FRUITAS SANCHEZ,69 Rue Marcel Mérieux,69960,CORBAS,44242245700048,0.9917460083961487,BLAMPIN FRUITS,69 RUE MARCEL MERIEUX,CORBAS,69960,69273,FERME,2024-03-22 15:40:57,4,"{""bias"": 1.1616770029067993, ""margin"": 4.788768768310547, ""prob_from_margin"": 0.9917459973275512, ""top"": [{""feature"": ""addr_token_overlap"", ""shap"": 1.0762279033660889, ""value"": 1.0, ""model_input"": 1.0}, {""feature"": ""street_number_diff"", ""shap"": 1.007989764213562, ""value"": 0.0, ""model_input"": 0.0}, {""feature"": ""name_semantic_max"", ""shap"": 0.8539040684700012, ""value"": 0.6284219622612, ""model_input"": 0.6284219622612}, {""feature"": ""name_sim_max_etab"", ""shap"": 0.7905619144439697, ""value"": 0.0, ""model_input"": 0.0}, {""feature"": ""name_semantic_second"", ""shap"": 0.673032283782959, ""value"": 0.540684163570404, ""model_input"": 0.540684163570404}, {""feature"": ""addr_levenshtein"", ""shap"": 0.4206979274749756, ""value"": 1.0, ""model_input"": 1.0}, {""feature"": ""addr_jaro"", ""shap"": 0.41461119055747986, ""value"": 1.0, ""model_input"": 1.0}, {""feature"": ""name_addr_consistency"", ""shap"": -0.4012075364589691, ""value"": 0.5005698005698006, ""model_input"": 0.5005698005698006}, {""feature"": ""name_sim_max_pm_dirigeant"", ""shap"": -0.3649172782897949, ""value"": 0.0, ""model_input"": 0.0}, {""feature"": ""type_of_max_name"", ""shap"": 0.34650200605392456, ""value"": 7.0, ""model_input"": 7.0}]}"
39,FRUITAS SANCHEZ,69 Rue Marcel Mérieux,69960,CORBAS,53194863600018,0.9894604682922363,GIE DU MARCHE DE GROS LYON CORBAS,69 RUE MARCEL MERIEUX,CORBAS,69960,69273,OUVERT,2024-03-30 01:27:32,5,"{""bias"": 1.1616770029067993, ""margin"": 4.542027473449707, ""prob_from_margin"": 0.9894604763484529, ""top"": [{""feature"": ""name_semantic_max"", ""shap"": 2.3566534519195557, ""value"": 0.9308371543884277, ""model_input"": 0.9308371543884277}, {""feature"": ""name_semantic_second"", ""shap"": 0.9674099683761597, ""value"": 0.6819789409637451, ""model_input"": 0.6819789409637451}, {""feature"": ""name_count"", ""shap"": -0.9145218729972839, ""value"": 17.0, ""model_input"": 17.0}, {""feature"": ""name_sim_max_pm_dirigeant"", ""shap"": 0.8139853477478027, ""value"": 0.6052910052910053, ""model_input"": 0.6052910052910053}, {""feature"": ""addr_token_overlap"", ""shap"": 0.6382936239242554, ""value"": 1.0, ""model_input"": 1.0}, {""feature"": ""street_number_diff"", ""shap"": 0.5959569811820984, ""value"": 0.0, ""model_input"": 0.0}, {""feature"": ""token_overlap_ul"", ""shap"": -0.47007277607917786, ""value"": 0.0, ""model_input"": 0.0}, {""feature"": ""name_addr_consistency"", ""shap"": -0.42057403922080994, ""value"": 0.6052910052910053, ""model_input"": 0.6052910052910053}, {""feature"": ""name_sim_max_ul"", ""shap"": -0.29476454854011536, ""value"": 0.4898989898989899, ""model_input"": 0.4898989898989899}, {""feature"": ""addr_levenshtein"", ""shap"": 0.2562193274497986, ""value"": 1.0, ""model_input"": 1.0}]}"
0,Filmor,33 Avenue Franklin Roosevelt,69150,DECINES CHARPIEU,53257969500018,0.96962970495224,HYBAT,33 AVENUE FRANKLIN ROOSEVELT,DECINES-CHARPIEU,69150,69275,OUVERT,2024-03-30 10:08:58,1,"{""bias"": 1.1616770029067993, ""margin"": 3.463451385498047, ""prob_from_margin"": 0.9696297676313176, ""top"": [{""feature"": ""name_semantic_max"", ""shap"": -3.1179099082946777, ""value"": 0.2955278158187866, ""model_input"": 0.2955278158187866}, {""feature"": ""addr_token_overlap"", ""shap"": 1.1833826303482056, ""value"": 1.0, ""model_input"": 1.0}, {""feature"": ""name_addr_consistency"", ""shap"": 1.11974036693573, ""value"": 0.0, ""model_input"": 0.0}, {""feature"": ""street_number_diff"", ""shap"": 1.0453660488128662, ""value"": 0.0, ""model_input"": 0.0}, {""feature"": ""addr_jaro"", ""shap"": 1.0283089876174927, ""value"": 1.0, ""model_input"": 1.0}, {""feature"": ""name_sim_max_etab"", ""shap"": 0.8410736322402954, ""value"": 0.0, ""model_input"": 0.0}, {""feature"": ""addr_levenshtein"", ""shap"": 0.6188194155693054, ""value"": 1.0, ""model_input"": 1.0}, {""feature"": ""name_jaro_max"", ""shap"": 0.5385581254959106, ""value"": 0.0, ""model_input"": 0.0}, {""feature"": ""name_sim_max_ul"", ""shap"": -0.4334202706813812, ""value"": 0.0, ""model_input"": 0.0}, {""feature"": ""name_semantic_second"", ""shap"": -0.3253580629825592, ""value"": 0.0, ""model_input"": 0.0}]}"
0,Filmor,33 Avenue Franklin Roosevelt,69150,DECINES CHARPIEU,21690275900010,0.7993337512016296,MAIRIE,PLACE ROGER SALENGRO,DECINES-CHARPIEU,69150,69275,OUVERT,2025-02-15 02:15:08,2,"{""bias"": 1.1616770029067993, ""margin"": 1.3821358680725098, ""prob_from_margin"": 0.7993338109697211, ""top"": [{""feature"": ""name_city_overlap_max"", ""shap"": 2.448512315750122, ""value"": 0.5, ""model_input"": 0.5}, {""feature"": ""name_semantic_max"", ""shap"": -1.7558226585388184, ""value"": 0.4490209221839905, ""model_input"": 0.4490209221839905}, {""feature"": ""name_sim_max_ul"", ""shap"": -0.8418274521827698, ""value"": 0.30246913580246915, ""model_input"": 0.30246913580246915}, {""feature"": ""name_length_max"", ""shap"": 0.7170921564102173, ""value"": 6.0, ""model_input"": 6.0}, {""feature"": ""addr_jaro"", ""shap"": -0.4747805893421173, ""value"": 0.5904761904761905, ""model_input"": 0.5904761904761905}, {""feature"": ""is_siege"", ""shap"": 0.40450960397720337, ""value"": 1.0, ""model_input"": 1.0}, {""feature"": ""name_token_overlap_max"", ""shap"": -0.40281200408935547, ""value"": 0.0, ""model_input"": 0.0}, {""feature"": ""addr_levenshtein"", ""shap"": -0.3823730945587158, ""value"": 0.25, ""model_input"": 0.25}, {""feature"": ""street_number_diff"", ""shap"": 0.362053781747818, ""value"": 9999.0, ""model_input"": 9999.0}, {""feature"": ""name_semantic_second"", ""shap"": 0.34896841645240784, ""value"": 0.44426417350769043, ""model_input"": 0.44426417350769043}]}"
0,Filmor,33 Avenue Franklin Roosevelt,69150,DECINES CHARPIEU,41028737900060,0.7885962128639221,HEXCEL REINFORCEMENTS,33 AVENUE FRANKLIN ROOSEVELT,DECINES-CHARPIEU,69150,69275,FERME,2024-03-29 23:57:35,3,"{""bias"": 1.1616770029067993, ""margin"": 1.3164851665496826, ""prob_from_margin"": 0.7885963354470592, ""top"": [{""feature"": ""name_semantic_max"", ""shap"": -2.503868818283081, ""value"": 0.39077049493789673, ""model_input"": 0.39077049493789673}, {""feature"": ""addr_token_overlap"", ""shap"": 1.2029870748519897, ""value"": 1.0, ""model_input"": 1.0}, {""feature"": ""street_number_diff"", ""shap"": 0.8210393190383911, ""value"": 0.0, ""model_input"": 0.0}, {""feature"": ""addr_jaro"", ""shap"": 0.6502096056938171, ""value"": 1.0, ""model_input"": 1.0}, {""feature"": ""addr_levenshtein"", ""shap"": 0.5214045643806458, ""value"": 1.0, ""model_input"": 1.0}, {""feature"": ""type_of_max_name"", ""shap"": 0.4993431866168976, ""value"": 7.0, ""model_input"": 7.0}, {""feature"": ""name_sim_max_pm_dirigeant"", ""shap"": 0.4840705096721649, ""value"": 0.4365079365079365, ""model_input"": 0.4365079365079365}, {""feature"": ""name_semantic_second"", ""shap"": -0.39963653683662415, ""value"": 0.33204466104507446, ""model_input"": 0.33204466104507446}, {""feature"": ""name_sim_max_etab"", ""shap"": 0.36945393681526184, ""value"": 0.4365079365079365, ""model_input"": 0.4365079365079365}, {""feature"": ""name_token_overlap_max"", ""shap"": -0.35081782937049866, ""value"": 0.0, ""model_input"": 0.0}]}"
0,Filmor,33 Avenue Franklin Roosevelt,69150,DECINES CHARPIEU,34203669600025,0.743182897567749,V A C,133 AVENUE FRANKLIN ROOSEVELT,DECINES-CHARPIEU,69150,69275,FERME,2025-01-27 02:41:13,4,"{""bias"": 1.1616770029067993, ""margin"": 1.062578558921814, ""prob_from_margin"": 0.7431830028139931, ""top"": [{""feature"": ""name_semantic_max"", ""shap"": -2.1105825901031494, ""value"": 0.4174720048904419, ""model_input"": 0.4174720048904419}, {""feature"": ""street_number_diff"", ""shap"": -1.1715540885925293, ""value"": 100.0, ""model_input"": 100.0}, {""feature"": ""name_sim_max_etab"", ""shap"": 0.9736453890800476, ""value"": 0.0, ""model_input"": 0.0}, {""feature"": ""name_jaro_max"", ""shap"": 0.9307973384857178, ""value"": 0.0, ""model_input"": 0.0}, {""feature"": ""name_addr_consistency"", ""shap"": 0.774042546749115, ""value"": 0.0, ""model_input"": 0.0}, {""feature"": ""addr_token_overlap"", ""shap"": 0.6755635142326355, ""value"": 0.6, ""model_input"": 0.6}, {""feature"": ""addr_jaro"", ""shap"": 0.6571463346481323, ""value"": 0.9885057471264368, ""model_input"": 0.9885057471264368}, {""feature"": ""addr_levenshtein"", ""shap"": 0.5989636182785034, ""value"": 0.9655172413793104, ""model_input"": 0.9655172413793104}, {""feature"": ""name_sim_max_ul"", ""shap"": -0.4987197518348694, ""value"": 0.0, ""model_input"": 0.0}, {""feature"": ""name_token_overlap_max"", ""shap"": -0.39875534176826477, ""value"": 0.0, ""model_input"": 0.0}]}"
0,Filmor,33 Avenue Franklin Roosevelt,69150,DECINES CHARPIEU,48952495900017,0.6232457756996155,G.N.S. INVEST,73 AVENUE FRANKLIN ROOSEVELT,DECINES-CHARPIEU,69150,69275,FERME,2024-03-30 11:01:40,5,"{""bias"": 1.1616770029067993, ""margin"": 0.5033475160598755, ""prob_from_margin"": 0.6232456868139079, ""top"": [{""feature"": ""name_semantic_max"", ""shap"": -2.603727102279663, ""value"": 0.3407168388366699, ""model_input"": 0.3407168388366699}, {""feature"": ""street_number_diff"", ""shap"": -1.0874660015106201, ""value"": 40.0, ""model_input"": 40.0}, {""feature"": ""name_sim_max_etab"", ""shap"": 0.9302579760551453, ""value"": 0.0, ""model_input"": 0.0}, {""feature"": ""name_addr_consistency"", ""shap"": 0.8614399433135986, ""value"": 0.0, ""model_input"": 0.0}, {""feature"": ""name_jaro_max"", ""shap"": 0.7595281004905701, ""value"": 0.0, ""model_input"": 0.0}, {""feature"": ""addr_token_overlap"", ""shap"": 0.7527225017547607, ""value"": 0.6, ""model_input"": 0.6}, {""feature"": ""addr_levenshtein"", ""shap"": 0.6846826076507568, ""value"": 0.9642857142857143, ""model_input"": 0.9642857142857143}, {""feature"": ""name_sim_max_ul"", ""shap"": -0.5482343435287476, ""value"": 0.0, ""model_input"": 0.0}, {""feature"": ""addr_jaro"", ""shap"": 0.4567633271217346, ""value"": 0.9761904761904763, ""model_input"": 0.9761904761904763}, {""feature"": ""name_token_overlap_max"", ""shap"": -0.39157623052597046, ""value"": 0.0, ""model_input"": 0.0}]}"
116,G. JACQUEMMOZ ET FILS Corbas,43 Avenue Gabriel Péri,69960,CORBAS,30385874000051,0.9995352029800415,G. JACQUEMMOZ ET FILS,43 AVENUE GABRIEL PERI,CORBAS,69960,69273,OUVERT,2024-03-30 09:26:13,1,"{""bias"": 1.1616770029067993, ""margin"": 7.6734299659729, ""prob_from_margin"": 0.9995351960610543, ""top"": [{""feature"": ""name_semantic_max"", ""shap"": 2.0012118816375732, ""value"": 1.0, ""model_input"": 1.0}, {""feature"": ""name_sim_max_pm_dirigeant"", ""shap"": 1.121645212173462, ""value"": 0.5396825396825397, ""model_input"": 0.5396825396825397}, {""feature"": ""name_token_overlap_max"", ""shap"": 0.7991275787353516, ""value"": 1.0, ""model_input"": 1.0}, {""feature"": ""token_overlap_ul"", ""shap"": 0.7714117765426636, ""value"": 1.0, ""model_input"": 1.0}, {""feature"": ""addr_token_overlap"", ""shap"": 0.647647500038147, ""value"": 1.0, ""model_input"": 1.0}, {""feature"": ""name_crm_contains_cand_max"", ""shap"": 0.538892924785614, ""value"": 1.0, ""model_input"": 1.0}, {""feature"": ""is_siege"", ""shap"": -0.45613324642181396, ""value"": 0.0, ""model_input"": 0.0}, {""feature"": ""street_number_diff"", ""shap"": 0.4237547218799591, ""value"": 0.0, ""model_input"": 0.0}, {""feature"": ""addr_jaro"", ""shap"": 0.30900779366493225, ""value"": 1.0, ""model_input"": 1.0}, {""feature"": ""name_semantic_second"", ""shap"": -0.26506319642066956, ""value"": 0.37926045060157776, ""model_input"": 0.37926045060157776}]}"
116,G. JACQUEMMOZ ET FILS Corbas,43 Avenue Gabriel Péri,69960,CORBAS,44290067600028,0.8128740191459656,MARTINEZ ET FILS,83 ROUTE DE LYON,CORBAS,69960,69273,FERME,2024-09-19 13:36:22,2,"{""bias"": 1.1616770029067993, ""margin"": 1.4687939882278442, ""prob_from_margin"": 0.8128740089725984, ""top"": [{""feature"": ""name_sim_max_etab"", ""shap"": 1.1680587530136108, ""value"": 0.0, ""model_input"": 0.0}, {""feature"": ""name_token_overlap_max"", ""shap"": 0.9874066114425659, ""value"": 0.4, ""model_input"": 0.4}, {""feature"": ""name_semantic_max"", ""shap"": 0.8255021572113037, ""value"": 0.6476293802261353, ""model_input"": 0.6476293802261353}, {""feature"": ""addr_token_overlap"", ""shap"": -0.5516231656074524, ""value"": 0.0, ""model_input"": 0.0}, {""feature"": ""type_of_max_name"", ""shap"": 0.48713192343711853, ""value"": 7.0, ""model_input"": 7.0}, {""feature"": ""name_sim_max_pm_dirigeant"", ""shap"": -0.48217064142227173, ""value"": 0.0, ""model_input"": 0.0}, {""feature"": ""street_number_diff"", ""shap"": -0.46396124362945557, ""value"": 40.0, ""model_input"": 40.0}, {""feature"": ""token_overlap_ul"", ""shap"": 0.41615521907806396, ""value"": 0.5, ""model_input"": 0.5}, {""feature"": ""name_semantic_second"", ""shap"": -0.3328348398208618, ""value"": 0.0, ""model_input"": 0.0}, {""feature"": ""addr_jaro"", ""shap"": -0.30737820267677307, ""value"": 0.5931818181818181, ""model_input"": 0.5931818181818181}]}"
116,G. JACQUEMMOZ ET FILS Corbas,43 Avenue Gabriel Péri,69960,CORBAS,77979065800016,0.806306004524231,DEHARO PERE ET FILS MACONNERIE,LD MAS VILLERME,CORBAS,69960,69273,FERME,2024-03-22 15:40:57,3,"{""bias"": 1.1616770029067993, ""margin"": 1.4261831045150757, ""prob_from_margin"": 0.80630590249115, ""top"": [{""feature"": ""name_semantic_max"", ""shap"": -1.9169132709503174, ""value"": 0.4791129231452942, ""model_input"": 0.4791129231452942}, {""feature"": ""name_sim_max_etab"", ""shap"": 0.8913008570671082, ""value"": 0.0, ""model_input"": 0.0}, {""feature"": ""type_of_max_name"", ""shap"": 0.7689374089241028, ""value"": 7.0, ""model_input"": 7.0}, {""feature"": ""token_overlap_ul"", ""shap"": 0.6520454287528992, ""value"": 0.5, ""model_input"": 0.5}, {""feature"": ""name_token_overlap_max"", ""shap"": 0.511581301689148, ""value"": 0.2857142857142857, ""model_input"": 0.2857142857142857}, {""feature"": ""name_semantic_second"", ""shap"": -0.46012428402900696, ""value"": 0.0, ""model_input"": 0.0}, {""feature"": ""name_sim_max_pm_dirigeant"", ""shap"": -0.36011773347854614, ""value"": 0.0, ""model_input"": 0.0}, {""feature"": ""name_length_max"", ""shap"": 0.3573888838291168, ""value"": 30.0, ""model_input"": 30.0}, {""feature"": ""addr_levenshtein"", ""shap"": -0.3224116861820221, ""value"": 0.2272727272727273, ""model_input"": 0.2272727272727273}, {""feature"": ""addr_token_overlap"", ""shap"": -0.3205806016921997, ""value"": 0.0, ""model_input"": 0.0}]}"
116,G. JACQUEMMOZ ET FILS Corbas,43 Avenue Gabriel Péri,69960,CORBAS,47878421800263,0.8012352585792542,PETIT FORESTIER SERVICES,43 AV GABRIEL PERI,CORBAS,69960,69273,FERME,2025-02-07 02:11:06,4,"{""bias"": 1.1616770029067993, ""margin"": 1.39403235912323, ""prob_from_margin"": 0.8012352061104856, ""top"": [{""feature"": ""name_semantic_max"", ""shap"": -2.725672721862793, ""value"": 0.3647491931915283, ""model_input"": 0.3647491931915283}, {""feature"": ""street_number_diff"", ""shap"": 1.0971264839172363, ""value"": 0.0, ""model_input"": 0.0}, {""feature"": ""name_sim_max_etab"", ""shap"": 0.8061121702194214, ""value"": 0.0, ""model_input"": 0.0}, {""feature"": ""type_of_max_name"", ""shap"": 0.7026045918464661, ""value"": 7.0, ""model_input"": 7.0}, {""feature"": ""addr_token_overlap"", ""shap"": 0.6942452192306519, ""value"": 0.6, ""model_input"": 0.6}, {""feature"": ""addr_levenshtein"", ""shap"": 0.5636757612228394, ""value"": 0.8181818181818181, ""model_input"": 0.8181818181818181}, {""feature"": ""name_token_overlap_max"", ""shap"": -0.3803635835647583, ""value"": 0.0, ""model_input"": 0.0}, {""feature"": ""name_semantic_second"", ""shap"": -0.3668240010738373, ""value"": 0.0, ""model_input"": 0.0}, {""feature"": ""name_sim_max_pm_dirigeant"", ""shap"": -0.34877809882164, ""value"": 0.0, ""model_input"": 0.0}, {""feature"": ""name_addr_consistency"", ""shap"": 0.2805008292198181, ""value"": 0.41139904334348787, ""model_input"": 0.41139904334348787}]}"
116,G. JACQUEMMOZ ET FILS Corbas,43 Avenue Gabriel Péri,69960,CORBAS,77574144000579,0.7399129867553711,STRICHER,43 AVENUE GABRIEL PERI,CORBAS,69960,69273,OUVERT,2024-03-29 22:42:23,5,"{""bias"": 1.1616770029067993, ""margin"": 1.045516014099121, ""prob_from_margin"": 0.7399129216394393, ""top"": [{""feature"": ""name_semantic_max"", ""shap"": -2.0286495685577393, ""value"": 0.42861437797546387, ""model_input"": 0.42861437797546387}, {""feature"": ""addr_token_overlap"", ""shap"": 1.216173768043518, ""value"": 1.0, ""model_input"": 1.0}, {""feature"": ""street_number_diff"", ""shap"": 1.1387041807174683, ""value"": 0.0, ""model_input"": 0.0}, {""feature"": ""name_sim_max_pm_dirigeant"", ""shap"": 0.8543950915336609, ""value"": 0.5836940836940837, ""model_input"": 0.5836940836940837}, {""feature"": ""addr_levenshtein"", ""shap"": 0.5501871705055237, ""value"": 1.0, ""model_input"": 1.0}, {""feature"": ""addr_jaro"", ""shap"": 0.5314938426017761, ""value"": 1.0, ""model_input"": 1.0}, {""feature"": ""name_semantic_second"", ""shap"": -0.4907330870628357, ""value"": 0.4038926959037781, ""model_input"": 0.4038926959037781}, {""feature"": ""name_count"", ""shap"": -0.48154112696647644, ""value"": 4.0, ""model_input"": 4.0}, {""feature"": ""type_of_max_name"", ""shap"": 0.4564819931983948, ""value"": 4.0, ""model_input"": 4.0}, {""feature"": ""name_token_overlap_max"", ""shap"": -0.30289530754089355, ""value"": 0.0, ""model_input"": 0.0}]}"
14,GAT International,est 4 rue de Collières,69960,CORBAS,31997093500072,0.9625087380409241,GAT INTERNATIONAL GERIB BESSON,2 RUE COLIERE,CORBAS,69960,69273,OUVERT,2025-02-05 02:36:11,1,"{""bias"": 1.1616770029067993, ""margin"": 3.2454347610473633, ""prob_from_margin"": 0.9625087202810775, ""top"": [{""feature"": ""name_semantic_max"", ""shap"": 2.5697689056396484, ""value"": 0.7876816391944885, ""model_input"": 0.7876816391944885}, {""feature"": ""name_token_overlap_max"", ""shap"": 1.3098095655441284, ""value"": 0.5, ""model_input"": 0.5}, {""feature"": ""token_overlap_ul"", ""shap"": 1.0196722745895386, ""value"": 1.0, ""model_input"": 1.0}, {""feature"": ""name_sim_max_etab"", ""shap"": -0.7502536773681641, ""value"": 0.9133333333333333, ""model_input"": 0.9133333333333333}, {""feature"": ""name_sim_max_pm_dirigeant"", ""shap"": 0.7195968627929688, ""value"": 0.596078431372549, ""model_input"": 0.596078431372549}, {""feature"": ""type_of_max_name"", ""shap"": -0.6363222599029541, ""value"": 2.0, ""model_input"": 2.0}, {""feature"": ""addr_token_overlap"", ""shap"": -0.6099525690078735, ""value"": 0.14285714285714285, ""model_input"": 0.14285714285714285}, {""feature"": ""street_number_diff"", ""shap"": 0.42302432656288147, ""value"": 9999.0, ""model_input"": 9999.0}, {""feature"": ""name_semantic_second"", ""shap"": 0.41689980030059814, ""value"": 0.7876816391944885, ""model_input"": 0.7876816391944885}, {""feature"": ""name_addr_consistency"", ""shap"": -0.38212159276008606, ""value"": 0.5993084693084694, ""model_input"": 0.5993084693084694}]}"
14,GAT International,est 4 rue de Collières,69960,CORBAS,80178657500010,0.9285657405853271,G.E.G.,4 RUE DU DAUPHINE,CORBAS,69960,69273,OUVERT,2025-02-15 02:20:20,2,"{""bias"": 1.1616770029067993, ""margin"": 2.5648632049560547, ""prob_from_margin"": 0.9285657141636497, ""top"": [{""feature"": ""name_semantic_max"", ""shap"": 1.2660152912139893, ""value"": 0.6728754639625549, ""model_input"": 0.6728754639625549}, {""feature"": ""name_sim_max_pm_dirigeant"", ""shap"": 0.8206644058227539, ""value"": 0.5954473743520396, ""model_input"": 0.5954473743520396}, {""feature"": ""name_addr_consistency"", ""shap"": 0.6146581172943115, ""value"": 0.3260631611425072, ""model_input"": 0.3260631611425072}, {""feature"": ""name_token_overlap_max"", ""shap"": -0.45307865738868713, ""value"": 0.0, ""model_input"": 0.0}, {""feature"": ""token_overlap_ul"", ""shap"": -0.3916158080101013, ""value"": 0.0, ""model_input"": 0.0}, {""feature"": ""street_number_diff"", ""shap"": 0.34991222620010376, ""value"": 9999.0, ""model_input"": 9999.0}, {""feature"": ""name_count"", ""shap"": 0.3130074441432953, ""value"": 2.0, ""model_input"": 2.0}, {""feature"": ""type_of_max_name"", ""shap"": 0.29662999510765076, ""value"": 4.0, ""model_input"": 4.0}, {""feature"": ""addr_jaro"", ""shap"": -0.2863423824310303, ""value"": 0.5475935828877004, ""model_input"": 0.5475935828877004}, {""feature"": ""name_sim_max_etab"", ""shap"": -0.2319391369819641, ""value"": 0.5954473743520396, ""model_input"": 0.5954473743520396}]}"
14,GAT International,est 4 rue de Collières,69960,CORBAS,39423231800045,0.8167045712471008,FSI,44 AVENUE DU 24 AOUT 1944,CORBAS,69960,69273,OUVERT,2024-03-30 07:57:09,3,"{""bias"": 1.1616770029067993, ""margin"": 1.494178056716919, ""prob_from_margin"": 0.8167045480553554, ""top"": [{""feature"": ""token_overlap_ul"", ""shap"": 0.6545811891555786, ""value"": 0.5, ""model_input"": 0.5}, {""feature"": ""name_sim_max_pm_dirigeant"", ""shap"": -0.6035318970680237, ""value"": 0.0, ""model_input"": 0.0}, {""feature"": ""addr_token_overlap"", ""shap"": -0.569192111492157, ""value"": 0.0, ""model_input"": 0.0}, {""feature"": ""type_of_max_name"", ""shap"": 0.4926709532737732, ""value"": 7.0, ""model_input"": 7.0}, {""feature"": ""name_semantic_max"", ""shap"": 0.40244680643081665, ""value"": 0.6050533652305603, ""model_input"": 0.6050533652305603}, {""feature"": ""addr_levenshtein"", ""shap"": -0.39489054679870605, ""value"": 0.24, ""model_input"": 0.24}, {""feature"": ""addr_jaro"", ""shap"": -0.37958237528800964, ""value"": 0.5181818181818182, ""model_input"": 0.5181818181818182}, {""feature"": ""street_number_diff"", ""shap"": 0.3779667317867279, ""value"": 9999.0, ""model_input"": 9999.0}, {""feature"": ""name_semantic_second"", ""shap"": 0.3717701733112335, ""value"": 0.46681302785873413, ""model_input"": 0.46681302785873413}, {""feature"": ""is_siege"", ""shap"": -0.2774497866630554, ""value"": 0.0, ""model_input"": 0.0}]}"
14,GAT International,est 4 rue de Collières,69960,CORBAS,49838980800029,0.6769216656684875,BAM INTERNATIONAL,5 RUE DES ALLOBROGES,CORBAS,69960,69273,FERME,2024-03-22 15:40:57,4,"{""bias"": 1.1616770029067993, ""margin"": 0.7396606206893921, ""prob_from_margin"": 0.6769216388700354, ""top"": [{""feature"": ""name_sim_max_etab"", ""shap"": 0.9221552610397339, ""value"": 0.0, ""model_input"": 0.0}, {""feature"": ""name_token_overlap_max"", ""shap"": 0.696846604347229, ""value"": 0.3333333333333333, ""model_input"": 0.3333333333333333}, {""feature"": ""addr_token_overlap"", ""shap"": -0.6638014316558838, ""value"": 0.125, ""model_input"": 0.125}, {""feature"": ""type_of_max_name"", ""shap"": 0.6003072261810303, ""value"": 7.0, ""model_input"": 7.0}, {""feature"": ""name_sim_max_pm_dirigeant"", ""shap"": -0.5184857845306396, ""value"": 0.0, ""model_input"": 0.0}, {""feature"": ""token_overlap_ul"", ""shap"": 0.43389245867729187, ""value"": 0.5, ""model_input"": 0.5}, {""feature"": ""name_semantic_max"", ""shap"": -0.3841102123260498, ""value"": 0.5836588144302368, ""model_input"": 0.5836588144302368}, {""feature"": ""addr_levenshtein"", ""shap"": -0.36591559648513794, ""value"": 0.4545454545454546, ""model_input"": 0.4545454545454546}, {""feature"": ""name_addr_consistency"", ""shap"": -0.34104299545288086, ""value"": 0.5639512774806893, ""model_input"": 0.5639512774806893}, {""feature"": ""name_semantic_second"", ""shap"": -0.3369538486003876, ""value"": 0.0, ""model_input"": 0.0}]}"
14,GAT International,est 4 rue de Collières,69960,CORBAS,40013180100013,0.6573923826217651,REP INTERNATIONAL,15 RUE DU DAUPHINE,CORBAS,69960,69273,OUVERT,2025-01-26 03:21:17,5,"{""bias"": 1.1616770029067993, ""margin"": 0.6516943573951721, ""prob_from_margin"": 0.6573921805997922, ""top"": [{""feature"": ""name_semantic_max"", ""shap"": -1.246354103088379, ""value"": 0.5719497203826904, ""model_input"": 0.5719497203826904}, {""feature"": ""name_sim_max_pm_dirigeant"", ""shap"": 0.9964070916175842, ""value"": 0.5788634097706878, ""model_input"": 0.5788634097706878}, {""feature"": ""name_token_overlap_max"", ""shap"": 0.8146671056747437, ""value"": 0.3333333333333333, ""model_input"": 0.3333333333333333}, {""feature"": ""addr_token_overlap"", ""shap"": -0.6619811058044434, ""value"": 0.125, ""model_input"": 0.125}, {""feature"": ""token_overlap_ul"", ""shap"": 0.43980345129966736, ""value"": 0.5, ""model_input"": 0.5}, {""feature"": ""type_of_max_name"", ""shap"": 0.40239858627319336, ""value"": 7.0, ""model_input"": 7.0}, {""feature"": ""street_number_diff"", ""shap"": 0.35750696063041687, ""value"": 9999.0, ""model_input"": 9999.0}, {""feature"": ""addr_jaro"", ""shap"": -0.3081725239753723, ""value"": 0.48821548821548827, ""model_input"": 0.48821548821548827}, {""feature"": ""addr_levenshtein"", ""shap"": -0.21692195534706116, ""value"": 0.36363636363636365, ""model_input"": 0.36363636363636365}, {""feature"": ""is_siege"", ""shap"": 0.2146538347005844, ""value"": 1.0, ""model_input"": 1.0}]}"
13,GIE FLAVIEN,16 RUE DE LOMBARDIE,69150,DECINES-CHARPIEU,38343468500038,0.9994956254959106,GIE FLAVIEN GCAT,16 RUE DE LOMBARDIE,DECINES-CHARPIEU,69150,69275,OUVERT,2025-02-04 02:08:45,1,"{""bias"": 1.1616770029067993, ""margin"": 7.591601848602295, ""prob_from_margin"": 0.9994955825673436, ""top"": [{""feature"": ""name_semantic_max"", ""shap"": 2.1264278888702393, ""value"": 0.8813122510910034, ""model_input"": 0.8813122510910034}, {""feature"": ""name_sim_max_pm_dirigeant"", ""shap"": 0.9336140751838684, ""value"": 0.6158071947545632, ""model_input"": 0.6158071947545632}, {""feature"": ""name_token_overlap_max"", ""shap"": 0.8731181621551514, ""value"": 0.6666666666666666, ""model_input"": 0.6666666666666666}, {""feature"": ""token_overlap_ul"", ""shap"": 0.7996577620506287, ""value"": 1.0, ""model_input"": 1.0}, {""feature"": ""addr_token_overlap"", ""shap"": 0.5699078440666199, ""value"": 1.0, ""model_input"": 1.0}, {""feature"": ""street_number_diff"", ""shap"": 0.46636664867401123, ""value"": 0.0, ""model_input"": 0.0}, {""feature"": ""name_sim_max_etab"", ""shap"": -0.409483939409256, ""value"": 0.6158071947545632, ""model_input"": 0.6158071947545632}, {""feature"": ""name_semantic_second"", ""shap"": 0.36757132411003113, ""value"": 0.7204979658126831, ""model_input"": 0.7204979658126831}, {""feature"": ""is_siege"", ""shap"": 0.2865157425403595, ""value"": 1.0, ""model_input"": 1.0}, {""feature"": ""name_addr_consistency"", ""shap"": 0.2785058617591858, ""value"": 0.9375, ""model_input"": 0.9375}]}"
13,GIE FLAVIEN,16 RUE DE LOMBARDIE,69150,DECINES-CHARPIEU,78513510400079,0.9869871139526367,ASSOCIATION FLAVIEN,34 RUE VAUCANSON,DECINES-CHARPIEU,69150,69275,OUVERT,2024-03-30 05:54:40,2,"{""bias"": 1.1616770029067993, ""margin"": 4.328712463378906, ""prob_from_margin"": 0.9869870571933793, ""top"": [{""feature"": ""name_semantic_max"", ""shap"": 2.257168769836426, ""value"": 0.7204979658126831, ""model_input"": 0.7204979658126831}, {""feature"": ""name_sim_max_etab"", ""shap"": 1.286723017692566, ""value"": 0.0, ""model_input"": 0.0}, {""feature"": ""name_token_overlap_max"", ""shap"": 0.5973403453826904, ""value"": 0.3333333333333333, ""model_input"": 0.3333333333333333}, {""feature"": ""token_overlap_ul"", ""shap"": 0.595001220703125, ""value"": 0.5, ""model_input"": 0.5}, {""feature"": ""street_number_diff"", ""shap"": -0.4832626283168793, ""value"": 18.0, ""model_input"": 18.0}, {""feature"": ""name_sim_max_pm_dirigeant"", ""shap"": -0.42999035120010376, ""value"": 0.0, ""model_input"": 0.0}, {""feature"": ""name_addr_consistency"", ""shap"": 0.4112274944782257, ""value"": 0.34137557365858384, ""model_input"": 0.34137557365858384}, {""feature"": ""addr_token_overlap"", ""shap"": -0.3693690598011017, ""value"": 0.16666666666666666, ""model_input"": 0.16666666666666666}, {""feature"": ""name_semantic_second"", ""shap"": -0.3246629238128662, ""value"": 0.0, ""model_input"": 0.0}, {""feature"": ""name_jaro_gap"", ""shap"": -0.264009028673172, ""value"": 0.6158071947545632, ""model_input"": 0.6158071947545632}]}"
13,GIE FLAVIEN,16 RUE DE LOMBARDIE,69150,DECINES-CHARPIEU,38343468500012,0.9739100933074951,GIE FLAVIEN GCAT,36 RUE VAUCANSON,DECINES-CHARPIEU,69150,69275,FERME,2025-02-03 02:47:16,3,"{""bias"": 1.1616770029067993, ""margin"": 3.6197686195373535, ""prob_from_margin"": 0.9739100462900573, ""top"": [{""feature"": ""name_semantic_max"", ""shap"": 2.4443702697753906, ""value"": 0.8813122510910034, ""model_input"": 0.8813122510910034}, {""feature"": ""name_sim_max_pm_dirigeant"", ""shap"": 1.185410737991333, ""value"": 0.6158071947545632, ""model_input"": 0.6158071947545632}, {""feature"": ""name_token_overlap_max"", ""shap"": 1.1415668725967407, ""value"": 0.6666666666666666, ""model_input"": 0.6666666666666666}, {""feature"": ""token_overlap_ul"", ""shap"": 0.9158019423484802, ""value"": 1.0, ""model_input"": 1.0}, {""feature"": ""street_number_diff"", ""shap"": -0.8766348958015442, ""value"": 20.0, ""model_input"": 20.0}, {""feature"": ""addr_token_overlap"", ""shap"": -0.6827345490455627, ""value"": 0.16666666666666666, ""model_input"": 0.16666666666666666}, {""feature"": ""is_siege"", ""shap"": -0.5655191540718079, ""value"": 0.0, ""model_input"": 0.0}, {""feature"": ""name_sim_max_etab"", ""shap"": -0.5387581586837769, ""value"": 0.6158071947545632, ""model_input"": 0.6158071947545632}, {""feature"": ""name_addr_consistency"", ""shap"": -0.438679963350296, ""value"": 0.5612664473684211, ""model_input"": 0.5612664473684211}, {""feature"": ""name_semantic_second"", ""shap"": 0.31381940841674805, ""value"": 0.7204979658126831, ""model_input"": 0.7204979658126831}]}"
13,GIE FLAVIEN,16 RUE DE LOMBARDIE,69150,DECINES-CHARPIEU,81520155300014,0.9658247232437134,RENESOLA FRANCE SPV1,16 RUE DE LOMBARDIE,DECINES-CHARPIEU,69150,69275,FERME,2025-02-07 02:27:32,4,"{""bias"": 1.1616770029067993, ""margin"": 3.3414807319641113, ""prob_from_margin"": 0.9658247510001721, ""top"": [{""feature"": ""street_number_diff"", ""shap"": 1.2994794845581055, ""value"": 0.0, ""model_input"": 0.0}, {""feature"": ""addr_token_overlap"", ""shap"": 1.1396393775939941, ""value"": 1.0, ""model_input"": 1.0}, {""feature"": ""name_sim_max_etab"", ""shap"": 0.7785604596138, ""value"": 0.0, ""model_input"": 0.0}, {""feature"": ""name_semantic_max"", ""shap"": -0.773711621761322, ""value"": 0.528215229511261, ""model_input"": 0.528215229511261}, {""feature"": ""addr_jaro"", ""shap"": 0.5862391591072083, ""value"": 1.0, ""model_input"": 1.0}, {""feature"": ""type_of_max_name"", ""shap"": 0.5758346319198608, ""value"": 7.0, ""model_input"": 7.0}, {""feature"": ""addr_levenshtein"", ""shap"": 0.49002596735954285, ""value"": 1.0, ""model_input"": 1.0}, {""feature"": ""name_sim_max_pm_dirigeant"", ""shap"": -0.4123598635196686, ""value"": 0.0, ""model_input"": 0.0}, {""feature"": ""name_semantic_second"", ""shap"": -0.3993828594684601, ""value"": 0.0, ""model_input"": 0.0}, {""feature"": ""name_token_overlap_max"", ""shap"": -0.31036263704299927, ""value"": 0.0, ""model_input"": 0.0}]}"
13,GIE FLAVIEN,16 RUE DE LOMBARDIE,69150,DECINES-CHARPIEU,92440626700014,0.954536497592926,FONDS DE DOTATION RESSOURCES ET PARTAGES,16 RUE DE LOMBARDIE,DECINES-CHARPIEU,69150,69275,OUVERT,2024-03-30 03:03:55,5,"{""bias"": 1.1616770029067993, ""margin"": 3.044316291809082, ""prob_from_margin"": 0.9545365093597752, ""top"": [{""feature"": ""addr_token_overlap"", ""shap"": 1.1555655002593994, ""value"": 1.0, ""model_input"": 1.0}, {""feature"": ""name_semantic_max"", ""shap"": -1.027525544166565, ""value"": 0.5213079452514648, ""model_input"": 0.5213079452514648}, {""feature"": ""street_number_diff"", ""shap"": 0.9964548349380493, ""value"": 0.0, ""model_input"": 0.0}, {""feature"": ""name_sim_max_etab"", ""shap"": 0.7636392712593079, ""value"": 0.0, ""model_input"": 0.0}, {""feature"": ""addr_jaro"", ""shap"": 0.5677074193954468, ""value"": 1.0, ""model_input"": 1.0}, {""feature"": ""type_of_max_name"", ""shap"": 0.5036357045173645, ""value"": 7.0, ""model_input"": 7.0}, {""feature"": ""name_addr_consistency"", ""shap"": -0.458734393119812, ""value"": 0.5085497835497835, ""model_input"": 0.5085497835497835}, {""feature"": ""addr_levenshtein"", ""shap"": 0.4549000859260559, ""value"": 1.0, ""model_input"": 1.0}, {""feature"": ""name_count"", ""shap"": 0.3475673198699951, ""value"": 1.0, ""model_input"": 1.0}, {""feature"": ""name_token_overlap_max"", ""shap"": -0.31089460849761963, ""value"": 0.0, ""model_input"": 0.0}]}"
92,GROUPE ADF,4 Rue Louis Pradel,69960,CORBAS,48839388500030,0.9973312616348267,CTRA,4 RUE LOUIS PRADEL,CORBAS,69960,69273,FERME,2025-01-20 03:20:26,1,"{""bias"": 1.1616770029067993, ""margin"": 5.923458576202393, ""prob_from_margin"": 0.9973312122383603, ""top"": [{""feature"": ""name_semantic_max"", ""shap"": 2.4006972312927246, ""value"": 0.9032021164894104, ""model_input"": 0.9032021164894104}, {""feature"": ""name_semantic_second"", ""shap"": 0.9195378422737122, ""value"": 0.887213945388794, ""model_input"": 0.887213945388794}, {""feature"": ""token_overlap_ul"", ""shap"": 0.8976293802261353, ""value"": 1.0, ""model_input"": 1.0}, {""feature"": ""name_sim_max_pm_dirigeant"", ""shap"": 0.7560335397720337, ""value"": 0.626984126984127, ""model_input"": 0.626984126984127}, {""feature"": ""name_count"", ""shap"": -0.6859331130981445, ""value"": 6.0, ""model_input"": 6.0}, {""feature"": ""addr_token_overlap"", ""shap"": 0.6824686527252197, ""value"": 1.0, ""model_input"": 1.0}, {""feature"": ""name_sim_max_etab"", ""shap"": -0.5364010334014893, ""value"": 0.626984126984127, ""model_input"": 0.626984126984127}, {""feature"": ""name_token_overlap_max"", ""shap"": 0.5119333267211914, ""value"": 0.3333333333333333, ""model_input"": 0.3333333333333333}, {""feature"": ""street_number_diff"", ""shap"": 0.48386916518211365, ""value"": 0.0, ""model_input"": 0.0}, {""feature"": ""addr_jaro"", ""shap"": 0.22591404616832733, ""value"": 1.0, ""model_input"": 1.0}]}"
92,GROUPE ADF,4 Rue Louis Pradel,69960,CORBAS,38015320500139,0.9970621466636658,ADF MAINTENANCE INDUSTRIELLE,4 RUE LOUIS PRADEL,CORBAS,69960,69273,FERME,2025-01-25 03:12:25,2,"{""bias"": 1.1616770029067993, ""margin"": 5.8271284103393555, ""prob_from_margin"": 0.997062130452138, ""top"": [{""feature"": ""name_semantic_max"", ""shap"": 2.27225923538208, ""value"": 0.9032021164894104, ""model_input"": 0.9032021164894104}, {""feature"": ""token_overlap_ul"", ""shap"": 0.8289802074432373, ""value"": 1.0, ""model_input"": 1.0}, {""feature"": ""addr_token_overlap"", ""shap"": 0.7138444781303406, ""value"": 1.0, ""model_input"": 1.0}, {""feature"": ""name_semantic_second"", ""shap"": 0.688125491142273, ""value"": 0.8698413372039795, ""model_input"": 0.8698413372039795}, {""feature"": ""street_number_diff"", ""shap"": 0.6180657148361206, ""value"": 0.0, ""model_input"": 0.0}, {""feature"": ""name_token_overlap_max"", ""shap"": 0.4873277246952057, ""value"": 0.3333333333333333, ""model_input"": 0.3333333333333333}, {""feature"": ""name_count"", ""shap"": -0.3170132040977478, ""value"": 4.0, ""model_input"": 4.0}, {""feature"": ""name_addr_consistency"", ""shap"": -0.3131832480430603, ""value"": 0.5610644257703081, ""model_input"": 0.5610644257703081}, {""feature"": ""name_sim_max_pm_dirigeant"", ""shap"": 0.27842700481414795, ""value"": 0.5610644257703081, ""model_input"": 0.5610644257703081}, {""feature"": ""addr_jaro"", ""shap"": 0.26293817162513733, ""value"": 1.0, ""model_input"": 1.0}]}"
92,GROUPE ADF,4 Rue Louis Pradel,69960,CORBAS,07675022300125,0.996566116809845,ADF NUCLEAIRE,4 RUE LOUIS PRADEL,CORBAS,69960,69273,FERME,2024-03-30 11:25:11,3,"{""bias"": 1.1616770029067993, ""margin"": 5.670620441436768, ""prob_from_margin"": 0.9965661055209288, ""top"": [{""feature"": ""name_semantic_max"", ""shap"": 2.2464938163757324, ""value"": 0.9032021164894104, ""model_input"": 0.9032021164894104}, {""feature"": ""token_overlap_ul"", ""shap"": 0.8138797283172607, ""value"": 1.0, ""model_input"": 1.0}, {""feature"": ""addr_token_overlap"", ""shap"": 0.6939353942871094, ""value"": 1.0, ""model_input"": 1.0}, {""feature"": ""name_semantic_second"", ""shap"": 0.665553092956543, ""value"": 0.8538975119590759, ""model_input"": 0.8538975119590759}, {""feature"": ""street_number_diff"", ""shap"": 0.6340678334236145, ""value"": 0.0, ""model_input"": 0.0}, {""feature"": ""name_token_overlap_max"", ""shap"": 0.5196262001991272, ""value"": 0.3333333333333333, ""model_input"": 0.3333333333333333}, {""feature"": ""name_addr_consistency"", ""shap"": -0.3711470663547516, ""value"": 0.5610644257703081, ""model_input"": 0.5610644257703081}, {""feature"": ""name_count"", ""shap"": -0.31252768635749817, ""value"": 4.0, ""model_input"": 4.0}, {""feature"": ""addr_jaro"", ""shap"": 0.256155401468277, ""value"": 1.0, ""model_input"": 1.0}, {""feature"": ""name_jaro_second"", ""shap"": -0.24615174531936646, ""value"": 0.5523809523809524, ""model_input"": 0.5523809523809524}]}"
92,GROUPE ADF,4 Rue Louis Pradel,69960,CORBAS,42908509500025,0.9776480197906494,A.D. INVESTISSEMENTS,4 RUE LOUIS PRADEL,CORBAS,69960,69273,FERME,2024-03-30 02:18:35,4,"{""bias"": 1.1616770029067993, ""margin"": 3.778233528137207, ""prob_from_margin"": 0.9776479922118843, ""top"": [{""feature"": ""addr_token_overlap"", ""shap"": 1.1242263317108154, ""value"": 1.0, ""model_input"": 1.0}, {""feature"": ""street_number_diff"", ""shap"": 0.9217721819877625, ""value"": 0.0, ""model_input"": 0.0}, {""feature"": ""name_sim_max_etab"", ""shap"": 0.8385346531867981, ""value"": 0.0, ""model_input"": 0.0}, {""feature"": ""addr_jaro"", ""shap"": 0.7259703278541565, ""value"": 1.0, ""model_input"": 1.0}, {""feature"": ""name_jaro_max"", ""shap"": 0.521472156047821, ""value"": 0.3666666666666667, ""model_input"": 0.3666666666666667}, {""feature"": ""addr_levenshtein"", ""shap"": 0.3748350739479065, ""value"": 1.0, ""model_input"": 1.0}, {""feature"": ""name_semantic_second"", ""shap"": -0.3558206856250763, ""value"": 0.0, ""model_input"": 0.0}, {""feature"": ""type_of_max_name"", ""shap"": 0.33828210830688477, ""value"": 7.0, ""model_input"": 7.0}, {""feature"": ""name_sim_max_pm_dirigeant"", ""shap"": -0.32254987955093384, ""value"": 0.0, ""model_input"": 0.0}, {""feature"": ""name_levenshtein_max"", ""shap"": -0.3063834011554718, ""value"": 0.050000000000000044, ""model_input"": 0.050000000000000044}]}"
92,GROUPE ADF,4 Rue Louis Pradel,69960,CORBAS,41854508300010,0.9535095691680908,ACTE MEDIA APPLICATIONS,4 RUE LOUIS PRADEL,CORBAS,69960,69273,FERME,2024-03-30 06:31:12,5,"{""bias"": 1.1616770029067993, ""margin"": 3.0209031105041504, ""prob_from_margin"": 0.9535095759298027, ""top"": [{""feature"": ""addr_token_overlap"", ""shap"": 1.300838828086853, ""value"": 1.0, ""model_input"": 1.0}, {""feature"": ""name_semantic_max"", ""shap"": -1.2749096155166626, ""value"": 0.4924662411212921, ""model_input"": 0.4924662411212921}, {""feature"": ""street_number_diff"", ""shap"": 1.0949556827545166, ""value"": 0.0, ""model_input"": 0.0}, {""feature"": ""name_sim_max_etab"", ""shap"": 0.777202308177948, ""value"": 0.0, ""model_input"": 0.0}, {""feature"": ""addr_jaro"", ""shap"": 0.5702949166297913, ""value"": 1.0, ""model_input"": 1.0}, {""feature"": ""addr_levenshtein"", ""shap"": 0.5047093629837036, ""value"": 1.0, ""model_input"": 1.0}, {""feature"": ""type_of_max_name"", ""shap"": 0.49726998805999756, ""value"": 7.0, ""model_input"": 7.0}, {""feature"": ""name_addr_consistency"", ""shap"": -0.3606756329536438, ""value"": 0.5057971014492754, ""model_input"": 0.5057971014492754}, {""feature"": ""name_sim_max_pm_dirigeant"", ""shap"": -0.34063559770584106, ""value"": 0.0, ""model_input"": 0.0}, {""feature"": ""name_semantic_second"", ""shap"": -0.32628411054611206, ""value"": 0.0, ""model_input"": 0.0}]}"
2,Groupe SIRENE (IPO),17 Rue Émile Zola,69150,DECINES-CHARPIEU,43339808800024,0.990298867225647,SIRENE,84 AVENUE DES BRUYERES,DECINES-CHARPIEU,69150,69275,FERME,2025-01-19 02:13:24,1,"{""bias"": 1.1616770029067993, ""margin"": 4.625766277313232, ""prob_from_margin"": 0.9902988879115454, ""top"": [{""feature"": ""name_semantic_max"", ""shap"": 2.3037099838256836, ""value"": 0.7122857570648193, ""model_input"": 0.7122857570648193}, {""feature"": ""name_sim_max_etab"", ""shap"": 1.0610994100570679, ""value"": 0.0, ""model_input"": 0.0}, {""feature"": ""name_token_overlap_max"", ""shap"": 0.7419798374176025, ""value"": 0.3333333333333333, ""model_input"": 0.3333333333333333}, {""feature"": ""name_crm_contains_cand_max"", ""shap"": 0.6746851205825806, ""value"": 1.0, ""model_input"": 1.0}, {""feature"": ""token_overlap_ul"", ""shap"": 0.6188183426856995, ""value"": 0.5, ""model_input"": 0.5}, {""feature"": ""street_number_diff"", ""shap"": -0.5274263024330139, ""value"": 67.0, ""model_input"": 67.0}, {""feature"": ""addr_token_overlap"", ""shap"": -0.5235194563865662, ""value"": 0.0, ""model_input"": 0.0}, {""feature"": ""name_addr_consistency"", ""shap"": 0.474440336227417, ""value"": 0.29138018843901203, ""model_input"": 0.29138018843901203}, {""feature"": ""addr_levenshtein"", ""shap"": -0.41402527689933777, ""value"": 0.2272727272727273, ""model_input"": 0.2272727272727273}, {""feature"": ""name_semantic_second"", ""shap"": -0.3947824239730835, ""value"": 0.0, ""model_input"": 0.0}]}"
2,Groupe SIRENE (IPO),17 Rue Émile Zola,69150,DECINES-CHARPIEU,37963306800075,0.9892951846122742,IPO TECHNOLOGIE,84 AVENUE DES BRUYERES,DECINES-CHARPIEU,69150,69275,OUVERT,2024-03-30 15:03:05,2,"{""bias"": 1.1616770029067993, ""margin"": 4.526296138763428, ""prob_from_margin"": 0.9892951534810397, ""top"": [{""feature"": ""name_semantic_max"", ""shap"": 2.7568717002868652, ""value"": 0.7459936141967773, ""model_input"": 0.7459936141967773}, {""feature"": ""name_semantic_second"", ""shap"": 0.8941629528999329, ""value"": 0.7122857570648193, ""model_input"": 0.7122857570648193}, {""feature"": ""name_token_overlap_max"", ""shap"": 0.79603111743927, ""value"": 0.3333333333333333, ""model_input"": 0.3333333333333333}, {""feature"": ""name_crm_contains_cand_max"", ""shap"": 0.7547769546508789, ""value"": 1.0, ""model_input"": 1.0}, {""feature"": ""name_sim_max_pm_dirigeant"", ""shap"": 0.7200280427932739, ""value"": 0.6052631578947368, ""model_input"": 0.6052631578947368}, {""feature"": ""token_overlap_ul"", ""shap"": -0.6450804471969604, ""value"": 0.0, ""model_input"": 0.0}, {""feature"": ""addr_token_overlap"", ""shap"": -0.6405532360076904, ""value"": 0.0, ""model_input"": 0.0}, {""feature"": ""street_number_diff"", ""shap"": -0.6178364753723145, ""value"": 67.0, ""model_input"": 67.0}, {""feature"": ""name_addr_consistency"", ""shap"": 0.4209398925304413, ""value"": 0.29138018843901203, ""model_input"": 0.29138018843901203}, {""feature"": ""addr_levenshtein"", ""shap"": -0.3366820812225342, ""value"": 0.2272727272727273, ""model_input"": 0.2272727272727273}]}"
2,Groupe SIRENE (IPO),17 Rue Émile Zola,69150,DECINES-CHARPIEU,81371053000029,0.985114574432373,UP SIGN,15 RUE EMILE ZOLA,DECINES-CHARPIEU,69150,69275,FERME,2024-03-22 15:40:57,3,"{""bias"": 1.1616770029067993, ""margin"": 4.1923723220825195, ""prob_from_margin"": 0.9851145297498164, ""top"": [{""feature"": ""name_semantic_max"", ""shap"": 2.255863904953003, ""value"": 0.7122857570648193, ""model_input"": 0.7122857570648193}, {""feature"": ""name_sim_max_pm_dirigeant"", ""shap"": 1.357718825340271, ""value"": 0.6052631578947368, ""model_input"": 0.6052631578947368}, {""feature"": ""name_crm_contains_cand_max"", ""shap"": 0.7906781435012817, ""value"": 1.0, ""model_input"": 1.0}, {""feature"": ""name_token_overlap_max"", ""shap"": 0.6877136826515198, ""value"": 0.3333333333333333, ""model_input"": 0.3333333333333333}, {""feature"": ""token_overlap_ul"", ""shap"": -0.6706122159957886, ""value"": 0.0, ""model_input"": 0.0}, {""feature"": ""name_semantic_second"", ""shap"": -0.5699700713157654, ""value"": 0.35236066579818726, ""model_input"": 0.35236066579818726}, {""feature"": ""addr_token_overlap"", ""shap"": 0.5165686011314392, ""value"": 0.6, ""model_input"": 0.6}, {""feature"": ""street_number_diff"", ""shap"": -0.3763986825942993, ""value"": 2.0, ""model_input"": 2.0}, {""feature"": ""type_of_max_name"", ""shap"": 0.2339678257703781, ""value"": 7.0, ""model_input"": 7.0}, {""feature"": ""name_addr_consistency"", ""shap"": -0.22880232334136963, ""value"": 0.6237947810703228, ""model_input"": 0.6237947810703228}]}"
2,Groupe SIRENE (IPO),17 Rue Émile Zola,69150,DECINES-CHARPIEU,81354046500024,0.9685171842575073,ENERIS DEVELOPPEMENT,15 RUE EMILE ZOLA,DECINES-CHARPIEU,69150,69275,FERME,2025-02-03 02:51:29,4,"{""bias"": 1.1616770029067993, ""margin"": 3.426323890686035, ""prob_from_margin"": 0.9685171699209298, ""top"": [{""feature"": ""name_semantic_max"", ""shap"": 2.1495916843414307, ""value"": 0.7122857570648193, ""model_input"": 0.7122857570648193}, {""feature"": ""name_sim_max_pm_dirigeant"", ""shap"": 0.978839635848999, ""value"": 0.6052631578947368, ""model_input"": 0.6052631578947368}, {""feature"": ""token_overlap_ul"", ""shap"": -0.7223526239395142, ""value"": 0.0, ""model_input"": 0.0}, {""feature"": ""name_token_overlap_max"", ""shap"": 0.7029323577880859, ""value"": 0.3333333333333333, ""model_input"": 0.3333333333333333}, {""feature"": ""name_crm_contains_cand_max"", ""shap"": 0.682989776134491, ""value"": 1.0, ""model_input"": 1.0}, {""feature"": ""street_number_diff"", ""shap"": -0.44660890102386475, ""value"": 2.0, ""model_input"": 2.0}, {""feature"": ""addr_token_overlap"", ""shap"": 0.4444388747215271, ""value"": 0.6, ""model_input"": 0.6}, {""feature"": ""name_addr_consistency"", ""shap"": -0.3178948163986206, ""value"": 0.5839009287925697, ""model_input"": 0.5839009287925697}, {""feature"": ""ul_vs_pm_indicator"", ""shap"": -0.2977108359336853, ""value"": 0.0, ""model_input"": 0.0}, {""feature"": ""addr_levenshtein"", ""shap"": 0.26916933059692383, ""value"": 0.9411764705882353, ""model_input"": 0.9411764705882353}]}"
2,Groupe SIRENE (IPO),17 Rue Émile Zola,69150,DECINES-CHARPIEU,44074906700060,0.9003661870956421,NOVACTION ENERGIES,17 RUE EMILE ZOLA,DECINES-CHARPIEU,69150,69275,FERME,2024-03-30 14:29:56,5,"{""bias"": 1.1616770029067993, ""margin"": 2.2012991905212402, ""prob_from_margin"": 0.9003661179644792, ""top"": [{""feature"": ""name_semantic_max"", ""shap"": -1.8851295709609985, ""value"": 0.4235835075378418, ""model_input"": 0.4235835075378418}, {""feature"": ""addr_token_overlap"", ""shap"": 1.1549334526062012, ""value"": 1.0, ""model_input"": 1.0}, {""feature"": ""street_number_diff"", ""shap"": 1.126037359237671, ""value"": 0.0, ""model_input"": 0.0}, {""feature"": ""name_sim_max_pm_dirigeant"", ""shap"": 0.7774796485900879, ""value"": 0.5242690058479532, ""model_input"": 0.5242690058479532}, {""feature"": ""addr_jaro"", ""shap"": 0.6363224983215332, ""value"": 1.0, ""model_input"": 1.0}, {""feature"": ""addr_levenshtein"", ""shap"": 0.5365581512451172, ""value"": 1.0, ""model_input"": 1.0}, {""feature"": ""name_count"", ""shap"": 0.45317715406417847, ""value"": 2.0, ""model_input"": 2.0}, {""feature"": ""type_of_max_name"", ""shap"": 0.34355470538139343, ""value"": 7.0, ""model_input"": 7.0}, {""feature"": ""name_token_overlap_max"", ""shap"": -0.3054664134979248, ""value"": 0.0, ""model_input"": 0.0}, {""feature"": ""token_overlap_ul"", ""shap"": -0.2684602737426758, ""value"": 0.0, ""model_input"": 0.0}]}"
69,HEXATRANS,42b Boulevard des Nations,69960,CORBAS,33902484600042,0.9899882674217224,HEXATRANS,8 AVENUE DE L'INDUSTRIE,CORBAS,69960,69273,OUVERT,2024-03-30 14:09:12,1,"{""bias"": 1.1616770029067993, ""margin"": 4.593929290771484, ""prob_from_margin"": 0.9899882065837248, ""top"": [{""feature"": ""name_semantic_max"", ""shap"": 2.487304449081421, ""value"": 0.9999998807907104, ""model_input"": 0.9999998807907104}, {""feature"": ""token_overlap_ul"", ""shap"": 1.1194061040878296, ""value"": 1.0, ""model_input"": 1.0}, {""feature"": ""name_token_overlap_max"", ""shap"": 1.068826675415039, ""value"": 1.0, ""model_input"": 1.0}, {""feature"": ""addr_token_overlap"", ""shap"": -0.8124400973320007, ""value"": 0.0, ""model_input"": 0.0}, {""feature"": ""name_sim_max_pm_dirigeant"", ""shap"": 0.7885258197784424, ""value"": 0.4962962962962963, ""model_input"": 0.4962962962962963}, {""feature"": ""is_siege"", ""shap"": -0.7303459644317627, ""value"": 0.0, ""model_input"": 0.0}, {""feature"": ""street_number_diff"", ""shap"": -0.7173283100128174, ""value"": 34.0, ""model_input"": 34.0}, {""feature"": ""addr_levenshtein"", ""shap"": -0.5661342144012451, ""value"": 0.12, ""model_input"": 0.12}, {""feature"": ""name_crm_contains_cand_max"", ""shap"": 0.4319729804992676, ""value"": 1.0, ""model_input"": 1.0}, {""feature"": ""addr_jaro"", ""shap"": -0.230051189661026, ""value"": 0.6743840579710145, ""model_input"": 0.6743840579710145}]}"
69,HEXATRANS,42b Boulevard des Nations,69960,CORBAS,32817162400021,0.9827777743339539,GENEST HEXA RHONE,RUE DU CARREAU,CORBAS,69960,69273,FERME,2024-03-22 15:40:57,2,"{""bias"": 1.1616770029067993, ""margin"": 4.044181823730469, ""prob_from_margin"": 0.982777766506258, ""top"": [{""feature"": ""name_semantic_max"", ""shap"": 3.0156099796295166, ""value"": 0.8043506741523743, ""model_input"": 0.8043506741523743}, {""feature"": ""token_overlap_ul"", ""shap"": 1.3773372173309326, ""value"": 1.0, ""model_input"": 1.0}, {""feature"": ""name_sim_max_etab"", ""shap"": 0.9776114225387573, ""value"": 0.0, ""model_input"": 0.0}, {""feature"": ""name_sim_max_pm_dirigeant"", ""shap"": -0.4776475429534912, ""value"": 0.0, ""model_input"": 0.0}, {""feature"": ""addr_jaro"", ""shap"": -0.4237246513366699, ""value"": 0.5935449735449736, ""model_input"": 0.5935449735449736}, {""feature"": ""name_token_overlap_max"", ""shap"": -0.38545164465904236, ""value"": 0.0, ""model_input"": 0.0}, {""feature"": ""name_semantic_second"", ""shap"": -0.37608540058135986, ""value"": 0.0, ""model_input"": 0.0}, {""feature"": ""type_of_max_name"", ""shap"": 0.3455248177051544, ""value"": 7.0, ""model_input"": 7.0}, {""feature"": ""addr_levenshtein"", ""shap"": -0.32988181710243225, ""value"": 0.24, ""model_input"": 0.24}, {""feature"": ""name_jaro_max"", ""shap"": -0.3103245198726654, ""value"": 0.6198257080610022, ""model_input"": 0.6198257080610022}]}"
69,HEXATRANS,42b Boulevard des Nations,69960,CORBAS,38396013502974,0.858083963394165,CHRONOPOST,42 BOULEVARD DES NATIONS,CORBAS,69960,69273,OUVERT,2025-01-23 02:40:01,3,"{""bias"": 1.1616770029067993, ""margin"": 1.7994649410247803, ""prob_from_margin"": 0.8580837902412368, ""top"": [{""feature"": ""street_number_diff"", ""shap"": 1.3154124021530151, ""value"": 0.0, ""model_input"": 0.0}, {""feature"": ""name_semantic_max"", ""shap"": -1.159071445465088, ""value"": 0.5236067771911621, ""model_input"": 0.5236067771911621}, {""feature"": ""type_of_max_name"", ""shap"": 0.7208518981933594, ""value"": 7.0, ""model_input"": 7.0}, {""feature"": ""name_sim_max_etab"", ""shap"": 0.6922750473022461, ""value"": 0.3148148148148148, ""model_input"": 0.3148148148148148}, {""feature"": ""addr_token_overlap"", ""shap"": 0.6900445222854614, ""value"": 0.6, ""model_input"": 0.6}, {""feature"": ""addr_levenshtein"", ""shap"": 0.6443877816200256, ""value"": 0.96, ""model_input"": 0.96}, {""feature"": ""name_sim_max_pm_dirigeant"", ""shap"": -0.4818429946899414, ""value"": 0.3148148148148148, ""model_input"": 0.3148148148148148}, {""feature"": ""name_token_overlap_max"", ""shap"": -0.4416112005710602, ""value"": 0.0, ""model_input"": 0.0}, {""feature"": ""addr_jaro"", ""shap"": 0.3590337634086609, ""value"": 0.9782222222222223, ""model_input"": 0.9782222222222223}, {""feature"": ""name_length_max"", ""shap"": -0.333520770072937, ""value"": 10.0, ""model_input"": 10.0}]}"
69,HEXATRANS,42b Boulevard des Nations,69960,CORBAS,45167079800037,0.768009603023529,TRANS PROCESS,84 RUE DU CARREAU,CORBAS,69960,69273,OUVERT,2025-01-30 02:49:11,4,"{""bias"": 1.1616770029067993, ""margin"": 1.1971068382263184, ""prob_from_margin"": 0.7680097063067971, ""top"": [{""feature"": ""token_overlap_ul"", ""shap"": 1.5243990421295166, ""value"": 1.0, ""model_input"": 1.0}, {""feature"": ""name_semantic_max"", ""shap"": -1.2996041774749756, ""value"": 0.5274925231933594, ""model_input"": 0.5274925231933594}, {""feature"": ""name_sim_max_etab"", ""shap"": 0.8987058401107788, ""value"": 0.0, ""model_input"": 0.0}, {""feature"": ""type_of_max_name"", ""shap"": 0.7271051406860352, ""value"": 7.0, ""model_input"": 7.0}, {""feature"": ""addr_levenshtein"", ""shap"": -0.49070677161216736, ""value"": 0.28, ""model_input"": 0.28}, {""feature"": ""street_number_diff"", ""shap"": -0.48777472972869873, ""value"": 42.0, ""model_input"": 42.0}, {""feature"": ""name_token_overlap_max"", ""shap"": -0.4481526017189026, ""value"": 0.0, ""model_input"": 0.0}, {""feature"": ""name_sim_max_pm_dirigeant"", ""shap"": -0.40235239267349243, ""value"": 0.0, ""model_input"": 0.0}, {""feature"": ""name_length_max"", ""shap"": -0.35801130533218384, ""value"": 13.0, ""model_input"": 13.0}, {""feature"": ""addr_token_overlap"", ""shap"": -0.3367120921611786, ""value"": 0.0, ""model_input"": 0.0}]}"
69,HEXATRANS,42b Boulevard des Nations,69960,CORBAS,50921047200155,0.6832720637321472,CHRONOFRESH,42 BOULEVARD DES NATIONS,CORBAS,69960,69273,OUVERT,2024-03-30 06:45:41,5,"{""bias"": 1.1616770029067993, ""margin"": 0.7688504457473755, ""prob_from_margin"": 0.6832721696213818, ""top"": [{""feature"": ""name_semantic_max"", ""shap"": -2.0808162689208984, ""value"": 0.47397708892822266, ""model_input"": 0.47397708892822266}, {""feature"": ""street_number_diff"", ""shap"": 1.1181575059890747, ""value"": 0.0, ""model_input"": 0.0}, {""feature"": ""addr_token_overlap"", ""shap"": 0.7471213936805725, ""value"": 0.6, ""model_input"": 0.6}, {""feature"": ""addr_levenshtein"", ""shap"": 0.7089380621910095, ""value"": 0.96, ""model_input"": 0.96}, {""feature"": ""name_sim_max_etab"", ""shap"": 0.695130467414856, ""value"": 0.3148148148148148, ""model_input"": 0.3148148148148148}, {""feature"": ""type_of_max_name"", ""shap"": 0.5823048949241638, ""value"": 7.0, ""model_input"": 7.0}, {""feature"": ""name_token_overlap_max"", ""shap"": -0.436842143535614, ""value"": 0.0, ""model_input"": 0.0}, {""feature"": ""name_addr_consistency"", ""shap"": -0.40228015184402466, ""value"": 0.5895682753460532, ""model_input"": 0.5895682753460532}, {""feature"": ""name_sim_max_pm_dirigeant"", ""shap"": -0.40074509382247925, ""value"": 0.3148148148148148, ""model_input"": 0.3148148148148148}, {""feature"": ""addr_jaro"", ""shap"": 0.37071481347084045, ""value"": 0.9782222222222223, ""model_input"": 0.9782222222222223}]}"
31,HTI MED,65 Avenue Franklin Roosevelt,69150,DECINES-CHARPIEU,53759247900019,0.9996402263641357,HTI MED,65 AVENUE FRANKLIN ROOSEVELT,DECINES-CHARPIEU,69150,69275,OUVERT,2025-01-25 03:05:55,1,"{""bias"": 1.1616770029067993, ""margin"": 7.929558277130127, ""prob_from_margin"": 0.9996401841401311, ""top"": [{""feature"": ""name_semantic_max"", ""shap"": 2.4308934211730957, ""value"": 0.9999999403953552, ""model_input"": 0.9999999403953552}, {""feature"": ""name_token_overlap_max"", ""shap"": 1.0986357927322388, ""value"": 1.0, ""model_input"": 1.0}, {""feature"": ""token_overlap_ul"", ""shap"": 0.9922951459884644, ""value"": 1.0, ""model_input"": 1.0}, {""feature"": ""name_crm_contains_cand_max"", ""shap"": 0.6503623723983765, ""value"": 1.0, ""model_input"": 1.0}, {""feature"": ""addr_token_overlap"", ""shap"": 0.610088050365448, ""value"": 1.0, ""model_input"": 1.0}, {""feature"": ""name_sim_max_etab"", ""shap"": -0.5827322006225586, ""value"": 1.0, ""model_input"": 1.0}, {""feature"": ""name_semantic_second"", ""shap"": 0.5535780191421509, ""value"": 0.9999999403953552, ""model_input"": 0.9999999403953552}, {""feature"": ""street_number_diff"", ""shap"": 0.4529958963394165, ""value"": 0.0, ""model_input"": 0.0}, {""feature"": ""name_addr_consistency"", ""shap"": 0.34673935174942017, ""value"": 1.0, ""model_input"": 1.0}, {""feature"": ""name_count"", ""shap"": -0.3181963860988617, ""value"": 5.0, ""model_input"": 5.0}]}"
31,HTI MED,65 Avenue Franklin Roosevelt,69150,DECINES-CHARPIEU,39236472500037,0.990659236907959,HTI TECHNOLOGIES,65 AVENUE FRANKLIN ROOSEVELT,DECINES-CHARPIEU,69150,69275,OUVERT,2025-02-02 02:16:33,2,"{""bias"": 1.1616770029067993, ""margin"": 4.663974285125732, ""prob_from_margin"": 0.9906591593460562, ""top"": [{""feature"": ""name_semantic_max"", ""shap"": 2.3203115463256836, ""value"": 0.7552817463874817, ""model_input"": 0.7552817463874817}, {""feature"": ""addr_token_overlap"", ""shap"": 0.9062801003456116, ""value"": 1.0, ""model_input"": 1.0}, {""feature"": ""name_token_overlap_max"", ""shap"": 0.7348513007164001, ""value"": 0.3333333333333333, ""model_input"": 0.3333333333333333}, {""feature"": ""name_semantic_second"", ""shap"": 0.6955766081809998, ""value"": 0.7552817463874817, ""model_input"": 0.7552817463874817}, {""feature"": ""name_sim_max_etab"", ""shap"": -0.6633803844451904, ""value"": 0.6755952380952381, ""model_input"": 0.6755952380952381}, {""feature"": ""street_number_diff"", ""shap"": 0.6233952045440674, ""value"": 0.0, ""model_input"": 0.0}, {""feature"": ""type_of_max_name"", ""shap"": -0.4214489758014679, ""value"": 2.0, ""model_input"": 2.0}, {""feature"": ""token_overlap_ul"", ""shap"": 0.3575824797153473, ""value"": 0.5, ""model_input"": 0.5}, {""feature"": ""name_sim_max_pm_dirigeant"", ""shap"": 0.3551253080368042, ""value"": 0.49523809523809526, ""model_input"": 0.49523809523809526}, {""feature"": ""addr_jaro"", ""shap"": 0.27050983905792236, ""value"": 1.0, ""model_input"": 1.0}]}"
31,HTI MED,65 Avenue Franklin Roosevelt,69150,DECINES-CHARPIEU,39236472500029,0.9861257672309875,HTI TECHNOLOGIES,49 AVENUE FRANKLIN ROOSEVELT,DECINES-CHARPIEU,69150,69275,OUVERT,2025-02-06 02:23:31,3,"{""bias"": 1.1616770029067993, ""margin"": 4.263755798339844, ""prob_from_margin"": 0.9861258392114608, ""top"": [{""feature"": ""name_semantic_max"", ""shap"": 2.6631665229797363, ""value"": 0.7552817463874817, ""model_input"": 0.7552817463874817}, {""feature"": ""name_sim_max_pm_dirigeant"", ""shap"": 0.8076757788658142, ""value"": 0.49523809523809526, ""model_input"": 0.49523809523809526}, {""feature"": ""street_number_diff"", ""shap"": -0.7969219088554382, ""value"": 16.0, ""model_input"": 16.0}, {""feature"": ""name_token_overlap_max"", ""shap"": 0.7745506167411804, ""value"": 0.3333333333333333, ""model_input"": 0.3333333333333333}, {""feature"": ""token_overlap_ul"", ""shap"": 0.5233355164527893, ""value"": 0.5, ""model_input"": 0.5}, {""feature"": ""addr_token_overlap"", ""shap"": 0.3870391249656677, ""value"": 0.6, ""model_input"": 0.6}, {""feature"": ""name_semantic_second"", ""shap"": -0.3432106077671051, ""value"": 0.4003604054450989, ""model_input"": 0.4003604054450989}, {""feature"": ""name_addr_consistency"", ""shap"": -0.26631107926368713, ""value"": 0.6434240362811792, ""model_input"": 0.6434240362811792}, {""feature"": ""type_of_max_name"", ""shap"": 0.2128739058971405, ""value"": 7.0, ""model_input"": 7.0}, {""feature"": ""name_levenshtein_max"", ""shap"": -0.2068489044904709, ""value"": 0.3125, ""model_input"": 0.3125}]}"
31,HTI MED,65 Avenue Franklin Roosevelt,69150,DECINES-CHARPIEU,53067073600012,0.9723941683769226,TERRE DE SOIE,65 AVENUE FRANKLIN ROOSEVELT,DECINES-CHARPIEU,69150,69275,OUVERT,2025-02-16 02:24:58,4,"{""bias"": 1.1616770029067993, ""margin"": 3.5617332458496094, ""prob_from_margin"": 0.9723941426516186, ""top"": [{""feature"": ""name_semantic_max"", ""shap"": 1.9042483568191528, ""value"": 0.7552817463874817, ""model_input"": 0.7552817463874817}, {""feature"": ""name_sim_max_etab"", ""shap"": -0.9126535654067993, ""value"": 0.6755952380952381, ""model_input"": 0.6755952380952381}, {""feature"": ""name_sim_max_pm_dirigeant"", ""shap"": 0.9078577756881714, ""value"": 0.6755952380952381, ""model_input"": 0.6755952380952381}, {""feature"": ""addr_token_overlap"", ""shap"": 0.7982361316680908, ""value"": 1.0, ""model_input"": 1.0}, {""feature"": ""street_number_diff"", ""shap"": 0.652359664440155, ""value"": 0.0, ""model_input"": 0.0}, {""feature"": ""token_overlap_ul"", ""shap"": -0.5186227560043335, ""value"": 0.0, ""model_input"": 0.0}, {""feature"": ""name_token_overlap_max"", ""shap"": 0.4937654733657837, ""value"": 0.3333333333333333, ""model_input"": 0.3333333333333333}, {""feature"": ""name_semantic_second"", ""shap"": -0.47450873255729675, ""value"": 0.4003604054450989, ""model_input"": 0.4003604054450989}, {""feature"": ""addr_levenshtein"", ""shap"": 0.2855822741985321, ""value"": 1.0, ""model_input"": 1.0}, {""feature"": ""ul_vs_pm_indicator"", ""shap"": -0.24363724887371063, ""value"": 0.0, ""model_input"": 0.0}]}"
31,HTI MED,65 Avenue Franklin Roosevelt,69150,DECINES-CHARPIEU,98794008700016,0.9112384915351868,MED IMMO,4 RUE GUY DE MAUPASSANT,DECINES-CHARPIEU,69150,69275,OUVERT,2025-06-13 11:06:52,5,"{""bias"": 1.1616770029067993, ""margin"": 2.3288497924804688, ""prob_from_margin"": 0.9112383484811896, ""top"": [{""feature"": ""name_semantic_max"", ""shap"": 1.210639238357544, ""value"": 0.6685162782669067, ""model_input"": 0.6685162782669067}, {""feature"": ""name_sim_max_etab"", ""shap"": 1.1014329195022583, ""value"": 0.0, ""model_input"": 0.0}, {""feature"": ""name_token_overlap_max"", ""shap"": 0.6414010524749756, ""value"": 0.3333333333333333, ""model_input"": 0.3333333333333333}, {""feature"": ""token_overlap_ul"", ""shap"": 0.549902081489563, ""value"": 0.5, ""model_input"": 0.5}, {""feature"": ""name_length_max"", ""shap"": -0.48385751247406006, ""value"": 8.0, ""model_input"": 8.0}, {""feature"": ""type_of_max_name"", ""shap"": 0.4710303246974945, ""value"": 7.0, ""model_input"": 7.0}, {""feature"": ""street_number_diff"", ""shap"": -0.44752150774002075, ""value"": 61.0, ""model_input"": 61.0}, {""feature"": ""name_sim_max_pm_dirigeant"", ""shap"": -0.3975079357624054, ""value"": 0.0, ""model_input"": 0.0}, {""feature"": ""addr_token_overlap"", ""shap"": -0.39360326528549194, ""value"": 0.0, ""model_input"": 0.0}, {""feature"": ""addr_levenshtein"", ""shap"": -0.3839629590511322, ""value"": 0.2142857142857143, ""model_input"": 0.2142857142857143}]}"
32,HTI Technologies,49 Avenue Franklin Roosevelt,69150,DECINES-CHARPIEU,39236472500029,0.999853253364563,HTI TECHNOLOGIES,49 AVENUE FRANKLIN ROOSEVELT,DECINES-CHARPIEU,69150,69275,OUVERT,2025-02-06 02:23:31,1,"{""bias"": 1.1616770029067993, ""margin"": 8.82686710357666, ""prob_from_margin"": 0.9998532842959851, ""top"": [{""feature"": ""name_semantic_max"", ""shap"": 2.2111010551452637, ""value"": 0.9897515773773193, ""model_input"": 0.9897515773773193}, {""feature"": ""name_token_overlap_max"", ""shap"": 1.0167434215545654, ""value"": 1.0, ""model_input"": 1.0}, {""feature"": ""token_overlap_ul"", ""shap"": 0.943071722984314, ""value"": 1.0, ""model_input"": 1.0}, {""feature"": ""name_sim_max_pm_dirigeant"", ""shap"": 0.8963196873664856, ""value"": 0.5696428571428571, ""model_input"": 0.5696428571428571}, {""feature"": ""name_crm_contains_cand_max"", ""shap"": 0.6152709126472473, ""value"": 1.0, ""model_input"": 1.0}, {""feature"": ""addr_token_overlap"", ""shap"": 0.5431463122367859, ""value"": 1.0, ""model_input"": 1.0}, {""feature"": ""street_number_diff"", ""shap"": 0.4388382136821747, ""value"": 0.0, ""model_input"": 0.0}, {""feature"": ""is_siege"", ""shap"": 0.3673917055130005, ""value"": 1.0, ""model_input"": 1.0}, {""feature"": ""name_sim_max_ul"", ""shap"": 0.25399893522262573, ""value"": 1.0, ""model_input"": 1.0}, {""feature"": ""addr_jaro"", ""shap"": 0.228459432721138, ""value"": 1.0, ""model_input"": 1.0}]}"
32,HTI Technologies,49 Avenue Franklin Roosevelt,69150,DECINES-CHARPIEU,39236472500037,0.9950793981552124,HTI TECHNOLOGIES,65 AVENUE FRANKLIN ROOSEVELT,DECINES-CHARPIEU,69150,69275,OUVERT,2025-02-02 02:16:33,2,"{""bias"": 1.1616770029067993, ""margin"": 5.309401988983154, ""prob_from_margin"": 0.9950794486223679, ""top"": [{""feature"": ""name_semantic_max"", ""shap"": 2.6441538333892822, ""value"": 0.9897515773773193, ""model_input"": 0.9897515773773193}, {""feature"": ""name_token_overlap_max"", ""shap"": 1.313873529434204, ""value"": 1.0, ""model_input"": 1.0}, {""feature"": ""street_number_diff"", ""shap"": -0.9768229722976685, ""value"": 16.0, ""model_input"": 16.0}, {""feature"": ""token_overlap_ul"", ""shap"": 0.9298586249351501, ""value"": 1.0, ""model_input"": 1.0}, {""feature"": ""name_sim_max_etab"", ""shap"": -0.695996880531311, ""value"": 1.0, ""model_input"": 1.0}, {""feature"": ""name_crm_contains_cand_max"", ""shap"": 0.607926607131958, ""value"": 1.0, ""model_input"": 1.0}, {""feature"": ""name_sim_max_pm_dirigeant"", ""shap"": 0.4710281491279602, ""value"": 0.5696428571428571, ""model_input"": 0.5696428571428571}, {""feature"": ""is_siege"", ""shap"": -0.43776482343673706, ""value"": 0.0, ""model_input"": 0.0}, {""feature"": ""addr_token_overlap"", ""shap"": 0.41304153203964233, ""value"": 0.6, ""model_input"": 0.6}, {""feature"": ""name_semantic_second"", ""shap"": 0.3771021068096161, ""value"": 0.9897515773773193, ""model_input"": 0.9897515773773193}]}"
32,HTI Technologies,49 Avenue Franklin Roosevelt,69150,DECINES-CHARPIEU,53795997500013,0.9796265959739685,HI TECH ELECTRICITE,1 RUE PAUL MARCELLIN,DECINES CHARPIEU,69150,69275,OUVERT,2024-03-30 05:57:33,3,"{""bias"": 1.1616770029067993, ""margin"": 3.8729357719421387, ""prob_from_margin"": 0.9796264886667492, ""top"": [{""feature"": ""name_semantic_max"", ""shap"": 2.863753318786621, ""value"": 0.7629308700561523, ""model_input"": 0.7629308700561523}, {""feature"": ""name_sim_max_etab"", ""shap"": 1.3068121671676636, ""value"": 0.0, ""model_input"": 0.0}, {""feature"": ""token_overlap_ul"", ""shap"": 0.7860437631607056, ""value"": 0.5, ""model_input"": 0.5}, {""feature"": ""name_sim_max_pm_dirigeant"", ""shap"": -0.4511180818080902, ""value"": 0.0, ""model_input"": 0.0}, {""feature"": ""addr_token_overlap"", ""shap"": -0.4114286005496979, ""value"": 0.0, ""model_input"": 0.0}, {""feature"": ""type_of_max_name"", ""shap"": 0.3883015811443329, ""value"": 7.0, ""model_input"": 7.0}, {""feature"": ""name_semantic_second"", ""shap"": -0.3639981746673584, ""value"": 0.0, ""model_input"": 0.0}, {""feature"": ""addr_jaro"", ""shap"": -0.3383846879005432, ""value"": 0.5904761904761905, ""model_input"": 0.5904761904761905}, {""feature"": ""name_token_overlap_max"", ""shap"": -0.3373985290527344, ""value"": 0.0, ""model_input"": 0.0}, {""feature"": ""street_number_diff"", ""shap"": -0.3291876018047333, ""value"": 48.0, ""model_input"": 48.0}]}"
32,HTI Technologies,49 Avenue Franklin Roosevelt,69150,DECINES-CHARPIEU,32058406300046,0.9724356532096863,ELECTRON FIL,49 AVENUE FRANKLIN ROOSEVELT,DECINES-CHARPIEU,69150,69275,FERME,2024-03-30 14:38:08,4,"{""bias"": 1.1616770029067993, ""margin"": 3.5632781982421875, ""prob_from_margin"": 0.9724355847506841, ""top"": [{""feature"": ""addr_token_overlap"", ""shap"": 1.2943952083587646, ""value"": 1.0, ""model_input"": 1.0}, {""feature"": ""street_number_diff"", ""shap"": 1.1946901082992554, ""value"": 0.0, ""model_input"": 0.0}, {""feature"": ""name_sim_max_etab"", ""shap"": 0.8073630928993225, ""value"": 0.0, ""model_input"": 0.0}, {""feature"": ""name_semantic_max"", ""shap"": -0.7431902885437012, ""value"": 0.5299427509307861, ""model_input"": 0.5299427509307861}, {""feature"": ""addr_jaro"", ""shap"": 0.6240609288215637, ""value"": 1.0, ""model_input"": 1.0}, {""feature"": ""addr_levenshtein"", ""shap"": 0.577207624912262, ""value"": 1.0, ""model_input"": 1.0}, {""feature"": ""type_of_max_name"", ""shap"": 0.5457371473312378, ""value"": 7.0, ""model_input"": 7.0}, {""feature"": ""name_sim_max_pm_dirigeant"", ""shap"": -0.43181711435317993, ""value"": 0.0, ""model_input"": 0.0}, {""feature"": ""name_semantic_second"", ""shap"": -0.3713631331920624, ""value"": 0.0, ""model_input"": 0.0}, {""feature"": ""name_length_max"", ""shap"": -0.35514360666275024, ""value"": 12.0, ""model_input"": 12.0}]}"
32,HTI Technologies,49 Avenue Franklin Roosevelt,69150,DECINES-CHARPIEU,88461051000023,0.9606967568397522,MH TECHNOLOGIE,205 AVENUE FRANKLIN ROOSEVELT,DECINES-CHARPIEU,69150,69275,OUVERT,2024-03-30 07:56:14,5,"{""bias"": 1.1616770029067993, ""margin"": 3.196350574493408, ""prob_from_margin"": 0.9606967116634091, ""top"": [{""feature"": ""name_semantic_max"", ""shap"": 1.188083529472351, ""value"": 0.668350100517273, ""model_input"": 0.668350100517273}, {""feature"": ""street_number_diff"", ""shap"": -1.1475530862808228, ""value"": 156.0, ""model_input"": 156.0}, {""feature"": ""name_sim_max_etab"", ""shap"": 0.945725679397583, ""value"": 0.0, ""model_input"": 0.0}, {""feature"": ""name_jaro_gap"", ""shap"": 0.5347967147827148, ""value"": 0.8880494505494506, ""model_input"": 0.8880494505494506}, {""feature"": ""token_overlap_ul"", ""shap"": 0.4675770401954651, ""value"": 0.5, ""model_input"": 0.5}, {""feature"": ""name_sim_max_pm_dirigeant"", ""shap"": -0.44675639271736145, ""value"": 0.0, ""model_input"": 0.0}, {""feature"": ""type_of_max_name"", ""shap"": 0.398370623588562, ""value"": 7.0, ""model_input"": 7.0}, {""feature"": ""addr_token_overlap"", ""shap"": 0.3667134642601013, ""value"": 0.6, ""model_input"": 0.6}, {""feature"": ""name_token_overlap_max"", ""shap"": -0.3659307360649109, ""value"": 0.0, ""model_input"": 0.0}, {""feature"": ""name_addr_consistency"", ""shap"": 0.3063127398490906, ""value"": 0.836283021166026, ""model_input"": 0.836283021166026}]}"
10,ISOJET,14 Boulevard des Nations,69960,CORBAS,38502373400036,0.999122679233551,ISOJET EQUIPEMENTS,14 BOULEVARD DES NATIONS,CORBAS,69960,69273,OUVERT,2025-01-14 02:13:20,1,"{""bias"": 1.1616770029067993, ""margin"": 7.037742614746094, ""prob_from_margin"": 0.9991226638432283, ""top"": [{""feature"": ""name_semantic_max"", ""shap"": 2.2162036895751953, ""value"": 0.8957250118255615, ""model_input"": 0.8957250118255615}, {""feature"": ""name_sim_max_etab"", ""shap"": 0.9481465816497803, ""value"": 0.0, ""model_input"": 0.0}, {""feature"": ""token_overlap_ul"", ""shap"": 0.8910611867904663, ""value"": 1.0, ""model_input"": 1.0}, {""feature"": ""name_token_overlap_max"", ""shap"": 0.7800403237342834, ""value"": 0.5, ""model_input"": 0.5}, {""feature"": ""street_number_diff"", ""shap"": 0.5465539693832397, ""value"": 0.0, ""model_input"": 0.0}, {""feature"": ""addr_token_overlap"", ""shap"": 0.5204464197158813, ""value"": 1.0, ""model_input"": 1.0}, {""feature"": ""name_sim_max_pm_dirigeant"", ""shap"": -0.38618004322052, ""value"": 0.0, ""model_input"": 0.0}, {""feature"": ""name_levenshtein_max"", ""shap"": -0.370604008436203, ""value"": 0.33333333333333337, ""model_input"": 0.33333333333333337}, {""feature"": ""name_semantic_second"", ""shap"": -0.34315645694732666, ""value"": 0.2959258556365967, ""model_input"": 0.2959258556365967}, {""feature"": ""name_addr_consistency"", ""shap"": 0.32845279574394226, ""value"": 0.8666666666666666, ""model_input"": 0.8666666666666666}]}"
10,ISOJET,14 Boulevard des Nations,69960,CORBAS,91939853700010,0.9434595108032227,ZAH,14 BOULEVARD DES NATIONS,CORBAS,69960,69273,OUVERT,2025-11-18 17:06:53,2,"{""bias"": 1.1616770029067993, ""margin"": 2.81459903717041, ""prob_from_margin"": 0.9434596490465402, ""top"": [{""feature"": ""name_semantic_max"", ""shap"": -3.1207590103149414, ""value"": 0.2959258556365967, ""model_input"": 0.2959258556365967}, {""feature"": ""addr_token_overlap"", ""shap"": 1.1456024646759033, ""value"": 1.0, ""model_input"": 1.0}, {""feature"": ""name_addr_consistency"", ""shap"": 1.14339280128479, ""value"": 0.0, ""model_input"": 0.0}, {""feature"": ""street_number_diff"", ""shap"": 1.0460983514785767, ""value"": 0.0, ""model_input"": 0.0}, {""feature"": ""addr_jaro"", ""shap"": 1.0005921125411987, ""value"": 1.0, ""model_input"": 1.0}, {""feature"": ""name_sim_max_etab"", ""shap"": 0.8377529978752136, ""value"": 0.0, ""model_input"": 0.0}, {""feature"": ""addr_levenshtein"", ""shap"": 0.6391353607177734, ""value"": 1.0, ""model_input"": 1.0}, {""feature"": ""name_jaro_max"", ""shap"": 0.5350978374481201, ""value"": 0.0, ""model_input"": 0.0}, {""feature"": ""name_sim_max_ul"", ""shap"": -0.4136078953742981, ""value"": 0.0, ""model_input"": 0.0}, {""feature"": ""name_token_overlap_max"", ""shap"": -0.33331814408302307, ""value"": 0.0, ""model_input"": 0.0}]}"
10,ISOJET,14 Boulevard des Nations,69960,CORBAS,48233236800034,0.8678100109100342,ABC RENOVATION,14 BOULEVARD DES NATIONS,CORBAS,69960,69273,FERME,2025-02-17 02:20:53,3,"{""bias"": 1.1616770029067993, ""margin"": 1.8817318677902222, ""prob_from_margin"": 0.8678099257434314, ""top"": [{""feature"": ""name_semantic_max"", ""shap"": -2.421860694885254, ""value"": 0.36580049991607666, ""model_input"": 0.36580049991607666}, {""feature"": ""addr_token_overlap"", ""shap"": 1.2640137672424316, ""value"": 1.0, ""model_input"": 1.0}, {""feature"": ""street_number_diff"", ""shap"": 1.107534646987915, ""value"": 0.0, ""model_input"": 0.0}, {""feature"": ""addr_jaro"", ""shap"": 0.7591948509216309, ""value"": 1.0, ""model_input"": 1.0}, {""feature"": ""name_sim_max_etab"", ""shap"": 0.7327660322189331, ""value"": 0.0, ""model_input"": 0.0}, {""feature"": ""addr_levenshtein"", ""shap"": 0.6481794118881226, ""value"": 1.0, ""model_input"": 1.0}, {""feature"": ""type_of_max_name"", ""shap"": 0.3982279300689697, ""value"": 7.0, ""model_input"": 7.0}, {""feature"": ""name_semantic_second"", ""shap"": -0.39271655678749084, ""value"": 0.0, ""model_input"": 0.0}, {""feature"": ""name_sim_max_pm_dirigeant"", ""shap"": -0.3858317732810974, ""value"": 0.0, ""model_input"": 0.0}, {""feature"": ""name_token_overlap_max"", ""shap"": -0.3452532887458801, ""value"": 0.0, ""model_input"": 0.0}]}"
10,ISOJET,14 Boulevard des Nations,69960,CORBAS,52357358200021,0.6145005822181702,NOUVEL AIR IMMOBILIER,14 RUE DE L'AVIATION,CORBAS,69960,69273,OUVERT,2025-03-11 14:07:16,4,"{""bias"": 1.1616770029067993, ""margin"": 0.4662711024284363, ""prob_from_margin"": 0.6145007974714424, ""top"": [{""feature"": ""name_semantic_max"", ""shap"": -1.3361719846725464, ""value"": 0.5182861089706421, ""model_input"": 0.5182861089706421}, {""feature"": ""type_of_max_name"", ""shap"": 0.9698222279548645, ""value"": 7.0, ""model_input"": 7.0}, {""feature"": ""street_number_diff"", ""shap"": 0.7737209796905518, ""value"": 0.0, ""model_input"": 0.0}, {""feature"": ""name_sim_max_etab"", ""shap"": 0.7547255754470825, ""value"": 0.0, ""model_input"": 0.0}, {""feature"": ""addr_levenshtein"", ""shap"": -0.683238685131073, ""value"": 0.45833333333333337, ""model_input"": 0.45833333333333337}, {""feature"": ""name_addr_consistency"", ""shap"": 0.43517395853996277, ""value"": 0.36690917107583765, ""model_input"": 0.36690917107583765}, {""feature"": ""name_sim_max_pm_dirigeant"", ""shap"": -0.41164630651474, ""value"": 0.0, ""model_input"": 0.0}, {""feature"": ""name_token_overlap_max"", ""shap"": -0.3889410197734833, ""value"": 0.0, ""model_input"": 0.0}, {""feature"": ""token_overlap_ul"", ""shap"": -0.3668292164802551, ""value"": 0.0, ""model_input"": 0.0}, {""feature"": ""name_semantic_second"", ""shap"": -0.33323878049850464, ""value"": 0.0, ""model_input"": 0.0}]}"
10,ISOJET,14 Boulevard des Nations,69960,CORBAS,88438262300020,0.5986183881759644,HANDUSTRY,14 BOULEVARD DES NATIONS,CORBAS,69960,69273,OUVERT,2024-03-30 10:08:52,5,"{""bias"": 1.1616770029067993, ""margin"": 0.3997131586074829, ""prob_from_margin"": 0.5986187414351192, ""top"": [{""feature"": ""name_semantic_max"", ""shap"": -2.0849521160125732, ""value"": 0.44421494007110596, ""model_input"": 0.44421494007110596}, {""feature"": ""addr_token_overlap"", ""shap"": 1.0610069036483765, ""value"": 1.0, ""model_input"": 1.0}, {""feature"": ""street_number_diff"", ""shap"": 1.0115654468536377, ""value"": 0.0, ""model_input"": 0.0}, {""feature"": ""addr_jaro"", ""shap"": 0.7090641856193542, ""value"": 1.0, ""model_input"": 1.0}, {""feature"": ""name_sim_max_etab"", ""shap"": 0.6860063076019287, ""value"": 0.0, ""model_input"": 0.0}, {""feature"": ""addr_levenshtein"", ""shap"": 0.47177308797836304, ""value"": 1.0, ""model_input"": 1.0}, {""feature"": ""type_of_max_name"", ""shap"": 0.4434903860092163, ""value"": 7.0, ""model_input"": 7.0}, {""feature"": ""name_sim_max_pm_dirigeant"", ""shap"": -0.4280143678188324, ""value"": 0.0, ""model_input"": 0.0}, {""feature"": ""name_semantic_second"", ""shap"": -0.42434707283973694, ""value"": 0.0, ""model_input"": 0.0}, {""feature"": ""name_addr_consistency"", ""shap"": -0.40056461095809937, ""value"": 0.4259259259259259, ""model_input"": 0.4259259259259259}]}"
102,ITAFRAN,23 AVENUE DE L'INDUSTRIE,69960,CORBAS,30549218300143,0.9998088479042053,BDF,21 AVENUE DE L'INDUSTRIE,CORBAS,69960,69273,OUVERT,2025-02-09 02:17:56,1,"{""bias"": 1.1616770029067993, ""margin"": 8.562424659729004, ""prob_from_margin"": 0.9998088812884807, ""top"": [{""feature"": ""name_semantic_max"", ""shap"": 2.6774585247039795, ""value"": 1.0, ""model_input"": 1.0}, {""feature"": ""name_token_overlap_max"", ""shap"": 1.2732981443405151, ""value"": 1.0, ""model_input"": 1.0}, {""feature"": ""token_overlap_ul"", ""shap"": 1.063041090965271, ""value"": 1.0, ""model_input"": 1.0}, {""feature"": ""name_sim_max_pm_dirigeant"", ""shap"": 0.8329921364784241, ""value"": 0.5579365079365078, ""model_input"": 0.5579365079365078}, {""feature"": ""name_crm_contains_cand_max"", ""shap"": 0.6485222578048706, ""value"": 1.0, ""model_input"": 1.0}, {""feature"": ""is_siege"", ""shap"": 0.3762972950935364, ""value"": 1.0, ""model_input"": 1.0}, {""feature"": ""street_number_diff"", ""shap"": -0.32833197712898254, ""value"": 2.0, ""model_input"": 2.0}, {""feature"": ""addr_token_overlap"", ""shap"": 0.3234955072402954, ""value"": 0.6, ""model_input"": 0.6}, {""feature"": ""name_addr_consistency"", ""shap"": 0.24852222204208374, ""value"": 0.9750000000000001, ""model_input"": 0.9750000000000001}, {""feature"": ""name_count"", ""shap"": -0.24013784527778625, ""value"": 4.0, ""model_input"": 4.0}]}"
102,ITAFRAN,23 AVENUE DE L'INDUSTRIE,69960,CORBAS,30549218300069,0.9997051358222961,BDF,23 AVENUE DE L'INDUSTRIE,CORBAS,69960,69273,FERME,2024-03-30 03:50:32,2,"{""bias"": 1.1616770029067993, ""margin"": 8.12881851196289, ""prob_from_margin"": 0.9997051705147727, ""top"": [{""feature"": ""name_semantic_max"", ""shap"": 2.1822781562805176, ""value"": 1.0, ""model_input"": 1.0}, {""feature"": ""name_sim_max_pm_dirigeant"", ""shap"": 1.0438436269760132, ""value"": 0.5579365079365078, ""model_input"": 0.5579365079365078}, {""feature"": ""name_token_overlap_max"", ""shap"": 0.8701862692832947, ""value"": 1.0, ""model_input"": 1.0}, {""feature"": ""token_overlap_ul"", ""shap"": 0.8650273084640503, ""value"": 1.0, ""model_input"": 1.0}, {""feature"": ""addr_token_overlap"", ""shap"": 0.6994171142578125, ""value"": 1.0, ""model_input"": 1.0}, {""feature"": ""name_crm_contains_cand_max"", ""shap"": 0.5335908532142639, ""value"": 1.0, ""model_input"": 1.0}, {""feature"": ""street_number_diff"", ""shap"": 0.4524437189102173, ""value"": 0.0, ""model_input"": 0.0}, {""feature"": ""is_siege"", ""shap"": -0.4012199342250824, ""value"": 0.0, ""model_input"": 0.0}, {""feature"": ""addr_jaro"", ""shap"": 0.3069095015525818, ""value"": 1.0, ""model_input"": 1.0}, {""feature"": ""name_addr_consistency"", ""shap"": 0.22910499572753906, ""value"": 1.0, ""model_input"": 1.0}]}"
102,ITAFRAN,23 AVENUE DE L'INDUSTRIE,69960,CORBAS,30549218300101,0.9973915815353394,BDF,15 AVENUE DE MONTMARTIN,CORBAS,69960,69273,FERME,2024-03-30 03:50:32,3,"{""bias"": 1.1616770029067993, ""margin"": 5.9464287757873535, ""prob_from_margin"": 0.997391658043946, ""top"": [{""feature"": ""name_semantic_max"", ""shap"": 2.6843454837799072, ""value"": 1.0, ""model_input"": 1.0}, {""feature"": ""name_token_overlap_max"", ""shap"": 1.269140601158142, ""value"": 1.0, ""model_input"": 1.0}, {""feature"": ""token_overlap_ul"", ""shap"": 1.0504056215286255, ""value"": 1.0, ""model_input"": 1.0}, {""feature"": ""name_sim_max_pm_dirigeant"", ""shap"": 1.040008306503296, ""value"": 0.5579365079365078, ""model_input"": 0.5579365079365078}, {""feature"": ""street_number_diff"", ""shap"": -0.7062343955039978, ""value"": 8.0, ""model_input"": 8.0}, {""feature"": ""is_siege"", ""shap"": -0.5229292511940002, ""value"": 0.0, ""model_input"": 0.0}, {""feature"": ""name_crm_contains_cand_max"", ""shap"": 0.43051692843437195, ""value"": 1.0, ""model_input"": 1.0}, {""feature"": ""street_name_jaro"", ""shap"": -0.24752116203308105, ""value"": 0.8447619047619048, ""model_input"": 0.8447619047619048}, {""feature"": ""name_count"", ""shap"": -0.20077979564666748, ""value"": 4.0, ""model_input"": 4.0}, {""feature"": ""addr_levenshtein"", ""shap"": -0.19170044362545013, ""value"": 0.5416666666666667, ""model_input"": 0.5416666666666667}]}"
102,ITAFRAN,23 AVENUE DE L'INDUSTRIE,69960,CORBAS,30549218300135,0.9885799288749695,BDF,47 AVENUE GABRIEL PERI,CORBAS,69960,69273,FERME,2024-03-30 03:50:32,4,"{""bias"": 1.1616770029067993, ""margin"": 4.460902214050293, ""prob_from_margin"": 0.9885799869970918, ""top"": [{""feature"": ""name_semantic_max"", ""shap"": 2.487177610397339, ""value"": 1.0, ""model_input"": 1.0}, {""feature"": ""name_token_overlap_max"", ""shap"": 1.183829426765442, ""value"": 1.0, ""model_input"": 1.0}, {""feature"": ""token_overlap_ul"", ""shap"": 1.058758020401001, ""value"": 1.0, ""model_input"": 1.0}, {""feature"": ""name_sim_max_pm_dirigeant"", ""shap"": 1.0350812673568726, ""value"": 0.5579365079365078, ""model_input"": 0.5579365079365078}, {""feature"": ""addr_token_overlap"", ""shap"": -0.8254814743995667, ""value"": 0.14285714285714285, ""model_input"": 0.14285714285714285}, {""feature"": ""street_number_diff"", ""shap"": -0.8100494742393494, ""value"": 24.0, ""model_input"": 24.0}, {""feature"": ""is_siege"", ""shap"": -0.7699626684188843, ""value"": 0.0, ""model_input"": 0.0}, {""feature"": ""name_crm_contains_cand_max"", ""shap"": 0.31002742052078247, ""value"": 1.0, ""model_input"": 1.0}, {""feature"": ""addr_levenshtein"", ""shap"": -0.18637463450431824, ""value"": 0.45833333333333337, ""model_input"": 0.45833333333333337}, {""feature"": ""type_of_max_name"", ""shap"": 0.177041694521904, ""value"": 7.0, ""model_input"": 7.0}]}"
102,ITAFRAN,23 AVENUE DE L'INDUSTRIE,69960,CORBAS,43450752100020,0.9517263174057007,LA COMPAGNIE FINANCIERE DE LA PONCETIERE,23 AVENUE DE L'INDUSTRIE,CORBAS,69960,69273,FERME,2024-03-30 09:03:35,5,"{""bias"": 1.1616770029067993, ""margin"": 2.981389284133911, ""prob_from_margin"": 0.9517262397948004, ""top"": [{""feature"": ""name_semantic_max"", ""shap"": -1.4762893915176392, ""value"": 0.4838324189186096, ""model_input"": 0.4838324189186096}, {""feature"": ""addr_token_overlap"", ""shap"": 1.3930741548538208, ""value"": 1.0, ""model_input"": 1.0}, {""feature"": ""street_number_diff"", ""shap"": 0.9813669323921204, ""value"": 0.0, ""model_input"": 0.0}, {""feature"": ""name_sim_max_etab"", ""shap"": 0.8292479515075684, ""value"": 0.0, ""model_input"": 0.0}, {""feature"": ""addr_levenshtein"", ""shap"": 0.520283579826355, ""value"": 1.0, ""model_input"": 1.0}, {""feature"": ""addr_jaro"", ""shap"": 0.5115828514099121, ""value"": 1.0, ""model_input"": 1.0}, {""feature"": ""type_of_max_name"", ""shap"": 0.4703522324562073, ""value"": 7.0, ""model_input"": 7.0}, {""feature"": ""name_semantic_second"", ""shap"": -0.3382691442966461, ""value"": 0.0, ""model_input"": 0.0}, {""feature"": ""name_count"", ""shap"": 0.3353275954723358, ""value"": 1.0, ""model_input"": 1.0}, {""feature"": ""name_sim_max_pm_dirigeant"", ""shap"": -0.30773258209228516, ""value"": 0.0, ""model_input"": 0.0}]}"
3,ITAFRAN Site 2,21 AVENUE DE L INDUSTRIE,69960,CORBAS,30549218300143,0.9991425275802612,BDF,21 AVENUE DE L'INDUSTRIE,CORBAS,69960,69273,OUVERT,2025-02-09 02:17:56,1,"{""bias"": 1.1616770029067993, ""margin"": 7.060702800750732, ""prob_from_margin"": 0.999142561076316, ""top"": [{""feature"": ""name_semantic_max"", ""shap"": 2.5522818565368652, ""value"": 0.8852592706680298, ""model_input"": 0.8852592706680298}, {""feature"": ""name_sim_max_pm_dirigeant"", ""shap"": 0.7568187713623047, ""value"": 0.5391604010025063, ""model_input"": 0.5391604010025063}, {""feature"": ""name_crm_contains_cand_max"", ""shap"": 0.693626344203949, ""value"": 1.0, ""model_input"": 1.0}, {""feature"": ""name_token_overlap_max"", ""shap"": 0.6545725464820862, ""value"": 0.3333333333333333, ""model_input"": 0.3333333333333333}, {""feature"": ""street_number_diff"", ""shap"": 0.540019154548645, ""value"": 0.0, ""model_input"": 0.0}, {""feature"": ""token_overlap_ul"", ""shap"": 0.38643550872802734, ""value"": 0.5, ""model_input"": 0.5}, {""feature"": ""addr_token_overlap"", ""shap"": 0.32912513613700867, ""value"": 0.5, ""model_input"": 0.5}, {""feature"": ""is_siege"", ""shap"": 0.21980495750904083, ""value"": 1.0, ""model_input"": 1.0}, {""feature"": ""type_of_max_name"", ""shap"": 0.21893560886383057, ""value"": 7.0, ""model_input"": 7.0}, {""feature"": ""addr_levenshtein"", ""shap"": 0.1996823251247406, ""value"": 0.9583333333333334, ""model_input"": 0.9583333333333334}]}"
3,ITAFRAN Site 2,21 AVENUE DE L INDUSTRIE,69960,CORBAS,30549218300069,0.9957648515701294,BDF,23 AVENUE DE L'INDUSTRIE,CORBAS,69960,69273,FERME,2024-03-30 03:50:32,2,"{""bias"": 1.1616770029067993, ""margin"": 5.460085868835449, ""prob_from_margin"": 0.9957648225041268, ""top"": [{""feature"": ""name_semantic_max"", ""shap"": 3.1156389713287354, ""value"": 0.8852592706680298, ""model_input"": 0.8852592706680298}, {""feature"": ""name_sim_max_pm_dirigeant"", ""shap"": 0.8583016991615295, ""value"": 0.5391604010025063, ""model_input"": 0.5391604010025063}, {""feature"": ""name_token_overlap_max"", ""shap"": 0.7308637499809265, ""value"": 0.3333333333333333, ""model_input"": 0.3333333333333333}, {""feature"": ""name_crm_contains_cand_max"", ""shap"": 0.576725423336029, ""value"": 1.0, ""model_input"": 1.0}, {""feature"": ""street_number_diff"", ""shap"": -0.459949791431427, ""value"": 2.0, ""model_input"": 2.0}, {""feature"": ""token_overlap_ul"", ""shap"": 0.4511811435222626, ""value"": 0.5, ""model_input"": 0.5}, {""feature"": ""is_siege"", ""shap"": -0.27373480796813965, ""value"": 0.0, ""model_input"": 0.0}, {""feature"": ""name_count"", ""shap"": -0.23455657064914703, ""value"": 4.0, ""model_input"": 4.0}, {""feature"": ""addr_token_overlap"", ""shap"": -0.17849300801753998, ""value"": 0.2857142857142857, ""model_input"": 0.2857142857142857}, {""feature"": ""type_of_max_name"", ""shap"": 0.1554887741804123, ""value"": 7.0, ""model_input"": 7.0}]}"
3,ITAFRAN Site 2,21 AVENUE DE L INDUSTRIE,69960,CORBAS,30549218300101,0.9872161746025085,BDF,15 AVENUE DE MONTMARTIN,CORBAS,69960,69273,FERME,2024-03-30 03:50:32,3,"{""bias"": 1.1616770029067993, ""margin"": 4.346705913543701, ""prob_from_margin"": 0.9872161444049157, ""top"": [{""feature"": ""name_semantic_max"", ""shap"": 3.1925153732299805, ""value"": 0.8852592706680298, ""model_input"": 0.8852592706680298}, {""feature"": ""name_sim_max_pm_dirigeant"", ""shap"": 0.8474127054214478, ""value"": 0.5391604010025063, ""model_input"": 0.5391604010025063}, {""feature"": ""name_token_overlap_max"", ""shap"": 0.755604088306427, ""value"": 0.3333333333333333, ""model_input"": 0.3333333333333333}, {""feature"": ""street_number_diff"", ""shap"": -0.6681880950927734, ""value"": 6.0, ""model_input"": 6.0}, {""feature"": ""token_overlap_ul"", ""shap"": 0.5193531513214111, ""value"": 0.5, ""model_input"": 0.5}, {""feature"": ""name_crm_contains_cand_max"", ""shap"": 0.4990052878856659, ""value"": 1.0, ""model_input"": 1.0}, {""feature"": ""is_siege"", ""shap"": -0.3603145182132721, ""value"": 0.0, ""model_input"": 0.0}, {""feature"": ""street_name_jaro"", ""shap"": -0.34795162081718445, ""value"": 0.8447619047619048, ""model_input"": 0.8447619047619048}, {""feature"": ""addr_jaro"", ""shap"": -0.25978925824165344, ""value"": 0.7457729468599034, ""model_input"": 0.7457729468599034}, {""feature"": ""name_count"", ""shap"": -0.21993844211101532, ""value"": 4.0, ""model_input"": 4.0}]}"
3,ITAFRAN Site 2,21 AVENUE DE L INDUSTRIE,69960,CORBAS,30549218300135,0.9630194306373596,BDF,47 AVENUE GABRIEL PERI,CORBAS,69960,69273,FERME,2024-03-30 03:50:32,4,"{""bias"": 1.1616770029067993, ""margin"": 3.259683132171631, ""prob_from_margin"": 0.9630195077652935, ""top"": [{""feature"": ""name_semantic_max"", ""shap"": 3.0414938926696777, ""value"": 0.8852592706680298, ""model_input"": 0.8852592706680298}, {""feature"": ""addr_token_overlap"", ""shap"": -0.9594698548316956, ""value"": 0.125, ""model_input"": 0.125}, {""feature"": ""name_sim_max_pm_dirigeant"", ""shap"": 0.8937715888023376, ""value"": 0.5391604010025063, ""model_input"": 0.5391604010025063}, {""feature"": ""street_number_diff"", ""shap"": -0.7546452283859253, ""value"": 26.0, ""model_input"": 26.0}, {""feature"": ""name_token_overlap_max"", ""shap"": 0.6967389583587646, ""value"": 0.3333333333333333, ""model_input"": 0.3333333333333333}, {""feature"": ""is_siege"", ""shap"": -0.5624788999557495, ""value"": 0.0, ""model_input"": 0.0}, {""feature"": ""token_overlap_ul"", ""shap"": 0.4712699055671692, ""value"": 0.5, ""model_input"": 0.5}, {""feature"": ""name_crm_contains_cand_max"", ""shap"": 0.39262330532073975, ""value"": 1.0, ""model_input"": 1.0}, {""feature"": ""name_addr_consistency"", ""shap"": -0.2574118971824646, ""value"": 0.6320454545454545, ""model_input"": 0.6320454545454545}, {""feature"": ""name_count"", ""shap"": -0.2282184362411499, ""value"": 4.0, ""model_input"": 4.0}]}"
3,ITAFRAN Site 2,21 AVENUE DE L INDUSTRIE,69960,CORBAS,40189867100011,0.9191604256629944,GANGLOFF SCOMA INDUSTRIES,21 AV DE L INDUSTRIE,CORBAS,69960,69273,FERME,2024-03-22 15:40:57,5,"{""bias"": 1.1616770029067993, ""margin"": 2.430994987487793, ""prob_from_margin"": 0.9191604956521228, ""top"": [{""feature"": ""name_semantic_max"", ""shap"": -1.4067209959030151, ""value"": 0.5126157999038696, ""model_input"": 0.5126157999038696}, {""feature"": ""street_number_diff"", ""shap"": 1.3578464984893799, ""value"": 0.0, ""model_input"": 0.0}, {""feature"": ""type_of_max_name"", ""shap"": 0.9702895283699036, ""value"": 7.0, ""model_input"": 7.0}, {""feature"": ""name_sim_max_etab"", ""shap"": 0.8085933327674866, ""value"": 0.0, ""model_input"": 0.0}, {""feature"": ""addr_levenshtein"", ""shap"": 0.5980207324028015, ""value"": 0.8333333333333334, ""model_input"": 0.8333333333333334}, {""feature"": ""addr_token_overlap"", ""shap"": 0.5368409156799316, ""value"": 0.6666666666666666, ""model_input"": 0.6666666666666666}, {""feature"": ""name_addr_consistency"", ""shap"": -0.4861369729042053, ""value"": 0.4657922398589066, ""model_input"": 0.4657922398589066}, {""feature"": ""name_token_overlap_max"", ""shap"": -0.41073957085609436, ""value"": 0.0, ""model_input"": 0.0}, {""feature"": ""name_sim_max_pm_dirigeant"", ""shap"": -0.34475889801979065, ""value"": 0.0, ""model_input"": 0.0}, {""feature"": ""name_semantic_second"", ""shap"": -0.3319357633590698, ""value"": 0.0, ""model_input"": 0.0}]}"
80,JNC,1 IMPASSE DU RHONE,69960,CORBAS,79341104200013,0.9983160495758057,J.N.C,1 IMPASSE DU RHONE,CORBAS,69960,69273,OUVERT,2024-03-30 00:40:40,1,"{""bias"": 1.1616770029067993, ""margin"": 6.384915351867676, ""prob_from_margin"": 0.9983160292658341, ""top"": [{""feature"": ""name_semantic_max"", ""shap"": 2.6773436069488525, ""value"": 0.8920288681983948, ""model_input"": 0.8920288681983948}, {""feature"": ""name_sim_max_etab"", ""shap"": 1.0002108812332153, ""value"": 0.0, ""model_input"": 0.0}, {""feature"": ""street_number_diff"", ""shap"": 0.8450433611869812, ""value"": 0.0, ""model_input"": 0.0}, {""feature"": ""addr_token_overlap"", ""shap"": 0.7105294466018677, ""value"": 1.0, ""model_input"": 1.0}, {""feature"": ""addr_jaro"", ""shap"": 0.4161328971385956, ""value"": 1.0, ""model_input"": 1.0}, {""feature"": ""name_semantic_second"", ""shap"": -0.3607713580131531, ""value"": 0.0, ""model_input"": 0.0}, {""feature"": ""name_sim_max_pm_dirigeant"", ""shap"": -0.3607290983200073, ""value"": 0.0, ""model_input"": 0.0}, {""feature"": ""addr_levenshtein"", ""shap"": 0.3507216274738312, ""value"": 1.0, ""model_input"": 1.0}, {""feature"": ""token_overlap_ul"", ""shap"": -0.267892450094223, ""value"": 0.0, ""model_input"": 0.0}, {""feature"": ""name_token_overlap_max"", ""shap"": -0.2514162063598633, ""value"": 0.0, ""model_input"": 0.0}]}"
80,JNC,1 IMPASSE DU RHONE,69960,CORBAS,53104274500038,0.9837363362312317,FLPG SOFTWARE,1 IMPASSE DU RHONE,CORBAS,69960,69273,FERME,2024-03-30 09:25:00,2,"{""bias"": 1.1616770029067993, ""margin"": 4.102427005767822, ""prob_from_margin"": 0.9837363762030913, ""top"": [{""feature"": ""name_semantic_max"", ""shap"": -2.069429397583008, ""value"": 0.3399442434310913, ""model_input"": 0.3399442434310913}, {""feature"": ""addr_token_overlap"", ""shap"": 1.3500502109527588, ""value"": 1.0, ""model_input"": 1.0}, {""feature"": ""name_addr_consistency"", ""shap"": 1.2070002555847168, ""value"": 0.0, ""model_input"": 0.0}, {""feature"": ""street_number_diff"", ""shap"": 0.9557941555976868, ""value"": 0.0, ""model_input"": 0.0}, {""feature"": ""name_sim_max_etab"", ""shap"": 0.9044911861419678, ""value"": 0.0, ""model_input"": 0.0}, {""feature"": ""addr_jaro"", ""shap"": 0.9019324779510498, ""value"": 1.0, ""model_input"": 1.0}, {""feature"": ""addr_levenshtein"", ""shap"": 0.6636843085289001, ""value"": 1.0, ""model_input"": 1.0}, {""feature"": ""name_jaro_max"", ""shap"": 0.5552913546562195, ""value"": 0.0, ""model_input"": 0.0}, {""feature"": ""name_sim_max_ul"", ""shap"": -0.4978577494621277, ""value"": 0.0, ""model_input"": 0.0}, {""feature"": ""name_semantic_second"", ""shap"": -0.3496856987476349, ""value"": 0.0, ""model_input"": 0.0}]}"
80,JNC,1 IMPASSE DU RHONE,69960,CORBAS,51304869400048,0.9568487405776978,NEWCO MADIS,1 IMPASSE DU RHONE,CORBAS,69960,69273,OUVERT,2025-03-21 12:17:51,3,"{""bias"": 1.1616770029067993, ""margin"": 3.0989327430725098, ""prob_from_margin"": 0.9568487002840689, ""top"": [{""feature"": ""addr_token_overlap"", ""shap"": 1.2718907594680786, ""value"": 1.0, ""model_input"": 1.0}, {""feature"": ""street_number_diff"", ""shap"": 1.1806608438491821, ""value"": 0.0, ""model_input"": 0.0}, {""feature"": ""name_semantic_max"", ""shap"": -1.0110454559326172, ""value"": 0.5226320028305054, ""model_input"": 0.5226320028305054}, {""feature"": ""name_sim_max_etab"", ""shap"": 0.7590794563293457, ""value"": 0.0, ""model_input"": 0.0}, {""feature"": ""addr_jaro"", ""shap"": 0.7314080595970154, ""value"": 1.0, ""model_input"": 1.0}, {""feature"": ""name_sim_max_pm_dirigeant"", ""shap"": -0.5383577942848206, ""value"": 0.0, ""model_input"": 0.0}, {""feature"": ""type_of_max_name"", ""shap"": 0.5325022339820862, ""value"": 7.0, ""model_input"": 7.0}, {""feature"": ""addr_levenshtein"", ""shap"": 0.5256319642066956, ""value"": 1.0, ""model_input"": 1.0}, {""feature"": ""name_semantic_second"", ""shap"": -0.365857869386673, ""value"": 0.0, ""model_input"": 0.0}, {""feature"": ""name_token_overlap_max"", ""shap"": -0.3192397952079773, ""value"": 0.0, ""model_input"": 0.0}]}"
80,JNC,1 IMPASSE DU RHONE,69960,CORBAS,34164463100036,0.9271225929260254,ERALPRO,1 IMPASSE DU RHONE,CORBAS,69960,69273,FERME,2024-03-30 02:25:23,4,"{""bias"": 1.1616770029067993, ""margin"": 2.543309211730957, ""prob_from_margin"": 0.9271227336161535, ""top"": [{""feature"": ""name_semantic_max"", ""shap"": -3.301969528198242, ""value"": 0.19745473563671112, ""model_input"": 0.19745473563671112}, {""feature"": ""addr_token_overlap"", ""shap"": 1.2403430938720703, ""value"": 1.0, ""model_input"": 1.0}, {""feature"": ""street_number_diff"", ""shap"": 1.043209195137024, ""value"": 0.0, ""model_input"": 0.0}, {""feature"": ""name_addr_consistency"", ""shap"": 1.0110752582550049, ""value"": 0.0, ""model_input"": 0.0}, {""feature"": ""addr_jaro"", ""shap"": 0.9628222584724426, ""value"": 1.0, ""model_input"": 1.0}, {""feature"": ""name_sim_max_etab"", ""shap"": 0.8454667329788208, ""value"": 0.0, ""model_input"": 0.0}, {""feature"": ""addr_levenshtein"", ""shap"": 0.6577303409576416, ""value"": 1.0, ""model_input"": 1.0}, {""feature"": ""name_jaro_max"", ""shap"": 0.5510548949241638, ""value"": 0.0, ""model_input"": 0.0}, {""feature"": ""name_sim_max_ul"", ""shap"": -0.46612548828125, ""value"": 0.0, ""model_input"": 0.0}, {""feature"": ""name_sim_max_pm_dirigeant"", ""shap"": -0.32166141271591187, ""value"": 0.0, ""model_input"": 0.0}]}"
80,JNC,1 IMPASSE DU RHONE,69960,CORBAS,87919666500027,0.9252923727035522,DENJEAN B.E,1 IMPASSE DU RHONE,CORBAS,69960,69273,OUVERT,2024-03-30 03:21:50,5,"{""bias"": 1.1616770029067993, ""margin"": 2.5165252685546875, ""prob_from_margin"": 0.9252922133685207, ""top"": [{""feature"": ""name_semantic_max"", ""shap"": -1.6931384801864624, ""value"": 0.4676656424999237, ""model_input"": 0.4676656424999237}, {""feature"": ""addr_token_overlap"", ""shap"": 1.3185820579528809, ""value"": 1.0, ""model_input"": 1.0}, {""feature"": ""street_number_diff"", ""shap"": 1.0703829526901245, ""value"": 0.0, ""model_input"": 0.0}, {""feature"": ""addr_jaro"", ""shap"": 0.689015805721283, ""value"": 1.0, ""model_input"": 1.0}, {""feature"": ""name_sim_max_etab"", ""shap"": 0.634482741355896, ""value"": 0.0, ""model_input"": 0.0}, {""feature"": ""addr_levenshtein"", ""shap"": 0.6255754232406616, ""value"": 1.0, ""model_input"": 1.0}, {""feature"": ""type_of_max_name"", ""shap"": 0.41736161708831787, ""value"": 5.0, ""model_input"": 5.0}, {""feature"": ""name_token_overlap_max"", ""shap"": -0.3396645486354828, ""value"": 0.0, ""model_input"": 0.0}, {""feature"": ""name_sim_max_pm_dirigeant"", ""shap"": -0.3190021812915802, ""value"": 0.0, ""model_input"": 0.0}, {""feature"": ""name_count"", ""shap"": 0.3060670793056488, ""value"": 2.0, ""model_input"": 2.0}]}"
12,JOURDAN ET MARZE,69 Rue Marcel Merieux,69960,CORBAS,41255269700028,0.9994864463806152,JOURDAN ET MARZE SUCCESSEURS,69 RUE MARCEL MERIEUX,CORBAS,69960,69273,OUVERT,2024-03-30 10:13:12,1,"{""bias"": 1.1616770029067993, ""margin"": 7.573608875274658, ""prob_from_margin"": 0.9994864291575034, ""top"": [{""feature"": ""name_semantic_max"", ""shap"": 2.1589832305908203, ""value"": 0.9225637912750244, ""model_input"": 0.9225637912750244}, {""feature"": ""token_overlap_ul"", ""shap"": 0.9034743309020996, ""value"": 1.0, ""model_input"": 1.0}, {""feature"": ""name_token_overlap_max"", ""shap"": 0.8225053548812866, ""value"": 0.75, ""model_input"": 0.75}, {""feature"": ""name_sim_max_pm_dirigeant"", ""shap"": 0.6701922416687012, ""value"": 0.4847222222222222, ""model_input"": 0.4847222222222222}, {""feature"": ""addr_token_overlap"", ""shap"": 0.5407882332801819, ""value"": 1.0, ""model_input"": 1.0}, {""feature"": ""street_number_diff"", ""shap"": 0.5122600793838501, ""value"": 0.0, ""model_input"": 0.0}, {""feature"": ""name_addr_consistency"", ""shap"": 0.30205032229423523, ""value"": 0.9142857142857143, ""model_input"": 0.9142857142857143}, {""feature"": ""name_semantic_second"", ""shap"": -0.2794661223888397, ""value"": 0.3534868061542511, ""model_input"": 0.3534868061542511}, {""feature"": ""name_sim_max_etab"", ""shap"": 0.1971566528081894, ""value"": 0.4847222222222222, ""model_input"": 0.4847222222222222}, {""feature"": ""is_siege"", ""shap"": 0.19327382743358612, ""value"": 1.0, ""model_input"": 1.0}]}"
12,JOURDAN ET MARZE,69 Rue Marcel Merieux,69960,CORBAS,49241996500024,0.9783702492713928,JARDIN FINANCE,69 RUE MARCEL MERIEUX,CORBAS,69960,69273,FERME,2024-03-22 15:40:57,2,"{""bias"": 1.1616770029067993, ""margin"": 3.811817169189453, ""prob_from_margin"": 0.9783702219380763, ""top"": [{""feature"": ""addr_token_overlap"", ""shap"": 1.2815883159637451, ""value"": 1.0, ""model_input"": 1.0}, {""feature"": ""street_number_diff"", ""shap"": 1.2568057775497437, ""value"": 0.0, ""model_input"": 0.0}, {""feature"": ""name_sim_max_etab"", ""shap"": 0.7790113091468811, ""value"": 0.0, ""model_input"": 0.0}, {""feature"": ""addr_jaro"", ""shap"": 0.7125224471092224, ""value"": 1.0, ""model_input"": 1.0}, {""feature"": ""name_semantic_max"", ""shap"": -0.6915057301521301, ""value"": 0.5332366824150085, ""model_input"": 0.5332366824150085}, {""feature"": ""type_of_max_name"", ""shap"": 0.5429677963256836, ""value"": 7.0, ""model_input"": 7.0}, {""feature"": ""addr_levenshtein"", ""shap"": 0.4773050844669342, ""value"": 1.0, ""model_input"": 1.0}, {""feature"": ""name_sim_max_pm_dirigeant"", ""shap"": -0.44419097900390625, ""value"": 0.0, ""model_input"": 0.0}, {""feature"": ""name_semantic_second"", ""shap"": -0.3673956096172333, ""value"": 0.0, ""model_input"": 0.0}, {""feature"": ""name_count"", ""shap"": 0.31499573588371277, ""value"": 1.0, ""model_input"": 1.0}]}"
12,JOURDAN ET MARZE,69 Rue Marcel Merieux,69960,CORBAS,50062848200027,0.9598994255065918,MARCHE DE CORBAS,69 RUE MARCEL MERIEUX,CORBAS,69960,69273,OUVERT,2024-07-16 14:26:28,3,"{""bias"": 1.1616770029067993, ""margin"": 3.175436019897461, ""prob_from_margin"": 0.9598993549401204, ""top"": [{""feature"": ""name_semantic_max"", ""shap"": -1.7362366914749146, ""value"": 0.45267367362976074, ""model_input"": 0.45267367362976074}, {""feature"": ""addr_token_overlap"", ""shap"": 1.2104686498641968, ""value"": 1.0, ""model_input"": 1.0}, {""feature"": ""street_number_diff"", ""shap"": 0.8774368166923523, ""value"": 0.0, ""model_input"": 0.0}, {""feature"": ""name_city_overlap_max"", ""shap"": 0.6975129246711731, ""value"": 0.3333333333333333, ""model_input"": 0.3333333333333333}, {""feature"": ""addr_jaro"", ""shap"": 0.6391468644142151, ""value"": 1.0, ""model_input"": 1.0}, {""feature"": ""type_of_max_name"", ""shap"": 0.47397997975349426, ""value"": 7.0, ""model_input"": 7.0}, {""feature"": ""name_semantic_second"", ""shap"": -0.4678942561149597, ""value"": 0.3439830541610718, ""model_input"": 0.3439830541610718}, {""feature"": ""name_sim_max_pm_dirigeant"", ""shap"": 0.42860177159309387, ""value"": 0.4375, ""model_input"": 0.4375}, {""feature"": ""name_sim_max_etab"", ""shap"": 0.4026428759098053, ""value"": 0.4375, ""model_input"": 0.4375}, {""feature"": ""name_addr_consistency"", ""shap"": -0.36531251668930054, ""value"": 0.5972222222222222, ""model_input"": 0.5972222222222222}]}"
12,JOURDAN ET MARZE,69 Rue Marcel Merieux,69960,CORBAS,84357049000022,0.9512054920196533,RORI CORBAS,69 RUE MARCEL MERIEUX,CORBAS,69960,69273,OUVERT,2024-03-30 08:14:55,4,"{""bias"": 1.1616770029067993, ""margin"": 2.9701132774353027, ""prob_from_margin"": 0.9512055348795717, ""top"": [{""feature"": ""name_semantic_max"", ""shap"": -1.8675986528396606, ""value"": 0.4423953890800476, ""model_input"": 0.4423953890800476}, {""feature"": ""addr_token_overlap"", ""shap"": 1.0633882284164429, ""value"": 1.0, ""model_input"": 1.0}, {""feature"": ""name_city_overlap_max"", ""shap"": 0.8885009288787842, ""value"": 0.5, ""model_input"": 0.5}, {""feature"": ""street_number_diff"", ""shap"": 0.8591699600219727, ""value"": 0.0, ""model_input"": 0.0}, {""feature"": ""addr_jaro"", ""shap"": 0.7053075432777405, ""value"": 1.0, ""model_input"": 1.0}, {""feature"": ""name_semantic_second"", ""shap"": -0.5668995976448059, ""value"": 0.345302939414978, ""model_input"": 0.345302939414978}, {""feature"": ""type_of_max_name"", ""shap"": 0.4524001181125641, ""value"": 4.0, ""model_input"": 4.0}, {""feature"": ""name_sim_max_pm_dirigeant"", ""shap"": 0.40755191445350647, ""value"": 0.4648692810457516, ""model_input"": 0.4648692810457516}, {""feature"": ""name_count"", ""shap"": 0.39684733748435974, ""value"": 2.0, ""model_input"": 2.0}, {""feature"": ""addr_levenshtein"", ""shap"": 0.3549782931804657, ""value"": 1.0, ""model_input"": 1.0}]}"
12,JOURDAN ET MARZE,69 Rue Marcel Merieux,69960,CORBAS,41957403300025,0.9456695318222046,JARDIN DE FRANCE ETABLISSEMENTS DIZIN,69 RUE MARCEL MERIEUX,CORBAS,69960,69273,FERME,2024-03-22 15:40:57,5,"{""bias"": 1.1616770029067993, ""margin"": 2.856808662414551, ""prob_from_margin"": 0.9456695659545542, ""top"": [{""feature"": ""addr_token_overlap"", ""shap"": 1.3779183626174927, ""value"": 1.0, ""model_input"": 1.0}, {""feature"": ""street_number_diff"", ""shap"": 1.092531442642212, ""value"": 0.0, ""model_input"": 0.0}, {""feature"": ""name_sim_max_pm_dirigeant"", ""shap"": 0.9796120524406433, ""value"": 0.6071428571428571, ""model_input"": 0.6071428571428571}, {""feature"": ""addr_jaro"", ""shap"": 0.576502799987793, ""value"": 1.0, ""model_input"": 1.0}, {""feature"": ""name_sim_max_etab"", ""shap"": -0.5668549537658691, ""value"": 0.6071428571428571, ""model_input"": 0.6071428571428571}, {""feature"": ""name_semantic_max"", ""shap"": -0.5187134146690369, ""value"": 0.5664445161819458, ""model_input"": 0.5664445161819458}, {""feature"": ""type_of_max_name"", ""shap"": 0.48092180490493774, ""value"": 7.0, ""model_input"": 7.0}, {""feature"": ""addr_levenshtein"", ""shap"": 0.40358132123947144, ""value"": 1.0, ""model_input"": 1.0}, {""feature"": ""name_token_overlap_max"", ""shap"": -0.33884572982788086, ""value"": 0.0, ""model_input"": 0.0}, {""feature"": ""name_length_max"", ""shap"": -0.30715224146842957, ""value"": 37.0, ""model_input"": 37.0}]}"
95,KOPSTER HOTEL,12 AVENUE SIMONE VEIL,69150,DECINES CHARPIEU,83508352800025,0.9992772936820984,KOPSTER HOTEL,12 AVENUE SIMONE VEIL,DECINES-CHARPIEU,69150,69275,OUVERT,2025-02-10 02:09:29,1,"{""bias"": 1.1616770029067993, ""margin"": 7.23169469833374, ""prob_from_margin"": 0.9992772287174988, ""top"": [{""feature"": ""name_semantic_max"", ""shap"": 2.1582775115966797, ""value"": 1.0, ""model_input"": 1.0}, {""feature"": ""name_sim_max_pm_dirigeant"", ""shap"": 0.8671112656593323, ""value"": 0.7043142043142043, ""model_input"": 0.7043142043142043}, {""feature"": ""name_token_overlap_max"", ""shap"": 0.8642152547836304, ""value"": 1.0, ""model_input"": 1.0}, {""feature"": ""addr_token_overlap"", ""shap"": 0.7780801057815552, ""value"": 1.0, ""model_input"": 1.0}, {""feature"": ""token_overlap_ul"", ""shap"": 0.6858893632888794, ""value"": 1.0, ""model_input"": 1.0}, {""feature"": ""name_sim_max_etab"", ""shap"": -0.6729848384857178, ""value"": 0.7043142043142043, ""model_input"": 0.7043142043142043}, {""feature"": ""name_crm_contains_cand_max"", ""shap"": 0.4853286147117615, ""value"": 1.0, ""model_input"": 1.0}, {""feature"": ""is_siege"", ""shap"": -0.432456374168396, ""value"": 0.0, ""model_input"": 0.0}, {""feature"": ""street_number_diff"", ""shap"": 0.39150479435920715, ""value"": 0.0, ""model_input"": 0.0}, {""feature"": ""addr_jaro"", ""shap"": 0.2862587571144104, ""value"": 1.0, ""model_input"": 1.0}]}"
95,KOPSTER HOTEL,12 AVENUE SIMONE VEIL,69150,DECINES CHARPIEU,97250787500011,0.9532687664031982,HOTEL PASSERELLE,57 RUE DE LA FRATERNITE,DECINES-CHARPIEU,69150,69275,FERME,2024-03-29 23:02:40,2,"{""bias"": 1.1616770029067993, ""margin"": 3.0154826641082764, ""prob_from_margin"": 0.9532687010770236, ""top"": [{""feature"": ""name_sim_max_etab"", ""shap"": 1.1694695949554443, ""value"": 0.0, ""model_input"": 0.0}, {""feature"": ""name_semantic_max"", ""shap"": 1.0649216175079346, ""value"": 0.6556429862976074, ""model_input"": 0.6556429862976074}, {""feature"": ""name_token_overlap_max"", ""shap"": 0.7489442825317383, ""value"": 0.3333333333333333, ""model_input"": 0.3333333333333333}, {""feature"": ""addr_token_overlap"", ""shap"": -0.594896674156189, ""value"": 0.0, ""model_input"": 0.0}, {""feature"": ""street_number_diff"", ""shap"": -0.5489746332168579, ""value"": 45.0, ""model_input"": 45.0}, {""feature"": ""name_semantic_second"", ""shap"": 0.5430086851119995, ""value"": 0.5973407030105591, ""model_input"": 0.5973407030105591}, {""feature"": ""token_overlap_ul"", ""shap"": 0.47381311655044556, ""value"": 0.5, ""model_input"": 0.5}, {""feature"": ""name_sim_max_pm_dirigeant"", ""shap"": -0.42962753772735596, ""value"": 0.0, ""model_input"": 0.0}, {""feature"": ""addr_levenshtein"", ""shap"": -0.26727938652038574, ""value"": 0.21739130434782605, ""model_input"": 0.21739130434782605}, {""feature"": ""name_city_overlap_max"", ""shap"": -0.21758650243282318, ""value"": 0.0, ""model_input"": 0.0}]}"
95,KOPSTER HOTEL,12 AVENUE SIMONE VEIL,69150,DECINES CHARPIEU,39336910300030,0.9264089465141296,PREMIERE CLASSE,BOULEVARD CHARLES DE GAULLE,DECINES-CHARPIEU,69150,69275,OUVERT,2024-03-30 06:05:41,3,"{""bias"": 1.1616770029067993, ""margin"": 2.532792568206787, ""prob_from_margin"": 0.9264089646891311, ""top"": [{""feature"": ""name_semantic_max"", ""shap"": 0.7897003889083862, ""value"": 0.629973828792572, ""model_input"": 0.629973828792572}, {""feature"": ""addr_token_overlap"", ""shap"": -0.5790936350822449, ""value"": 0.0, ""model_input"": 0.0}, {""feature"": ""is_siege"", ""shap"": -0.5504955053329468, ""value"": 0.0, ""model_input"": 0.0}, {""feature"": ""token_overlap_ul"", ""shap"": 0.46706297993659973, ""value"": 0.5, ""model_input"": 0.5}, {""feature"": ""street_number_diff"", ""shap"": 0.3792908489704132, ""value"": 9999.0, ""model_input"": 9999.0}, {""feature"": ""name_addr_consistency"", ""shap"": 0.35354122519493103, ""value"": 0.3029124981865051, ""model_input"": 0.3029124981865051}, {""feature"": ""type_of_max_name"", ""shap"": 0.332935631275177, ""value"": 7.0, ""model_input"": 7.0}, {""feature"": ""addr_jaro"", ""shap"": -0.32258856296539307, ""value"": 0.5463302129968796, ""model_input"": 0.5463302129968796}, {""feature"": ""addr_levenshtein"", ""shap"": -0.2687632143497467, ""value"": 0.18518518518518523, ""model_input"": 0.18518518518518523}, {""feature"": ""name_sim_max_etab"", ""shap"": 0.18041019141674042, ""value"": 0.5094017094017094, ""model_input"": 0.5094017094017094}]}"
95,KOPSTER HOTEL,12 AVENUE SIMONE VEIL,69150,DECINES CHARPIEU,91125915800010,0.6714867949485779,THRILLSTAGE,10 AVENUE SIMONE VEIL,DECINES-CHARPIEU,69150,69275,FERME,2025-02-18 02:16:01,4,"{""bias"": 1.1616770029067993, ""margin"": 0.7149173617362976, ""prob_from_margin"": 0.6714868051211001, ""top"": [{""feature"": ""name_semantic_second"", ""shap"": 0.8248925805091858, ""value"": 0.5449638366699219, ""model_input"": 0.5449638366699219}, {""feature"": ""street_number_diff"", ""shap"": -0.7569778561592102, ""value"": 2.0, ""model_input"": 2.0}, {""feature"": ""addr_token_overlap"", ""shap"": 0.6739853620529175, ""value"": 0.6, ""model_input"": 0.6}, {""feature"": ""name_sim_max_pm_dirigeant"", ""shap"": 0.6305024027824402, ""value"": 0.543040293040293, ""model_input"": 0.543040293040293}, {""feature"": ""addr_levenshtein"", ""shap"": 0.501002848148346, ""value"": 0.9523809523809523, ""model_input"": 0.9523809523809523}, {""feature"": ""name_token_overlap_max"", ""shap"": -0.49075502157211304, ""value"": 0.0, ""model_input"": 0.0}, {""feature"": ""name_count"", ""shap"": -0.41893523931503296, ""value"": 4.0, ""model_input"": 4.0}, {""feature"": ""type_of_max_name"", ""shap"": 0.3745056986808777, ""value"": 4.0, ""model_input"": 4.0}, {""feature"": ""name_addr_consistency"", ""shap"": -0.32299351692199707, ""value"": 0.5275248560962846, ""model_input"": 0.5275248560962846}, {""feature"": ""token_overlap_ul"", ""shap"": -0.3125883638858795, ""value"": 0.0, ""model_input"": 0.0}]}"
95,KOPSTER HOTEL,12 AVENUE SIMONE VEIL,69150,DECINES CHARPIEU,92033846400133,0.6694811582565308,LEGENDS HOSPITALITY FRANCE,10 AVENUE SIMONE VEIL,DECINES-CHARPIEU,69150,69275,FERME,2025-01-16 02:14:27,5,"{""bias"": 1.1616770029067993, ""margin"": 0.7058393359184265, ""prob_from_margin"": 0.6694811542008073, ""top"": [{""feature"": ""street_number_diff"", ""shap"": -0.6757877469062805, ""value"": 2.0, ""model_input"": 2.0}, {""feature"": ""addr_token_overlap"", ""shap"": 0.5998403429985046, ""value"": 0.6, ""model_input"": 0.6}, {""feature"": ""addr_levenshtein"", ""shap"": 0.580303430557251, ""value"": 0.9523809523809523, ""model_input"": 0.9523809523809523}, {""feature"": ""name_sim_max_pm_dirigeant"", ""shap"": 0.5413730144500732, ""value"": 0.56013431013431, ""model_input"": 0.56013431013431}, {""feature"": ""name_token_overlap_max"", ""shap"": -0.512304425239563, ""value"": 0.0, ""model_input"": 0.0}, {""feature"": ""name_count"", ""shap"": 0.38096046447753906, ""value"": 2.0, ""model_input"": 2.0}, {""feature"": ""token_overlap_ul"", ""shap"": -0.3353867828845978, ""value"": 0.0, ""model_input"": 0.0}, {""feature"": ""type_of_max_name"", ""shap"": 0.3091157078742981, ""value"": 4.0, ""model_input"": 4.0}, {""feature"": ""name_length_max"", ""shap"": 0.280792236328125, ""value"": 28.0, ""model_input"": 28.0}, {""feature"": ""name_addr_consistency"", ""shap"": -0.24065278470516205, ""value"": 0.5441304727019012, ""model_input"": 0.5441304727019012}]}"
94,L2G,17 Avenue du 24 Août 1944,69960,CORBAS,44888664800055,0.9994199275970459,"LA GENERALE DE GASTRONOMIE, REMINOX, BM PRODUCTION",17 AVENUE DU 24 AOUT 1944,CORBAS,69960,69273,OUVERT,2025-02-18 02:15:14,1,"{""bias"": 1.1616770029067993, ""margin"": 7.4516801834106445, ""prob_from_margin"": 0.9994198712408398, ""top"": [{""feature"": ""name_semantic_max"", ""shap"": 2.2439780235290527, ""value"": 0.9999999403953552, ""model_input"": 0.9999999403953552}, {""feature"": ""name_token_overlap_max"", ""shap"": 1.060123324394226, ""value"": 1.0, ""model_input"": 1.0}, {""feature"": ""token_overlap_ul"", ""shap"": 1.0523619651794434, ""value"": 1.0, ""model_input"": 1.0}, {""feature"": ""name_crm_contains_cand_max"", ""shap"": 0.6387742161750793, ""value"": 1.0, ""model_input"": 1.0}, {""feature"": ""name_length_max"", ""shap"": -0.5284826755523682, ""value"": 3.0, ""model_input"": 3.0}, {""feature"": ""name_count"", ""shap"": -0.4936077892780304, ""value"": 5.0, ""model_input"": 5.0}, {""feature"": ""addr_token_overlap"", ""shap"": 0.4611346125602722, ""value"": 1.0, ""model_input"": 1.0}, {""feature"": ""street_number_diff"", ""shap"": 0.4422006607055664, ""value"": 0.0, ""model_input"": 0.0}, {""feature"": ""name_sim_max_pm_dirigeant"", ""shap"": 0.4177842140197754, ""value"": 0.47008547008547, ""model_input"": 0.47008547008547}, {""feature"": ""is_siege"", ""shap"": 0.3259704113006592, ""value"": 1.0, ""model_input"": 1.0}]}"
94,L2G,17 Avenue du 24 Août 1944,69960,CORBAS,47845556100017,0.9844919443130493,ECHO VERT RHONE ALPES,17 AVENUE DU 24 AOUT 1944,CORBAS,69960,69273,FERME,2024-03-30 12:41:53,2,"{""bias"": 1.1616770029067993, ""margin"": 4.1507697105407715, ""prob_from_margin"": 0.9844919993626664, ""top"": [{""feature"": ""name_semantic_max"", ""shap"": -2.0782999992370605, ""value"": 0.3373791575431824, ""model_input"": 0.3373791575431824}, {""feature"": ""addr_token_overlap"", ""shap"": 1.3575228452682495, ""value"": 1.0, ""model_input"": 1.0}, {""feature"": ""name_addr_consistency"", ""shap"": 1.1832621097564697, ""value"": 0.0, ""model_input"": 0.0}, {""feature"": ""street_number_diff"", ""shap"": 0.9831438660621643, ""value"": 0.0, ""model_input"": 0.0}, {""feature"": ""name_sim_max_etab"", ""shap"": 0.9298914074897766, ""value"": 0.0, ""model_input"": 0.0}, {""feature"": ""addr_jaro"", ""shap"": 0.8899606466293335, ""value"": 1.0, ""model_input"": 1.0}, {""feature"": ""addr_levenshtein"", ""shap"": 0.6914841532707214, ""value"": 1.0, ""model_input"": 1.0}, {""feature"": ""name_sim_max_ul"", ""shap"": -0.5004956126213074, ""value"": 0.0, ""model_input"": 0.0}, {""feature"": ""name_jaro_max"", ""shap"": 0.49179211258888245, ""value"": 0.0, ""model_input"": 0.0}, {""feature"": ""name_semantic_second"", ""shap"": -0.3456975519657135, ""value"": 0.0, ""model_input"": 0.0}]}"
94,L2G,17 Avenue du 24 Août 1944,69960,CORBAS,52314131500029,0.9648661613464355,EGL,17 AVENUE DU 24 AOUT 1944,CORBAS,69960,69273,FERME,2024-03-30 08:03:58,3,"{""bias"": 1.1616770029067993, ""margin"": 3.3128252029418945, ""prob_from_margin"": 0.9648661794620069, ""top"": [{""feature"": ""street_number_diff"", ""shap"": 1.0526477098464966, ""value"": 0.0, ""model_input"": 0.0}, {""feature"": ""addr_token_overlap"", ""shap"": 1.039090633392334, ""value"": 1.0, ""model_input"": 1.0}, {""feature"": ""name_sim_max_etab"", ""shap"": 0.7098726630210876, ""value"": 0.0, ""model_input"": 0.0}, {""feature"": ""addr_jaro"", ""shap"": 0.6413869857788086, ""value"": 1.0, ""model_input"": 1.0}, {""feature"": ""name_sim_max_ul"", ""shap"": -0.5368905663490295, ""value"": 0.4178743961352657, ""model_input"": 0.4178743961352657}, {""feature"": ""addr_levenshtein"", ""shap"": 0.42885497212409973, ""value"": 1.0, ""model_input"": 1.0}, {""feature"": ""name_token_overlap_max"", ""shap"": -0.35548925399780273, ""value"": 0.0, ""model_input"": 0.0}, {""feature"": ""name_sim_max_pm_dirigeant"", ""shap"": -0.3324005603790283, ""value"": 0.0, ""model_input"": 0.0}, {""feature"": ""type_of_max_name"", ""shap"": 0.3301922380924225, ""value"": 7.0, ""model_input"": 7.0}, {""feature"": ""token_overlap_ul"", ""shap"": -0.21488724648952484, ""value"": 0.0, ""model_input"": 0.0}]}"
94,L2G,17 Avenue du 24 Août 1944,69960,CORBAS,74715092800048,0.9526498913764954,INNOSEEDS MDG,17 AV DU 24 AOUT 1944,CORBAS,69960,69273,FERME,2024-03-22 15:40:57,4,"{""bias"": 1.1616770029067993, ""margin"": 3.0016801357269287, ""prob_from_margin"": 0.9526499720529803, ""top"": [{""feature"": ""name_semantic_max"", ""shap"": -2.3168985843658447, ""value"": 0.3655659556388855, ""model_input"": 0.3655659556388855}, {""feature"": ""street_number_diff"", ""shap"": 1.1782844066619873, ""value"": 0.0, ""model_input"": 0.0}, {""feature"": ""name_addr_consistency"", ""shap"": 0.9896212220191956, ""value"": 0.0, ""model_input"": 0.0}, {""feature"": ""name_sim_max_etab"", ""shap"": 0.8180006146430969, ""value"": 0.0, ""model_input"": 0.0}, {""feature"": ""addr_levenshtein"", ""shap"": 0.6723527908325195, ""value"": 0.84, ""model_input"": 0.84}, {""feature"": ""addr_token_overlap"", ""shap"": 0.656957745552063, ""value"": 0.7142857142857143, ""model_input"": 0.7142857142857143}, {""feature"": ""type_of_max_name"", ""shap"": 0.6330500841140747, ""value"": 7.0, ""model_input"": 7.0}, {""feature"": ""name_jaro_max"", ""shap"": 0.5824578404426575, ""value"": 0.0, ""model_input"": 0.0}, {""feature"": ""name_sim_max_ul"", ""shap"": -0.4911457896232605, ""value"": 0.0, ""model_input"": 0.0}, {""feature"": ""name_levenshtein_max"", ""shap"": 0.4316857159137726, ""value"": 0.07692307692307687, ""model_input"": 0.07692307692307687}]}"
94,L2G,17 Avenue du 24 Août 1944,69960,CORBAS,49244168800032,0.9061261415481567,G.C.S.,17 AVENUE DU 24 AOUT 1944,CORBAS,69960,69273,FERME,2024-03-30 13:20:01,5,"{""bias"": 1.1616770029067993, ""margin"": 2.267225742340088, ""prob_from_margin"": 0.9061260706592897, ""top"": [{""feature"": ""street_number_diff"", ""shap"": 1.2550785541534424, ""value"": 0.0, ""model_input"": 0.0}, {""feature"": ""addr_token_overlap"", ""shap"": 1.0626696348190308, ""value"": 1.0, ""model_input"": 1.0}, {""feature"": ""name_semantic_max"", ""shap"": -1.0587316751480103, ""value"": 0.5163580775260925, ""model_input"": 0.5163580775260925}, {""feature"": ""addr_jaro"", ""shap"": 0.6353816390037537, ""value"": 1.0, ""model_input"": 1.0}, {""feature"": ""name_sim_max_etab"", ""shap"": 0.5698161721229553, ""value"": 0.0, ""model_input"": 0.0}, {""feature"": ""addr_levenshtein"", ""shap"": 0.5696884393692017, ""value"": 1.0, ""model_input"": 1.0}, {""feature"": ""name_addr_consistency"", ""shap"": -0.5052568316459656, ""value"": 0.5, ""model_input"": 0.5}, {""feature"": ""name_token_overlap_max"", ""shap"": -0.3694888949394226, ""value"": 0.0, ""model_input"": 0.0}, {""feature"": ""name_count"", ""shap"": 0.3466019332408905, ""value"": 2.0, ""model_input"": 2.0}, {""feature"": ""name_sim_max_pm_dirigeant"", ""shap"": -0.32910168170928955, ""value"": 0.0, ""model_input"": 0.0}]}"
67,LES BANQUES ALIMENTAIRES,127 Avenue Franklin Roosevelt,69150,DECINES-CHARPIEU,38078113800033,0.9987381100654602,BANQUE ALIMENTAIRE DU RHONE,127 AVENUE FRANKLIN ROOSEVELT,DECINES-CHARPIEU,69150,69275,OUVERT,2024-03-30 13:29:23,1,"{""bias"": 1.1616770029067993, ""margin"": 6.673902988433838, ""prob_from_margin"": 0.9987381364576459, ""top"": [{""feature"": ""name_semantic_max"", ""shap"": 2.5463967323303223, ""value"": 0.7892460823059082, ""model_input"": 0.7892460823059082}, {""feature"": ""name_sim_max_etab"", ""shap"": 0.9957180023193359, ""value"": 0.0, ""model_input"": 0.0}, {""feature"": ""token_overlap_ul"", ""shap"": 0.8002572655677795, ""value"": 0.6666666666666666, ""model_input"": 0.6666666666666666}, {""feature"": ""street_number_diff"", ""shap"": 0.7555705904960632, ""value"": 0.0, ""model_input"": 0.0}, {""feature"": ""addr_token_overlap"", ""shap"": 0.6810132265090942, ""value"": 1.0, ""model_input"": 1.0}, {""feature"": ""name_sim_max_pm_dirigeant"", ""shap"": -0.37229588627815247, ""value"": 0.0, ""model_input"": 0.0}, {""feature"": ""addr_levenshtein"", ""shap"": 0.3288310468196869, ""value"": 1.0, ""model_input"": 1.0}, {""feature"": ""addr_jaro"", ""shap"": 0.32113581895828247, ""value"": 1.0, ""model_input"": 1.0}, {""feature"": ""name_token_overlap_max"", ""shap"": -0.30931514501571655, ""value"": 0.0, ""model_input"": 0.0}, {""feature"": ""name_semantic_second"", ""shap"": -0.29549115896224976, ""value"": 0.0, ""model_input"": 0.0}]}"
67,LES BANQUES ALIMENTAIRES,127 Avenue Franklin Roosevelt,69150,DECINES-CHARPIEU,80328373800018,0.9954944849014282,FONDS DE DOTATION DE LA BANQUE ALIMENTAIRE DU RHONE,127 AVENUE FRANKLIN ROOSEVELT,DECINES-CHARPIEU,69150,69275,OUVERT,2025-01-19 02:09:25,2,"{""bias"": 1.1616770029067993, ""margin"": 5.397933483123779, ""prob_from_margin"": 0.9954944675144268, ""top"": [{""feature"": ""addr_token_overlap"", ""shap"": 1.0440360307693481, ""value"": 1.0, ""model_input"": 1.0}, {""feature"": ""name_sim_max_etab"", ""shap"": 0.9858300685882568, ""value"": 0.0, ""model_input"": 0.0}, {""feature"": ""token_overlap_ul"", ""shap"": 0.9015346765518188, ""value"": 0.6666666666666666, ""model_input"": 0.6666666666666666}, {""feature"": ""name_semantic_max"", ""shap"": 0.8892995715141296, ""value"": 0.6295576691627502, ""model_input"": 0.6295576691627502}, {""feature"": ""street_number_diff"", ""shap"": 0.8624178767204285, ""value"": 0.0, ""model_input"": 0.0}, {""feature"": ""type_of_max_name"", ""shap"": 0.4601607918739319, ""value"": 7.0, ""model_input"": 7.0}, {""feature"": ""name_sim_max_pm_dirigeant"", ""shap"": -0.39546552300453186, ""value"": 0.0, ""model_input"": 0.0}, {""feature"": ""addr_levenshtein"", ""shap"": 0.3833932876586914, ""value"": 1.0, ""model_input"": 1.0}, {""feature"": ""name_token_overlap_max"", ""shap"": -0.3500802218914032, ""value"": 0.0, ""model_input"": 0.0}, {""feature"": ""name_semantic_second"", ""shap"": -0.33646848797798157, ""value"": 0.0, ""model_input"": 0.0}]}"
67,LES BANQUES ALIMENTAIRES,127 Avenue Franklin Roosevelt,69150,DECINES-CHARPIEU,49012842800011,0.9930383563041687,P.M.H.,127 AVENUE FRANKLIN ROOSEVELT,DECINES-CHARPIEU,69150,69275,FERME,2024-03-30 18:45:29,3,"{""bias"": 1.1616770029067993, ""margin"": 4.960349082946777, ""prob_from_margin"": 0.9930383245215498, ""top"": [{""feature"": ""name_semantic_max"", ""shap"": -2.09175968170166, ""value"": 0.32990431785583496, ""model_input"": 0.32990431785583496}, {""feature"": ""name_addr_consistency"", ""shap"": 1.3112376928329468, ""value"": 0.0, ""model_input"": 0.0}, {""feature"": ""addr_token_overlap"", ""shap"": 1.30891752243042, ""value"": 1.0, ""model_input"": 1.0}, {""feature"": ""street_number_diff"", ""shap"": 1.011958360671997, ""value"": 0.0, ""model_input"": 0.0}, {""feature"": ""name_sim_max_etab"", ""shap"": 0.9159170389175415, ""value"": 0.0, ""model_input"": 0.0}, {""feature"": ""addr_jaro"", ""shap"": 0.8916763067245483, ""value"": 1.0, ""model_input"": 1.0}, {""feature"": ""addr_levenshtein"", ""shap"": 0.6496295928955078, ""value"": 1.0, ""model_input"": 1.0}, {""feature"": ""name_jaro_max"", ""shap"": 0.620942234992981, ""value"": 0.0, ""model_input"": 0.0}, {""feature"": ""name_sim_max_ul"", ""shap"": -0.41219276189804077, ""value"": 0.0, ""model_input"": 0.0}, {""feature"": ""name_semantic_second"", ""shap"": -0.30301088094711304, ""value"": 0.0, ""model_input"": 0.0}]}"
67,LES BANQUES ALIMENTAIRES,127 Avenue Franklin Roosevelt,69150,DECINES-CHARPIEU,44303932600022,0.9927825927734375,DITIB,127 AVENUE FRANKLIN ROOSEVELT,DECINES-CHARPIEU,69150,69275,OUVERT,2024-03-30 14:25:39,4,"{""bias"": 1.1616770029067993, ""margin"": 4.924020290374756, ""prob_from_margin"": 0.9927826240759179, ""top"": [{""feature"": ""name_semantic_max"", ""shap"": -1.570925235748291, ""value"": 0.4258453845977783, ""model_input"": 0.4258453845977783}, {""feature"": ""addr_token_overlap"", ""shap"": 1.4281381368637085, ""value"": 1.0, ""model_input"": 1.0}, {""feature"": ""street_number_diff"", ""shap"": 0.9538466334342957, ""value"": 0.0, ""model_input"": 0.0}, {""feature"": ""name_addr_consistency"", ""shap"": 0.8268954157829285, ""value"": 0.3277777777777778, ""model_input"": 0.3277777777777778}, {""feature"": ""name_sim_max_etab"", ""shap"": 0.8091995120048523, ""value"": 0.0, ""model_input"": 0.0}, {""feature"": ""addr_jaro"", ""shap"": 0.7842728495597839, ""value"": 1.0, ""model_input"": 1.0}, {""feature"": ""name_jaro_max"", ""shap"": 0.6711742877960205, ""value"": 0.3277777777777778, ""model_input"": 0.3277777777777778}, {""feature"": ""addr_levenshtein"", ""shap"": 0.6283227801322937, ""value"": 1.0, ""model_input"": 1.0}, {""feature"": ""type_of_max_name"", ""shap"": 0.34136828780174255, ""value"": 7.0, ""model_input"": 7.0}, {""feature"": ""name_semantic_second"", ""shap"": -0.3286656141281128, ""value"": 0.0, ""model_input"": 0.0}]}"
67,LES BANQUES ALIMENTAIRES,127 Avenue Franklin Roosevelt,69150,DECINES-CHARPIEU,96750106500056,0.854884922504425,DAIKIN AIRCONDITIONING FRANCE,127 AVENUE FRANKLIN ROOSEVELT,DECINES-CHARPIEU,69150,69275,FERME,2025-02-08 02:26:46,5,"{""bias"": 1.1616770029067993, ""margin"": 1.7734414339065552, ""prob_from_margin"": 0.8548851251071785, ""top"": [{""feature"": ""addr_token_overlap"", ""shap"": 1.3816251754760742, ""value"": 1.0, ""model_input"": 1.0}, {""feature"": ""name_semantic_max"", ""shap"": -1.0919413566589355, ""value"": 0.5106419920921326, ""model_input"": 0.5106419920921326}, {""feature"": ""street_number_diff"", ""shap"": 1.0192618370056152, ""value"": 0.0, ""model_input"": 0.0}, {""feature"": ""name_sim_max_pm_dirigeant"", ""shap"": 0.5705159306526184, ""value"": 0.5716374269005847, ""model_input"": 0.5716374269005847}, {""feature"": ""addr_jaro"", ""shap"": 0.5629158020019531, ""value"": 1.0, ""model_input"": 1.0}, {""feature"": ""type_of_max_name"", ""shap"": 0.5304775238037109, ""value"": 4.0, ""model_input"": 4.0}, {""feature"": ""addr_levenshtein"", ""shap"": 0.48069483041763306, ""value"": 1.0, ""model_input"": 1.0}, {""feature"": ""name_token_overlap_max"", ""shap"": -0.3366032540798187, ""value"": 0.0, ""model_input"": 0.0}, {""feature"": ""name_semantic_second"", ""shap"": -0.31126949191093445, ""value"": 0.415879487991333, ""model_input"": 0.415879487991333}, {""feature"": ""token_overlap_ul"", ""shap"": -0.2832041382789612, ""value"": 0.0, ""model_input"": 0.0}]}"
53,LES DOUCEURS DU MOULIN,69 Rue Marcel Mérieux,69960,CORBAS,89357911000022,0.9949091076850891,LES DOUCEURS DU MOULIN FRUITS ET LEGUMES,69 RUE MARCEL MERIEUX,CORBAS,69960,69273,OUVERT,2024-03-30 02:49:46,1,"{""bias"": 1.1616770029067993, ""margin"": 5.275201320648193, ""prob_from_margin"": 0.9949091231806905, ""top"": [{""feature"": ""name_semantic_max"", ""shap"": 2.2743728160858154, ""value"": 0.8764561414718628, ""model_input"": 0.8764561414718628}, {""feature"": ""name_token_overlap_max"", ""shap"": 1.0118863582611084, ""value"": 0.5714285714285714, ""model_input"": 0.5714285714285714}, {""feature"": ""addr_token_overlap"", ""shap"": 0.7644182443618774, ""value"": 1.0, ""model_input"": 1.0}, {""feature"": ""name_sim_max_etab"", ""shap"": -0.6501970887184143, ""value"": 0.91, ""model_input"": 0.91}, {""feature"": ""token_overlap_ul"", ""shap"": 0.6036105155944824, ""value"": 1.0, ""model_input"": 1.0}, {""feature"": ""street_number_diff"", ""shap"": 0.5626907348632812, ""value"": 0.0, ""model_input"": 0.0}, {""feature"": ""name_semantic_second"", ""shap"": 0.5382352471351624, ""value"": 0.8764561414718628, ""model_input"": 0.8764561414718628}, {""feature"": ""name_sim_max_pm_dirigeant"", ""shap"": -0.3866419792175293, ""value"": 0.0, ""model_input"": 0.0}, {""feature"": ""name_jaro_gap"", ""shap"": -0.3108719289302826, ""value"": 0.0, ""model_input"": 0.0}, {""feature"": ""name_addr_consistency"", ""shap"": 0.3054487109184265, ""value"": 0.91, ""model_input"": 0.91}]}"
53,LES DOUCEURS DU MOULIN,69 Rue Marcel Mérieux,69960,CORBAS,49852066700029,0.9762871861457825,LES MURIERS,69 RUE MARCEL MERIEUX,CORBAS,69960,69273,OUVERT,2025-04-29 13:36:46,2,"{""bias"": 1.1616770029067993, ""margin"": 3.717742919921875, ""prob_from_margin"": 0.9762872254941667, ""top"": [{""feature"": ""name_sim_max_pm_dirigeant"", ""shap"": 1.52031409740448, ""value"": 0.6079545454545454, ""model_input"": 0.6079545454545454}, {""feature"": ""addr_token_overlap"", ""shap"": 1.2172348499298096, ""value"": 1.0, ""model_input"": 1.0}, {""feature"": ""street_number_diff"", ""shap"": 0.9720843434333801, ""value"": 0.0, ""model_input"": 0.0}, {""feature"": ""name_semantic_max"", ""shap"": -0.9439107179641724, ""value"": 0.5298876166343689, ""model_input"": 0.5298876166343689}, {""feature"": ""token_overlap_ul"", ""shap"": 0.5461819767951965, ""value"": 0.3333333333333333, ""model_input"": 0.3333333333333333}, {""feature"": ""type_of_max_name"", ""shap"": 0.5173739194869995, ""value"": 7.0, ""model_input"": 7.0}, {""feature"": ""name_sim_max_etab"", ""shap"": -0.4987662136554718, ""value"": 0.6079545454545454, ""model_input"": 0.6079545454545454}, {""feature"": ""name_semantic_second"", ""shap"": -0.47032618522644043, ""value"": 0.27716323733329773, ""model_input"": 0.27716323733329773}, {""feature"": ""addr_jaro"", ""shap"": 0.4535931646823883, ""value"": 1.0, ""model_input"": 1.0}, {""feature"": ""addr_levenshtein"", ""shap"": 0.33378908038139343, ""value"": 1.0, ""model_input"": 1.0}]}"
53,LES DOUCEURS DU MOULIN,69 Rue Marcel Mérieux,69960,CORBAS,79249138300016,0.9294544458389282,DU 41,69 RUE MARCEL MERIEUX,CORBAS,69960,69273,OUVERT,2024-03-30 11:11:13,3,"{""bias"": 1.1616770029067993, ""margin"": 2.578339099884033, ""prob_from_margin"": 0.9294544433933676, ""top"": [{""feature"": ""name_semantic_max"", ""shap"": -1.5011314153671265, ""value"": 0.48908117413520813, ""model_input"": 0.48908117413520813}, {""feature"": ""addr_token_overlap"", ""shap"": 1.210041880607605, ""value"": 1.0, ""model_input"": 1.0}, {""feature"": ""street_number_diff"", ""shap"": 0.9868664145469666, ""value"": 0.0, ""model_input"": 0.0}, {""feature"": ""name_sim_max_etab"", ""shap"": 0.6678827404975891, ""value"": 0.0, ""model_input"": 0.0}, {""feature"": ""addr_levenshtein"", ""shap"": 0.5352568030357361, ""value"": 1.0, ""model_input"": 1.0}, {""feature"": ""addr_jaro"", ""shap"": 0.4938666820526123, ""value"": 1.0, ""model_input"": 1.0}, {""feature"": ""type_of_max_name"", ""shap"": 0.43647074699401855, ""value"": 7.0, ""model_input"": 7.0}, {""feature"": ""name_semantic_second"", ""shap"": -0.38238999247550964, ""value"": 0.0, ""model_input"": 0.0}, {""feature"": ""name_addr_consistency"", ""shap"": -0.38197290897369385, ""value"": 0.46767676767676764, ""model_input"": 0.46767676767676764}, {""feature"": ""token_overlap_ul"", ""shap"": -0.3468952178955078, ""value"": 0.0, ""model_input"": 0.0}]}"
53,LES DOUCEURS DU MOULIN,69 Rue Marcel Mérieux,69960,CORBAS,31554738000024,0.9252707362174988,FRUTAS SANCHEZ,69 RUE MARCEL MERIEUX,CORBAS,69960,69273,OUVERT,2025-01-19 02:17:55,4,"{""bias"": 1.1616770029067993, ""margin"": 2.5162134170532227, ""prob_from_margin"": 0.9252706532960415, ""top"": [{""feature"": ""addr_token_overlap"", ""shap"": 1.3769781589508057, ""value"": 1.0, ""model_input"": 1.0}, {""feature"": ""name_semantic_max"", ""shap"": -1.2711149454116821, ""value"": 0.4848277270793915, ""model_input"": 0.4848277270793915}, {""feature"": ""street_number_diff"", ""shap"": 0.9589906930923462, ""value"": 0.0, ""model_input"": 0.0}, {""feature"": ""name_sim_max_pm_dirigeant"", ""shap"": 0.8665631413459778, ""value"": 0.5358345358345359, ""model_input"": 0.5358345358345359}, {""feature"": ""type_of_max_name"", ""shap"": 0.572955310344696, ""value"": 4.0, ""model_input"": 4.0}, {""feature"": ""addr_jaro"", ""shap"": 0.5282600522041321, ""value"": 1.0, ""model_input"": 1.0}, {""feature"": ""addr_levenshtein"", ""shap"": 0.48693639039993286, ""value"": 1.0, ""model_input"": 1.0}, {""feature"": ""name_semantic_second"", ""shap"": -0.43042102456092834, ""value"": 0.33660176396369934, ""model_input"": 0.33660176396369934}, {""feature"": ""name_addr_consistency"", ""shap"": -0.34150680899620056, ""value"": 0.5358345358345359, ""model_input"": 0.5358345358345359}, {""feature"": ""name_levenshtein_max"", ""shap"": -0.3386026620864868, ""value"": 0.2727272727272727, ""model_input"": 0.2727272727272727}]}"
53,LES DOUCEURS DU MOULIN,69 Rue Marcel Mérieux,69960,CORBAS,84146910900018,0.911161482334137,VERT FRAMBOISE,69 RUE MARCEL MERIEUX,CORBAS,69960,69273,OUVERT,2025-10-13 19:16:06,5,"{""bias"": 1.1616770029067993, ""margin"": 2.3278989791870117, ""prob_from_margin"": 0.9111614137533361, ""top"": [{""feature"": ""addr_token_overlap"", ""shap"": 1.3895729780197144, ""value"": 1.0, ""model_input"": 1.0}, {""feature"": ""name_semantic_max"", ""shap"": -1.2897453308105469, ""value"": 0.4848277270793915, ""model_input"": 0.4848277270793915}, {""feature"": ""street_number_diff"", ""shap"": 0.9739016890525818, ""value"": 0.0, ""model_input"": 0.0}, {""feature"": ""name_sim_max_pm_dirigeant"", ""shap"": 0.9104050993919373, ""value"": 0.5358345358345359, ""model_input"": 0.5358345358345359}, {""feature"": ""type_of_max_name"", ""shap"": 0.5624740719795227, ""value"": 4.0, ""model_input"": 4.0}, {""feature"": ""addr_jaro"", ""shap"": 0.531279981136322, ""value"": 1.0, ""model_input"": 1.0}, {""feature"": ""addr_levenshtein"", ""shap"": 0.49331191182136536, ""value"": 1.0, ""model_input"": 1.0}, {""feature"": ""name_token_overlap_max"", ""shap"": -0.3548273742198944, ""value"": 0.0, ""model_input"": 0.0}, {""feature"": ""name_levenshtein_max"", ""shap"": -0.33792412281036377, ""value"": 0.2727272727272727, ""model_input"": 0.2727272727272727}, {""feature"": ""name_semantic_second"", ""shap"": -0.30209001898765564, ""value"": 0.3791540861129761, ""model_input"": 0.3791540861129761}]}"
74,LTP Carreau Corbas,"4, rue du Carreau",69960,CORBAS,41154916500057,0.9008814692497253,TOUTES LES PORTES T.L.P,RUE DU CARREAU,CORBAS,69960,69273,FERME,2025-01-18 02:20:47,1,"{""bias"": 1.1616770029067993, ""margin"": 2.2070565223693848, ""prob_from_margin"": 0.9008814015959643, ""top"": [{""feature"": ""addr_token_overlap"", ""shap"": 1.3346343040466309, ""value"": 0.75, ""model_input"": 0.75}, {""feature"": ""name_sim_max_pm_dirigeant"", ""shap"": 0.892642617225647, ""value"": 0.503030303030303, ""model_input"": 0.503030303030303}, {""feature"": ""type_of_max_name"", ""shap"": 0.5556783676147461, ""value"": 7.0, ""model_input"": 7.0}, {""feature"": ""name_token_overlap_max"", ""shap"": -0.4195041060447693, ""value"": 0.0, ""model_input"": 0.0}, {""feature"": ""name_semantic_second"", ""shap"": -0.39709535241127014, ""value"": 0.3450795114040375, ""model_input"": 0.3450795114040375}, {""feature"": ""name_semantic_max"", ""shap"": -0.3742685616016388, ""value"": 0.5630156397819519, ""model_input"": 0.5630156397819519}, {""feature"": ""name_count"", ""shap"": 0.35357096791267395, ""value"": 2.0, ""model_input"": 2.0}, {""feature"": ""name_addr_consistency"", ""shap"": -0.3314591348171234, ""value"": 0.4383935392338754, ""model_input"": 0.4383935392338754}, {""feature"": ""addr_levenshtein"", ""shap"": 0.32593199610710144, ""value"": 0.8235294117647058, ""model_input"": 0.8235294117647058}, {""feature"": ""token_overlap_ul"", ""shap"": -0.318332701921463, ""value"": 0.0, ""model_input"": 0.0}]}"
74,LTP Carreau Corbas,"4, rue du Carreau",69960,CORBAS,89096240000010,0.8592463135719299,S.P.R,4 RUE DU CARREAU,CORBAS,69960,69273,OUVERT,2025-01-26 03:00:12,2,"{""bias"": 1.1616770029067993, ""margin"": 1.8090431690216064, ""prob_from_margin"": 0.8592461928211204, ""top"": [{""feature"": ""name_semantic_max"", ""shap"": -1.4419903755187988, ""value"": 0.5094090700149536, ""model_input"": 0.5094090700149536}, {""feature"": ""street_number_diff"", ""shap"": 1.2965940237045288, ""value"": 0.0, ""model_input"": 0.0}, {""feature"": ""type_of_max_name"", ""shap"": 0.8354204893112183, ""value"": 7.0, ""model_input"": 7.0}, {""feature"": ""name_sim_max_etab"", ""shap"": 0.7717628479003906, ""value"": 0.0, ""model_input"": 0.0}, {""feature"": ""addr_levenshtein"", ""shap"": 0.5731709599494934, ""value"": 0.9411764705882353, ""model_input"": 0.9411764705882353}, {""feature"": ""addr_token_overlap"", ""shap"": 0.5258828401565552, ""value"": 0.6, ""model_input"": 0.6}, {""feature"": ""name_addr_consistency"", ""shap"": -0.4493957757949829, ""value"": 0.5179679144385027, ""model_input"": 0.5179679144385027}, {""feature"": ""name_token_overlap_max"", ""shap"": -0.4039137661457062, ""value"": 0.0, ""model_input"": 0.0}, {""feature"": ""name_semantic_second"", ""shap"": -0.40114760398864746, ""value"": 0.0, ""model_input"": 0.0}, {""feature"": ""name_sim_max_pm_dirigeant"", ""shap"": -0.3813416063785553, ""value"": 0.0, ""model_input"": 0.0}]}"
74,LTP Carreau Corbas,"4, rue du Carreau",69960,CORBAS,38133685800026,0.8361344933509827,P.A.C.T.,RUE DU CARREAU,CORBAS,69960,69273,FERME,2024-03-30 05:33:22,3,"{""bias"": 1.1616770029067993, ""margin"": 1.6297428607940674, ""prob_from_margin"": 0.83613441023847, ""top"": [{""feature"": ""name_semantic_max"", ""shap"": -1.6147418022155762, ""value"": 0.47450342774391174, ""model_input"": 0.47450342774391174}, {""feature"": ""addr_token_overlap"", ""shap"": 1.5362251996994019, ""value"": 0.75, ""model_input"": 0.75}, {""feature"": ""name_sim_max_etab"", ""shap"": 0.6764679551124573, ""value"": 0.0, ""model_input"": 0.0}, {""feature"": ""type_of_max_name"", ""shap"": 0.4187712073326111, ""value"": 7.0, ""model_input"": 7.0}, {""feature"": ""name_token_overlap_max"", ""shap"": -0.40457281470298767, ""value"": 0.0, ""model_input"": 0.0}, {""feature"": ""addr_levenshtein"", ""shap"": 0.38342392444610596, ""value"": 0.8235294117647058, ""model_input"": 0.8235294117647058}, {""feature"": ""name_semantic_second"", ""shap"": -0.37383803725242615, ""value"": 0.0, ""model_input"": 0.0}, {""feature"": ""name_sim_max_pm_dirigeant"", ""shap"": -0.37343165278434753, ""value"": 0.0, ""model_input"": 0.0}, {""feature"": ""name_semantic_gap"", ""shap"": 0.30505073070526123, ""value"": 0.47450342774391174, ""model_input"": 0.47450342774391174}, {""feature"": ""token_overlap_ul"", ""shap"": -0.2971734404563904, ""value"": 0.0, ""model_input"": 0.0}]}"
74,LTP Carreau Corbas,"4, rue du Carreau",69960,CORBAS,83144406200051,0.8288626670837402,H2O DETECTION,4 RUE DU CARREAU,CORBAS,69960,69273,OUVERT,2024-03-30 14:31:33,4,"{""bias"": 1.1616770029067993, ""margin"": 1.577589511871338, ""prob_from_margin"": 0.8288628631254422, ""top"": [{""feature"": ""name_semantic_max"", ""shap"": -2.8649253845214844, ""value"": 0.3047741651535034, ""model_input"": 0.3047741651535034}, {""feature"": ""street_number_diff"", ""shap"": 1.0892685651779175, ""value"": 0.0, ""model_input"": 0.0}, {""feature"": ""addr_token_overlap"", ""shap"": 0.8427448272705078, ""value"": 0.6, ""model_input"": 0.6}, {""feature"": ""name_sim_max_etab"", ""shap"": 0.7825074195861816, ""value"": 0.0, ""model_input"": 0.0}, {""feature"": ""addr_levenshtein"", ""shap"": 0.7173743844032288, ""value"": 0.9411764705882353, ""model_input"": 0.9411764705882353}, {""feature"": ""type_of_max_name"", ""shap"": 0.6016871333122253, ""value"": 7.0, ""model_input"": 7.0}, {""feature"": ""addr_jaro"", ""shap"": 0.5861024856567383, ""value"": 0.9823529411764707, ""model_input"": 0.9823529411764707}, {""feature"": ""name_levenshtein_max"", ""shap"": 0.4871031641960144, ""value"": 0.07692307692307687, ""model_input"": 0.07692307692307687}, {""feature"": ""name_addr_consistency"", ""shap"": 0.43473488092422485, ""value"": 0.3835527217880159, ""model_input"": 0.3835527217880159}, {""feature"": ""name_semantic_second"", ""shap"": -0.4249536693096161, ""value"": 0.0, ""model_input"": 0.0}]}"
74,LTP Carreau Corbas,"4, rue du Carreau",69960,CORBAS,44533821300058,0.7263496518135071,LALANNE TRANSPORTS,RUE DU CARREAU,CORBAS,69960,69273,FERME,2024-03-30 08:50:34,5,"{""bias"": 1.1616770029067993, ""margin"": 0.9761799573898315, ""prob_from_margin"": 0.726349579145451, ""top"": [{""feature"": ""addr_token_overlap"", ""shap"": 1.3788671493530273, ""value"": 0.75, ""model_input"": 0.75}, {""feature"": ""name_semantic_max"", ""shap"": -1.2805635929107666, ""value"": 0.501798689365387, ""model_input"": 0.501798689365387}, {""feature"": ""name_sim_max_pm_dirigeant"", ""shap"": 0.9400783181190491, ""value"": 0.5373737373737374, ""model_input"": 0.5373737373737374}, {""feature"": ""type_of_max_name"", ""shap"": 0.5370326638221741, ""value"": 7.0, ""model_input"": 7.0}, {""feature"": ""name_addr_consistency"", ""shap"": -0.4424448609352112, ""value"": 0.5208969951617011, ""model_input"": 0.5208969951617011}, {""feature"": ""name_token_overlap_max"", ""shap"": -0.4139330983161926, ""value"": 0.0, ""model_input"": 0.0}, {""feature"": ""name_count"", ""shap"": 0.3203582167625427, ""value"": 2.0, ""model_input"": 2.0}, {""feature"": ""addr_levenshtein"", ""shap"": 0.2863142192363739, ""value"": 0.8235294117647058, ""model_input"": 0.8235294117647058}, {""feature"": ""name_jaro_max"", ""shap"": -0.2693375051021576, ""value"": 0.5989057239057239, ""model_input"": 0.5989057239057239}, {""feature"": ""token_overlap_ul"", ""shap"": -0.25758659839630127, ""value"": 0.0, ""model_input"": 0.0}]}"
43,La Tresse du Boucher,4 impasse du Rhone,69960,CORBAS,42476102100023,0.9968366622924805,LA TRESSE DU BOUCHER,4 IMPASSE DU RHONE,CORBAS,69960,69273,OUVERT,2025-02-17 02:10:11,1,"{""bias"": 1.1616770029067993, ""margin"": 5.752960681915283, ""prob_from_margin"": 0.9968366669004406, ""top"": [{""feature"": ""name_semantic_max"", ""shap"": 2.2744228839874268, ""value"": 0.8300439119338989, ""model_input"": 0.8300439119338989}, {""feature"": ""name_token_overlap_max"", ""shap"": 1.0141178369522095, ""value"": 1.0, ""model_input"": 1.0}, {""feature"": ""name_semantic_second"", ""shap"": 0.7725982069969177, ""value"": 0.6876791715621948, ""model_input"": 0.6876791715621948}, {""feature"": ""name_count"", ""shap"": -0.756483256816864, ""value"": 6.0, ""model_input"": 6.0}, {""feature"": ""addr_token_overlap"", ""shap"": 0.6217331886291504, ""value"": 1.0, ""model_input"": 1.0}, {""feature"": ""name_crm_contains_cand_max"", ""shap"": 0.6120189428329468, ""value"": 1.0, ""model_input"": 1.0}, {""feature"": ""street_number_diff"", ""shap"": 0.5362833142280579, ""value"": 0.0, ""model_input"": 0.0}, {""feature"": ""name_sim_max_etab"", ""shap"": -0.5206350684165955, ""value"": 1.0, ""model_input"": 1.0}, {""feature"": ""token_overlap_ul"", ""shap"": -0.4049108624458313, ""value"": 0.0, ""model_input"": 0.0}, {""feature"": ""addr_jaro"", ""shap"": 0.24916450679302216, ""value"": 1.0, ""model_input"": 1.0}]}"
43,La Tresse du Boucher,4 impasse du Rhone,69960,CORBAS,75306553100018,0.9401776194572449,L'ATELIER DU BOUCHER,4 RUE DU DAUPHINE,CORBAS,69960,69273,FERME,2025-01-27 02:07:34,2,"{""bias"": 1.1616770029067993, ""margin"": 2.7546896934509277, ""prob_from_margin"": 0.940177660328121, ""top"": [{""feature"": ""name_sim_max_etab"", ""shap"": 1.0765154361724854, ""value"": 0.0, ""model_input"": 0.0}, {""feature"": ""name_token_overlap_max"", ""shap"": 0.8860851526260376, ""value"": 0.4, ""model_input"": 0.4}, {""feature"": ""type_of_max_name"", ""shap"": 0.6536616086959839, ""value"": 7.0, ""model_input"": 7.0}, {""feature"": ""addr_levenshtein"", ""shap"": -0.45714595913887024, ""value"": 0.38888888888888884, ""model_input"": 0.38888888888888884}, {""feature"": ""name_sim_max_pm_dirigeant"", ""shap"": -0.44683507084846497, ""value"": 0.0, ""model_input"": 0.0}, {""feature"": ""street_number_diff"", ""shap"": 0.4364814758300781, ""value"": 0.0, ""model_input"": 0.0}, {""feature"": ""token_overlap_ul"", ""shap"": 0.3867434859275818, ""value"": 0.5, ""model_input"": 0.5}, {""feature"": ""name_semantic_second"", ""shap"": -0.36155837774276733, ""value"": 0.0, ""model_input"": 0.0}, {""feature"": ""addr_jaro"", ""shap"": -0.3282325267791748, ""value"": 0.7660130718954249, ""model_input"": 0.7660130718954249}, {""feature"": ""addr_token_overlap"", ""shap"": -0.22843259572982788, ""value"": 0.3333333333333333, ""model_input"": 0.3333333333333333}]}"
43,La Tresse du Boucher,4 impasse du Rhone,69960,CORBAS,51809239000278,0.654373049736023,DIPENERGIE,IMPASSE DU RHONE,CORBAS,69960,69273,OUVERT,2025-01-25 02:24:56,3,"{""bias"": 1.1616770029067993, ""margin"": 0.6383184194564819, ""prob_from_margin"": 0.6543732381708512, ""top"": [{""feature"": ""name_semantic_max"", ""shap"": -2.464627981185913, ""value"": 0.3787347376346588, ""model_input"": 0.3787347376346588}, {""feature"": ""addr_token_overlap"", ""shap"": 1.513168215751648, ""value"": 0.75, ""model_input"": 0.75}, {""feature"": ""name_sim_max_etab"", ""shap"": 0.7159502506256104, ""value"": 0.0, ""model_input"": 0.0}, {""feature"": ""name_token_overlap_max"", ""shap"": -0.42146140336990356, ""value"": 0.0, ""model_input"": 0.0}, {""feature"": ""name_semantic_second"", ""shap"": -0.4044930636882782, ""value"": 0.0, ""model_input"": 0.0}, {""feature"": ""name_sim_max_pm_dirigeant"", ""shap"": -0.3908626139163971, ""value"": 0.0, ""model_input"": 0.0}, {""feature"": ""name_addr_consistency"", ""shap"": 0.37738412618637085, ""value"": 0.38645833333333335, ""model_input"": 0.38645833333333335}, {""feature"": ""name_jaro_max"", ""shap"": 0.3579682409763336, ""value"": 0.45, ""model_input"": 0.45}, {""feature"": ""addr_levenshtein"", ""shap"": 0.3432524502277374, ""value"": 0.8888888888888888, ""model_input"": 0.8888888888888888}, {""feature"": ""type_of_max_name"", ""shap"": 0.3162930905818939, ""value"": 7.0, ""model_input"": 7.0}]}"
43,La Tresse du Boucher,4 impasse du Rhone,69960,CORBAS,48302368500033,0.6247835159301758,BOUCHERIE LA QUALITE,17 RUE DU VERCORS,CORBAS,69960,69273,OUVERT,2024-03-30 13:51:14,4,"{""bias"": 1.1616770029067993, ""margin"": 0.5099009275436401, ""prob_from_margin"": 0.6247832492847603, ""top"": [{""feature"": ""name_semantic_max"", ""shap"": -1.4844812154769897, ""value"": 0.5198054313659668, ""model_input"": 0.5198054313659668}, {""feature"": ""name_sim_max_etab"", ""shap"": 0.9438624978065491, ""value"": 0.0, ""model_input"": 0.0}, {""feature"": ""type_of_max_name"", ""shap"": 0.7841377258300781, ""value"": 7.0, ""model_input"": 7.0}, {""feature"": ""token_overlap_ul"", ""shap"": 0.7017778754234314, ""value"": 0.5, ""model_input"": 0.5}, {""feature"": ""addr_levenshtein"", ""shap"": -0.4353647530078888, ""value"": 0.2777777777777778, ""model_input"": 0.2777777777777778}, {""feature"": ""name_sim_max_pm_dirigeant"", ""shap"": -0.35521116852760315, ""value"": 0.0, ""model_input"": 0.0}, {""feature"": ""name_count"", ""shap"": 0.3063279390335083, ""value"": 1.0, ""model_input"": 1.0}, {""feature"": ""name_semantic_second"", ""shap"": -0.2830450236797333, ""value"": 0.0, ""model_input"": 0.0}, {""feature"": ""street_number_diff"", ""shap"": -0.24778440594673157, ""value"": 13.0, ""model_input"": 13.0}, {""feature"": ""name_city_overlap_max"", ""shap"": -0.23465807735919952, ""value"": 0.0, ""model_input"": 0.0}]}"
43,La Tresse du Boucher,4 impasse du Rhone,69960,CORBAS,92236797400016,0.5874953866004944,INFINITY ODEM HOLDING,4 IMPASSE DU CHALET,CORBAS,69960,69273,OUVERT,2025-01-25 02:22:20,5,"{""bias"": 1.1616770029067993, ""margin"": 0.3536207675933838, ""prob_from_margin"": 0.5874953293858032, ""top"": [{""feature"": ""name_semantic_max"", ""shap"": -2.769559621810913, ""value"": 0.35099807381629944, ""model_input"": 0.35099807381629944}, {""feature"": ""street_number_diff"", ""shap"": 0.8919247388839722, ""value"": 0.0, ""model_input"": 0.0}, {""feature"": ""addr_token_overlap"", ""shap"": 0.8003243207931519, ""value"": 0.6, ""model_input"": 0.6}, {""feature"": ""name_sim_max_etab"", ""shap"": 0.7484170794487, ""value"": 0.0, ""model_input"": 0.0}, {""feature"": ""type_of_max_name"", ""shap"": 0.7054299712181091, ""value"": 7.0, ""model_input"": 7.0}, {""feature"": ""addr_levenshtein"", ""shap"": 0.5479803085327148, ""value"": 0.7894736842105263, ""model_input"": 0.7894736842105263}, {""feature"": ""name_semantic_second"", ""shap"": -0.4450906217098236, ""value"": 0.0, ""model_input"": 0.0}, {""feature"": ""name_addr_consistency"", ""shap"": 0.43964770436286926, ""value"": 0.3867014759120022, ""model_input"": 0.3867014759120022}, {""feature"": ""name_token_overlap_max"", ""shap"": -0.3790418803691864, ""value"": 0.0, ""model_input"": 0.0}, {""feature"": ""name_sim_max_pm_dirigeant"", ""shap"": -0.3470836281776428, ""value"": 0.0, ""model_input"": 0.0}]}"
6,Lyon Select,69 Rue Marcel Merieux,69960,CORBAS,42414632200021,0.9996609687805176,EKVAL PRIMEURS,69 RUE MARCEL MERIEUX,CORBAS,69960,69273,OUVERT,2025-04-25 18:37:00,1,"{""bias"": 1.1616770029067993, ""margin"": 7.988899230957031, ""prob_from_margin"": 0.9996609077557636, ""top"": [{""feature"": ""name_semantic_max"", ""shap"": 1.3233206272125244, ""value"": 0.7034887671470642, ""model_input"": 0.7034887671470642}, {""feature"": ""name_token_overlap_max"", ""shap"": 1.0089482069015503, ""value"": 1.0, ""model_input"": 1.0}, {""feature"": ""token_overlap_ul"", ""shap"": 0.9086622595787048, ""value"": 1.0, ""model_input"": 1.0}, {""feature"": ""name_sim_max_pm_dirigeant"", ""shap"": 0.8116148114204407, ""value"": 0.6454124579124579, ""model_input"": 0.6454124579124579}, {""feature"": ""name_crm_contains_cand_max"", ""shap"": 0.7142704129219055, ""value"": 1.0, ""model_input"": 1.0}, {""feature"": ""addr_token_overlap"", ""shap"": 0.7139745354652405, ""value"": 1.0, ""model_input"": 1.0}, {""feature"": ""name_sim_max_etab"", ""shap"": -0.5621908903121948, ""value"": 0.6454124579124579, ""model_input"": 0.6454124579124579}, {""feature"": ""street_number_diff"", ""shap"": 0.5128282308578491, ""value"": 0.0, ""model_input"": 0.0}, {""feature"": ""name_semantic_second"", ""shap"": 0.396860271692276, ""value"": 0.6720284223556519, ""model_input"": 0.6720284223556519}, {""feature"": ""is_siege"", ""shap"": 0.32284796237945557, ""value"": 1.0, ""model_input"": 1.0}]}"
6,Lyon Select,69 Rue Marcel Merieux,69960,CORBAS,80372802100012,0.9974773526191711,SELECT GROUP L,69 RUE MARCEL MERIEUX,CORBAS,69960,69273,OUVERT,2024-03-30 12:54:02,2,"{""bias"": 1.1616770029067993, ""margin"": 5.979925155639648, ""prob_from_margin"": 0.9974773642174672, ""top"": [{""feature"": ""name_semantic_max"", ""shap"": 1.6386260986328125, ""value"": 0.7040632963180542, ""model_input"": 0.7040632963180542}, {""feature"": ""addr_token_overlap"", ""shap"": 0.8365209698677063, ""value"": 1.0, ""model_input"": 1.0}, {""feature"": ""street_number_diff"", ""shap"": 0.8128034472465515, ""value"": 0.0, ""model_input"": 0.0}, {""feature"": ""name_sim_max_etab"", ""shap"": 0.6038628220558167, ""value"": 0.3900543900543901, ""model_input"": 0.3900543900543901}, {""feature"": ""token_overlap_ul"", ""shap"": 0.4460563659667969, ""value"": 0.5, ""model_input"": 0.5}, {""feature"": ""addr_levenshtein"", ""shap"": 0.3390964865684509, ""value"": 1.0, ""model_input"": 1.0}, {""feature"": ""addr_jaro"", ""shap"": 0.3245042562484741, ""value"": 1.0, ""model_input"": 1.0}, {""feature"": ""name_addr_consistency"", ""shap"": -0.2550962567329407, ""value"": 0.6412337662337663, ""model_input"": 0.6412337662337663}, {""feature"": ""name_levenshtein_max"", ""shap"": 0.21021918952465057, ""value"": 0.1428571428571429, ""model_input"": 0.1428571428571429}, {""feature"": ""name_sim_max_pm_dirigeant"", ""shap"": 0.177704319357872, ""value"": 0.3900543900543901, ""model_input"": 0.3900543900543901}]}"
6,Lyon Select,69 Rue Marcel Merieux,69960,CORBAS,49391704100029,0.9970855116844177,SELECT GROUP,69 RUE MARCEL MERIEUX,CORBAS,69960,69273,FERME,2024-03-22 15:40:57,3,"{""bias"": 1.1616770029067993, ""margin"": 5.835131645202637, ""prob_from_margin"": 0.9970854808207337, ""top"": [{""feature"": ""name_semantic_max"", ""shap"": 2.043884754180908, ""value"": 0.7669697999954224, ""model_input"": 0.7669697999954224}, {""feature"": ""addr_token_overlap"", ""shap"": 0.7226121425628662, ""value"": 1.0, ""model_input"": 1.0}, {""feature"": ""name_sim_max_etab"", ""shap"": 0.6221926808357239, ""value"": 0.3900543900543901, ""model_input"": 0.3900543900543901}, {""feature"": ""street_number_diff"", ""shap"": 0.6064959168434143, ""value"": 0.0, ""model_input"": 0.0}, {""feature"": ""name_token_overlap_max"", ""shap"": 0.5182091593742371, ""value"": 0.3333333333333333, ""model_input"": 0.3333333333333333}, {""feature"": ""name_addr_consistency"", ""shap"": -0.512782871723175, ""value"": 0.597041847041847, ""model_input"": 0.597041847041847}, {""feature"": ""token_overlap_ul"", ""shap"": 0.3729248642921448, ""value"": 0.5, ""model_input"": 0.5}, {""feature"": ""addr_jaro"", ""shap"": 0.30192646384239197, ""value"": 1.0, ""model_input"": 1.0}, {""feature"": ""name_levenshtein_max"", ""shap"": 0.2847684919834137, ""value"": 0.08333333333333337, ""model_input"": 0.08333333333333337}, {""feature"": ""addr_levenshtein"", ""shap"": 0.25630053877830505, ""value"": 1.0, ""model_input"": 1.0}]}"
6,Lyon Select,69 Rue Marcel Merieux,69960,CORBAS,80369966900013,0.9948374629020691,SELECT GROUP F,69 RUE MARCEL MERIEUX,CORBAS,69960,69273,FERME,2024-03-30 03:24:58,4,"{""bias"": 1.1616770029067993, ""margin"": 5.26116418838501, ""prob_from_margin"": 0.9948375294767806, ""top"": [{""feature"": ""name_semantic_max"", ""shap"": 1.6175419092178345, ""value"": 0.6938753128051758, ""model_input"": 0.6938753128051758}, {""feature"": ""name_sim_max_etab"", ""shap"": 1.03964364528656, ""value"": 0.0, ""model_input"": 0.0}, {""feature"": ""addr_token_overlap"", ""shap"": 0.8056785464286804, ""value"": 1.0, ""model_input"": 1.0}, {""feature"": ""street_number_diff"", ""shap"": 0.6878146529197693, ""value"": 0.0, ""model_input"": 0.0}, {""feature"": ""addr_levenshtein"", ""shap"": 0.4374261498451233, ""value"": 1.0, ""model_input"": 1.0}, {""feature"": ""token_overlap_ul"", ""shap"": 0.4283749759197235, ""value"": 0.5, ""model_input"": 0.5}, {""feature"": ""name_sim_max_pm_dirigeant"", ""shap"": -0.3929463326931, ""value"": 0.0, ""model_input"": 0.0}, {""feature"": ""name_semantic_second"", ""shap"": -0.32227757573127747, ""value"": 0.0, ""model_input"": 0.0}, {""feature"": ""addr_jaro"", ""shap"": 0.3137684762477875, ""value"": 1.0, ""model_input"": 1.0}, {""feature"": ""name_addr_consistency"", ""shap"": -0.28246650099754333, ""value"": 0.5692640692640693, ""model_input"": 0.5692640692640693}]}"
6,Lyon Select,69 Rue Marcel Merieux,69960,CORBAS,80369965100011,0.9939234852790833,SELECT GROUP T,69 RUE MARCEL MERIEUX,CORBAS,69960,69273,OUVERT,2024-05-08 13:07:29,5,"{""bias"": 1.1616770029067993, ""margin"": 5.09722375869751, ""prob_from_margin"": 0.9939234540332292, ""top"": [{""feature"": ""name_semantic_max"", ""shap"": 1.1002695560455322, ""value"": 0.671099066734314, ""model_input"": 0.671099066734314}, {""feature"": ""addr_token_overlap"", ""shap"": 0.8714022636413574, ""value"": 1.0, ""model_input"": 1.0}, {""feature"": ""street_number_diff"", ""shap"": 0.7380247712135315, ""value"": 0.0, ""model_input"": 0.0}, {""feature"": ""name_sim_max_etab"", ""shap"": 0.5787585973739624, ""value"": 0.3900543900543901, ""model_input"": 0.3900543900543901}, {""feature"": ""token_overlap_ul"", ""shap"": 0.43282410502433777, ""value"": 0.5, ""model_input"": 0.5}, {""feature"": ""addr_levenshtein"", ""shap"": 0.3067333698272705, ""value"": 1.0, ""model_input"": 1.0}, {""feature"": ""addr_jaro"", ""shap"": 0.3008502721786499, ""value"": 1.0, ""model_input"": 1.0}, {""feature"": ""name_addr_consistency"", ""shap"": -0.2757183015346527, ""value"": 0.5692640692640693, ""model_input"": 0.5692640692640693}, {""feature"": ""type_of_max_name"", ""shap"": 0.21522602438926697, ""value"": 7.0, ""model_input"": 7.0}, {""feature"": ""name_token_overlap_max"", ""shap"": 0.1844751536846161, ""value"": 0.25, ""model_input"": 0.25}]}"
99,MAHLE AFTERMARKET FRANCE SAS,2bis Rue de Catalogne,69150,DECINES-CHARPIEU,95850100900129,0.999786913394928,COFFI,6 RUE DE CATALOGNE,DECINES-CHARPIEU,69150,69275,OUVERT,2025-01-28 02:44:54,1,"{""bias"": 1.1616770029067993, ""margin"": 8.453483581542969, ""prob_from_margin"": 0.9997868888538413, ""top"": [{""feature"": ""name_semantic_max"", ""shap"": 2.600473403930664, ""value"": 1.0, ""model_input"": 1.0}, {""feature"": ""name_token_overlap_max"", ""shap"": 1.4220503568649292, ""value"": 1.0, ""model_input"": 1.0}, {""feature"": ""token_overlap_ul"", ""shap"": 1.0844426155090332, ""value"": 1.0, ""model_input"": 1.0}, {""feature"": ""name_sim_max_pm_dirigeant"", ""shap"": 0.9299775958061218, ""value"": 0.5753968253968255, ""model_input"": 0.5753968253968255}, {""feature"": ""name_crm_contains_cand_max"", ""shap"": 0.6326930522918701, ""value"": 1.0, ""model_input"": 1.0}, {""feature"": ""street_number_diff"", ""shap"": -0.47934648394584656, ""value"": 4.0, ""model_input"": 4.0}, {""feature"": ""is_siege"", ""shap"": 0.41223010420799255, ""value"": 1.0, ""model_input"": 1.0}, {""feature"": ""name_sim_max_ul"", ""shap"": 0.3044520318508148, ""value"": 1.0, ""model_input"": 1.0}, {""feature"": ""addr_token_overlap"", ""shap"": 0.2715245187282562, ""value"": 0.6, ""model_input"": 0.6}, {""feature"": ""type_of_max_name"", ""shap"": 0.17158399522304535, ""value"": 7.0, ""model_input"": 7.0}]}"
99,MAHLE AFTERMARKET FRANCE SAS,2bis Rue de Catalogne,69150,DECINES-CHARPIEU,37920621200027,0.99775630235672,MAHLE FRANCE,6 RUE DE CATALOGNE,DECINES-CHARPIEU,69150,69275,OUVERT,2025-02-04 02:14:15,2,"{""bias"": 1.1616770029067993, ""margin"": 6.097396373748779, ""prob_from_margin"": 0.9977563304557597, ""top"": [{""feature"": ""name_semantic_max"", ""shap"": 2.711186408996582, ""value"": 0.8186371326446533, ""model_input"": 0.8186371326446533}, {""feature"": ""name_token_overlap_max"", ""shap"": 1.3238760232925415, ""value"": 0.6666666666666666, ""model_input"": 0.6666666666666666}, {""feature"": ""name_sim_max_pm_dirigeant"", ""shap"": 1.209737777709961, ""value"": 0.5753968253968255, ""model_input"": 0.5753968253968255}, {""feature"": ""token_overlap_ul"", ""shap"": 0.984266459941864, ""value"": 0.6666666666666666, ""model_input"": 0.6666666666666666}, {""feature"": ""street_number_diff"", ""shap"": -0.5774879455566406, ""value"": 4.0, ""model_input"": 4.0}, {""feature"": ""addr_token_overlap"", ""shap"": 0.38845357298851013, ""value"": 0.6, ""model_input"": 0.6}, {""feature"": ""name_addr_consistency"", ""shap"": -0.34952855110168457, ""value"": 0.6272927689594355, ""model_input"": 0.6272927689594355}, {""feature"": ""name_sim_max_etab"", ""shap"": -0.26458603143692017, ""value"": 0.5753968253968255, ""model_input"": 0.5753968253968255}, {""feature"": ""type_of_max_name"", ""shap"": 0.20333033800125122, ""value"": 7.0, ""model_input"": 7.0}, {""feature"": ""name_count"", ""shap"": 0.18463285267353058, ""value"": 2.0, ""model_input"": 2.0}]}"
99,MAHLE AFTERMARKET FRANCE SAS,2bis Rue de Catalogne,69150,DECINES-CHARPIEU,43032609000031,0.9446998834609985,B.C.O.,2 RUE DE CATALOGNE,DECINES-CHARPIEU,69150,69275,FERME,2024-03-30 02:23:11,3,"{""bias"": 1.1616770029067993, ""margin"": 2.838092803955078, ""prob_from_margin"": 0.9446999109644777, ""top"": [{""feature"": ""name_semantic_max"", ""shap"": -2.198164701461792, ""value"": 0.38084185123443604, ""model_input"": 0.38084185123443604}, {""feature"": ""street_number_diff"", ""shap"": 1.0700417757034302, ""value"": 0.0, ""model_input"": 0.0}, {""feature"": ""name_addr_consistency"", ""shap"": 0.9998362064361572, ""value"": 0.0, ""model_input"": 0.0}, {""feature"": ""name_sim_max_etab"", ""shap"": 0.8231884837150574, ""value"": 0.0, ""model_input"": 0.0}, {""feature"": ""name_jaro_max"", ""shap"": 0.6182259917259216, ""value"": 0.0, ""model_input"": 0.0}, {""feature"": ""addr_token_overlap"", ""shap"": 0.5872361660003662, ""value"": 0.6, ""model_input"": 0.6}, {""feature"": ""type_of_max_name"", ""shap"": 0.5590896606445312, ""value"": 7.0, ""model_input"": 7.0}, {""feature"": ""addr_levenshtein"", ""shap"": 0.5237858295440674, ""value"": 0.8571428571428572, ""model_input"": 0.8571428571428572}, {""feature"": ""name_sim_max_ul"", ""shap"": -0.41806018352508545, ""value"": 0.0, ""model_input"": 0.0}, {""feature"": ""name_token_overlap_max"", ""shap"": -0.31307685375213623, ""value"": 0.0, ""model_input"": 0.0}]}"
99,MAHLE AFTERMARKET FRANCE SAS,2bis Rue de Catalogne,69150,DECINES-CHARPIEU,49104276800029,0.8051408529281616,JMH IRIS FINANCE,2 RUE DE CATALOGNE,DECINES-CHARPIEU,69150,69275,OUVERT,2024-03-30 00:05:04,4,"{""bias"": 1.1616770029067993, ""margin"": 1.4187400341033936, ""prob_from_margin"": 0.8051408175125979, ""top"": [{""feature"": ""name_semantic_max"", ""shap"": -2.1501200199127197, ""value"": 0.4551731050014496, ""model_input"": 0.4551731050014496}, {""feature"": ""street_number_diff"", ""shap"": 1.3234227895736694, ""value"": 0.0, ""model_input"": 0.0}, {""feature"": ""name_sim_max_etab"", ""shap"": 0.8020084500312805, ""value"": 0.0, ""model_input"": 0.0}, {""feature"": ""type_of_max_name"", ""shap"": 0.7790566682815552, ""value"": 7.0, ""model_input"": 7.0}, {""feature"": ""addr_token_overlap"", ""shap"": 0.6510037779808044, ""value"": 0.6, ""model_input"": 0.6}, {""feature"": ""name_jaro_gap"", ""shap"": 0.451428085565567, ""value"": 0.5805555555555556, ""model_input"": 0.5805555555555556}, {""feature"": ""name_sim_max_pm_dirigeant"", ""shap"": -0.40811124444007874, ""value"": 0.0, ""model_input"": 0.0}, {""feature"": ""name_token_overlap_max"", ""shap"": -0.3965843915939331, ""value"": 0.0, ""model_input"": 0.0}, {""feature"": ""addr_levenshtein"", ""shap"": 0.3868510127067566, ""value"": 0.8571428571428572, ""model_input"": 0.8571428571428572}, {""feature"": ""name_addr_consistency"", ""shap"": -0.3593013286590576, ""value"": 0.5556746031746033, ""model_input"": 0.5556746031746033}]}"
99,MAHLE AFTERMARKET FRANCE SAS,2bis Rue de Catalogne,69150,DECINES-CHARPIEU,95230141400043,0.8007032871246338,UPTEL,2 RUE DE CATALOGNE,DECINES-CHARPIEU,69150,69275,OUVERT,2025-02-18 02:15:42,5,"{""bias"": 1.1616770029067993, ""margin"": 1.3906956911087036, ""prob_from_margin"": 0.8007032830486626, ""top"": [{""feature"": ""name_semantic_max"", ""shap"": -2.2275891304016113, ""value"": 0.4203563928604126, ""model_input"": 0.4203563928604126}, {""feature"": ""street_number_diff"", ""shap"": 1.414207100868225, ""value"": 0.0, ""model_input"": 0.0}, {""feature"": ""name_sim_max_etab"", ""shap"": 0.7230898141860962, ""value"": 0.0, ""model_input"": 0.0}, {""feature"": ""type_of_max_name"", ""shap"": 0.6931064128875732, ""value"": 7.0, ""model_input"": 7.0}, {""feature"": ""addr_token_overlap"", ""shap"": 0.5917417407035828, ""value"": 0.6, ""model_input"": 0.6}, {""feature"": ""addr_levenshtein"", ""shap"": 0.4978083670139313, ""value"": 0.8571428571428572, ""model_input"": 0.8571428571428572}, {""feature"": ""name_token_overlap_max"", ""shap"": -0.39390644431114197, ""value"": 0.0, ""model_input"": 0.0}, {""feature"": ""name_semantic_second"", ""shap"": -0.3709627389907837, ""value"": 0.0, ""model_input"": 0.0}, {""feature"": ""name_sim_max_pm_dirigeant"", ""shap"": -0.35474205017089844, ""value"": 0.0, ""model_input"": 0.0}, {""feature"": ""token_overlap_ul"", ""shap"": -0.27285701036453247, ""value"": 0.0, ""model_input"": 0.0}]}"
113,MAHLE BEHR FRANCE ROUFFACH S.A.S Site Décines - Aftermarket,6 Rue de Catalogne,69150,DECINES-CHARPIEU,95850100900129,0.997771143913269,COFFI,6 RUE DE CATALOGNE,DECINES-CHARPIEU,69150,69275,OUVERT,2025-01-28 02:44:54,1,"{""bias"": 1.1616770029067993, ""margin"": 6.104027271270752, ""prob_from_margin"": 0.9977711257312197, ""top"": [{""feature"": ""name_semantic_max"", ""shap"": 1.7293412685394287, ""value"": 0.723681628704071, ""model_input"": 0.723681628704071}, {""feature"": ""name_sim_max_pm_dirigeant"", ""shap"": 0.9628602862358093, ""value"": 0.565968492660222, ""model_input"": 0.565968492660222}, {""feature"": ""addr_token_overlap"", ""shap"": 0.8111885786056519, ""value"": 1.0, ""model_input"": 1.0}, {""feature"": ""name_token_overlap_max"", ""shap"": 0.8062822222709656, ""value"": 0.42857142857142855, ""model_input"": 0.42857142857142855}, {""feature"": ""street_number_diff"", ""shap"": 0.6148654222488403, ""value"": 0.0, ""model_input"": 0.0}, {""feature"": ""token_overlap_ul"", ""shap"": 0.3514529764652252, ""value"": 0.42857142857142855, ""model_input"": 0.42857142857142855}, {""feature"": ""addr_jaro"", ""shap"": 0.23527845740318298, ""value"": 1.0, ""model_input"": 1.0}, {""feature"": ""name_addr_consistency"", ""shap"": -0.21696773171424866, ""value"": 0.6726190476190476, ""model_input"": 0.6726190476190476}, {""feature"": ""type_of_max_name"", ""shap"": 0.2125881314277649, ""value"": 7.0, ""model_input"": 7.0}, {""feature"": ""name_sim_max_etab"", ""shap"": -0.18253764510154724, ""value"": 0.565968492660222, ""model_input"": 0.565968492660222}]}"
113,MAHLE BEHR FRANCE ROUFFACH S.A.S Site Décines - Aftermarket,6 Rue de Catalogne,69150,DECINES-CHARPIEU,37920621200027,0.9948208332061768,MAHLE FRANCE,6 RUE DE CATALOGNE,DECINES-CHARPIEU,69150,69275,OUVERT,2025-02-04 02:14:15,2,"{""bias"": 1.1616770029067993, ""margin"": 5.2579240798950195, ""prob_from_margin"": 0.9948208621560823, ""top"": [{""feature"": ""name_semantic_max"", ""shap"": 1.2016844749450684, ""value"": 0.6769633293151855, ""model_input"": 0.6769633293151855}, {""feature"": ""addr_token_overlap"", ""shap"": 1.028228998184204, ""value"": 1.0, ""model_input"": 1.0}, {""feature"": ""name_sim_max_pm_dirigeant"", ""shap"": 0.9542163610458374, ""value"": 0.565968492660222, ""model_input"": 0.565968492660222}, {""feature"": ""street_number_diff"", ""shap"": 0.6212331652641296, ""value"": 0.0, ""model_input"": 0.0}, {""feature"": ""name_token_overlap_max"", ""shap"": 0.5367928743362427, ""value"": 0.2857142857142857, ""model_input"": 0.2857142857142857}, {""feature"": ""token_overlap_ul"", ""shap"": 0.3935442864894867, ""value"": 0.2857142857142857, ""model_input"": 0.2857142857142857}, {""feature"": ""addr_jaro"", ""shap"": 0.36527448892593384, ""value"": 1.0, ""model_input"": 1.0}, {""feature"": ""addr_levenshtein"", ""shap"": 0.250203400850296, ""value"": 1.0, ""model_input"": 1.0}, {""feature"": ""type_of_max_name"", ""shap"": 0.23367585241794586, ""value"": 7.0, ""model_input"": 7.0}, {""feature"": ""name_count"", ""shap"": 0.22197023034095764, ""value"": 2.0, ""model_input"": 2.0}]}"
113,MAHLE BEHR FRANCE ROUFFACH S.A.S Site Décines - Aftermarket,6 Rue de Catalogne,69150,DECINES-CHARPIEU,30755928600025,0.9780009984970093,DAUDET,6 RUE DE CATALOGNE,DECINES-CHARPIEU,69150,69275,FERME,2025-01-26 02:44:05,3,"{""bias"": 1.1616770029067993, ""margin"": 3.7945151329040527, ""prob_from_margin"": 0.978001030941939, ""top"": [{""feature"": ""name_semantic_max"", ""shap"": 1.3690155744552612, ""value"": 0.723681628704071, ""model_input"": 0.723681628704071}, {""feature"": ""addr_token_overlap"", ""shap"": 0.9393207430839539, ""value"": 1.0, ""model_input"": 1.0}, {""feature"": ""name_semantic_second"", ""shap"": 0.7749660015106201, ""value"": 0.6769633293151855, ""model_input"": 0.6769633293151855}, {""feature"": ""street_number_diff"", ""shap"": 0.730488657951355, ""value"": 0.0, ""model_input"": 0.0}, {""feature"": ""name_sim_max_ul"", ""shap"": -0.7238451838493347, ""value"": 0.409297052154195, ""model_input"": 0.409297052154195}, {""feature"": ""name_token_overlap_max"", ""shap"": 0.6109371781349182, ""value"": 0.42857142857142855, ""model_input"": 0.42857142857142855}, {""feature"": ""name_sim_max_etab"", ""shap"": -0.5922014117240906, ""value"": 0.6927437641723356, ""model_input"": 0.6927437641723356}, {""feature"": ""token_overlap_ul"", ""shap"": -0.4980391561985016, ""value"": 0.0, ""model_input"": 0.0}, {""feature"": ""name_sim_max_pm_dirigeant"", ""shap"": 0.47837209701538086, ""value"": 0.6927437641723356, ""model_input"": 0.6927437641723356}, {""feature"": ""addr_levenshtein"", ""shap"": 0.2964741289615631, ""value"": 1.0, ""model_input"": 1.0}]}"
113,MAHLE BEHR FRANCE ROUFFACH S.A.S Site Décines - Aftermarket,6 Rue de Catalogne,69150,DECINES-CHARPIEU,89784621800013,0.5621641278266907,GRAND LARGE ASSURANCE & PRET,6 ALLEE HORIZON,DECINES-CHARPIEU,69150,69275,OUVERT,2025-01-27 02:47:59,4,"{""bias"": 1.1616770029067993, ""margin"": 0.24994933605194092, ""prob_from_margin"": 0.562164030722135, ""top"": [{""feature"": ""name_semantic_max"", ""shap"": -2.0485355854034424, ""value"": 0.47332412004470825, ""model_input"": 0.47332412004470825}, {""feature"": ""name_sim_max_etab"", ""shap"": 0.9110458493232727, ""value"": 0.0, ""model_input"": 0.0}, {""feature"": ""type_of_max_name"", ""shap"": 0.8424544930458069, ""value"": 7.0, ""model_input"": 7.0}, {""feature"": ""street_number_diff"", ""shap"": 0.7753286361694336, ""value"": 0.0, ""model_input"": 0.0}, {""feature"": ""addr_levenshtein"", ""shap"": -0.49442002177238464, ""value"": 0.33333333333333337, ""model_input"": 0.33333333333333337}, {""feature"": ""name_token_overlap_max"", ""shap"": -0.42124220728874207, ""value"": 0.0, ""model_input"": 0.0}, {""feature"": ""name_semantic_second"", ""shap"": -0.41705456376075745, ""value"": 0.0, ""model_input"": 0.0}, {""feature"": ""name_sim_max_pm_dirigeant"", ""shap"": -0.37108105421066284, ""value"": 0.0, ""model_input"": 0.0}, {""feature"": ""name_length_max"", ""shap"": 0.3662457764148712, ""value"": 28.0, ""model_input"": 28.0}, {""feature"": ""token_overlap_ul"", ""shap"": -0.3615243434906006, ""value"": 0.0, ""model_input"": 0.0}]}"
113,MAHLE BEHR FRANCE ROUFFACH S.A.S Site Décines - Aftermarket,6 Rue de Catalogne,69150,DECINES-CHARPIEU,42952680900026,0.47250062227249146,S.C.I 3 AMT,6 RUE DE LOMBARDIE,DECINES-CHARPIEU,69150,69275,OUVERT,2024-03-30 17:27:04,5,"{""bias"": 1.1616770029067993, ""margin"": -0.11010825634002686, ""prob_from_margin"": 0.47250071335471017, ""top"": [{""feature"": ""name_semantic_max"", ""shap"": -2.108301877975464, ""value"": 0.46843209862709045, ""model_input"": 0.46843209862709045}, {""feature"": ""type_of_max_name"", ""shap"": 0.6976036429405212, ""value"": 7.0, ""model_input"": 7.0}, {""feature"": ""name_addr_consistency"", ""shap"": 0.6713093519210815, ""value"": 0.3367610167610168, ""model_input"": 0.3367610167610168}, {""feature"": ""name_sim_max_etab"", ""shap"": 0.6611589789390564, ""value"": 0.0, ""model_input"": 0.0}, {""feature"": ""addr_token_overlap"", ""shap"": 0.5881814360618591, ""value"": 0.6, ""model_input"": 0.6}, {""feature"": ""street_number_diff"", ""shap"": 0.5479800701141357, ""value"": 0.0, ""model_input"": 0.0}, {""feature"": ""addr_levenshtein"", ""shap"": -0.5090534090995789, ""value"": 0.5555555555555556, ""model_input"": 0.5555555555555556}, {""feature"": ""name_token_overlap_max"", ""shap"": -0.40525421500205994, ""value"": 0.0, ""model_input"": 0.0}, {""feature"": ""name_length_max"", ""shap"": -0.3899109363555908, ""value"": 11.0, ""model_input"": 11.0}, {""feature"": ""name_sim_max_ul"", ""shap"": -0.37857866287231445, ""value"": 0.3855287569573284, ""model_input"": 0.3855287569573284}]}"
81,MAIRIE DE CORBAS,1 place Charles Jocteur,69960,CORBAS,21690273400013,0.9996030926704407,MAIRIE,PL CHARLES JOCTEUR,CORBAS,69960,69273,OUVERT,2024-03-30 03:33:42,1,"{""bias"": 1.1616770029067993, ""margin"": 7.831360340118408, ""prob_from_margin"": 0.9996030726717274, ""top"": [{""feature"": ""name_semantic_max"", ""shap"": 2.806817054748535, ""value"": 0.9480947256088257, ""model_input"": 0.9480947256088257}, {""feature"": ""name_token_overlap_max"", ""shap"": 1.157399296760559, ""value"": 0.5, ""model_input"": 0.5}, {""feature"": ""name_city_overlap_max"", ""shap"": 0.6861445307731628, ""value"": 0.3333333333333333, ""model_input"": 0.3333333333333333}, {""feature"": ""name_semantic_second"", ""shap"": 0.6800917983055115, ""value"": 0.7202868461608887, ""model_input"": 0.7202868461608887}, {""feature"": ""name_crm_contains_cand_max"", ""shap"": 0.6763043999671936, ""value"": 1.0, ""model_input"": 1.0}, {""feature"": ""is_siege"", ""shap"": 0.42776671051979065, ""value"": 1.0, ""model_input"": 1.0}, {""feature"": ""name_sim_max_etab"", ""shap"": -0.41614770889282227, ""value"": 0.9333333333333333, ""model_input"": 0.9333333333333333}, {""feature"": ""name_length_max"", ""shap"": 0.34288251399993896, ""value"": 6.0, ""model_input"": 6.0}, {""feature"": ""token_overlap_ul"", ""shap"": -0.21115843951702118, ""value"": 0.0, ""model_input"": 0.0}, {""feature"": ""name_addr_consistency"", ""shap"": 0.20390044152736664, ""value"": 0.7274288781535158, ""model_input"": 0.7274288781535158}]}"
81,MAIRIE DE CORBAS,1 place Charles Jocteur,69960,CORBAS,21690273400088,0.9437963366508484,MAISON DE SANTE,PL CHARLES JOCTEUR,CORBAS,69960,69273,OUVERT,2024-03-30 03:35:58,2,"{""bias"": 1.1616770029067993, ""margin"": 2.8209290504455566, ""prob_from_margin"": 0.9437963680307442, ""top"": [{""feature"": ""name_semantic_max"", ""shap"": 1.9343715906143188, ""value"": 0.7202868461608887, ""model_input"": 0.7202868461608887}, {""feature"": ""name_semantic_second"", ""shap"": 0.7659839987754822, ""value"": 0.5950608253479004, ""model_input"": 0.5950608253479004}, {""feature"": ""name_sim_max_etab"", ""shap"": -0.561769962310791, ""value"": 0.7903703703703704, ""model_input"": 0.7903703703703704}, {""feature"": ""name_city_overlap_max"", ""shap"": 0.5312003493309021, ""value"": 0.3333333333333333, ""model_input"": 0.3333333333333333}, {""feature"": ""addr_token_overlap"", ""shap"": 0.394474059343338, ""value"": 0.4, ""model_input"": 0.4}, {""feature"": ""street_number_diff"", ""shap"": 0.2972909212112427, ""value"": 9999.0, ""model_input"": 9999.0}, {""feature"": ""name_token_overlap_max"", ""shap"": 0.29685109853744507, ""value"": 0.25, ""model_input"": 0.25}, {""feature"": ""addr_jaro"", ""shap"": -0.295308381319046, ""value"": 0.7793880837359097, ""model_input"": 0.7793880837359097}, {""feature"": ""is_siege"", ""shap"": -0.28924375772476196, ""value"": 0.0, ""model_input"": 0.0}, {""feature"": ""name_addr_consistency"", ""shap"": -0.2820151150226593, ""value"": 0.6160052484046042, ""model_input"": 0.6160052484046042}]}"
81,MAIRIE DE CORBAS,1 place Charles Jocteur,69960,CORBAS,74984783600014,0.8863664865493774,OFFICE MUNICIPALE DES SPORTS DE CORBAS,PL CHARLES JOCTEUR,CORBAS,69960,69273,FERME,2024-03-30 10:55:50,3,"{""bias"": 1.1616770029067993, ""margin"": 2.0541529655456543, ""prob_from_margin"": 0.8863665806541284, ""top"": [{""feature"": ""name_semantic_max"", ""shap"": -1.0779985189437866, ""value"": 0.5311302542686462, ""model_input"": 0.5311302542686462}, {""feature"": ""name_sim_max_etab"", ""shap"": 0.7355631589889526, ""value"": 0.0, ""model_input"": 0.0}, {""feature"": ""type_of_max_name"", ""shap"": 0.6213434934616089, ""value"": 7.0, ""model_input"": 7.0}, {""feature"": ""name_semantic_second"", ""shap"": -0.5015186071395874, ""value"": 0.0, ""model_input"": 0.0}, {""feature"": ""token_overlap_ul"", ""shap"": -0.37126749753952026, ""value"": 0.0, ""model_input"": 0.0}, {""feature"": ""name_city_overlap_max"", ""shap"": 0.3708176910877228, ""value"": 0.16666666666666666, ""model_input"": 0.16666666666666666}, {""feature"": ""addr_token_overlap"", ""shap"": 0.3424740433692932, ""value"": 0.4, ""model_input"": 0.4}, {""feature"": ""addr_levenshtein"", ""shap"": 0.33462002873420715, ""value"": 0.782608695652174, ""model_input"": 0.782608695652174}, {""feature"": ""name_sim_max_pm_dirigeant"", ""shap"": -0.3288401961326599, ""value"": 0.0, ""model_input"": 0.0}, {""feature"": ""name_count"", ""shap"": 0.31405118107795715, ""value"": 1.0, ""model_input"": 1.0}]}"
81,MAIRIE DE CORBAS,1 place Charles Jocteur,69960,CORBAS,52837424200014,0.839276909828186,SCC,PL CHARLES JOCTEUR,CORBAS,69960,69273,OUVERT,2024-03-30 11:45:57,4,"{""bias"": 1.1616770029067993, ""margin"": 1.6528578996658325, ""prob_from_margin"": 0.8392769297320847, ""top"": [{""feature"": ""name_semantic_max"", ""shap"": -1.4504737854003906, ""value"": 0.49444833397865295, ""model_input"": 0.49444833397865295}, {""feature"": ""name_city_overlap_max"", ""shap"": 0.6346501111984253, ""value"": 0.25, ""model_input"": 0.25}, {""feature"": ""type_of_max_name"", ""shap"": 0.5808520913124084, ""value"": 7.0, ""model_input"": 7.0}, {""feature"": ""name_sim_max_etab"", ""shap"": 0.5509378910064697, ""value"": 0.0, ""model_input"": 0.0}, {""feature"": ""name_semantic_second"", ""shap"": -0.40953490138053894, ""value"": 0.3906342387199402, ""model_input"": 0.3906342387199402}, {""feature"": ""token_overlap_ul"", ""shap"": -0.4028783142566681, ""value"": 0.0, ""model_input"": 0.0}, {""feature"": ""name_sim_max_pm_dirigeant"", ""shap"": -0.3827775716781616, ""value"": 0.0, ""model_input"": 0.0}, {""feature"": ""is_siege"", ""shap"": 0.3014528453350067, ""value"": 1.0, ""model_input"": 1.0}, {""feature"": ""name_jaro_max"", ""shap"": 0.2941620647907257, ""value"": 0.46164021164021163, ""model_input"": 0.46164021164021163}, {""feature"": ""name_count"", ""shap"": 0.27865657210350037, ""value"": 2.0, ""model_input"": 2.0}]}"
81,MAIRIE DE CORBAS,1 place Charles Jocteur,69960,CORBAS,39515897500023,0.8048253059387207,TREIZE QUARANTE 13 40,1 RUE CENTRALE,CORBAS,69960,69273,FERME,2024-03-30 05:42:25,5,"{""bias"": 1.1616770029067993, ""margin"": 1.4167308807373047, ""prob_from_margin"": 0.8048254100241731, ""top"": [{""feature"": ""name_semantic_max"", ""shap"": -1.3789668083190918, ""value"": 0.49668431282043457, ""model_input"": 0.49668431282043457}, {""feature"": ""type_of_max_name"", ""shap"": 0.8588789105415344, ""value"": 7.0, ""model_input"": 7.0}, {""feature"": ""street_number_diff"", ""shap"": 0.6590669751167297, ""value"": 0.0, ""model_input"": 0.0}, {""feature"": ""name_sim_max_pm_dirigeant"", ""shap"": 0.6480473875999451, ""value"": 0.4688888888888889, ""model_input"": 0.4688888888888889}, {""feature"": ""name_addr_consistency"", ""shap"": 0.5505664348602295, ""value"": 0.3418598884437394, ""model_input"": 0.3418598884437394}, {""feature"": ""addr_levenshtein"", ""shap"": -0.5002276301383972, ""value"": 0.30434782608695654, ""model_input"": 0.30434782608695654}, {""feature"": ""name_token_overlap_max"", ""shap"": -0.44585543870925903, ""value"": 0.0, ""model_input"": 0.0}, {""feature"": ""name_count"", ""shap"": 0.3416100740432739, ""value"": 2.0, ""model_input"": 2.0}, {""feature"": ""addr_jaro"", ""shap"": -0.33362841606140137, ""value"": 0.6334462638810465, ""model_input"": 0.6334462638810465}, {""feature"": ""token_overlap_ul"", ""shap"": -0.3281427025794983, ""value"": 0.0, ""model_input"": 0.0}]}"
47,MASE RHONE ALPES,4 Avenue du 24 Août 1944,69960,CORBAS,48239538100023,0.9997935891151428,ASSOCIATION,4 AVENUE DU 24 AOUT 1944,CORBAS,69960,69273,OUVERT,2024-03-30 11:03:19,1,"{""bias"": 1.1616770029067993, ""margin"": 8.485434532165527, ""prob_from_margin"": 0.9997935889449548, ""top"": [{""feature"": ""name_semantic_max"", ""shap"": 2.2979178428649902, ""value"": 1.0, ""model_input"": 1.0}, {""feature"": ""name_token_overlap_max"", ""shap"": 0.8673478364944458, ""value"": 1.0, ""model_input"": 1.0}, {""feature"": ""name_sim_max_etab"", ""shap"": 0.8518956899642944, ""value"": 0.0, ""model_input"": 0.0}, {""feature"": ""token_overlap_ul"", ""shap"": 0.8203868269920349, ""value"": 1.0, ""model_input"": 1.0}, {""feature"": ""name_crm_contains_cand_max"", ""shap"": 0.6554898023605347, ""value"": 1.0, ""model_input"": 1.0}, {""feature"": ""street_number_diff"", ""shap"": 0.5483654141426086, ""value"": 0.0, ""model_input"": 0.0}, {""feature"": ""is_siege"", ""shap"": 0.46332091093063354, ""value"": 1.0, ""model_input"": 1.0}, {""feature"": ""addr_token_overlap"", ""shap"": 0.44147056341171265, ""value"": 1.0, ""model_input"": 1.0}, {""feature"": ""name_semantic_second"", ""shap"": -0.41109219193458557, ""value"": 0.4018467366695404, ""model_input"": 0.4018467366695404}, {""feature"": ""name_sim_max_pm_dirigeant"", ""shap"": -0.3872879147529602, ""value"": 0.0, ""model_input"": 0.0}]}"
47,MASE RHONE ALPES,4 Avenue du 24 Août 1944,69960,CORBAS,50949159300034,0.9990547299385071,MASE,4 AVENUE DU 24 AOUT 1944,CORBAS,69960,69273,OUVERT,2024-03-30 05:40:08,2,"{""bias"": 1.1616770029067993, ""margin"": 6.9631028175354, ""prob_from_margin"": 0.9990547381004409, ""top"": [{""feature"": ""name_semantic_max"", ""shap"": 2.379077196121216, ""value"": 0.7970954179763794, ""model_input"": 0.7970954179763794}, {""feature"": ""name_sim_max_etab"", ""shap"": 0.9209045767784119, ""value"": 0.0, ""model_input"": 0.0}, {""feature"": ""name_crm_contains_cand_max"", ""shap"": 0.629265546798706, ""value"": 1.0, ""model_input"": 1.0}, {""feature"": ""street_number_diff"", ""shap"": 0.6267634034156799, ""value"": 0.0, ""model_input"": 0.0}, {""feature"": ""addr_token_overlap"", ""shap"": 0.6039962768554688, ""value"": 1.0, ""model_input"": 1.0}, {""feature"": ""name_token_overlap_max"", ""shap"": 0.5825738906860352, ""value"": 0.3333333333333333, ""model_input"": 0.3333333333333333}, {""feature"": ""name_levenshtein_max"", ""shap"": -0.4292241632938385, ""value"": 0.25, ""model_input"": 0.25}, {""feature"": ""token_overlap_ul"", ""shap"": 0.3496786653995514, ""value"": 0.3333333333333333, ""model_input"": 0.3333333333333333}, {""feature"": ""name_length_max"", ""shap"": -0.3470546007156372, ""value"": 4.0, ""model_input"": 4.0}, {""feature"": ""name_sim_max_pm_dirigeant"", ""shap"": -0.3432849049568176, ""value"": 0.0, ""model_input"": 0.0}]}"
47,MASE RHONE ALPES,4 Avenue du 24 Août 1944,69960,CORBAS,49166880200011,0.9976818561553955,G.E.I.Q TRANSPORT AVENIR EMPLOI RHONE ALPES,4 AVENUE DU 24 AOUT 1944,CORBAS,69960,69273,FERME,2024-03-30 17:15:15,3,"{""bias"": 1.1616770029067993, ""margin"": 6.064668655395508, ""prob_from_margin"": 0.9976818584907974, ""top"": [{""feature"": ""addr_token_overlap"", ""shap"": 1.122800588607788, ""value"": 1.0, ""model_input"": 1.0}, {""feature"": ""name_sim_max_etab"", ""shap"": 1.0428762435913086, ""value"": 0.0, ""model_input"": 0.0}, {""feature"": ""token_overlap_ul"", ""shap"": 0.7861924171447754, ""value"": 0.6666666666666666, ""model_input"": 0.6666666666666666}, {""feature"": ""street_number_diff"", ""shap"": 0.7713618278503418, ""value"": 0.0, ""model_input"": 0.0}, {""feature"": ""name_token_overlap_max"", ""shap"": 0.46729138493537903, ""value"": 0.2857142857142857, ""model_input"": 0.2857142857142857}, {""feature"": ""name_sim_max_pm_dirigeant"", ""shap"": -0.4187144339084625, ""value"": 0.0, ""model_input"": 0.0}, {""feature"": ""type_of_max_name"", ""shap"": 0.4092584252357483, ""value"": 7.0, ""model_input"": 7.0}, {""feature"": ""addr_levenshtein"", ""shap"": 0.3693150281906128, ""value"": 1.0, ""model_input"": 1.0}, {""feature"": ""addr_jaro"", ""shap"": 0.3564762771129608, ""value"": 1.0, ""model_input"": 1.0}, {""feature"": ""name_jaro_gap"", ""shap"": 0.3564580976963043, ""value"": 0.5767367322599881, ""model_input"": 0.5767367322599881}]}"
47,MASE RHONE ALPES,4 Avenue du 24 Août 1944,69960,CORBAS,51266292500019,0.9962291121482849,POLE ALIMENTS RHONE ALPES,4 AV DU 24 AOUT 1944,CORBAS,69960,69273,FERME,2025-02-02 02:46:56,4,"{""bias"": 1.1616770029067993, ""margin"": 5.576664447784424, ""prob_from_margin"": 0.9962291033672227, ""top"": [{""feature"": ""name_sim_max_etab"", ""shap"": 0.8951508402824402, ""value"": 0.0, ""model_input"": 0.0}, {""feature"": ""name_token_overlap_max"", ""shap"": 0.8437551259994507, ""value"": 0.4, ""model_input"": 0.4}, {""feature"": ""token_overlap_ul"", ""shap"": 0.7869498133659363, ""value"": 0.6666666666666666, ""model_input"": 0.6666666666666666}, {""feature"": ""street_number_diff"", ""shap"": 0.7573115229606628, ""value"": 0.0, ""model_input"": 0.0}, {""feature"": ""name_semantic_max"", ""shap"": 0.6636346578598022, ""value"": 0.6108486652374268, ""model_input"": 0.6108486652374268}, {""feature"": ""addr_token_overlap"", ""shap"": 0.5923781991004944, ""value"": 0.7142857142857143, ""model_input"": 0.7142857142857143}, {""feature"": ""type_of_max_name"", ""shap"": 0.47866731882095337, ""value"": 7.0, ""model_input"": 7.0}, {""feature"": ""name_sim_max_pm_dirigeant"", ""shap"": -0.41355371475219727, ""value"": 0.0, ""model_input"": 0.0}, {""feature"": ""name_semantic_second"", ""shap"": -0.28465986251831055, ""value"": 0.0, ""model_input"": 0.0}, {""feature"": ""addr_levenshtein"", ""shap"": 0.2467958778142929, ""value"": 0.8333333333333334, ""model_input"": 0.8333333333333334}]}"
47,MASE RHONE ALPES,4 Avenue du 24 Août 1944,69960,CORBAS,41101042400066,0.9922375082969666,ALTRAD PLETTAC MEFRAN,4 AVENUE DU 24 AOUT 1944,CORBAS,69960,69273,FERME,2024-03-30 18:47:48,5,"{""bias"": 1.1616770029067993, ""margin"": 4.850656509399414, ""prob_from_margin"": 0.9922374881593846, ""top"": [{""feature"": ""street_number_diff"", ""shap"": 1.2335036993026733, ""value"": 0.0, ""model_input"": 0.0}, {""feature"": ""addr_token_overlap"", ""shap"": 1.2265337705612183, ""value"": 1.0, ""model_input"": 1.0}, {""feature"": ""addr_jaro"", ""shap"": 0.6911067366600037, ""value"": 1.0, ""model_input"": 1.0}, {""feature"": ""name_sim_max_pm_dirigeant"", ""shap"": 0.5979380011558533, ""value"": 0.43452380952380953, ""model_input"": 0.43452380952380953}, {""feature"": ""name_semantic_max"", ""shap"": -0.5365059971809387, ""value"": 0.5473774671554565, ""model_input"": 0.5473774671554565}, {""feature"": ""type_of_max_name"", ""shap"": 0.4500601887702942, ""value"": 7.0, ""model_input"": 7.0}, {""feature"": ""name_sim_max_etab"", ""shap"": 0.4365069270133972, ""value"": 0.43452380952380953, ""model_input"": 0.43452380952380953}, {""feature"": ""addr_levenshtein"", ""shap"": 0.4347671568393707, ""value"": 1.0, ""model_input"": 1.0}, {""feature"": ""name_addr_consistency"", ""shap"": -0.34555017948150635, ""value"": 0.515542328042328, ""model_input"": 0.515542328042328}, {""feature"": ""name_token_overlap_max"", ""shap"": -0.3242749273777008, ""value"": 0.0, ""model_input"": 0.0}]}"
86,MAUFFREY,11 avenue du 24-août-1944,69960,CORBAS,95750241200076,0.9993488192558289,MAUFFREY RHONE ALPES,11 AVENUE DU 24 AOUT 1944,CORBAS,69960,69273,OUVERT,2025-02-15 02:14:27,1,"{""bias"": 1.1616770029067993, ""margin"": 7.335996150970459, ""prob_from_margin"": 0.9993487699463552, ""top"": [{""feature"": ""name_semantic_max"", ""shap"": 2.2452855110168457, ""value"": 0.892839252948761, ""model_input"": 0.892839252948761}, {""feature"": ""name_token_overlap_max"", ""shap"": 0.7717678546905518, ""value"": 0.5, ""model_input"": 0.5}, {""feature"": ""token_overlap_ul"", ""shap"": 0.6651496887207031, ""value"": 1.0, ""model_input"": 1.0}, {""feature"": ""addr_token_overlap"", ""shap"": 0.6204045414924622, ""value"": 1.0, ""model_input"": 1.0}, {""feature"": ""name_sim_max_etab"", ""shap"": 0.6042788028717041, ""value"": 0.40350877192982454, ""model_input"": 0.40350877192982454}, {""feature"": ""street_number_diff"", ""shap"": 0.592223048210144, ""value"": 0.0, ""model_input"": 0.0}, {""feature"": ""name_semantic_second"", ""shap"": 0.42428457736968994, ""value"": 0.7757675647735596, ""model_input"": 0.7757675647735596}, {""feature"": ""addr_jaro"", ""shap"": 0.2397998422384262, ""value"": 1.0, ""model_input"": 1.0}, {""feature"": ""name_sim_max_pm_dirigeant"", ""shap"": 0.2117031216621399, ""value"": 0.40350877192982454, ""model_input"": 0.40350877192982454}, {""feature"": ""addr_levenshtein"", ""shap"": 0.2110648900270462, ""value"": 1.0, ""model_input"": 1.0}]}"
86,MAUFFREY,11 avenue du 24-août-1944,69960,CORBAS,33483660800052,0.9993422627449036,MAUFFREY IMMOBILIER,11 AVENUE DU 24 AOUT 1944,CORBAS,69960,69273,FERME,2024-03-30 00:01:13,2,"{""bias"": 1.1616770029067993, ""margin"": 7.326035499572754, ""prob_from_margin"": 0.9993422551454216, ""top"": [{""feature"": ""name_semantic_max"", ""shap"": 2.2354559898376465, ""value"": 0.892839252948761, ""model_input"": 0.892839252948761}, {""feature"": ""name_token_overlap_max"", ""shap"": 0.7326568365097046, ""value"": 0.5, ""model_input"": 0.5}, {""feature"": ""token_overlap_ul"", ""shap"": 0.6346376538276672, ""value"": 1.0, ""model_input"": 1.0}, {""feature"": ""addr_token_overlap"", ""shap"": 0.6073139905929565, ""value"": 1.0, ""model_input"": 1.0}, {""feature"": ""name_sim_max_etab"", ""shap"": 0.5874466896057129, ""value"": 0.40350877192982454, ""model_input"": 0.40350877192982454}, {""feature"": ""street_number_diff"", ""shap"": 0.5815154910087585, ""value"": 0.0, ""model_input"": 0.0}, {""feature"": ""name_semantic_second"", ""shap"": 0.47160646319389343, ""value"": 0.8275979161262512, ""model_input"": 0.8275979161262512}, {""feature"": ""addr_jaro"", ""shap"": 0.26422688364982605, ""value"": 1.0, ""model_input"": 1.0}, {""feature"": ""addr_levenshtein"", ""shap"": 0.23927637934684753, ""value"": 1.0, ""model_input"": 1.0}, {""feature"": ""name_addr_consistency"", ""shap"": 0.2233278453350067, ""value"": 0.8842105263157894, ""model_input"": 0.8842105263157894}]}"
86,MAUFFREY,11 avenue du 24-août-1944,69960,CORBAS,38805204500050,0.9976746439933777,HINTERALSPACH,11 AVENUE DU 24 AOUT 1944,CORBAS,69960,69273,FERME,2024-03-29 23:57:45,3,"{""bias"": 1.1616770029067993, ""margin"": 6.061570167541504, ""prob_from_margin"": 0.9976746813462253, ""top"": [{""feature"": ""name_semantic_max"", ""shap"": 2.1902945041656494, ""value"": 0.892839252948761, ""model_input"": 0.892839252948761}, {""feature"": ""name_token_overlap_max"", ""shap"": 0.8543512225151062, ""value"": 0.5, ""model_input"": 0.5}, {""feature"": ""street_number_diff"", ""shap"": 0.6255027055740356, ""value"": 0.0, ""model_input"": 0.0}, {""feature"": ""addr_token_overlap"", ""shap"": 0.5974169373512268, ""value"": 1.0, ""model_input"": 1.0}, {""feature"": ""name_addr_consistency"", ""shap"": -0.504217803478241, ""value"": 0.42414529914529914, ""model_input"": 0.42414529914529914}, {""feature"": ""name_sim_max_etab"", ""shap"": 0.4723122715950012, ""value"": 0.40350877192982454, ""model_input"": 0.40350877192982454}, {""feature"": ""addr_jaro"", ""shap"": 0.36469778418540955, ""value"": 1.0, ""model_input"": 1.0}, {""feature"": ""name_levenshtein_max"", ""shap"": 0.3510093688964844, ""value"": 0.07692307692307687, ""model_input"": 0.07692307692307687}, {""feature"": ""token_overlap_ul"", ""shap"": -0.31898051500320435, ""value"": 0.0, ""model_input"": 0.0}, {""feature"": ""addr_levenshtein"", ""shap"": 0.2901373505592346, ""value"": 1.0, ""model_input"": 1.0}]}"
86,MAUFFREY,11 avenue du 24-août-1944,69960,CORBAS,95750241200068,0.997651994228363,MAUFFREY RHONE ALPES,6 AVENUE DU 24 AOUT 1944,CORBAS,69960,69273,FERME,2024-03-30 13:13:01,4,"{""bias"": 1.1616770029067993, ""margin"": 6.0518364906311035, ""prob_from_margin"": 0.9976519903360255, ""top"": [{""feature"": ""name_semantic_max"", ""shap"": 2.6789729595184326, ""value"": 0.892839252948761, ""model_input"": 0.892839252948761}, {""feature"": ""name_token_overlap_max"", ""shap"": 1.0534522533416748, ""value"": 0.5, ""model_input"": 0.5}, {""feature"": ""token_overlap_ul"", ""shap"": 0.8106433153152466, ""value"": 1.0, ""model_input"": 1.0}, {""feature"": ""street_number_diff"", ""shap"": -0.7235128879547119, ""value"": 5.0, ""model_input"": 5.0}, {""feature"": ""name_sim_max_etab"", ""shap"": 0.5616517066955566, ""value"": 0.40350877192982454, ""model_input"": 0.40350877192982454}, {""feature"": ""name_semantic_second"", ""shap"": 0.3768872618675232, ""value"": 0.7757675647735596, ""model_input"": 0.7757675647735596}, {""feature"": ""addr_token_overlap"", ""shap"": 0.24921733140945435, ""value"": 0.7142857142857143, ""model_input"": 0.7142857142857143}, {""feature"": ""name_addr_consistency"", ""shap"": 0.21227115392684937, ""value"": 0.8443111111111111, ""model_input"": 0.8443111111111111}, {""feature"": ""is_siege"", ""shap"": -0.20949383080005646, ""value"": 0.0, ""model_input"": 0.0}, {""feature"": ""name_sim_max_pm_dirigeant"", ""shap"": 0.19465018808841705, ""value"": 0.40350877192982454, ""model_input"": 0.40350877192982454}]}"
86,MAUFFREY,11 avenue du 24-août-1944,69960,CORBAS,95750241200043,0.9976149797439575,MAUFFREY RHONE ALPES,24 AVENUE DU 24 AOUT 1944,CORBAS,69960,69273,FERME,2024-03-30 12:37:05,5,"{""bias"": 1.1616770029067993, ""margin"": 6.036130905151367, ""prob_from_margin"": 0.9976149110100664, ""top"": [{""feature"": ""name_semantic_max"", ""shap"": 2.5380842685699463, ""value"": 0.892839252948761, ""model_input"": 0.892839252948761}, {""feature"": ""name_token_overlap_max"", ""shap"": 0.9515284895896912, ""value"": 0.5, ""model_input"": 0.5}, {""feature"": ""token_overlap_ul"", ""shap"": 0.7996513843536377, ""value"": 1.0, ""model_input"": 1.0}, {""feature"": ""name_sim_max_etab"", ""shap"": 0.6058189868927002, ""value"": 0.40350877192982454, ""model_input"": 0.40350877192982454}, {""feature"": ""addr_token_overlap"", ""shap"": 0.5927437543869019, ""value"": 0.8333333333333334, ""model_input"": 0.8333333333333334}, {""feature"": ""street_number_diff"", ""shap"": -0.5746304392814636, ""value"": 13.0, ""model_input"": 13.0}, {""feature"": ""name_semantic_second"", ""shap"": 0.3686559796333313, ""value"": 0.7757675647735596, ""model_input"": 0.7757675647735596}, {""feature"": ""name_addr_consistency"", ""shap"": 0.21520958840847015, ""value"": 0.8330666666666666, ""model_input"": 0.8330666666666666}, {""feature"": ""is_siege"", ""shap"": -0.21387524902820587, ""value"": 0.0, ""model_input"": 0.0}, {""feature"": ""addr_jaro"", ""shap"": -0.20170976221561432, ""value"": 0.9466666666666667, ""model_input"": 0.9466666666666667}]}"
128,MC2A DECINES,"35 rue Emile Zola, Rez-de-chaussée",69150,DECINES CHARPIEU,92437886200305,0.998999297618866,MC2A,35 RUE EMILE ZOLA,DECINES-CHARPIEU,69150,69275,OUVERT,2025-02-04 05:17:41,1,"{""bias"": 1.1616770029067993, ""margin"": 6.906056880950928, ""prob_from_margin"": 0.9989993025573434, ""top"": [{""feature"": ""name_semantic_max"", ""shap"": 2.6093413829803467, ""value"": 1.0, ""model_input"": 1.0}, {""feature"": ""name_sim_max_etab"", ""shap"": 1.1207305192947388, ""value"": 0.0, ""model_input"": 0.0}, {""feature"": ""name_token_overlap_max"", ""shap"": 1.0085080862045288, ""value"": 1.0, ""model_input"": 1.0}, {""feature"": ""token_overlap_ul"", ""shap"": 0.8871729969978333, ""value"": 1.0, ""model_input"": 1.0}, {""feature"": ""name_sim_max_pm_dirigeant"", ""shap"": -0.4732200801372528, ""value"": 0.0, ""model_input"": 0.0}, {""feature"": ""name_crm_contains_cand_max"", ""shap"": 0.4647355079650879, ""value"": 1.0, ""model_input"": 1.0}, {""feature"": ""is_siege"", ""shap"": -0.44324347376823425, ""value"": 0.0, ""model_input"": 0.0}, {""feature"": ""addr_levenshtein"", ""shap"": -0.3212149739265442, ""value"": 0.5, ""model_input"": 0.5}, {""feature"": ""name_semantic_second"", ""shap"": -0.31113770604133606, ""value"": 0.0, ""model_input"": 0.0}, {""feature"": ""name_addr_consistency"", ""shap"": 0.29614388942718506, ""value"": 0.9, ""model_input"": 0.9}]}"
128,MC2A DECINES,"35 rue Emile Zola, Rez-de-chaussée",69150,DECINES CHARPIEU,47950907700018,0.7012859582901001,JAGI,AVENUE DES BRUYERES,DECINES-CHARPIEU,69150,69275,FERME,2024-03-30 05:04:44,2,"{""bias"": 1.1616770029067993, ""margin"": 0.8534287214279175, ""prob_from_margin"": 0.7012859000558321, ""top"": [{""feature"": ""name_semantic_max"", ""shap"": -2.2177631855010986, ""value"": 0.325389564037323, ""model_input"": 0.325389564037323}, {""feature"": ""name_jaro_max"", ""shap"": 0.8813146948814392, ""value"": 0.0, ""model_input"": 0.0}, {""feature"": ""name_addr_consistency"", ""shap"": 0.8229634165763855, ""value"": 0.0, ""model_input"": 0.0}, {""feature"": ""name_sim_max_etab"", ""shap"": 0.6645087003707886, ""value"": 0.0, ""model_input"": 0.0}, {""feature"": ""name_sim_max_ul"", ""shap"": -0.6166131496429443, ""value"": 0.0, ""model_input"": 0.0}, {""feature"": ""type_of_max_name"", ""shap"": 0.5322328805923462, ""value"": 7.0, ""model_input"": 7.0}, {""feature"": ""name_levenshtein_max"", ""shap"": 0.44627320766448975, ""value"": 0.0, ""model_input"": 0.0}, {""feature"": ""addr_token_overlap"", ""shap"": -0.41358330845832825, ""value"": 0.0, ""model_input"": 0.0}, {""feature"": ""street_number_diff"", ""shap"": 0.378631591796875, ""value"": 9999.0, ""model_input"": 9999.0}, {""feature"": ""token_overlap_ul"", ""shap"": -0.37636569142341614, ""value"": 0.0, ""model_input"": 0.0}]}"
128,MC2A DECINES,"35 rue Emile Zola, Rez-de-chaussée",69150,DECINES CHARPIEU,82750943100017,0.37688279151916504,AUDIKA,195 AV JEAN JAURES,DECINES-CHARPIEU,69150,69275,FERME,2025-01-17 02:09:05,3,"{""bias"": 1.1616770029067993, ""margin"": -0.5028008222579956, ""prob_from_margin"": 0.3768826912780483, ""top"": [{""feature"": ""name_semantic_max"", ""shap"": -2.0699946880340576, ""value"": 0.4384891390800476, ""model_input"": 0.4384891390800476}, {""feature"": ""name_city_overlap_max"", ""shap"": 1.4995088577270508, ""value"": 0.3333333333333333, ""model_input"": 0.3333333333333333}, {""feature"": ""name_length_max"", ""shap"": 0.8491788506507874, ""value"": 6.0, ""model_input"": 6.0}, {""feature"": ""name_semantic_second"", ""shap"": -0.6667863726615906, ""value"": 0.30153533816337585, ""model_input"": 0.30153533816337585}, {""feature"": ""name_sim_max_ul"", ""shap"": -0.488877534866333, ""value"": 0.4375, ""model_input"": 0.4375}, {""feature"": ""name_token_overlap_max"", ""shap"": -0.4333779811859131, ""value"": 0.0, ""model_input"": 0.0}, {""feature"": ""addr_levenshtein"", ""shap"": -0.43208715319633484, ""value"": 0.23529411764705888, ""model_input"": 0.23529411764705888}, {""feature"": ""street_number_diff"", ""shap"": -0.41939324140548706, ""value"": 160.0, ""model_input"": 160.0}, {""feature"": ""is_siege"", ""shap"": 0.3596995174884796, ""value"": 1.0, ""model_input"": 1.0}, {""feature"": ""addr_jaro"", ""shap"": -0.31109896302223206, ""value"": 0.5539710833828481, ""model_input"": 0.5539710833828481}]}"
128,MC2A DECINES,"35 rue Emile Zola, Rez-de-chaussée",69150,DECINES CHARPIEU,49451274200011,0.30977916717529297,A S C,35 RUE ANTOINE LUMIERE,DECINES-CHARPIEU,69150,69275,OUVERT,2024-03-30 09:29:17,4,"{""bias"": 1.1616770029067993, ""margin"": -0.8011513948440552, ""prob_from_margin"": 0.3097792782395263, ""top"": [{""feature"": ""name_semantic_max"", ""shap"": -1.5151116847991943, ""value"": 0.4969715476036072, ""model_input"": 0.4969715476036072}, {""feature"": ""addr_levenshtein"", ""shap"": -0.9355666637420654, ""value"": 0.3529411764705882, ""model_input"": 0.3529411764705882}, {""feature"": ""type_of_max_name"", ""shap"": 0.8713338971138, ""value"": 7.0, ""model_input"": 7.0}, {""feature"": ""name_sim_max_etab"", ""shap"": 0.6758269667625427, ""value"": 0.0, ""model_input"": 0.0}, {""feature"": ""name_jaro_max"", ""shap"": 0.5058675408363342, ""value"": 0.36000000000000004, ""model_input"": 0.36000000000000004}, {""feature"": ""street_number_diff"", ""shap"": 0.4460165202617645, ""value"": 0.0, ""model_input"": 0.0}, {""feature"": ""name_token_overlap_max"", ""shap"": -0.38455861806869507, ""value"": 0.0, ""model_input"": 0.0}, {""feature"": ""name_semantic_second"", ""shap"": -0.37890195846557617, ""value"": 0.3129313886165619, ""model_input"": 0.3129313886165619}, {""feature"": ""token_overlap_ul"", ""shap"": -0.370472252368927, ""value"": 0.0, ""model_input"": 0.0}, {""feature"": ""name_sim_max_pm_dirigeant"", ""shap"": -0.36494070291519165, ""value"": 0.0, ""model_input"": 0.0}]}"
128,MC2A DECINES,"35 rue Emile Zola, Rez-de-chaussée",69150,DECINES CHARPIEU,81879433100012,0.2599497437477112,DECINES OLYMPIQUE HANDISPORT,51 RUE DANTON,DECINES-CHARPIEU,69150,69275,OUVERT,2025-02-16 02:16:11,5,"{""bias"": 1.1616770029067993, ""margin"": -1.0462292432785034, ""prob_from_margin"": 0.2599498467484945, ""top"": [{""feature"": ""name_semantic_max"", ""shap"": -2.533107280731201, ""value"": 0.37792325019836426, ""model_input"": 0.37792325019836426}, {""feature"": ""name_city_overlap_max"", ""shap"": 0.8124688863754272, ""value"": 0.25, ""model_input"": 0.25}, {""feature"": ""street_number_diff"", ""shap"": -0.803678572177887, ""value"": 16.0, ""model_input"": 16.0}, {""feature"": ""name_sim_max_etab"", ""shap"": 0.7062987089157104, ""value"": 0.0, ""model_input"": 0.0}, {""feature"": ""name_jaro_max"", ""shap"": 0.6478326320648193, ""value"": 0.35714285714285715, ""model_input"": 0.35714285714285715}, {""feature"": ""name_semantic_second"", ""shap"": -0.5476126670837402, ""value"": 0.0, ""model_input"": 0.0}, {""feature"": ""name_levenshtein_max"", ""shap"": 0.49000054597854614, ""value"": 0.0714285714285714, ""model_input"": 0.0714285714285714}, {""feature"": ""type_of_max_name"", ""shap"": 0.4852217733860016, ""value"": 7.0, ""model_input"": 7.0}, {""feature"": ""name_sim_max_ul"", ""shap"": -0.4439544975757599, ""value"": 0.35714285714285715, ""model_input"": 0.35714285714285715}, {""feature"": ""name_token_overlap_max"", ""shap"": -0.41958147287368774, ""value"": 0.0, ""model_input"": 0.0}]}"
8,MEDISTOCK,Zi du Carreau - Rue du Carreau,69960,CORBAS,42045590900036,0.9998030066490173,MEDISTOCK,RUE DU CARREAU,CORBAS,69960,69273,OUVERT,2025-01-15 02:12:26,1,"{""bias"": 1.1616770029067993, ""margin"": 8.532172203063965, ""prob_from_margin"": 0.9998030122886646, ""top"": [{""feature"": ""name_semantic_max"", ""shap"": 2.4448490142822266, ""value"": 1.0, ""model_input"": 1.0}, {""feature"": ""name_token_overlap_max"", ""shap"": 1.192573070526123, ""value"": 1.0, ""model_input"": 1.0}, {""feature"": ""token_overlap_ul"", ""shap"": 1.0233094692230225, ""value"": 1.0, ""model_input"": 1.0}, {""feature"": ""name_crm_contains_cand_max"", ""shap"": 0.6931171417236328, ""value"": 1.0, ""model_input"": 1.0}, {""feature"": ""addr_token_overlap"", ""shap"": 0.6074969172477722, ""value"": 0.75, ""model_input"": 0.75}, {""feature"": ""name_sim_max_pm_dirigeant"", ""shap"": 0.6034827828407288, ""value"": 0.5185185185185185, ""model_input"": 0.5185185185185185}, {""feature"": ""is_siege"", ""shap"": 0.364113986492157, ""value"": 1.0, ""model_input"": 1.0}, {""feature"": ""street_number_diff"", ""shap"": 0.21004334092140198, ""value"": 9999.0, ""model_input"": 9999.0}, {""feature"": ""name_sim_max_ul"", ""shap"": 0.19096170365810394, ""value"": 1.0, ""model_input"": 1.0}, {""feature"": ""name_levenshtein_max"", ""shap"": 0.17999984323978424, ""value"": 1.0, ""model_input"": 1.0}]}"
8,MEDISTOCK,Zi du Carreau - Rue du Carreau,69960,CORBAS,88194102500010,0.9525220990180969,PRIMMO CORBAS NOUVELLE,4 RUE DU DAUPHINE,CORBAS,69960,69273,OUVERT,2024-03-30 13:06:37,2,"{""bias"": 1.1616770029067993, ""margin"": 2.9988484382629395, ""prob_from_margin"": 0.9525220759882512, ""top"": [{""feature"": ""name_city_overlap_max"", ""shap"": 1.108209490776062, ""value"": 0.3333333333333333, ""model_input"": 0.3333333333333333}, {""feature"": ""name_semantic_max"", ""shap"": -0.9013616442680359, ""value"": 0.5451223850250244, ""model_input"": 0.5451223850250244}, {""feature"": ""type_of_max_name"", ""shap"": 0.5755535960197449, ""value"": 7.0, ""model_input"": 7.0}, {""feature"": ""name_token_overlap_max"", ""shap"": -0.4505556523799896, ""value"": 0.0, ""model_input"": 0.0}, {""feature"": ""is_siege"", ""shap"": 0.4016602039337158, ""value"": 1.0, ""model_input"": 1.0}, {""feature"": ""addr_levenshtein"", ""shap"": -0.3855520188808441, ""value"": 0.2857142857142857, ""model_input"": 0.2857142857142857}, {""feature"": ""name_sim_max_etab"", ""shap"": 0.321553111076355, ""value"": 0.4444444444444444, ""model_input"": 0.4444444444444444}, {""feature"": ""street_name_jaro"", ""shap"": 0.3172176778316498, ""value"": 0.603968253968254, ""model_input"": 0.603968253968254}, {""feature"": ""street_number_diff"", ""shap"": 0.3054863512516022, ""value"": 9999.0, ""model_input"": 9999.0}, {""feature"": ""token_overlap_ul"", ""shap"": -0.30129778385162354, ""value"": 0.0, ""model_input"": 0.0}]}"
8,MEDISTOCK,Zi du Carreau - Rue du Carreau,69960,CORBAS,40026348900017,0.9405317306518555,M.S.I.,RUE DU CARREAU,CORBAS,69960,69273,FERME,2024-03-30 16:24:35,3,"{""bias"": 1.1616770029067993, ""margin"": 2.761003017425537, ""prob_from_margin"": 0.9405317593573366, ""top"": [{""feature"": ""addr_token_overlap"", ""shap"": 1.1205406188964844, ""value"": 0.75, ""model_input"": 0.75}, {""feature"": ""name_semantic_second"", ""shap"": 0.777271032333374, ""value"": 0.5526710748672485, ""model_input"": 0.5526710748672485}, {""feature"": ""name_sim_max_etab"", ""shap"": 0.68194180727005, ""value"": 0.0, ""model_input"": 0.0}, {""feature"": ""name_semantic_max"", ""shap"": 0.43345439434051514, ""value"": 0.6028912663459778, ""model_input"": 0.6028912663459778}, {""feature"": ""addr_jaro"", ""shap"": -0.41288021206855774, ""value"": 0.6904761904761904, ""model_input"": 0.6904761904761904}, {""feature"": ""name_token_overlap_max"", ""shap"": -0.4124959409236908, ""value"": 0.0, ""model_input"": 0.0}, {""feature"": ""type_of_max_name"", ""shap"": 0.38398849964141846, ""value"": 7.0, ""model_input"": 7.0}, {""feature"": ""street_name_jaro"", ""shap"": -0.36345624923706055, ""value"": 0.6904761904761904, ""model_input"": 0.6904761904761904}, {""feature"": ""name_sim_max_pm_dirigeant"", ""shap"": -0.3629589080810547, ""value"": 0.0, ""model_input"": 0.0}, {""feature"": ""name_addr_consistency"", ""shap"": -0.3165954351425171, ""value"": 0.396384479717813, ""model_input"": 0.396384479717813}]}"
8,MEDISTOCK,Zi du Carreau - Rue du Carreau,69960,CORBAS,78994691000013,0.9000632166862488,MACHEUROP,51 RUE DU CARREAU,CORBAS,69960,69273,OUVERT,2024-03-30 01:27:32,4,"{""bias"": 1.1616770029067993, ""margin"": 2.1979267597198486, ""prob_from_margin"": 0.9000631786667519, ""top"": [{""feature"": ""name_sim_max_pm_dirigeant"", ""shap"": 0.9305618405342102, ""value"": 0.5353535353535354, ""model_input"": 0.5353535353535354}, {""feature"": ""addr_token_overlap"", ""shap"": 0.7727454304695129, ""value"": 0.6, ""model_input"": 0.6}, {""feature"": ""name_token_overlap_max"", ""shap"": -0.535646915435791, ""value"": 0.0, ""model_input"": 0.0}, {""feature"": ""type_of_max_name"", ""shap"": 0.4787403345108032, ""value"": 7.0, ""model_input"": 7.0}, {""feature"": ""street_number_diff"", ""shap"": 0.46981871128082275, ""value"": 9999.0, ""model_input"": 9999.0}, {""feature"": ""name_semantic_max"", ""shap"": 0.4411036968231201, ""value"": 0.6021953821182251, ""model_input"": 0.6021953821182251}, {""feature"": ""token_overlap_ul"", ""shap"": -0.38327112793922424, ""value"": 0.0, ""model_input"": 0.0}, {""feature"": ""addr_jaro"", ""shap"": -0.35843122005462646, ""value"": 0.672689075630252, ""model_input"": 0.672689075630252}, {""feature"": ""name_count"", ""shap"": 0.32983794808387756, ""value"": 2.0, ""model_input"": 2.0}, {""feature"": ""name_length_max"", ""shap"": -0.271194189786911, ""value"": 9.0, ""model_input"": 9.0}]}"
8,MEDISTOCK,Zi du Carreau - Rue du Carreau,69960,CORBAS,81494584600016,0.8626737594604492,ARMAPRO DEVELOPPEMENT,4 RUE DU DAUPHINE,CORBAS,69960,69273,FERME,2024-03-22 15:40:57,5,"{""bias"": 1.1616770029067993, ""margin"": 1.837677001953125, ""prob_from_margin"": 0.862673738833439, ""top"": [{""feature"": ""name_semantic_max"", ""shap"": -1.129774570465088, ""value"": 0.5355517864227295, ""model_input"": 0.5355517864227295}, {""feature"": ""name_sim_max_pm_dirigeant"", ""shap"": 0.8352653980255127, ""value"": 0.4356902356902357, ""model_input"": 0.4356902356902357}, {""feature"": ""type_of_max_name"", ""shap"": 0.7559942007064819, ""value"": 7.0, ""model_input"": 7.0}, {""feature"": ""name_token_overlap_max"", ""shap"": -0.5025193095207214, ""value"": 0.0, ""model_input"": 0.0}, {""feature"": ""addr_levenshtein"", ""shap"": -0.41514402627944946, ""value"": 0.2857142857142857, ""model_input"": 0.2857142857142857}, {""feature"": ""name_sim_max_etab"", ""shap"": 0.4150751233100891, ""value"": 0.4356902356902357, ""model_input"": 0.4356902356902357}, {""feature"": ""token_overlap_ul"", ""shap"": -0.3801107108592987, ""value"": 0.0, ""model_input"": 0.0}, {""feature"": ""street_number_diff"", ""shap"": 0.34958866238594055, ""value"": 9999.0, ""model_input"": 9999.0}, {""feature"": ""street_name_jaro"", ""shap"": 0.3344976007938385, ""value"": 0.603968253968254, ""model_input"": 0.603968253968254}, {""feature"": ""name_count"", ""shap"": 0.29785892367362976, ""value"": 2.0, ""model_input"": 2.0}]}"
60,MELEO,4 Rue des Allobroges,69960,CORBAS,30870001200021,0.9980539083480835,ENTREPRISE MELEO,4 RUE DES ALLOBROGES,CORBAS,69960,69273,OUVERT,2025-02-17 02:10:59,1,"{""bias"": 1.1616770029067993, ""margin"": 6.2399582862854, ""prob_from_margin"": 0.998053857993775, ""top"": [{""feature"": ""name_semantic_max"", ""shap"": 2.4442906379699707, ""value"": 0.9468293190002441, ""model_input"": 0.9468293190002441}, {""feature"": ""name_sim_max_etab"", ""shap"": 1.0732959508895874, ""value"": 0.0, ""model_input"": 0.0}, {""feature"": ""token_overlap_ul"", ""shap"": 0.8754942417144775, ""value"": 1.0, ""model_input"": 1.0}, {""feature"": ""name_token_overlap_max"", ""shap"": 0.7576215267181396, ""value"": 0.5, ""model_input"": 0.5}, {""feature"": ""street_number_diff"", ""shap"": 0.5744350552558899, ""value"": 0.0, ""model_input"": 0.0}, {""feature"": ""addr_token_overlap"", ""shap"": 0.4944349229335785, ""value"": 1.0, ""model_input"": 1.0}, {""feature"": ""name_addr_consistency"", ""shap"": -0.4576689898967743, ""value"": 0.5083333333333333, ""model_input"": 0.5083333333333333}, {""feature"": ""name_sim_max_pm_dirigeant"", ""shap"": -0.3799896240234375, ""value"": 0.0, ""model_input"": 0.0}, {""feature"": ""name_semantic_second"", ""shap"": -0.2871888279914856, ""value"": 0.0, ""model_input"": 0.0}, {""feature"": ""addr_jaro"", ""shap"": 0.23517458140850067, ""value"": 1.0, ""model_input"": 1.0}]}"
60,MELEO,4 Rue des Allobroges,69960,CORBAS,86750051404132,0.9926334023475647,LOXAM,4 RUE DES ALLOBROGES,CORBAS,69960,69273,FERME,2025-01-26 03:20:37,2,"{""bias"": 1.1616770029067993, ""margin"": 4.903407573699951, ""prob_from_margin"": 0.9926334177846773, ""top"": [{""feature"": ""name_semantic_max"", ""shap"": -1.7262837886810303, ""value"": 0.37201088666915894, ""model_input"": 0.37201088666915894}, {""feature"": ""addr_token_overlap"", ""shap"": 1.3432838916778564, ""value"": 1.0, ""model_input"": 1.0}, {""feature"": ""name_addr_consistency"", ""shap"": 1.1510237455368042, ""value"": 0.0, ""model_input"": 0.0}, {""feature"": ""street_number_diff"", ""shap"": 1.0156173706054688, ""value"": 0.0, ""model_input"": 0.0}, {""feature"": ""addr_jaro"", ""shap"": 0.9330642223358154, ""value"": 1.0, ""model_input"": 1.0}, {""feature"": ""name_sim_max_etab"", ""shap"": 0.8674153089523315, ""value"": 0.0, ""model_input"": 0.0}, {""feature"": ""name_jaro_max"", ""shap"": 0.605326771736145, ""value"": 0.0, ""model_input"": 0.0}, {""feature"": ""addr_levenshtein"", ""shap"": 0.5869807004928589, ""value"": 1.0, ""model_input"": 1.0}, {""feature"": ""name_sim_max_ul"", ""shap"": -0.4255630075931549, ""value"": 0.0, ""model_input"": 0.0}, {""feature"": ""name_semantic_second"", ""shap"": -0.332357794046402, ""value"": 0.0, ""model_input"": 0.0}]}"
60,MELEO,4 Rue des Allobroges,69960,CORBAS,49938790000016,0.9405794739723206,INDUSTRIE METALLERIE CORBASIENNE,4 RUE DES ALLOBROGES,CORBAS,69960,69273,OUVERT,2024-03-30 15:51:14,3,"{""bias"": 1.1616770029067993, ""margin"": 2.7618560791015625, ""prob_from_margin"": 0.9405794546791101, ""top"": [{""feature"": ""name_semantic_max"", ""shap"": -1.4861639738082886, ""value"": 0.47562313079833984, ""model_input"": 0.47562313079833984}, {""feature"": ""addr_token_overlap"", ""shap"": 1.2566256523132324, ""value"": 1.0, ""model_input"": 1.0}, {""feature"": ""street_number_diff"", ""shap"": 0.903532087802887, ""value"": 0.0, ""model_input"": 0.0}, {""feature"": ""name_sim_max_etab"", ""shap"": 0.729487419128418, ""value"": 0.0, ""model_input"": 0.0}, {""feature"": ""addr_jaro"", ""shap"": 0.5883421301841736, ""value"": 1.0, ""model_input"": 1.0}, {""feature"": ""name_addr_consistency"", ""shap"": -0.5083484649658203, ""value"": 0.47500000000000003, ""model_input"": 0.47500000000000003}, {""feature"": ""type_of_max_name"", ""shap"": 0.499468058347702, ""value"": 7.0, ""model_input"": 7.0}, {""feature"": ""addr_levenshtein"", ""shap"": 0.4785916209220886, ""value"": 1.0, ""model_input"": 1.0}, {""feature"": ""name_semantic_second"", ""shap"": -0.3739256262779236, ""value"": 0.0, ""model_input"": 0.0}, {""feature"": ""name_token_overlap_max"", ""shap"": -0.33098965883255005, ""value"": 0.0, ""model_input"": 0.0}]}"
60,MELEO,4 Rue des Allobroges,69960,CORBAS,50357495600010,0.8074821829795837,PINZERE,4 RUE DES ALLOBROGES,CORBAS,69960,69273,OUVERT,2024-03-30 10:33:36,4,"{""bias"": 1.1616770029067993, ""margin"": 1.4337321519851685, ""prob_from_margin"": 0.8074821622960797, ""top"": [{""feature"": ""name_semantic_max"", ""shap"": -2.393292188644409, ""value"": 0.3617491126060486, ""model_input"": 0.3617491126060486}, {""feature"": ""addr_token_overlap"", ""shap"": 1.2720056772232056, ""value"": 1.0, ""model_input"": 1.0}, {""feature"": ""street_number_diff"", ""shap"": 1.1198855638504028, ""value"": 0.0, ""model_input"": 0.0}, {""feature"": ""name_sim_max_etab"", ""shap"": 0.7279453277587891, ""value"": 0.0, ""model_input"": 0.0}, {""feature"": ""addr_jaro"", ""shap"": 0.7244938015937805, ""value"": 1.0, ""model_input"": 1.0}, {""feature"": ""addr_levenshtein"", ""shap"": 0.6115455627441406, ""value"": 1.0, ""model_input"": 1.0}, {""feature"": ""name_sim_max_pm_dirigeant"", ""shap"": -0.4431222379207611, ""value"": 0.0, ""model_input"": 0.0}, {""feature"": ""type_of_max_name"", ""shap"": 0.42744550108909607, ""value"": 7.0, ""model_input"": 7.0}, {""feature"": ""name_semantic_second"", ""shap"": -0.37571099400520325, ""value"": 0.0, ""model_input"": 0.0}, {""feature"": ""name_token_overlap_max"", ""shap"": -0.34945353865623474, ""value"": 0.0, ""model_input"": 0.0}]}"
60,MELEO,4 Rue des Allobroges,69960,CORBAS,88008402500019,0.6273123621940613,TUYAUTERIE DES ALLOBROGES,4 RUE DES ALLOBROGES,CORBAS,69960,69273,OUVERT,2025-01-16 02:51:38,5,"{""bias"": 1.1616770029067993, ""margin"": 0.5207034349441528, ""prob_from_margin"": 0.6273122382127085, ""top"": [{""feature"": ""name_semantic_max"", ""shap"": -3.120253324508667, ""value"": 0.3263373374938965, ""model_input"": 0.3263373374938965}, {""feature"": ""addr_token_overlap"", ""shap"": 1.176356315612793, ""value"": 1.0, ""model_input"": 1.0}, {""feature"": ""street_number_diff"", ""shap"": 1.064135193824768, ""value"": 0.0, ""model_input"": 0.0}, {""feature"": ""name_sim_max_etab"", ""shap"": 0.778243362903595, ""value"": 0.0, ""model_input"": 0.0}, {""feature"": ""addr_jaro"", ""shap"": 0.7017167806625366, ""value"": 1.0, ""model_input"": 1.0}, {""feature"": ""name_addr_consistency"", ""shap"": -0.5374104976654053, ""value"": 0.49333333333333335, ""model_input"": 0.49333333333333335}, {""feature"": ""addr_levenshtein"", ""shap"": 0.5067582726478577, ""value"": 1.0, ""model_input"": 1.0}, {""feature"": ""name_semantic_second"", ""shap"": -0.4043945074081421, ""value"": 0.0, ""model_input"": 0.0}, {""feature"": ""name_sim_max_pm_dirigeant"", ""shap"": -0.38293638825416565, ""value"": 0.0, ""model_input"": 0.0}, {""feature"": ""type_of_max_name"", ""shap"": 0.3641943037509918, ""value"": 7.0, ""model_input"": 7.0}]}"
57,MERGER,15 Avenue de Montmartin,69960,CORBAS,80931437000028,0.9996552467346191,MERGER,15 AVENUE DE MONTMARTIN,CORBAS,69960,69273,OUVERT,2025-02-12 02:17:45,1,"{""bias"": 1.1616770029067993, ""margin"": 7.972274303436279, ""prob_from_margin"": 0.9996552252103371, ""top"": [{""feature"": ""name_semantic_max"", ""shap"": 2.4869678020477295, ""value"": 1.0, ""model_input"": 1.0}, {""feature"": ""name_token_overlap_max"", ""shap"": 1.0910298824310303, ""value"": 1.0, ""model_input"": 1.0}, {""feature"": ""token_overlap_ul"", ""shap"": 0.9175683856010437, ""value"": 1.0, ""model_input"": 1.0}, {""feature"": ""name_crm_contains_cand_max"", ""shap"": 0.6993129849433899, ""value"": 1.0, ""model_input"": 1.0}, {""feature"": ""name_sim_max_etab"", ""shap"": -0.6035405993461609, ""value"": 1.0, ""model_input"": 1.0}, {""feature"": ""addr_token_overlap"", ""shap"": 0.5480155348777771, ""value"": 1.0, ""model_input"": 1.0}, {""feature"": ""name_semantic_second"", ""shap"": 0.517798125743866, ""value"": 1.0, ""model_input"": 1.0}, {""feature"": ""street_number_diff"", ""shap"": 0.47714900970458984, ""value"": 0.0, ""model_input"": 0.0}, {""feature"": ""name_addr_consistency"", ""shap"": 0.3860745131969452, ""value"": 1.0, ""model_input"": 1.0}, {""feature"": ""type_of_max_name"", ""shap"": -0.35286566615104675, ""value"": 2.0, ""model_input"": 2.0}]}"
57,MERGER,15 Avenue de Montmartin,69960,CORBAS,80931437000010,0.9982490539550781,MERGER,23 AVENUE DE L'INDUSTRIE,CORBAS,69960,69273,FERME,2025-02-12 02:17:45,2,"{""bias"": 1.1616770029067993, ""margin"": 6.345841407775879, ""prob_from_margin"": 0.9982490449508501, ""top"": [{""feature"": ""name_semantic_max"", ""shap"": 2.831727981567383, ""value"": 1.0, ""model_input"": 1.0}, {""feature"": ""name_token_overlap_max"", ""shap"": 1.1011751890182495, ""value"": 1.0, ""model_input"": 1.0}, {""feature"": ""token_overlap_ul"", ""shap"": 0.9663240909576416, ""value"": 1.0, ""model_input"": 1.0}, {""feature"": ""name_sim_max_etab"", ""shap"": 0.6751464009284973, ""value"": 0.3444444444444444, ""model_input"": 0.3444444444444444}, {""feature"": ""street_number_diff"", ""shap"": -0.5385562181472778, ""value"": 8.0, ""model_input"": 8.0}, {""feature"": ""name_crm_contains_cand_max"", ""shap"": 0.4698379337787628, ""value"": 1.0, ""model_input"": 1.0}, {""feature"": ""is_siege"", ""shap"": -0.44991186261177063, ""value"": 0.0, ""model_input"": 0.0}, {""feature"": ""name_semantic_second"", ""shap"": -0.25014635920524597, ""value"": 0.3485918343067169, ""model_input"": 0.3485918343067169}, {""feature"": ""street_name_jaro"", ""shap"": -0.23532183468341827, ""value"": 0.8447619047619048, ""model_input"": 0.8447619047619048}, {""feature"": ""addr_levenshtein"", ""shap"": -0.17021486163139343, ""value"": 0.5416666666666667, ""model_input"": 0.5416666666666667}]}"
57,MERGER,15 Avenue de Montmartin,69960,CORBAS,80273964900027,0.9382767677307129,BLG GROUPE,15 AVENUE DE MONTMARTIN,CORBAS,69960,69273,OUVERT,2025-07-05 05:24:29,3,"{""bias"": 1.1616770029067993, ""margin"": 2.7213876247406006, ""prob_from_margin"": 0.9382769445819161, ""top"": [{""feature"": ""name_semantic_max"", ""shap"": -2.313868284225464, ""value"": 0.3485918343067169, ""model_input"": 0.3485918343067169}, {""feature"": ""addr_token_overlap"", ""shap"": 1.2790498733520508, ""value"": 1.0, ""model_input"": 1.0}, {""feature"": ""addr_jaro"", ""shap"": 0.8719209432601929, ""value"": 1.0, ""model_input"": 1.0}, {""feature"": ""street_number_diff"", ""shap"": 0.8717091679573059, ""value"": 0.0, ""model_input"": 0.0}, {""feature"": ""name_addr_consistency"", ""shap"": 0.8322924375534058, ""value"": 0.3444444444444444, ""model_input"": 0.3444444444444444}, {""feature"": ""name_sim_max_etab"", ""shap"": 0.8025738596916199, ""value"": 0.0, ""model_input"": 0.0}, {""feature"": ""addr_levenshtein"", ""shap"": 0.6638714075088501, ""value"": 1.0, ""model_input"": 1.0}, {""feature"": ""name_jaro_max"", ""shap"": 0.49770587682724, ""value"": 0.3444444444444444, ""model_input"": 0.3444444444444444}, {""feature"": ""name_sim_max_pm_dirigeant"", ""shap"": -0.4387173354625702, ""value"": 0.0, ""model_input"": 0.0}, {""feature"": ""name_semantic_second"", ""shap"": -0.36052143573760986, ""value"": 0.0, ""model_input"": 0.0}]}"
57,MERGER,15 Avenue de Montmartin,69960,CORBAS,78007906700044,0.8889333605766296,HUILLET,15 AVENUE DE MONTMARTIN,CORBAS,69960,69273,FERME,2024-03-30 14:49:00,4,"{""bias"": 1.1616770029067993, ""margin"": 2.079892635345459, ""prob_from_margin"": 0.8889334335346772, ""top"": [{""feature"": ""name_semantic_max"", ""shap"": -2.274677276611328, ""value"": 0.39186346530914307, ""model_input"": 0.39186346530914307}, {""feature"": ""addr_token_overlap"", ""shap"": 1.2979615926742554, ""value"": 1.0, ""model_input"": 1.0}, {""feature"": ""street_number_diff"", ""shap"": 1.118085265159607, ""value"": 0.0, ""model_input"": 0.0}, {""feature"": ""name_sim_max_etab"", ""shap"": 0.7540144324302673, ""value"": 0.0, ""model_input"": 0.0}, {""feature"": ""addr_jaro"", ""shap"": 0.7269682884216309, ""value"": 1.0, ""model_input"": 1.0}, {""feature"": ""addr_levenshtein"", ""shap"": 0.5930629372596741, ""value"": 1.0, ""model_input"": 1.0}, {""feature"": ""type_of_max_name"", ""shap"": 0.39730313420295715, ""value"": 7.0, ""model_input"": 7.0}, {""feature"": ""name_sim_max_pm_dirigeant"", ""shap"": -0.3923651874065399, ""value"": 0.0, ""model_input"": 0.0}, {""feature"": ""name_token_overlap_max"", ""shap"": -0.33845093846321106, ""value"": 0.0, ""model_input"": 0.0}, {""feature"": ""name_semantic_second"", ""shap"": -0.31996431946754456, ""value"": 0.0, ""model_input"": 0.0}]}"
57,MERGER,15 Avenue de Montmartin,69960,CORBAS,94259977000016,0.836835503578186,SPIRIT,15 AVENUE DE MONTMARTIN,CORBAS,69960,69273,OUVERT,2025-03-31 13:17:32,5,"{""bias"": 1.1616770029067993, ""margin"": 1.634867787361145, ""prob_from_margin"": 0.8368353860954614, ""top"": [{""feature"": ""name_semantic_max"", ""shap"": -2.500274181365967, ""value"": 0.3485918343067169, ""model_input"": 0.3485918343067169}, {""feature"": ""street_number_diff"", ""shap"": 1.1200708150863647, ""value"": 0.0, ""model_input"": 0.0}, {""feature"": ""addr_token_overlap"", ""shap"": 1.110485553741455, ""value"": 1.0, ""model_input"": 1.0}, {""feature"": ""addr_jaro"", ""shap"": 0.727321207523346, ""value"": 1.0, ""model_input"": 1.0}, {""feature"": ""name_sim_max_etab"", ""shap"": 0.6949458122253418, ""value"": 0.3444444444444444, ""model_input"": 0.3444444444444444}, {""feature"": ""name_semantic_second"", ""shap"": -0.4817397892475128, ""value"": 0.23995882272720337, ""model_input"": 0.23995882272720337}, {""feature"": ""addr_levenshtein"", ""shap"": 0.4632890224456787, ""value"": 1.0, ""model_input"": 1.0}, {""feature"": ""name_token_overlap_max"", ""shap"": -0.345166951417923, ""value"": 0.0, ""model_input"": 0.0}, {""feature"": ""type_of_max_name"", ""shap"": 0.32508140802383423, ""value"": 7.0, ""model_input"": 7.0}, {""feature"": ""name_count"", ""shap"": 0.30516278743743896, ""value"": 2.0, ""model_input"": 2.0}]}"
50,METALDYNE-  AAM Powertrain Decines Manufacturing Facility,51 Rue Vaucanson,69150,DECINES CHARPIEU,41267067100020,0.9982743263244629,METALDYNE INTERNATIONAL FRANCE,51 RUE VAUCANSON,DECINES-CHARPIEU,69150,69275,OUVERT,2024-03-30 17:29:38,1,"{""bias"": 1.1616770029067993, ""margin"": 6.360413074493408, ""prob_from_margin"": 0.9982743305806597, ""top"": [{""feature"": ""name_semantic_max"", ""shap"": 1.8895466327667236, ""value"": 0.722286581993103, ""model_input"": 0.722286581993103}, {""feature"": ""name_sim_max_pm_dirigeant"", ""shap"": 0.9110034704208374, ""value"": 0.5115714818962299, ""model_input"": 0.5115714818962299}, {""feature"": ""addr_token_overlap"", ""shap"": 0.8610767722129822, ""value"": 1.0, ""model_input"": 1.0}, {""feature"": ""street_number_diff"", ""shap"": 0.7947900295257568, ""value"": 0.0, ""model_input"": 0.0}, {""feature"": ""token_overlap_ul"", ""shap"": 0.3450044095516205, ""value"": 0.2, ""model_input"": 0.2}, {""feature"": ""addr_jaro"", ""shap"": 0.3052630126476288, ""value"": 1.0, ""model_input"": 1.0}, {""feature"": ""name_levenshtein_max"", ""shap"": -0.2729959189891815, ""value"": 0.3829787234042553, ""model_input"": 0.3829787234042553}, {""feature"": ""addr_levenshtein"", ""shap"": 0.2653307616710663, ""value"": 1.0, ""model_input"": 1.0}, {""feature"": ""name_addr_consistency"", ""shap"": 0.24063736200332642, ""value"": 0.8486727456940223, ""model_input"": 0.8486727456940223}, {""feature"": ""name_count"", ""shap"": 0.20550692081451416, ""value"": 2.0, ""model_input"": 2.0}]}"
50,METALDYNE-  AAM Powertrain Decines Manufacturing Facility,51 Rue Vaucanson,69150,DECINES CHARPIEU,88916268100023,0.9153581857681274,CONSTANTINO METAL,99 AV FRANKLIN ROOSEVELT,DECINES-CHARPIEU,69150,69275,FERME,2025-01-16 03:31:03,2,"{""bias"": 1.1616770029067993, ""margin"": 2.3808865547180176, ""prob_from_margin"": 0.9153581477075613, ""top"": [{""feature"": ""name_semantic_max"", ""shap"": 1.1434141397476196, ""value"": 0.6666555404663086, ""model_input"": 0.6666555404663086}, {""feature"": ""name_sim_max_etab"", ""shap"": 1.1085978746414185, ""value"": 0.0, ""model_input"": 0.0}, {""feature"": ""token_overlap_ul"", ""shap"": 0.5884560346603394, ""value"": 0.2, ""model_input"": 0.2}, {""feature"": ""type_of_max_name"", ""shap"": 0.5289965271949768, ""value"": 7.0, ""model_input"": 7.0}, {""feature"": ""name_token_overlap_max"", ""shap"": -0.48203396797180176, ""value"": 0.0, ""model_input"": 0.0}, {""feature"": ""name_addr_consistency"", ""shap"": 0.43529874086380005, ""value"": 0.32759401632993623, ""model_input"": 0.32759401632993623}, {""feature"": ""street_number_diff"", ""shap"": -0.4163355827331543, ""value"": 48.0, ""model_input"": 48.0}, {""feature"": ""name_semantic_second"", ""shap"": -0.40119802951812744, ""value"": 0.0, ""model_input"": 0.0}, {""feature"": ""name_sim_max_pm_dirigeant"", ""shap"": -0.38765206933021545, ""value"": 0.0, ""model_input"": 0.0}, {""feature"": ""addr_jaro"", ""shap"": -0.3790881037712097, ""value"": 0.5805555555555556, ""model_input"": 0.5805555555555556}]}"
50,METALDYNE-  AAM Powertrain Decines Manufacturing Facility,51 Rue Vaucanson,69150,DECINES CHARPIEU,39045079900015,0.8773354887962341,PMBC METAL,31 RUE WILSON,DECINES-CHARPIEU,69150,69275,FERME,2024-03-29 22:41:25,3,"{""bias"": 1.1616770029067993, ""margin"": 1.96743643283844, ""prob_from_margin"": 0.8773354941628984, ""top"": [{""feature"": ""name_sim_max_etab"", ""shap"": 0.9007519483566284, ""value"": 0.0, ""model_input"": 0.0}, {""feature"": ""street_number_diff"", ""shap"": -0.7460028529167175, ""value"": 20.0, ""model_input"": 20.0}, {""feature"": ""type_of_max_name"", ""shap"": 0.7218628525733948, ""value"": 7.0, ""model_input"": 7.0}, {""feature"": ""token_overlap_ul"", ""shap"": 0.6105629801750183, ""value"": 0.2, ""model_input"": 0.2}, {""feature"": ""name_length_max"", ""shap"": -0.5945740342140198, ""value"": 10.0, ""model_input"": 10.0}, {""feature"": ""name_addr_consistency"", ""shap"": 0.5929925441741943, ""value"": 0.3501877866682831, ""model_input"": 0.3501877866682831}, {""feature"": ""name_token_overlap_max"", ""shap"": -0.506985604763031, ""value"": 0.0, ""model_input"": 0.0}, {""feature"": ""name_semantic_max"", ""shap"": 0.47893208265304565, ""value"": 0.6107875108718872, ""model_input"": 0.6107875108718872}, {""feature"": ""name_sim_max_pm_dirigeant"", ""shap"": -0.3327604830265045, ""value"": 0.0, ""model_input"": 0.0}, {""feature"": ""addr_token_overlap"", ""shap"": -0.30313196778297424, ""value"": 0.2, ""model_input"": 0.2}]}"
50,METALDYNE-  AAM Powertrain Decines Manufacturing Facility,51 Rue Vaucanson,69150,DECINES CHARPIEU,39498883600018,0.8624846935272217,AXALU METAL CONSTRUCTIONS,55 AVENUE DES BRUYERES,DECINES-CHARPIEU,69150,69275,FERME,2024-03-30 12:05:46,4,"{""bias"": 1.1616770029067993, ""margin"": 1.836080551147461, ""prob_from_margin"": 0.8624845013573191, ""top"": [{""feature"": ""name_sim_max_etab"", ""shap"": 0.9854890704154968, ""value"": 0.0, ""model_input"": 0.0}, {""feature"": ""type_of_max_name"", ""shap"": 0.8167401552200317, ""value"": 7.0, ""model_input"": 7.0}, {""feature"": ""street_number_diff"", ""shap"": -0.7863941788673401, ""value"": 4.0, ""model_input"": 4.0}, {""feature"": ""token_overlap_ul"", ""shap"": 0.5900340676307678, ""value"": 0.2, ""model_input"": 0.2}, {""feature"": ""name_token_overlap_max"", ""shap"": -0.5241888165473938, ""value"": 0.0, ""model_input"": 0.0}, {""feature"": ""addr_levenshtein"", ""shap"": -0.5199878811836243, ""value"": 0.2272727272727273, ""model_input"": 0.2272727272727273}, {""feature"": ""name_addr_consistency"", ""shap"": 0.46361207962036133, ""value"": 0.32530979447328834, ""model_input"": 0.32530979447328834}, {""feature"": ""name_sim_max_ul"", ""shap"": 0.38315168023109436, ""value"": 0.5810675625233296, ""model_input"": 0.5810675625233296}, {""feature"": ""name_semantic_second"", ""shap"": -0.3826228082180023, ""value"": 0.0, ""model_input"": 0.0}, {""feature"": ""name_sim_max_pm_dirigeant"", ""shap"": -0.3577158749103546, ""value"": 0.0, ""model_input"": 0.0}]}"
50,METALDYNE-  AAM Powertrain Decines Manufacturing Facility,51 Rue Vaucanson,69150,DECINES CHARPIEU,48519687700065,0.8033025860786438,SOPREMA,51 RUE VAUCANSON,DECINES-CHARPIEU,69150,69275,FERME,2025-02-11 02:11:23,5,"{""bias"": 1.1616770029067993, ""margin"": 1.4070649147033691, ""prob_from_margin"": 0.8033025908496324, ""top"": [{""feature"": ""name_semantic_max"", ""shap"": -1.9786787033081055, ""value"": 0.4238353967666626, ""model_input"": 0.4238353967666626}, {""feature"": ""addr_token_overlap"", ""shap"": 1.3193525075912476, ""value"": 1.0, ""model_input"": 1.0}, {""feature"": ""street_number_diff"", ""shap"": 1.1442798376083374, ""value"": 0.0, ""model_input"": 0.0}, {""feature"": ""name_sim_max_etab"", ""shap"": 0.7839605212211609, ""value"": 0.0, ""model_input"": 0.0}, {""feature"": ""addr_jaro"", ""shap"": 0.6486701369285583, ""value"": 1.0, ""model_input"": 1.0}, {""feature"": ""addr_levenshtein"", ""shap"": 0.5305843949317932, ""value"": 1.0, ""model_input"": 1.0}, {""feature"": ""name_addr_consistency"", ""shap"": -0.5184693932533264, ""value"": 0.4949341438703141, ""model_input"": 0.4949341438703141}, {""feature"": ""name_sim_max_pm_dirigeant"", ""shap"": -0.43480533361434937, ""value"": 0.0, ""model_input"": 0.0}, {""feature"": ""name_length_max"", ""shap"": -0.4230342209339142, ""value"": 7.0, ""model_input"": 7.0}, {""feature"": ""type_of_max_name"", ""shap"": 0.39936795830726624, ""value"": 7.0, ""model_input"": 7.0}]}"
46,Mecanhor,103 Avenue Franklin Roosevelt,69150,DECINES CHARPIEU,95751549700031,0.9998233914375305,MECANHOR,103 AVENUE FRANKLIN ROOSEVELT,DECINES-CHARPIEU,69150,69275,OUVERT,2025-01-14 03:27:22,1,"{""bias"": 1.1616770029067993, ""margin"": 8.641080856323242, ""prob_from_margin"": 0.9998233353996931, ""top"": [{""feature"": ""name_semantic_max"", ""shap"": 2.1152894496917725, ""value"": 0.8701701760292053, ""model_input"": 0.8701701760292053}, {""feature"": ""token_overlap_ul"", ""shap"": 0.9514157176017761, ""value"": 1.0, ""model_input"": 1.0}, {""feature"": ""name_token_overlap_max"", ""shap"": 0.871385931968689, ""value"": 1.0, ""model_input"": 1.0}, {""feature"": ""name_crm_contains_cand_max"", ""shap"": 0.6107637882232666, ""value"": 1.0, ""model_input"": 1.0}, {""feature"": ""addr_token_overlap"", ""shap"": 0.5219951272010803, ""value"": 1.0, ""model_input"": 1.0}, {""feature"": ""street_number_diff"", ""shap"": 0.5218824148178101, ""value"": 0.0, ""model_input"": 0.0}, {""feature"": ""name_sim_max_etab"", ""shap"": 0.38230255246162415, ""value"": 0.4305555555555555, ""model_input"": 0.4305555555555555}, {""feature"": ""name_sim_max_pm_dirigeant"", ""shap"": 0.35053834319114685, ""value"": 0.4305555555555555, ""model_input"": 0.4305555555555555}, {""feature"": ""is_siege"", ""shap"": 0.29393139481544495, ""value"": 1.0, ""model_input"": 1.0}, {""feature"": ""addr_jaro"", ""shap"": 0.23893603682518005, ""value"": 1.0, ""model_input"": 1.0}]}"
46,Mecanhor,103 Avenue Franklin Roosevelt,69150,DECINES CHARPIEU,34275117900025,0.9951122403144836,TMI,103 AVENUE FRANKLIN ROOSEVELT,DECINES-CHARPIEU,69150,69275,FERME,2025-02-18 02:10:24,2,"{""bias"": 1.1616770029067993, ""margin"": 5.316108226776123, ""prob_from_margin"": 0.9951121758586934, ""top"": [{""feature"": ""name_semantic_max"", ""shap"": 1.2041890621185303, ""value"": 0.6568523645401001, ""model_input"": 0.6568523645401001}, {""feature"": ""addr_token_overlap"", ""shap"": 0.8692934513092041, ""value"": 1.0, ""model_input"": 1.0}, {""feature"": ""name_sim_max_etab"", ""shap"": 0.8610897660255432, ""value"": 0.0, ""model_input"": 0.0}, {""feature"": ""token_overlap_ul"", ""shap"": 0.836348831653595, ""value"": 1.0, ""model_input"": 1.0}, {""feature"": ""street_number_diff"", ""shap"": 0.7407342195510864, ""value"": 0.0, ""model_input"": 0.0}, {""feature"": ""name_token_overlap_max"", ""shap"": 0.604450523853302, ""value"": 0.3333333333333333, ""model_input"": 0.3333333333333333}, {""feature"": ""name_sim_max_pm_dirigeant"", ""shap"": -0.5705835223197937, ""value"": 0.0, ""model_input"": 0.0}, {""feature"": ""name_semantic_second"", ""shap"": -0.3203357756137848, ""value"": 0.4308512210845947, ""model_input"": 0.4308512210845947}, {""feature"": ""addr_jaro"", ""shap"": 0.2867352366447449, ""value"": 1.0, ""model_input"": 1.0}, {""feature"": ""name_contains_crm_max"", ""shap"": 0.2821331024169922, ""value"": 1.0, ""model_input"": 1.0}]}"
46,Mecanhor,103 Avenue Franklin Roosevelt,69150,DECINES CHARPIEU,47789736700017,0.923545777797699,I2 P,103 AV FRANKLIN ROOSEVELT,DECINES-CHARPIEU,69150,69275,FERME,2024-03-22 15:40:57,3,"{""bias"": 1.1616770029067993, ""margin"": 2.4915285110473633, ""prob_from_margin"": 0.9235457991128425, ""top"": [{""feature"": ""name_semantic_max"", ""shap"": -2.137235403060913, ""value"": 0.38368740677833557, ""model_input"": 0.38368740677833557}, {""feature"": ""street_number_diff"", ""shap"": 1.0818458795547485, ""value"": 0.0, ""model_input"": 0.0}, {""feature"": ""name_addr_consistency"", ""shap"": 0.965734601020813, ""value"": 0.0, ""model_input"": 0.0}, {""feature"": ""name_sim_max_etab"", ""shap"": 0.8106884956359863, ""value"": 0.0, ""model_input"": 0.0}, {""feature"": ""type_of_max_name"", ""shap"": 0.5920292139053345, ""value"": 7.0, ""model_input"": 7.0}, {""feature"": ""addr_levenshtein"", ""shap"": 0.5715320110321045, ""value"": 0.8620689655172413, ""model_input"": 0.8620689655172413}, {""feature"": ""addr_token_overlap"", ""shap"": 0.5473959445953369, ""value"": 0.6, ""model_input"": 0.6}, {""feature"": ""name_jaro_max"", ""shap"": 0.5085020065307617, ""value"": 0.0, ""model_input"": 0.0}, {""feature"": ""name_sim_max_ul"", ""shap"": -0.4220986068248749, ""value"": 0.0, ""model_input"": 0.0}, {""feature"": ""name_token_overlap_max"", ""shap"": -0.3189341425895691, ""value"": 0.0, ""model_input"": 0.0}]}"
46,Mecanhor,103 Avenue Franklin Roosevelt,69150,DECINES CHARPIEU,47791908800013,0.9087441563606262,I2P,103 AV FRANKLIN ROOSEVELT,DECINES-CHARPIEU,69150,69275,FERME,2025-01-30 02:36:22,4,"{""bias"": 1.1616770029067993, ""margin"": 2.2983975410461426, ""prob_from_margin"": 0.9087442370438996, ""top"": [{""feature"": ""name_semantic_max"", ""shap"": -2.137928009033203, ""value"": 0.38368740677833557, ""model_input"": 0.38368740677833557}, {""feature"": ""street_number_diff"", ""shap"": 1.0819553136825562, ""value"": 0.0, ""model_input"": 0.0}, {""feature"": ""name_addr_consistency"", ""shap"": 0.9692859649658203, ""value"": 0.0, ""model_input"": 0.0}, {""feature"": ""name_sim_max_etab"", ""shap"": 0.8095840215682983, ""value"": 0.0, ""model_input"": 0.0}, {""feature"": ""addr_levenshtein"", ""shap"": 0.6281341314315796, ""value"": 0.8620689655172413, ""model_input"": 0.8620689655172413}, {""feature"": ""type_of_max_name"", ""shap"": 0.5904930233955383, ""value"": 7.0, ""model_input"": 7.0}, {""feature"": ""addr_token_overlap"", ""shap"": 0.5406861901283264, ""value"": 0.6, ""model_input"": 0.6}, {""feature"": ""name_jaro_max"", ""shap"": 0.5382857322692871, ""value"": 0.0, ""model_input"": 0.0}, {""feature"": ""name_sim_max_ul"", ""shap"": -0.4258866608142853, ""value"": 0.0, ""model_input"": 0.0}, {""feature"": ""name_length_max"", ""shap"": -0.38978275656700134, ""value"": 3.0, ""model_input"": 3.0}]}"
46,Mecanhor,103 Avenue Franklin Roosevelt,69150,DECINES CHARPIEU,96950891000011,0.8051674962043762,MECADEC ETS MASSON,213 AVENUE FRANKLIN ROOSEVELT,DECINES-CHARPIEU,69150,69275,FERME,2024-03-30 01:48:57,5,"{""bias"": 1.1616770029067993, ""margin"": 1.4189107418060303, ""prob_from_margin"": 0.8051675982921946, ""top"": [{""feature"": ""name_semantic_max"", ""shap"": 1.064327359199524, ""value"": 0.638992190361023, ""model_input"": 0.638992190361023}, {""feature"": ""street_number_diff"", ""shap"": -1.0160930156707764, ""value"": 110.0, ""model_input"": 110.0}, {""feature"": ""name_sim_max_etab"", ""shap"": 0.8707027435302734, ""value"": 0.0, ""model_input"": 0.0}, {""feature"": ""addr_token_overlap"", ""shap"": 0.5639093518257141, ""value"": 0.6, ""model_input"": 0.6}, {""feature"": ""type_of_max_name"", ""shap"": 0.5251725316047668, ""value"": 7.0, ""model_input"": 7.0}, {""feature"": ""name_token_overlap_max"", ""shap"": -0.44800233840942383, ""value"": 0.0, ""model_input"": 0.0}, {""feature"": ""token_overlap_ul"", ""shap"": -0.4278811514377594, ""value"": 0.0, ""model_input"": 0.0}, {""feature"": ""name_semantic_second"", ""shap"": -0.40218257904052734, ""value"": 0.0, ""model_input"": 0.0}, {""feature"": ""name_sim_max_pm_dirigeant"", ""shap"": -0.3842463791370392, ""value"": 0.0, ""model_input"": 0.0}, {""feature"": ""name_addr_consistency"", ""shap"": -0.3414265513420105, ""value"": 0.560876968922946, ""model_input"": 0.560876968922946}]}"
76,OLYMPIQUE LYONNAIS,10 Avenue Simone Veil,69150,DECINES CHARPIEU,38507188100093,0.9998016953468323,OLYMPIQUE LYONNAIS,10 AVENUE SIMONE VEIL,DECINES-CHARPIEU,69150,69275,OUVERT,2025-08-04 12:46:59,1,"{""bias"": 1.1616770029067993, ""margin"": 8.525189399719238, ""prob_from_margin"": 0.9998016322223169, ""top"": [{""feature"": ""name_semantic_max"", ""shap"": 2.2435219287872314, ""value"": 1.0, ""model_input"": 1.0}, {""feature"": ""token_overlap_ul"", ""shap"": 0.9679691791534424, ""value"": 1.0, ""model_input"": 1.0}, {""feature"": ""name_token_overlap_max"", ""shap"": 0.9045555591583252, ""value"": 1.0, ""model_input"": 1.0}, {""feature"": ""name_crm_contains_cand_max"", ""shap"": 0.6932639479637146, ""value"": 1.0, ""model_input"": 1.0}, {""feature"": ""name_sim_max_pm_dirigeant"", ""shap"": 0.6237514615058899, ""value"": 0.5133442265795206, ""model_input"": 0.5133442265795206}, {""feature"": ""addr_token_overlap"", ""shap"": 0.5124592185020447, ""value"": 1.0, ""model_input"": 1.0}, {""feature"": ""street_number_diff"", ""shap"": 0.47394803166389465, ""value"": 0.0, ""model_input"": 0.0}, {""feature"": ""is_siege"", ""shap"": 0.3669767677783966, ""value"": 1.0, ""model_input"": 1.0}, {""feature"": ""name_addr_consistency"", ""shap"": 0.29607924818992615, ""value"": 1.0, ""model_input"": 1.0}, {""feature"": ""name_semantic_second"", ""shap"": -0.2837207615375519, ""value"": 0.415500283241272, ""model_input"": 0.415500283241272}]}"
76,OLYMPIQUE LYONNAIS,10 Avenue Simone Veil,69150,DECINES CHARPIEU,38507188100119,0.9994902610778809,OL STADE,10 AVENUE SIMONE VEIL,DECINES-CHARPIEU,69150,69275,OUVERT,2025-03-27 11:47:14,2,"{""bias"": 1.1616770029067993, ""margin"": 7.581247329711914, ""prob_from_margin"": 0.9994903351089187, ""top"": [{""feature"": ""name_semantic_max"", ""shap"": 2.1737453937530518, ""value"": 1.0, ""model_input"": 1.0}, {""feature"": ""name_token_overlap_max"", ""shap"": 0.838541567325592, ""value"": 1.0, ""model_input"": 1.0}, {""feature"": ""token_overlap_ul"", ""shap"": 0.7785082459449768, ""value"": 1.0, ""model_input"": 1.0}, {""feature"": ""addr_token_overlap"", ""shap"": 0.6537899374961853, ""value"": 1.0, ""model_input"": 1.0}, {""feature"": ""name_crm_contains_cand_max"", ""shap"": 0.5764768123626709, ""value"": 1.0, ""model_input"": 1.0}, {""feature"": ""name_sim_max_pm_dirigeant"", ""shap"": 0.5707435607910156, ""value"": 0.5133442265795206, ""model_input"": 0.5133442265795206}, {""feature"": ""street_number_diff"", ""shap"": 0.5102806091308594, ""value"": 0.0, ""model_input"": 0.0}, {""feature"": ""is_siege"", ""shap"": -0.46546968817710876, ""value"": 0.0, ""model_input"": 0.0}, {""feature"": ""name_semantic_second"", ""shap"": 0.3707415759563446, ""value"": 0.6160933971405029, ""model_input"": 0.6160933971405029}, {""feature"": ""name_count"", ""shap"": -0.35246890783309937, ""value"": 5.0, ""model_input"": 5.0}]}"
76,OLYMPIQUE LYONNAIS,10 Avenue Simone Veil,69150,DECINES CHARPIEU,77984556900069,0.9991699457168579,OLYMPIQUE LYONNAIS SECTION FOOT BALL,10 AVENUE SIMONE VEIL,DECINES-CHARPIEU,69150,69275,OUVERT,2025-01-21 03:22:32,3,"{""bias"": 1.1616770029067993, ""margin"": 7.093191146850586, ""prob_from_margin"": 0.9991699474484741, ""top"": [{""feature"": ""name_semantic_max"", ""shap"": 1.5664422512054443, ""value"": 0.7192989587783813, ""model_input"": 0.7192989587783813}, {""feature"": ""name_sim_max_etab"", ""shap"": 1.2343322038650513, ""value"": 0.0, ""model_input"": 0.0}, {""feature"": ""addr_token_overlap"", ""shap"": 0.7628405094146729, ""value"": 1.0, ""model_input"": 1.0}, {""feature"": ""token_overlap_ul"", ""shap"": 0.726102888584137, ""value"": 1.0, ""model_input"": 1.0}, {""feature"": ""street_number_diff"", ""shap"": 0.6329927444458008, ""value"": 0.0, ""model_input"": 0.0}, {""feature"": ""name_token_overlap_max"", ""shap"": 0.5807772874832153, ""value"": 0.4, ""model_input"": 0.4}, {""feature"": ""name_sim_max_pm_dirigeant"", ""shap"": -0.4686775803565979, ""value"": 0.0, ""model_input"": 0.0}, {""feature"": ""name_jaro_gap"", ""shap"": 0.46651768684387207, ""value"": 0.9, ""model_input"": 0.9}, {""feature"": ""name_addr_consistency"", ""shap"": 0.2928031384944916, ""value"": 0.9, ""model_input"": 0.9}, {""feature"": ""addr_levenshtein"", ""shap"": 0.2780499756336212, ""value"": 1.0, ""model_input"": 1.0}]}"
76,OLYMPIQUE LYONNAIS,10 Avenue Simone Veil,69150,DECINES CHARPIEU,95352154900014,0.9987396597862244,OL FEMININ,10 AVENUE SIMONE VEIL,DECINES-CHARPIEU,69150,69275,OUVERT,2025-10-20 18:06:48,4,"{""bias"": 1.1616770029067993, ""margin"": 6.6751322746276855, ""prob_from_margin"": 0.9987396847422494, ""top"": [{""feature"": ""name_semantic_max"", ""shap"": 2.1258468627929688, ""value"": 0.788575291633606, ""model_input"": 0.788575291633606}, {""feature"": ""name_token_overlap_max"", ""shap"": 0.9480621218681335, ""value"": 0.6666666666666666, ""model_input"": 0.6666666666666666}, {""feature"": ""token_overlap_ul"", ""shap"": 0.8518879413604736, ""value"": 1.0, ""model_input"": 1.0}, {""feature"": ""name_sim_max_etab"", ""shap"": -0.70079106092453, ""value"": 0.6888888888888888, ""model_input"": 0.6888888888888888}, {""feature"": ""addr_token_overlap"", ""shap"": 0.5873628258705139, ""value"": 1.0, ""model_input"": 1.0}, {""feature"": ""street_number_diff"", ""shap"": 0.5124025940895081, ""value"": 0.0, ""model_input"": 0.0}, {""feature"": ""name_sim_max_pm_dirigeant"", ""shap"": 0.31544890999794006, ""value"": 0.47222222222222215, ""model_input"": 0.47222222222222215}, {""feature"": ""name_addr_consistency"", ""shap"": 0.26498153805732727, ""value"": 0.9384615384615385, ""model_input"": 0.9384615384615385}, {""feature"": ""is_siege"", ""shap"": 0.24725432693958282, ""value"": 1.0, ""model_input"": 1.0}, {""feature"": ""addr_jaro"", ""shap"": 0.2243906557559967, ""value"": 1.0, ""model_input"": 1.0}]}"
76,OLYMPIQUE LYONNAIS,10 Avenue Simone Veil,69150,DECINES CHARPIEU,38507188100085,0.9986513257026672,OL IMAGES,10 AVENUE SIMONE VEIL,DECINES-CHARPIEU,69150,69275,OUVERT,2025-01-15 03:10:45,5,"{""bias"": 1.1616770029067993, ""margin"": 6.607262134552002, ""prob_from_margin"": 0.9986512968098076, ""top"": [{""feature"": ""name_semantic_max"", ""shap"": 2.369734525680542, ""value"": 1.0, ""model_input"": 1.0}, {""feature"": ""name_token_overlap_max"", ""shap"": 0.8770079016685486, ""value"": 1.0, ""model_input"": 1.0}, {""feature"": ""token_overlap_ul"", ""shap"": 0.7697484493255615, ""value"": 1.0, ""model_input"": 1.0}, {""feature"": ""addr_token_overlap"", ""shap"": 0.6465667486190796, ""value"": 1.0, ""model_input"": 1.0}, {""feature"": ""name_count"", ""shap"": -0.6373775005340576, ""value"": 6.0, ""model_input"": 6.0}, {""feature"": ""name_crm_contains_cand_max"", ""shap"": 0.5454748868942261, ""value"": 1.0, ""model_input"": 1.0}, {""feature"": ""name_sim_max_pm_dirigeant"", ""shap"": 0.5195031762123108, ""value"": 0.5133442265795206, ""model_input"": 0.5133442265795206}, {""feature"": ""is_siege"", ""shap"": -0.4766247570514679, ""value"": 0.0, ""model_input"": 0.0}, {""feature"": ""name_sim_max_etab"", ""shap"": -0.43017885088920593, ""value"": 0.6111111111111112, ""model_input"": 0.6111111111111112}, {""feature"": ""street_number_diff"", ""shap"": 0.39792925119400024, ""value"": 0.0, ""model_input"": 0.0}]}"
96,OREXAD BRAMMER SOL 69,33 Avenue Franklin Roosevelt,69150,DECINES CHARPIEU,31413618500035,0.9886038303375244,SOLYRO,33 AVENUE FRANKLIN ROOSEVELT,DECINES-CHARPIEU,69150,69275,OUVERT,2025-01-23 03:11:19,1,"{""bias"": 1.1616770029067993, ""margin"": 4.463016033172607, ""prob_from_margin"": 0.9886038265320201, ""top"": [{""feature"": ""name_semantic_max"", ""shap"": 1.863625407218933, ""value"": 0.6872401237487793, ""model_input"": 0.6872401237487793}, {""feature"": ""street_number_diff"", ""shap"": 1.0830833911895752, ""value"": 0.0, ""model_input"": 0.0}, {""feature"": ""addr_token_overlap"", ""shap"": 1.0148375034332275, ""value"": 1.0, ""model_input"": 1.0}, {""feature"": ""name_semantic_second"", ""shap"": 0.6948009729385376, ""value"": 0.6872401237487793, ""model_input"": 0.6872401237487793}, {""feature"": ""addr_levenshtein"", ""shap"": 0.4244947135448456, ""value"": 1.0, ""model_input"": 1.0}, {""feature"": ""name_addr_consistency"", ""shap"": -0.3762001395225525, ""value"": 0.5293650793650794, ""model_input"": 0.5293650793650794}, {""feature"": ""name_semantic_gap"", ""shap"": -0.36455193161964417, ""value"": 0.0, ""model_input"": 0.0}, {""feature"": ""name_token_overlap_max"", ""shap"": -0.3285467028617859, ""value"": 0.0, ""model_input"": 0.0}, {""feature"": ""addr_jaro"", ""shap"": 0.32285255193710327, ""value"": 1.0, ""model_input"": 1.0}, {""feature"": ""name_count"", ""shap"": -0.31422901153564453, ""value"": 4.0, ""model_input"": 4.0}]}"
96,OREXAD BRAMMER SOL 69,33 Avenue Franklin Roosevelt,69150,DECINES CHARPIEU,39950094100030,0.9306326508522034,HYBELE,33 AVENUE FRANKLIN ROOSEVELT,DECINES-CHARPIEU,69150,69275,OUVERT,2025-03-02 02:10:13,2,"{""bias"": 1.1616770029067993, ""margin"": 2.5964484214782715, ""prob_from_margin"": 0.9306326560364464, ""top"": [{""feature"": ""name_semantic_max"", ""shap"": -2.1462786197662354, ""value"": 0.3817219138145447, ""model_input"": 0.3817219138145447}, {""feature"": ""addr_token_overlap"", ""shap"": 1.2047882080078125, ""value"": 1.0, ""model_input"": 1.0}, {""feature"": ""street_number_diff"", ""shap"": 1.1169081926345825, ""value"": 0.0, ""model_input"": 0.0}, {""feature"": ""addr_jaro"", ""shap"": 0.7361968755722046, ""value"": 1.0, ""model_input"": 1.0}, {""feature"": ""name_sim_max_etab"", ""shap"": 0.7248828411102295, ""value"": 0.0, ""model_input"": 0.0}, {""feature"": ""addr_levenshtein"", ""shap"": 0.5782877206802368, ""value"": 1.0, ""model_input"": 1.0}, {""feature"": ""type_of_max_name"", ""shap"": 0.39991578459739685, ""value"": 7.0, ""model_input"": 7.0}, {""feature"": ""name_sim_max_pm_dirigeant"", ""shap"": -0.3886432945728302, ""value"": 0.0, ""model_input"": 0.0}, {""feature"": ""name_semantic_second"", ""shap"": -0.35968106985092163, ""value"": 0.0, ""model_input"": 0.0}, {""feature"": ""name_token_overlap_max"", ""shap"": -0.33912181854248047, ""value"": 0.0, ""model_input"": 0.0}]}"
96,OREXAD BRAMMER SOL 69,33 Avenue Franklin Roosevelt,69150,DECINES CHARPIEU,41028737900060,0.8766449093818665,HEXCEL REINFORCEMENTS,33 AVENUE FRANKLIN ROOSEVELT,DECINES-CHARPIEU,69150,69275,FERME,2024-03-29 23:57:35,3,"{""bias"": 1.1616770029067993, ""margin"": 1.9610350131988525, ""prob_from_margin"": 0.8766449209556918, ""top"": [{""feature"": ""name_semantic_max"", ""shap"": -2.0333924293518066, ""value"": 0.4522954821586609, ""model_input"": 0.4522954821586609}, {""feature"": ""addr_token_overlap"", ""shap"": 1.2860220670700073, ""value"": 1.0, ""model_input"": 1.0}, {""feature"": ""street_number_diff"", ""shap"": 1.0317621231079102, ""value"": 0.0, ""model_input"": 0.0}, {""feature"": ""name_sim_max_pm_dirigeant"", ""shap"": 0.7270002961158752, ""value"": 0.5036576949620427, ""model_input"": 0.5036576949620427}, {""feature"": ""addr_jaro"", ""shap"": 0.6510143876075745, ""value"": 1.0, ""model_input"": 1.0}, {""feature"": ""type_of_max_name"", ""shap"": 0.4781686067581177, ""value"": 7.0, ""model_input"": 7.0}, {""feature"": ""addr_levenshtein"", ""shap"": 0.4467652440071106, ""value"": 1.0, ""model_input"": 1.0}, {""feature"": ""name_addr_consistency"", ""shap"": -0.4405559301376343, ""value"": 0.5079365079365079, ""model_input"": 0.5079365079365079}, {""feature"": ""name_token_overlap_max"", ""shap"": -0.31203174591064453, ""value"": 0.0, ""model_input"": 0.0}, {""feature"": ""name_jaro_gap"", ""shap"": -0.2898818552494049, ""value"": 0.004278812974465196, ""model_input"": 0.004278812974465196}]}"
96,OREXAD BRAMMER SOL 69,33 Avenue Franklin Roosevelt,69150,DECINES CHARPIEU,31525302100036,0.7805117964744568,CONFECTION & DIFFUSION STORES & RIDEAUX,33 AV FRANKLIN ROOSEVELT,DECINES-CHARPIEU,69150,69275,FERME,2024-03-22 15:40:57,4,"{""bias"": 1.1616770029067993, ""margin"": 1.2686512470245361, ""prob_from_margin"": 0.7805117762213258, ""top"": [{""feature"": ""name_semantic_max"", ""shap"": -2.1411209106445312, ""value"": 0.4330502152442932, ""model_input"": 0.4330502152442932}, {""feature"": ""street_number_diff"", ""shap"": 1.1996883153915405, ""value"": 0.0, ""model_input"": 0.0}, {""feature"": ""type_of_max_name"", ""shap"": 0.8476740717887878, ""value"": 7.0, ""model_input"": 7.0}, {""feature"": ""name_sim_max_etab"", ""shap"": 0.7741299271583557, ""value"": 0.0, ""model_input"": 0.0}, {""feature"": ""addr_token_overlap"", ""shap"": 0.6441938281059265, ""value"": 0.6, ""model_input"": 0.6}, {""feature"": ""addr_levenshtein"", ""shap"": 0.5860093832015991, ""value"": 0.8571428571428572, ""model_input"": 0.8571428571428572}, {""feature"": ""name_addr_consistency"", ""shap"": -0.5422779321670532, ""value"": 0.43205418919704625, ""model_input"": 0.43205418919704625}, {""feature"": ""name_semantic_second"", ""shap"": -0.38657382130622864, ""value"": 0.0, ""model_input"": 0.0}, {""feature"": ""name_token_overlap_max"", ""shap"": -0.38460034132003784, ""value"": 0.0, ""model_input"": 0.0}, {""feature"": ""name_sim_max_pm_dirigeant"", ""shap"": -0.2884773910045624, ""value"": 0.0, ""model_input"": 0.0}]}"
96,OREXAD BRAMMER SOL 69,33 Avenue Franklin Roosevelt,69150,DECINES CHARPIEU,95550951800044,0.7357070446014404,RUBANTEX,73 AVENUE FRANKLIN ROOSEVELT,DECINES-CHARPIEU,69150,69275,FERME,2024-03-30 07:39:58,5,"{""bias"": 1.1616770029067993, ""margin"": 1.0237739086151123, ""prob_from_margin"": 0.73570705895078, ""top"": [{""feature"": ""street_number_diff"", ""shap"": -1.092391848564148, ""value"": 40.0, ""model_input"": 40.0}, {""feature"": ""name_sim_max_etab"", ""shap"": 0.8539692163467407, ""value"": 0.0, ""model_input"": 0.0}, {""feature"": ""name_semantic_max"", ""shap"": 0.6826021671295166, ""value"": 0.6259316205978394, ""model_input"": 0.6259316205978394}, {""feature"": ""addr_token_overlap"", ""shap"": 0.6175321936607361, ""value"": 0.6, ""model_input"": 0.6}, {""feature"": ""name_addr_consistency"", ""shap"": -0.5045629739761353, ""value"": 0.47608654572940295, ""model_input"": 0.47608654572940295}, {""feature"": ""type_of_max_name"", ""shap"": 0.4913978576660156, ""value"": 7.0, ""model_input"": 7.0}, {""feature"": ""name_length_max"", ""shap"": -0.46798527240753174, ""value"": 8.0, ""model_input"": 8.0}, {""feature"": ""name_token_overlap_max"", ""shap"": -0.462512344121933, ""value"": 0.0, ""model_input"": 0.0}, {""feature"": ""addr_levenshtein"", ""shap"": 0.40515366196632385, ""value"": 0.9642857142857143, ""model_input"": 0.9642857142857143}, {""feature"": ""token_overlap_ul"", ""shap"": -0.3656374216079712, ""value"": 0.0, ""model_input"": 0.0}]}"
88,OREXAD CORBAS,4 rue du Mont Blanc,69960,CORBAS,32095539602898,0.9963334798812866,RUBIX CORBAS,4 RUE DU MONT BLANC,CORBAS,69960,69273,OUVERT,2024-03-30 04:20:07,1,"{""bias"": 1.1616770029067993, ""margin"": 5.604832649230957, ""prob_from_margin"": 0.9963334566631189, ""top"": [{""feature"": ""name_semantic_max"", ""shap"": 2.12673282623291, ""value"": 0.7756854295730591, ""model_input"": 0.7756854295730591}, {""feature"": ""addr_token_overlap"", ""shap"": 0.9168919324874878, ""value"": 1.0, ""model_input"": 1.0}, {""feature"": ""street_number_diff"", ""shap"": 0.7807129621505737, ""value"": 0.0, ""model_input"": 0.0}, {""feature"": ""name_semantic_second"", ""shap"": 0.7278414368629456, ""value"": 0.7329121828079224, ""model_input"": 0.7329121828079224}, {""feature"": ""name_city_overlap_max"", ""shap"": 0.49748313426971436, ""value"": 0.5, ""model_input"": 0.5}, {""feature"": ""addr_jaro"", ""shap"": 0.39187926054000854, ""value"": 1.0, ""model_input"": 1.0}, {""feature"": ""is_siege"", ""shap"": -0.3832842707633972, ""value"": 0.0, ""model_input"": 0.0}, {""feature"": ""name_sim_max_pm_dirigeant"", ""shap"": 0.3502807915210724, ""value"": 0.4365079365079365, ""model_input"": 0.4365079365079365}, {""feature"": ""name_token_overlap_max"", ""shap"": -0.3236010670661926, ""value"": 0.0, ""model_input"": 0.0}, {""feature"": ""name_count"", ""shap"": -0.30580782890319824, ""value"": 4.0, ""model_input"": 4.0}]}"
88,OREXAD CORBAS,4 rue du Mont Blanc,69960,CORBAS,53104274500020,0.9781103730201721,FLPG SOFTWARE,4 RUE DU MONT BLANC,CORBAS,69960,69273,FERME,2025-01-15 02:37:49,2,"{""bias"": 1.1616770029067993, ""margin"": 3.799607753753662, ""prob_from_margin"": 0.9781103324464706, ""top"": [{""feature"": ""addr_token_overlap"", ""shap"": 1.3711626529693604, ""value"": 1.0, ""model_input"": 1.0}, {""feature"": ""name_semantic_max"", ""shap"": -1.2099539041519165, ""value"": 0.5138469934463501, ""model_input"": 0.5138469934463501}, {""feature"": ""street_number_diff"", ""shap"": 0.9359139204025269, ""value"": 0.0, ""model_input"": 0.0}, {""feature"": ""name_sim_max_etab"", ""shap"": 0.8207452297210693, ""value"": 0.0, ""model_input"": 0.0}, {""feature"": ""addr_jaro"", ""shap"": 0.7761606574058533, ""value"": 1.0, ""model_input"": 1.0}, {""feature"": ""name_sim_max_ul"", ""shap"": -0.6899905204772949, ""value"": 0.0, ""model_input"": 0.0}, {""feature"": ""addr_levenshtein"", ""shap"": 0.5935705900192261, ""value"": 1.0, ""model_input"": 1.0}, {""feature"": ""name_jaro_max"", ""shap"": 0.5199779868125916, ""value"": 0.0, ""model_input"": 0.0}, {""feature"": ""name_addr_consistency"", ""shap"": 0.5159890651702881, ""value"": 0.0, ""model_input"": 0.0}, {""feature"": ""type_of_max_name"", ""shap"": 0.4984564185142517, ""value"": 7.0, ""model_input"": 7.0}]}"
88,OREXAD CORBAS,4 rue du Mont Blanc,69960,CORBAS,44107723700010,0.9766570329666138,GEMLOG (GPT EMPLOYEURS LOGISTIQUE ),4 RUE DU MONT BLANC,CORBAS,69960,69273,FERME,2025-01-29 02:46:49,3,"{""bias"": 1.1616770029067993, ""margin"": 3.7338414192199707, ""prob_from_margin"": 0.9766570696900505, ""top"": [{""feature"": ""name_semantic_max"", ""shap"": -1.5292267799377441, ""value"": 0.4408892095088959, ""model_input"": 0.4408892095088959}, {""feature"": ""addr_token_overlap"", ""shap"": 1.366714358329773, ""value"": 1.0, ""model_input"": 1.0}, {""feature"": ""street_number_diff"", ""shap"": 0.9261687397956848, ""value"": 0.0, ""model_input"": 0.0}, {""feature"": ""name_sim_max_etab"", ""shap"": 0.8385154008865356, ""value"": 0.0, ""model_input"": 0.0}, {""feature"": ""addr_jaro"", ""shap"": 0.6745734810829163, ""value"": 1.0, ""model_input"": 1.0}, {""feature"": ""addr_levenshtein"", ""shap"": 0.5344029664993286, ""value"": 1.0, ""model_input"": 1.0}, {""feature"": ""name_jaro_max"", ""shap"": 0.5207744240760803, ""value"": 0.2968253968253968, ""model_input"": 0.2968253968253968}, {""feature"": ""name_sim_max_ul"", ""shap"": -0.4301616847515106, ""value"": 0.2968253968253968, ""model_input"": 0.2968253968253968}, {""feature"": ""name_addr_consistency"", ""shap"": 0.41687533259391785, ""value"": 0.2968253968253968, ""model_input"": 0.2968253968253968}, {""feature"": ""name_semantic_second"", ""shap"": -0.35720935463905334, ""value"": 0.0, ""model_input"": 0.0}]}"
88,OREXAD CORBAS,4 rue du Mont Blanc,69960,CORBAS,96850465400029,0.9746482968330383,M.R.J.,4 RUE DU MONT BLANC,CORBAS,69960,69273,FERME,2024-03-30 15:45:23,4,"{""bias"": 1.1616770029067993, ""margin"": 3.649230480194092, ""prob_from_margin"": 0.9746482896506866, ""top"": [{""feature"": ""addr_token_overlap"", ""shap"": 1.2940261363983154, ""value"": 1.0, ""model_input"": 1.0}, {""feature"": ""street_number_diff"", ""shap"": 1.0901198387145996, ""value"": 0.0, ""model_input"": 0.0}, {""feature"": ""name_sim_max_pm_dirigeant"", ""shap"": 0.8304233551025391, ""value"": 0.5418803418803418, ""model_input"": 0.5418803418803418}, {""feature"": ""addr_jaro"", ""shap"": 0.6293826103210449, ""value"": 1.0, ""model_input"": 1.0}, {""feature"": ""name_semantic_max"", ""shap"": 0.45329684019088745, ""value"": 0.5966792106628418, ""model_input"": 0.5966792106628418}, {""feature"": ""addr_levenshtein"", ""shap"": 0.41371896862983704, ""value"": 1.0, ""model_input"": 1.0}, {""feature"": ""name_count"", ""shap"": -0.4097120463848114, ""value"": 4.0, ""model_input"": 4.0}, {""feature"": ""type_of_max_name"", ""shap"": 0.37901571393013, ""value"": 4.0, ""model_input"": 4.0}, {""feature"": ""name_semantic_second"", ""shap"": -0.35966649651527405, ""value"": 0.37608322501182556, ""model_input"": 0.37608322501182556}, {""feature"": ""name_token_overlap_max"", ""shap"": -0.32406216859817505, ""value"": 0.0, ""model_input"": 0.0}]}"
88,OREXAD CORBAS,4 rue du Mont Blanc,69960,CORBAS,89503864400038,0.9745714068412781,MIM FRET,4 RUE DU MONT BLANC,CORBAS,69960,69273,OUVERT,2025-07-06 02:07:31,5,"{""bias"": 1.1616770029067993, ""margin"": 3.6461262702941895, ""prob_from_margin"": 0.9745714746065458, ""top"": [{""feature"": ""name_semantic_max"", ""shap"": -2.170254707336426, ""value"": 0.3327066898345947, ""model_input"": 0.3327066898345947}, {""feature"": ""addr_token_overlap"", ""shap"": 1.3321892023086548, ""value"": 1.0, ""model_input"": 1.0}, {""feature"": ""name_addr_consistency"", ""shap"": 1.2154762744903564, ""value"": 0.0, ""model_input"": 0.0}, {""feature"": ""street_number_diff"", ""shap"": 0.9615625143051147, ""value"": 0.0, ""model_input"": 0.0}, {""feature"": ""addr_jaro"", ""shap"": 0.8837831616401672, ""value"": 1.0, ""model_input"": 1.0}, {""feature"": ""name_sim_max_etab"", ""shap"": 0.8749107718467712, ""value"": 0.0, ""model_input"": 0.0}, {""feature"": ""addr_levenshtein"", ""shap"": 0.6529295444488525, ""value"": 1.0, ""model_input"": 1.0}, {""feature"": ""name_jaro_max"", ""shap"": 0.5540894269943237, ""value"": 0.0, ""model_input"": 0.0}, {""feature"": ""name_sim_max_ul"", ""shap"": -0.47879913449287415, ""value"": 0.0, ""model_input"": 0.0}, {""feature"": ""name_semantic_second"", ""shap"": -0.36006301641464233, ""value"": 0.0, ""model_input"": 0.0}]}"
101,PAACK LOGISTICS CORBAS,32 Rue Colière,69960,CORBAS,84144832700087,0.9995991587638855,PAACK,32 RUE COLIERE,CORBAS,69960,69273,OUVERT,2024-03-30 14:46:51,1,"{""bias"": 1.1616770029067993, ""margin"": 7.8214335441589355, ""prob_from_margin"": 0.9995991144208347, ""top"": [{""feature"": ""name_semantic_max"", ""shap"": 2.4814555644989014, ""value"": 0.928650975227356, ""model_input"": 0.928650975227356}, {""feature"": ""name_token_overlap_max"", ""shap"": 0.7944639325141907, ""value"": 0.5, ""model_input"": 0.5}, {""feature"": ""addr_token_overlap"", ""shap"": 0.6796399354934692, ""value"": 1.0, ""model_input"": 1.0}, {""feature"": ""street_number_diff"", ""shap"": 0.6656121611595154, ""value"": 0.0, ""model_input"": 0.0}, {""feature"": ""name_sim_max_etab"", ""shap"": 0.6095758676528931, ""value"": 0.4052631578947368, ""model_input"": 0.4052631578947368}, {""feature"": ""name_semantic_second"", ""shap"": 0.5476959943771362, ""value"": 0.8338963389396667, ""model_input"": 0.8338963389396667}, {""feature"": ""name_crm_contains_cand_max"", ""shap"": 0.47240954637527466, ""value"": 1.0, ""model_input"": 1.0}, {""feature"": ""addr_jaro"", ""shap"": 0.3311867117881775, ""value"": 1.0, ""model_input"": 1.0}, {""feature"": ""is_siege"", ""shap"": -0.2984936237335205, ""value"": 0.0, ""model_input"": 0.0}, {""feature"": ""name_addr_consistency"", ""shap"": 0.25157690048217773, ""value"": 0.9228011204481793, ""model_input"": 0.9228011204481793}]}"
101,PAACK LOGISTICS CORBAS,32 Rue Colière,69960,CORBAS,79146066000065,0.943777322769165,UTOPYA,32 RUE COLIERE,CORBAS,69960,69273,OUVERT,2025-02-05 02:16:53,2,"{""bias"": 1.1616770029067993, ""margin"": 2.8205695152282715, ""prob_from_margin"": 0.943777293519571, ""top"": [{""feature"": ""name_semantic_max"", ""shap"": -1.5713683366775513, ""value"": 0.456056147813797, ""model_input"": 0.456056147813797}, {""feature"": ""addr_token_overlap"", ""shap"": 1.2816081047058105, ""value"": 1.0, ""model_input"": 1.0}, {""feature"": ""street_number_diff"", ""shap"": 0.9708709716796875, ""value"": 0.0, ""model_input"": 0.0}, {""feature"": ""addr_jaro"", ""shap"": 0.6534079909324646, ""value"": 1.0, ""model_input"": 1.0}, {""feature"": ""name_sim_max_pm_dirigeant"", ""shap"": 0.6507110595703125, ""value"": 0.5255189255189255, ""model_input"": 0.5255189255189255}, {""feature"": ""addr_levenshtein"", ""shap"": 0.5260915756225586, ""value"": 1.0, ""model_input"": 1.0}, {""feature"": ""type_of_max_name"", ""shap"": 0.4543273150920868, ""value"": 4.0, ""model_input"": 4.0}, {""feature"": ""name_token_overlap_max"", ""shap"": -0.3074111342430115, ""value"": 0.0, ""model_input"": 0.0}, {""feature"": ""name_addr_consistency"", ""shap"": -0.3067191541194916, ""value"": 0.5255189255189255, ""model_input"": 0.5255189255189255}, {""feature"": ""token_overlap_ul"", ""shap"": -0.27780765295028687, ""value"": 0.0, ""model_input"": 0.0}]}"
101,PAACK LOGISTICS CORBAS,32 Rue Colière,69960,CORBAS,72080083800123,0.8615329265594482,UNITED TRANSPORT LOGISTICS,AVENUE DE L'INDUSTRIE,CORBAS,69960,69273,FERME,2024-03-30 11:31:12,3,"{""bias"": 1.1616770029067993, ""margin"": 1.8280802965164185, ""prob_from_margin"": 0.8615328766607877, ""top"": [{""feature"": ""name_sim_max_etab"", ""shap"": 0.9273515939712524, ""value"": 0.0, ""model_input"": 0.0}, {""feature"": ""token_overlap_ul"", ""shap"": 0.740327775478363, ""value"": 0.5, ""model_input"": 0.5}, {""feature"": ""type_of_max_name"", ""shap"": 0.701066255569458, ""value"": 7.0, ""model_input"": 7.0}, {""feature"": ""addr_token_overlap"", ""shap"": -0.5232401490211487, ""value"": 0.0, ""model_input"": 0.0}, {""feature"": ""addr_jaro"", ""shap"": -0.46617141366004944, ""value"": 0.5793650793650794, ""model_input"": 0.5793650793650794}, {""feature"": ""name_sim_max_pm_dirigeant"", ""shap"": -0.418097585439682, ""value"": 0.0, ""model_input"": 0.0}, {""feature"": ""name_semantic_second"", ""shap"": -0.3750743567943573, ""value"": 0.0, ""model_input"": 0.0}, {""feature"": ""name_jaro_max"", ""shap"": -0.28109443187713623, ""value"": 0.614957264957265, ""model_input"": 0.614957264957265}, {""feature"": ""street_name_jaro"", ""shap"": 0.27051591873168945, ""value"": 0.536075036075036, ""model_input"": 0.536075036075036}, {""feature"": ""addr_levenshtein"", ""shap"": -0.26728302240371704, ""value"": 0.33333333333333337, ""model_input"": 0.33333333333333337}]}"
101,PAACK LOGISTICS CORBAS,32 Rue Colière,69960,CORBAS,49859693100010,0.8381772041320801,TML,17 AV DU 24 AOUT 1944,CORBAS,69960,69273,FERME,2024-03-22 15:40:57,4,"{""bias"": 1.1616770029067993, ""margin"": 1.6447277069091797, ""prob_from_margin"": 0.8381772111682615, ""top"": [{""feature"": ""street_number_diff"", ""shap"": -0.7392678260803223, ""value"": 15.0, ""model_input"": 15.0}, {""feature"": ""name_semantic_max"", ""shap"": 0.6568946242332458, ""value"": 0.6086426973342896, ""model_input"": 0.6086426973342896}, {""feature"": ""name_sim_max_pm_dirigeant"", ""shap"": 0.6114994883537292, ""value"": 0.5388888888888889, ""model_input"": 0.5388888888888889}, {""feature"": ""token_overlap_ul"", ""shap"": 0.5697721838951111, ""value"": 0.5, ""model_input"": 0.5}, {""feature"": ""type_of_max_name"", ""shap"": 0.5657095909118652, ""value"": 7.0, ""model_input"": 7.0}, {""feature"": ""addr_token_overlap"", ""shap"": -0.4930623769760132, ""value"": 0.0, ""model_input"": 0.0}, {""feature"": ""name_token_overlap_max"", ""shap"": 0.30469441413879395, ""value"": 0.25, ""model_input"": 0.25}, {""feature"": ""is_siege"", ""shap"": -0.29875367879867554, ""value"": 0.0, ""model_input"": 0.0}, {""feature"": ""name_addr_consistency"", ""shap"": 0.2879711985588074, ""value"": 0.3091916519694297, ""model_input"": 0.3091916519694297}, {""feature"": ""addr_jaro"", ""shap"": -0.24102658033370972, ""value"": 0.46507936507936504, ""model_input"": 0.46507936507936504}]}"
101,PAACK LOGISTICS CORBAS,32 Rue Colière,69960,CORBAS,38782068100014,0.7209522128105164,LYON PLANEURS CTRE VOL A VOILE LYONNAIS,RUE COLIERE,CORBAS,69960,69273,FERME,2024-03-22 15:40:57,5,"{""bias"": 1.1616770029067993, ""margin"": 0.9491912126541138, ""prob_from_margin"": 0.7209524952696547, ""top"": [{""feature"": ""name_semantic_max"", ""shap"": -1.5630605220794678, ""value"": 0.49480876326560974, ""model_input"": 0.49480876326560974}, {""feature"": ""type_of_max_name"", ""shap"": 0.8100929856300354, ""value"": 7.0, ""model_input"": 7.0}, {""feature"": ""name_sim_max_etab"", ""shap"": 0.7791029214859009, ""value"": 0.0, ""model_input"": 0.0}, {""feature"": ""addr_token_overlap"", ""shap"": 0.6340724229812622, ""value"": 0.6666666666666666, ""model_input"": 0.6666666666666666}, {""feature"": ""name_token_overlap_max"", ""shap"": -0.4063182473182678, ""value"": 0.0, ""model_input"": 0.0}, {""feature"": ""name_semantic_second"", ""shap"": -0.3597981631755829, ""value"": 0.0, ""model_input"": 0.0}, {""feature"": ""token_overlap_ul"", ""shap"": -0.3411830961704254, ""value"": 0.0, ""model_input"": 0.0}, {""feature"": ""addr_levenshtein"", ""shap"": 0.33121535181999207, ""value"": 0.7857142857142857, ""model_input"": 0.7857142857142857}, {""feature"": ""name_count"", ""shap"": 0.3170556128025055, ""value"": 1.0, ""model_input"": 1.0}, {""feature"": ""name_sim_max_pm_dirigeant"", ""shap"": -0.3167332410812378, ""value"": 0.0, ""model_input"": 0.0}]}"
35,PEINTURE VALBERT SAS,8 Rue Paul et Marc Barbezat,69150,DECINES-CHARPIEU,81269442000025,0.9994495511054993,PEINTURES VALBERT,8 RUE PAUL ET MARC BARBEZAT,DECINES-CHARPIEU,69150,69275,OUVERT,2025-01-24 02:50:28,1,"{""bias"": 1.1616770029067993, ""margin"": 7.504335403442383, ""prob_from_margin"": 0.9994496113778826, ""top"": [{""feature"": ""name_semantic_max"", ""shap"": 2.4753458499908447, ""value"": 0.9536504149436951, ""model_input"": 0.9536504149436951}, {""feature"": ""name_sim_max_pm_dirigeant"", ""shap"": 1.2036975622177124, ""value"": 0.5819444444444445, ""model_input"": 0.5819444444444445}, {""feature"": ""token_overlap_ul"", ""shap"": 0.8203251361846924, ""value"": 1.0, ""model_input"": 1.0}, {""feature"": ""addr_token_overlap"", ""shap"": 0.7266125679016113, ""value"": 1.0, ""model_input"": 1.0}, {""feature"": ""name_token_overlap_max"", ""shap"": 0.5725553035736084, ""value"": 0.3333333333333333, ""model_input"": 0.3333333333333333}, {""feature"": ""street_number_diff"", ""shap"": 0.4923853278160095, ""value"": 0.0, ""model_input"": 0.0}, {""feature"": ""is_siege"", ""shap"": -0.3398352265357971, ""value"": 0.0, ""model_input"": 0.0}, {""feature"": ""name_addr_consistency"", ""shap"": 0.27924612164497375, ""value"": 0.9882352941176471, ""model_input"": 0.9882352941176471}, {""feature"": ""addr_jaro"", ""shap"": 0.2478805035352707, ""value"": 1.0, ""model_input"": 1.0}, {""feature"": ""name_sim_max_etab"", ""shap"": -0.23131707310676575, ""value"": 0.5819444444444445, ""model_input"": 0.5819444444444445}]}"
35,PEINTURE VALBERT SAS,8 Rue Paul et Marc Barbezat,69150,DECINES-CHARPIEU,38394592000023,0.9893010258674622,JUHEM,8 RUE PAUL ET MARC BARBEZAT,DECINES-CHARPIEU,69150,69275,OUVERT,2025-02-11 02:12:20,2,"{""bias"": 1.1616770029067993, ""margin"": 4.52685022354126, ""prob_from_margin"": 0.9893010197883279, ""top"": [{""feature"": ""name_semantic_max"", ""shap"": -1.519418478012085, ""value"": 0.4416044354438782, ""model_input"": 0.4416044354438782}, {""feature"": ""addr_token_overlap"", ""shap"": 1.2168949842453003, ""value"": 1.0, ""model_input"": 1.0}, {""feature"": ""street_number_diff"", ""shap"": 0.9478296637535095, ""value"": 0.0, ""model_input"": 0.0}, {""feature"": ""addr_jaro"", ""shap"": 0.7799893617630005, ""value"": 1.0, ""model_input"": 1.0}, {""feature"": ""name_jaro_max"", ""shap"": 0.7337482571601868, ""value"": 0.3416666666666666, ""model_input"": 0.3416666666666666}, {""feature"": ""name_sim_max_etab"", ""shap"": 0.731967031955719, ""value"": 0.0, ""model_input"": 0.0}, {""feature"": ""name_addr_consistency"", ""shap"": 0.6985320448875427, ""value"": 0.3416666666666666, ""model_input"": 0.3416666666666666}, {""feature"": ""addr_levenshtein"", ""shap"": 0.5540199279785156, ""value"": 1.0, ""model_input"": 1.0}, {""feature"": ""type_of_max_name"", ""shap"": 0.3699289560317993, ""value"": 7.0, ""model_input"": 7.0}, {""feature"": ""name_count"", ""shap"": 0.3212329149246216, ""value"": 1.0, ""model_input"": 1.0}]}"
35,PEINTURE VALBERT SAS,8 Rue Paul et Marc Barbezat,69150,DECINES-CHARPIEU,54001848800028,0.9807631969451904,SOLUTION PEINTURE DISTRIBUTION,45 AVENUE FRANKLIN ROOSEVELT,DECINES-CHARPIEU,69150,69275,OUVERT,2025-11-09 02:07:24,3,"{""bias"": 1.1616770029067993, ""margin"": 3.9315075874328613, ""prob_from_margin"": 0.9807632312166064, ""top"": [{""feature"": ""name_sim_max_etab"", ""shap"": 1.0918272733688354, ""value"": 0.0, ""model_input"": 0.0}, {""feature"": ""type_of_max_name"", ""shap"": 0.876237690448761, ""value"": 7.0, ""model_input"": 7.0}, {""feature"": ""name_semantic_max"", ""shap"": 0.77687668800354, ""value"": 0.6306696534156799, ""model_input"": 0.6306696534156799}, {""feature"": ""token_overlap_ul"", ""shap"": 0.6791259050369263, ""value"": 0.5, ""model_input"": 0.5}, {""feature"": ""name_sim_max_pm_dirigeant"", ""shap"": -0.4400470554828644, ""value"": 0.0, ""model_input"": 0.0}, {""feature"": ""name_length_max"", ""shap"": 0.3527335822582245, ""value"": 30.0, ""model_input"": 30.0}, {""feature"": ""name_semantic_second"", ""shap"": -0.34713268280029297, ""value"": 0.0, ""model_input"": 0.0}, {""feature"": ""name_addr_consistency"", ""shap"": 0.3340247571468353, ""value"": 0.338757153669903, ""model_input"": 0.338757153669903}, {""feature"": ""street_number_diff"", ""shap"": -0.32768648862838745, ""value"": 37.0, ""model_input"": 37.0}, {""feature"": ""street_name_jaro"", ""shap"": 0.2992091476917267, ""value"": 0.5422222222222222, ""model_input"": 0.5422222222222222}]}"
35,PEINTURE VALBERT SAS,8 Rue Paul et Marc Barbezat,69150,DECINES-CHARPIEU,35086478100017,0.977347731590271,SOC LYO PEINTURE NETTOYAGE SOLYPEINT,58 AVENUE DES BRUYERES,DECINES-CHARPIEU,69150,69275,FERME,2024-03-30 15:42:08,4,"{""bias"": 1.1616770029067993, ""margin"": 3.764585494995117, ""prob_from_margin"": 0.9773477976983872, ""top"": [{""feature"": ""name_sim_max_etab"", ""shap"": 1.1868791580200195, ""value"": 0.0, ""model_input"": 0.0}, {""feature"": ""type_of_max_name"", ""shap"": 0.8023794889450073, ""value"": 7.0, ""model_input"": 7.0}, {""feature"": ""token_overlap_ul"", ""shap"": 0.7045981287956238, ""value"": 0.5, ""model_input"": 0.5}, {""feature"": ""name_semantic_max"", ""shap"": 0.5950337052345276, ""value"": 0.6179636716842651, ""model_input"": 0.6179636716842651}, {""feature"": ""street_number_diff"", ""shap"": -0.48188620805740356, ""value"": 50.0, ""model_input"": 50.0}, {""feature"": ""name_addr_consistency"", ""shap"": 0.43639862537384033, ""value"": 0.3210659708463602, ""model_input"": 0.3210659708463602}, {""feature"": ""addr_token_overlap"", ""shap"": -0.4024565517902374, ""value"": 0.0, ""model_input"": 0.0}, {""feature"": ""name_semantic_second"", ""shap"": -0.3366727828979492, ""value"": 0.0, ""model_input"": 0.0}, {""feature"": ""name_sim_max_pm_dirigeant"", ""shap"": -0.3360767662525177, ""value"": 0.0, ""model_input"": 0.0}, {""feature"": ""street_name_jaro"", ""shap"": 0.32667800784111023, ""value"": 0.5517703349282296, ""model_input"": 0.5517703349282296}]}"
35,PEINTURE VALBERT SAS,8 Rue Paul et Marc Barbezat,69150,DECINES-CHARPIEU,93448655600012,0.9494025707244873,S.A.S. PEINTURE,15 RUE DE LA FRATERNITE,DECINES-CHARPIEU,69150,69275,OUVERT,2025-10-19 02:07:10,5,"{""bias"": 1.1616770029067993, ""margin"": 2.9319331645965576, ""prob_from_margin"": 0.9494026197666451, ""top"": [{""feature"": ""name_sim_max_etab"", ""shap"": 1.2460447549819946, ""value"": 0.0, ""model_input"": 0.0}, {""feature"": ""name_semantic_max"", ""shap"": 1.0171968936920166, ""value"": 0.6697633266448975, ""model_input"": 0.6697633266448975}, {""feature"": ""name_token_overlap_max"", ""shap"": 0.8013120889663696, ""value"": 0.3333333333333333, ""model_input"": 0.3333333333333333}, {""feature"": ""token_overlap_ul"", ""shap"": 0.6309181451797485, ""value"": 0.5, ""model_input"": 0.5}, {""feature"": ""addr_token_overlap"", ""shap"": -0.5582003593444824, ""value"": 0.1, ""model_input"": 0.1}, {""feature"": ""street_number_diff"", ""shap"": -0.5310778021812439, ""value"": 7.0, ""model_input"": 7.0}, {""feature"": ""street_name_jaro"", ""shap"": -0.5270364880561829, ""value"": 0.6944444444444445, ""model_input"": 0.6944444444444445}, {""feature"": ""name_sim_max_pm_dirigeant"", ""shap"": -0.4384000599384308, ""value"": 0.0, ""model_input"": 0.0}, {""feature"": ""type_of_max_name"", ""shap"": 0.43630558252334595, ""value"": 7.0, ""model_input"": 7.0}, {""feature"": ""name_semantic_second"", ""shap"": -0.2930309474468231, ""value"": 0.0, ""model_input"": 0.0}]}"
62,PLEXY SIGN,48 Rue Vaucanson,69150,DECINES CHARPIEU,81021053400022,0.9998713731765747,PLEXY SIGN,48 RUE VAUCANSON,DECINES-CHARPIEU,69150,69275,OUVERT,2025-02-17 02:21:25,1,"{""bias"": 1.1616770029067993, ""margin"": 8.958330154418945, ""prob_from_margin"": 0.9998713556331804, ""top"": [{""feature"": ""name_semantic_max"", ""shap"": 2.2995643615722656, ""value"": 1.0, ""model_input"": 1.0}, {""feature"": ""token_overlap_ul"", ""shap"": 0.9276115894317627, ""value"": 1.0, ""model_input"": 1.0}, {""feature"": ""name_sim_max_etab"", ""shap"": 0.86652010679245, ""value"": 0.0, ""model_input"": 0.0}, {""feature"": ""name_token_overlap_max"", ""shap"": 0.8344505429267883, ""value"": 1.0, ""model_input"": 1.0}, {""feature"": ""name_crm_contains_cand_max"", ""shap"": 0.6361393928527832, ""value"": 1.0, ""model_input"": 1.0}, {""feature"": ""addr_token_overlap"", ""shap"": 0.5227906107902527, ""value"": 1.0, ""model_input"": 1.0}, {""feature"": ""street_number_diff"", ""shap"": 0.48829302191734314, ""value"": 0.0, ""model_input"": 0.0}, {""feature"": ""is_siege"", ""shap"": 0.3702431619167328, ""value"": 1.0, ""model_input"": 1.0}, {""feature"": ""name_addr_consistency"", ""shap"": 0.36033087968826294, ""value"": 1.0, ""model_input"": 1.0}, {""feature"": ""name_sim_max_pm_dirigeant"", ""shap"": -0.354214608669281, ""value"": 0.0, ""model_input"": 0.0}]}"
62,PLEXY SIGN,48 Rue Vaucanson,69150,DECINES CHARPIEU,81021053400014,0.9947511553764343,PLEXY SIGN,54 AVENUE DES BRUYERES,DECINES-CHARPIEU,69150,69275,FERME,2025-01-19 03:19:31,2,"{""bias"": 1.1616770029067993, ""margin"": 5.2444891929626465, ""prob_from_margin"": 0.9947511792004389, ""top"": [{""feature"": ""name_semantic_max"", ""shap"": 2.5559191703796387, ""value"": 1.0, ""model_input"": 1.0}, {""feature"": ""name_sim_max_etab"", ""shap"": 1.2298811674118042, ""value"": 0.0, ""model_input"": 0.0}, {""feature"": ""name_token_overlap_max"", ""shap"": 1.0725458860397339, ""value"": 1.0, ""model_input"": 1.0}, {""feature"": ""token_overlap_ul"", ""shap"": 1.0255298614501953, ""value"": 1.0, ""model_input"": 1.0}, {""feature"": ""is_siege"", ""shap"": -0.6571590900421143, ""value"": 0.0, ""model_input"": 0.0}, {""feature"": ""addr_token_overlap"", ""shap"": -0.5249422788619995, ""value"": 0.0, ""model_input"": 0.0}, {""feature"": ""name_sim_max_pm_dirigeant"", ""shap"": -0.46959027647972107, ""value"": 0.0, ""model_input"": 0.0}, {""feature"": ""street_number_diff"", ""shap"": -0.45593830943107605, ""value"": 6.0, ""model_input"": 6.0}, {""feature"": ""name_crm_contains_cand_max"", ""shap"": 0.43818941712379456, ""value"": 1.0, ""model_input"": 1.0}, {""feature"": ""addr_levenshtein"", ""shap"": -0.3636762201786041, ""value"": 0.18181818181818177, ""model_input"": 0.18181818181818177}]}"
62,PLEXY SIGN,48 Rue Vaucanson,69150,DECINES CHARPIEU,53757081400021,0.9559441804885864,METALARC,48 RUE VAUCANSON,DECINES-CHARPIEU,69150,69275,FERME,2025-01-15 03:14:41,3,"{""bias"": 1.1616770029067993, ""margin"": 3.0772438049316406, ""prob_from_margin"": 0.9559442536567628, ""top"": [{""feature"": ""name_semantic_max"", ""shap"": -2.1432106494903564, ""value"": 0.36506569385528564, ""model_input"": 0.36506569385528564}, {""feature"": ""addr_token_overlap"", ""shap"": 1.4947746992111206, ""value"": 1.0, ""model_input"": 1.0}, {""feature"": ""street_number_diff"", ""shap"": 0.9104791283607483, ""value"": 0.0, ""model_input"": 0.0}, {""feature"": ""addr_jaro"", ""shap"": 0.8703352212905884, ""value"": 1.0, ""model_input"": 1.0}, {""feature"": ""name_sim_max_etab"", ""shap"": 0.7868363857269287, ""value"": 0.0, ""model_input"": 0.0}, {""feature"": ""name_addr_consistency"", ""shap"": 0.7689509391784668, ""value"": 0.31666666666666665, ""model_input"": 0.31666666666666665}, {""feature"": ""addr_levenshtein"", ""shap"": 0.700816810131073, ""value"": 1.0, ""model_input"": 1.0}, {""feature"": ""name_jaro_max"", ""shap"": 0.5342665314674377, ""value"": 0.31666666666666665, ""model_input"": 0.31666666666666665}, {""feature"": ""name_sim_max_pm_dirigeant"", ""shap"": -0.39933761954307556, ""value"": 0.0, ""model_input"": 0.0}, {""feature"": ""name_semantic_second"", ""shap"": -0.356891006231308, ""value"": 0.0, ""model_input"": 0.0}]}"
62,PLEXY SIGN,48 Rue Vaucanson,69150,DECINES CHARPIEU,47766679600024,0.9531099200248718,SM2A,48 RUE VAUCANSON,DECINES-CHARPIEU,69150,69275,FERME,2025-01-17 03:01:03,4,"{""bias"": 1.1616770029067993, ""margin"": 3.01192569732666, ""prob_from_margin"": 0.9531099914398732, ""top"": [{""feature"": ""name_semantic_max"", ""shap"": -2.3926520347595215, ""value"": 0.3126260042190552, ""model_input"": 0.3126260042190552}, {""feature"": ""addr_token_overlap"", ""shap"": 1.323950171470642, ""value"": 1.0, ""model_input"": 1.0}, {""feature"": ""name_addr_consistency"", ""shap"": 1.0228900909423828, ""value"": 0.0, ""model_input"": 0.0}, {""feature"": ""street_number_diff"", ""shap"": 0.9477235078811646, ""value"": 0.0, ""model_input"": 0.0}, {""feature"": ""addr_jaro"", ""shap"": 0.9115118384361267, ""value"": 1.0, ""model_input"": 1.0}, {""feature"": ""name_sim_max_etab"", ""shap"": 0.8725221753120422, ""value"": 0.0, ""model_input"": 0.0}, {""feature"": ""name_sim_max_ul"", ""shap"": -0.5724138021469116, ""value"": 0.0, ""model_input"": 0.0}, {""feature"": ""addr_levenshtein"", ""shap"": 0.49635639786720276, ""value"": 1.0, ""model_input"": 1.0}, {""feature"": ""name_jaro_max"", ""shap"": 0.47889581322669983, ""value"": 0.0, ""model_input"": 0.0}, {""feature"": ""type_of_max_name"", ""shap"": 0.30423691868782043, ""value"": 7.0, ""model_input"": 7.0}]}"
62,PLEXY SIGN,48 Rue Vaucanson,69150,DECINES CHARPIEU,81371053000029,0.9048024415969849,UP SIGN,15 RUE EMILE ZOLA,DECINES-CHARPIEU,69150,69275,FERME,2024-03-22 15:40:57,5,"{""bias"": 1.1616770029067993, ""margin"": 2.251762866973877, ""prob_from_margin"": 0.9048024879482172, ""top"": [{""feature"": ""name_sim_max_pm_dirigeant"", ""shap"": 0.9487719535827637, ""value"": 0.4948717948717949, ""model_input"": 0.4948717948717949}, {""feature"": ""name_semantic_max"", ""shap"": 0.9301956295967102, ""value"": 0.6795840263366699, ""model_input"": 0.6795840263366699}, {""feature"": ""name_token_overlap_max"", ""shap"": 0.8303403854370117, ""value"": 0.3333333333333333, ""model_input"": 0.3333333333333333}, {""feature"": ""street_number_diff"", ""shap"": -0.7888504266738892, ""value"": 33.0, ""model_input"": 33.0}, {""feature"": ""addr_token_overlap"", ""shap"": -0.5569410920143127, ""value"": 0.16666666666666666, ""model_input"": 0.16666666666666666}, {""feature"": ""token_overlap_ul"", ""shap"": 0.5503040552139282, ""value"": 0.5, ""model_input"": 0.5}, {""feature"": ""name_addr_consistency"", ""shap"": -0.5305678844451904, ""value"": 0.46587635054021614, ""model_input"": 0.46587635054021614}, {""feature"": ""type_of_max_name"", ""shap"": 0.3685394525527954, ""value"": 7.0, ""model_input"": 7.0}, {""feature"": ""name_sim_max_etab"", ""shap"": 0.31558266282081604, ""value"": 0.4948717948717949, ""model_input"": 0.4948717948717949}, {""feature"": ""name_jaro_max"", ""shap"": -0.28572189807891846, ""value"": 0.8190476190476191, ""model_input"": 0.8190476190476191}]}"
131,POP Corbas,Rue Louis Pradel,69960,CORBAS,97050358700036,0.8998745679855347,L'EMBOUTISSAGE TECHNIQUE P.M.,50 RUE LOUIS PRADEL,CORBAS,69960,69273,FERME,2024-03-22 15:40:57,1,"{""bias"": 1.1616770029067993, ""margin"": 2.195831537246704, ""prob_from_margin"": 0.899874556513107, ""top"": [{""feature"": ""name_semantic_max"", ""shap"": -1.3921829462051392, ""value"": 0.5092469453811646, ""model_input"": 0.5092469453811646}, {""feature"": ""addr_token_overlap"", ""shap"": 1.3767846822738647, ""value"": 0.75, ""model_input"": 0.75}, {""feature"": ""name_sim_max_etab"", ""shap"": 0.7267580032348633, ""value"": 0.0, ""model_input"": 0.0}, {""feature"": ""type_of_max_name"", ""shap"": 0.5930070281028748, ""value"": 7.0, ""model_input"": 7.0}, {""feature"": ""name_token_overlap_max"", ""shap"": -0.429252564907074, ""value"": 0.0, ""model_input"": 0.0}, {""feature"": ""name_semantic_second"", ""shap"": -0.4145459532737732, ""value"": 0.0, ""model_input"": 0.0}, {""feature"": ""addr_levenshtein"", ""shap"": 0.3790973424911499, ""value"": 0.8421052631578947, ""model_input"": 0.8421052631578947}, {""feature"": ""name_sim_max_pm_dirigeant"", ""shap"": -0.37144094705581665, ""value"": 0.0, ""model_input"": 0.0}, {""feature"": ""name_levenshtein_max"", ""shap"": 0.3298914432525635, ""value"": 0.06896551724137934, ""model_input"": 0.06896551724137934}, {""feature"": ""token_overlap_ul"", ""shap"": -0.2912333309650421, ""value"": 0.0, ""model_input"": 0.0}]}"
131,POP Corbas,Rue Louis Pradel,69960,CORBAS,87805985600020,0.8692965507507324,B.C.D.,40 ROUTE DE LYON,CORBAS,69960,69273,OUVERT,2024-03-30 04:39:10,2,"{""bias"": 1.1616770029067993, ""margin"": 1.8947535753250122, ""prob_from_margin"": 0.8692965807419025, ""top"": [{""feature"": ""name_semantic_max"", ""shap"": -1.4998224973678589, ""value"": 0.3084280788898468, ""model_input"": 0.3084280788898468}, {""feature"": ""name_addr_consistency"", ""shap"": 0.9631866812705994, ""value"": 0.0, ""model_input"": 0.0}, {""feature"": ""name_jaro_max"", ""shap"": 0.7829887866973877, ""value"": 0.0, ""model_input"": 0.0}, {""feature"": ""name_sim_max_ul"", ""shap"": -0.736722469329834, ""value"": 0.0, ""model_input"": 0.0}, {""feature"": ""street_number_diff"", ""shap"": 0.6658777594566345, ""value"": 9999.0, ""model_input"": 9999.0}, {""feature"": ""name_sim_max_etab"", ""shap"": 0.6334571242332458, ""value"": 0.0, ""model_input"": 0.0}, {""feature"": ""type_of_max_name"", ""shap"": 0.565191924571991, ""value"": 7.0, ""model_input"": 7.0}, {""feature"": ""name_length_max"", ""shap"": 0.5261542797088623, ""value"": 6.0, ""model_input"": 6.0}, {""feature"": ""name_semantic_second"", ""shap"": -0.4063897430896759, ""value"": 0.0, ""model_input"": 0.0}, {""feature"": ""token_overlap_ul"", ""shap"": -0.3866156339645386, ""value"": 0.0, ""model_input"": 0.0}]}"
131,POP Corbas,Rue Louis Pradel,69960,CORBAS,41473218000024,0.7938646078109741,PLATTARD LYON,2 RUE LOUIS PRADEL,CORBAS,69960,69273,FERME,2024-03-22 15:40:57,3,"{""bias"": 1.1616770029067993, ""margin"": 1.3483800888061523, ""prob_from_margin"": 0.7938646663568248, ""top"": [{""feature"": ""name_semantic_max"", ""shap"": -1.7406679391860962, ""value"": 0.4626416563987732, ""model_input"": 0.4626416563987732}, {""feature"": ""addr_token_overlap"", ""shap"": 1.535189151763916, ""value"": 0.75, ""model_input"": 0.75}, {""feature"": ""name_sim_max_etab"", ""shap"": 0.7424688935279846, ""value"": 0.0, ""model_input"": 0.0}, {""feature"": ""name_token_overlap_max"", ""shap"": -0.41152331233024597, ""value"": 0.0, ""model_input"": 0.0}, {""feature"": ""type_of_max_name"", ""shap"": 0.4030468463897705, ""value"": 7.0, ""model_input"": 7.0}, {""feature"": ""name_jaro_max"", ""shap"": 0.37306007742881775, ""value"": 0.47008547008547, ""model_input"": 0.47008547008547}, {""feature"": ""name_sim_max_pm_dirigeant"", ""shap"": -0.3606138229370117, ""value"": 0.0, ""model_input"": 0.0}, {""feature"": ""name_semantic_second"", ""shap"": -0.35819995403289795, ""value"": 0.0, ""model_input"": 0.0}, {""feature"": ""addr_levenshtein"", ""shap"": 0.3336644172668457, ""value"": 0.8888888888888888, ""model_input"": 0.8888888888888888}, {""feature"": ""token_overlap_ul"", ""shap"": -0.2958311438560486, ""value"": 0.0, ""model_input"": 0.0}]}"
131,POP Corbas,Rue Louis Pradel,69960,CORBAS,53136920500012,0.7193961143493652,GNEA TRANSPORTS,81 RUE LOUIS PRADEL,CORBAS,69960,69273,FERME,2024-03-22 15:40:57,4,"{""bias"": 1.1616770029067993, ""margin"": 0.9414697885513306, ""prob_from_margin"": 0.7193964522244025, ""top"": [{""feature"": ""name_semantic_max"", ""shap"": -1.9658398628234863, ""value"": 0.42016059160232544, ""model_input"": 0.42016059160232544}, {""feature"": ""addr_token_overlap"", ""shap"": 1.114973783493042, ""value"": 0.75, ""model_input"": 0.75}, {""feature"": ""name_jaro_max"", ""shap"": 0.8796348571777344, ""value"": 0.0, ""model_input"": 0.0}, {""feature"": ""name_sim_max_ul"", ""shap"": -0.7673367261886597, ""value"": 0.0, ""model_input"": 0.0}, {""feature"": ""name_sim_max_etab"", ""shap"": 0.7094345092773438, ""value"": 0.0, ""model_input"": 0.0}, {""feature"": ""name_addr_consistency"", ""shap"": 0.5831191539764404, ""value"": 0.0, ""model_input"": 0.0}, {""feature"": ""name_semantic_second"", ""shap"": -0.49239954352378845, ""value"": 0.0, ""model_input"": 0.0}, {""feature"": ""type_of_max_name"", ""shap"": 0.44315195083618164, ""value"": 7.0, ""model_input"": 7.0}, {""feature"": ""addr_levenshtein"", ""shap"": 0.4237401783466339, ""value"": 0.8421052631578947, ""model_input"": 0.8421052631578947}, {""feature"": ""token_overlap_ul"", ""shap"": -0.3461419343948364, ""value"": 0.0, ""model_input"": 0.0}]}"
131,POP Corbas,Rue Louis Pradel,69960,CORBAS,32876945000011,0.7149789929389954,MLM,RUE LOUIS PRADEL,CORBAS,69960,69273,OUVERT,2024-03-30 14:35:15,5,"{""bias"": 1.1616770029067993, ""margin"": 0.9196897745132446, ""prob_from_margin"": 0.714978890903099, ""top"": [{""feature"": ""name_semantic_max"", ""shap"": -2.1539340019226074, ""value"": 0.3456437587738037, ""model_input"": 0.3456437587738037}, {""feature"": ""name_addr_consistency"", ""shap"": 0.9831606149673462, ""value"": 0.0, ""model_input"": 0.0}, {""feature"": ""addr_token_overlap"", ""shap"": 0.9216850399971008, ""value"": 1.0, ""model_input"": 1.0}, {""feature"": ""name_jaro_max"", ""shap"": 0.7432852387428284, ""value"": 0.0, ""model_input"": 0.0}, {""feature"": ""name_sim_max_etab"", ""shap"": 0.7228075265884399, ""value"": 0.0, ""model_input"": 0.0}, {""feature"": ""addr_jaro"", ""shap"": 0.6630353331565857, ""value"": 1.0, ""model_input"": 1.0}, {""feature"": ""name_sim_max_ul"", ""shap"": -0.596572995185852, ""value"": 0.0, ""model_input"": 0.0}, {""feature"": ""addr_levenshtein"", ""shap"": 0.47172078490257263, ""value"": 1.0, ""model_input"": 1.0}, {""feature"": ""street_number_diff"", ""shap"": -0.42130282521247864, ""value"": 9999.0, ""model_input"": 9999.0}, {""feature"": ""name_semantic_second"", ""shap"": -0.38934195041656494, ""value"": 0.0, ""model_input"": 0.0}]}"
68,PORTUGAULE,Rue du Carreau,69960,CORBAS,44062776800052,0.9998315572738647,MB DIFFUSION,RUE DU CARREAU,CORBAS,69960,69273,OUVERT,2025-01-15 02:25:28,1,"{""bias"": 1.1616770029067993, ""margin"": 8.688859939575195, ""prob_from_margin"": 0.9998315764090769, ""top"": [{""feature"": ""name_semantic_max"", ""shap"": 2.3760955333709717, ""value"": 0.9999998807907104, ""model_input"": 0.9999998807907104}, {""feature"": ""name_token_overlap_max"", ""shap"": 1.165151834487915, ""value"": 1.0, ""model_input"": 1.0}, {""feature"": ""token_overlap_ul"", ""shap"": 1.0652823448181152, ""value"": 1.0, ""model_input"": 1.0}, {""feature"": ""name_sim_max_pm_dirigeant"", ""shap"": 0.9430747628211975, ""value"": 0.5738095238095239, ""model_input"": 0.5738095238095239}, {""feature"": ""name_crm_contains_cand_max"", ""shap"": 0.6556563377380371, ""value"": 1.0, ""model_input"": 1.0}, {""feature"": ""addr_token_overlap"", ""shap"": 0.5113528370857239, ""value"": 1.0, ""model_input"": 1.0}, {""feature"": ""is_siege"", ""shap"": 0.34431037306785583, ""value"": 1.0, ""model_input"": 1.0}, {""feature"": ""name_sim_max_ul"", ""shap"": 0.30255675315856934, ""value"": 1.0, ""model_input"": 1.0}, {""feature"": ""name_addr_consistency"", ""shap"": 0.18797320127487183, ""value"": 1.0, ""model_input"": 1.0}, {""feature"": ""name_count"", ""shap"": -0.18233370780944824, ""value"": 4.0, ""model_input"": 4.0}]}"
68,PORTUGAULE,Rue du Carreau,69960,CORBAS,51534780500019,0.9067102670669556,MONDEXPORT DISTRIBUTION,51 RUE DU CARREAU,CORBAS,69960,69273,FERME,2024-03-30 17:54:06,2,"{""bias"": 1.1616770029067993, ""margin"": 2.2741143703460693, ""prob_from_margin"": 0.9067103914442269, ""top"": [{""feature"": ""addr_token_overlap"", ""shap"": 1.4949240684509277, ""value"": 0.75, ""model_input"": 0.75}, {""feature"": ""name_semantic_second"", ""shap"": 0.8170730471611023, ""value"": 0.5589004158973694, ""model_input"": 0.5589004158973694}, {""feature"": ""name_sim_max_pm_dirigeant"", ""shap"": 0.4466458559036255, ""value"": 0.5696428571428571, ""model_input"": 0.5696428571428571}, {""feature"": ""name_token_overlap_max"", ""shap"": -0.416408896446228, ""value"": 0.0, ""model_input"": 0.0}, {""feature"": ""type_of_max_name"", ""shap"": 0.3739994466304779, ""value"": 4.0, ""model_input"": 4.0}, {""feature"": ""name_addr_consistency"", ""shap"": -0.36380288004875183, ""value"": 0.49544567827130853, ""model_input"": 0.49544567827130853}, {""feature"": ""token_overlap_ul"", ""shap"": -0.30291593074798584, ""value"": 0.0, ""model_input"": 0.0}, {""feature"": ""addr_levenshtein"", ""shap"": 0.3010627031326294, ""value"": 0.8235294117647058, ""model_input"": 0.8235294117647058}, {""feature"": ""name_levenshtein_max"", ""shap"": -0.23424524068832397, ""value"": 0.3125, ""model_input"": 0.3125}, {""feature"": ""street_name_jaro"", ""shap"": -0.22389204800128937, ""value"": 1.0, ""model_input"": 1.0}]}"
68,PORTUGAULE,Rue du Carreau,69960,CORBAS,33362118300016,0.8648726344108582,ENTREPOTS FRIGORIFIQUES DE CORBAS,12 RUE DU VERCORS,CORBAS,69960,69273,FERME,2024-03-22 15:40:57,3,"{""bias"": 1.1616770029067993, ""margin"": 1.85636305809021, ""prob_from_margin"": 0.864872469385517, ""top"": [{""feature"": ""name_semantic_max"", ""shap"": -1.675898551940918, ""value"": 0.4796975255012512, ""model_input"": 0.4796975255012512}, {""feature"": ""type_of_max_name"", ""shap"": 0.6902872323989868, ""value"": 7.0, ""model_input"": 7.0}, {""feature"": ""name_sim_max_etab"", ""shap"": 0.6772316694259644, ""value"": 0.0, ""model_input"": 0.0}, {""feature"": ""name_city_overlap_max"", ""shap"": 0.5955042839050293, ""value"": 0.25, ""model_input"": 0.25}, {""feature"": ""name_addr_consistency"", ""shap"": 0.5124725699424744, ""value"": 0.3260888009933083, ""model_input"": 0.3260888009933083}, {""feature"": ""street_number_diff"", ""shap"": 0.44062671065330505, ""value"": 9999.0, ""model_input"": 9999.0}, {""feature"": ""name_token_overlap_max"", ""shap"": -0.4348170757293701, ""value"": 0.0, ""model_input"": 0.0}, {""feature"": ""name_semantic_second"", ""shap"": -0.42946934700012207, ""value"": 0.0, ""model_input"": 0.0}, {""feature"": ""name_length_max"", ""shap"": 0.35402190685272217, ""value"": 33.0, ""model_input"": 33.0}, {""feature"": ""token_overlap_ul"", ""shap"": -0.33170947432518005, ""value"": 0.0, ""model_input"": 0.0}]}"
68,PORTUGAULE,Rue du Carreau,69960,CORBAS,88501626100012,0.8597776293754578,LA BASCULE,2 RUE DU CARREAU,CORBAS,69960,69273,OUVERT,2024-03-30 02:37:24,4,"{""bias"": 1.1616770029067993, ""margin"": 1.8134443759918213, ""prob_from_margin"": 0.8597776432126276, ""top"": [{""feature"": ""addr_token_overlap"", ""shap"": 1.2952041625976562, ""value"": 0.75, ""model_input"": 0.75}, {""feature"": ""name_sim_max_pm_dirigeant"", ""shap"": 0.6754412055015564, ""value"": 0.5750000000000001, ""model_input"": 0.5750000000000001}, {""feature"": ""name_token_overlap_max"", ""shap"": -0.489908903837204, ""value"": 0.0, ""model_input"": 0.0}, {""feature"": ""name_semantic_max"", ""shap"": 0.4728327691555023, ""value"": 0.6033645868301392, ""model_input"": 0.6033645868301392}, {""feature"": ""name_addr_consistency"", ""shap"": -0.4350118339061737, ""value"": 0.5099702380952381, ""model_input"": 0.5099702380952381}, {""feature"": ""token_overlap_ul"", ""shap"": -0.33394673466682434, ""value"": 0.0, ""model_input"": 0.0}, {""feature"": ""type_of_max_name"", ""shap"": 0.3054768443107605, ""value"": 4.0, ""model_input"": 4.0}, {""feature"": ""name_city_overlap_max"", ""shap"": -0.24980799853801727, ""value"": 0.0, ""model_input"": 0.0}, {""feature"": ""addr_levenshtein"", ""shap"": 0.24389062821865082, ""value"": 0.875, ""model_input"": 0.875}, {""feature"": ""name_jaro_second"", ""shap"": -0.22150027751922607, ""value"": 0.5583333333333333, ""model_input"": 0.5583333333333333}]}"
68,PORTUGAULE,Rue du Carreau,69960,CORBAS,50101899800028,0.8580440282821655,BHD IN,RUE DU CARREAU,CORBAS,69960,69273,FERME,2024-03-22 15:40:57,5,"{""bias"": 1.1616770029067993, ""margin"": 1.7991365194320679, ""prob_from_margin"": 0.858043791670066, ""top"": [{""feature"": ""name_semantic_max"", ""shap"": -2.1213176250457764, ""value"": 0.35865432024002075, ""model_input"": 0.35865432024002075}, {""feature"": ""name_addr_consistency"", ""shap"": 1.0333555936813354, ""value"": 0.0, ""model_input"": 0.0}, {""feature"": ""addr_token_overlap"", ""shap"": 1.0048205852508545, ""value"": 1.0, ""model_input"": 1.0}, {""feature"": ""name_jaro_max"", ""shap"": 0.7962983250617981, ""value"": 0.0, ""model_input"": 0.0}, {""feature"": ""name_sim_max_etab"", ""shap"": 0.7466850876808167, ""value"": 0.0, ""model_input"": 0.0}, {""feature"": ""addr_jaro"", ""shap"": 0.6857163906097412, ""value"": 1.0, ""model_input"": 1.0}, {""feature"": ""name_sim_max_ul"", ""shap"": -0.5983372330665588, ""value"": 0.0, ""model_input"": 0.0}, {""feature"": ""addr_levenshtein"", ""shap"": 0.46611928939819336, ""value"": 1.0, ""model_input"": 1.0}, {""feature"": ""street_number_diff"", ""shap"": -0.4347507357597351, ""value"": 9999.0, ""model_input"": 9999.0}, {""feature"": ""name_semantic_second"", ""shap"": -0.41243481636047363, ""value"": 0.0, ""model_input"": 0.0}]}"
59,PRIMEURS DU SUD EST,69 Rue Marcel Merieux,69960,CORBAS,78015368000076,0.9997784495353699,VINDRY,69 RUE MARCEL MERIEUX,CORBAS,69960,69273,OUVERT,2025-01-19 03:16:01,1,"{""bias"": 1.1616770029067993, ""margin"": 8.414578437805176, ""prob_from_margin"": 0.9997784362115891, ""top"": [{""feature"": ""name_semantic_max"", ""shap"": 2.137730121612549, ""value"": 0.9999998807907104, ""model_input"": 0.9999998807907104}, {""feature"": ""token_overlap_ul"", ""shap"": 0.9287909865379333, ""value"": 1.0, ""model_input"": 1.0}, {""feature"": ""name_token_overlap_max"", ""shap"": 0.9200864434242249, ""value"": 1.0, ""model_input"": 1.0}, {""feature"": ""name_crm_contains_cand_max"", ""shap"": 0.6408805251121521, ""value"": 1.0, ""model_input"": 1.0}, {""feature"": ""addr_token_overlap"", ""shap"": 0.531219482421875, ""value"": 1.0, ""model_input"": 1.0}, {""feature"": ""name_sim_max_pm_dirigeant"", ""shap"": 0.516648530960083, ""value"": 0.5164805954279639, ""model_input"": 0.5164805954279639}, {""feature"": ""street_number_diff"", ""shap"": 0.4648442566394806, ""value"": 0.0, ""model_input"": 0.0}, {""feature"": ""is_siege"", ""shap"": 0.3616667091846466, ""value"": 1.0, ""model_input"": 1.0}, {""feature"": ""addr_jaro"", ""shap"": 0.21482443809509277, ""value"": 1.0, ""model_input"": 1.0}, {""feature"": ""name_sim_max_ul"", ""shap"": 0.18249014019966125, ""value"": 1.0, ""model_input"": 1.0}]}"
59,PRIMEURS DU SUD EST,69 Rue Marcel Merieux,69960,CORBAS,32876129100025,0.9953019618988037,EKVAL PRIMEURS,69 RUE MARCEL MERIEUX,CORBAS,69960,69273,FERME,2024-03-22 15:40:57,2,"{""bias"": 1.1616770029067993, ""margin"": 5.355893135070801, ""prob_from_margin"": 0.9953019243083249, ""top"": [{""feature"": ""name_semantic_max"", ""shap"": 1.7057595252990723, ""value"": 0.7175818681716919, ""model_input"": 0.7175818681716919}, {""feature"": ""name_sim_max_etab"", ""shap"": 1.064178466796875, ""value"": 0.0, ""model_input"": 0.0}, {""feature"": ""street_number_diff"", ""shap"": 0.8156893849372864, ""value"": 0.0, ""model_input"": 0.0}, {""feature"": ""addr_token_overlap"", ""shap"": 0.7186388373374939, ""value"": 1.0, ""model_input"": 1.0}, {""feature"": ""name_sim_max_pm_dirigeant"", ""shap"": -0.4412249028682709, ""value"": 0.0, ""model_input"": 0.0}, {""feature"": ""token_overlap_ul"", ""shap"": 0.39466527104377747, ""value"": 0.3333333333333333, ""model_input"": 0.3333333333333333}, {""feature"": ""name_addr_consistency"", ""shap"": -0.3753037750720978, ""value"": 0.5802005012531328, ""model_input"": 0.5802005012531328}, {""feature"": ""name_semantic_second"", ""shap"": -0.357899934053421, ""value"": 0.0, ""model_input"": 0.0}, {""feature"": ""name_levenshtein_max"", ""shap"": -0.35077396035194397, ""value"": 0.10526315789473684, ""model_input"": 0.10526315789473684}, {""feature"": ""addr_jaro"", ""shap"": 0.2851949632167816, ""value"": 1.0, ""model_input"": 1.0}]}"
59,PRIMEURS DU SUD EST,69 Rue Marcel Merieux,69960,CORBAS,42037022300034,0.9905698299407959,COULEURS PRIMEURS,69 RUE MARCEL MERIEUX,CORBAS,69960,69273,OUVERT,2024-03-30 11:45:52,3,"{""bias"": 1.1616770029067993, ""margin"": 4.654368877410889, ""prob_from_margin"": 0.9905698546427633, ""top"": [{""feature"": ""addr_token_overlap"", ""shap"": 0.9577105045318604, ""value"": 1.0, ""model_input"": 1.0}, {""feature"": ""street_number_diff"", ""shap"": 0.9453188180923462, ""value"": 0.0, ""model_input"": 0.0}, {""feature"": ""name_sim_max_etab"", ""shap"": 0.5514447689056396, ""value"": 0.41592442645074224, ""model_input"": 0.41592442645074224}, {""feature"": ""addr_jaro"", ""shap"": 0.4820089042186737, ""value"": 1.0, ""model_input"": 1.0}, {""feature"": ""token_overlap_ul"", ""shap"": 0.465339720249176, ""value"": 0.3333333333333333, ""model_input"": 0.3333333333333333}, {""feature"": ""type_of_max_name"", ""shap"": 0.45246610045433044, ""value"": 7.0, ""model_input"": 7.0}, {""feature"": ""name_semantic_second"", ""shap"": -0.3643266558647156, ""value"": 0.32409292459487915, ""model_input"": 0.32409292459487915}, {""feature"": ""name_sim_max_pm_dirigeant"", ""shap"": 0.290311723947525, ""value"": 0.41592442645074224, ""model_input"": 0.41592442645074224}, {""feature"": ""name_semantic_max"", ""shap"": 0.24250513315200806, ""value"": 0.5955793857574463, ""model_input"": 0.5955793857574463}, {""feature"": ""name_levenshtein_max"", ""shap"": -0.23998847603797913, ""value"": 0.3157894736842105, ""model_input"": 0.3157894736842105}]}"
59,PRIMEURS DU SUD EST,69 Rue Marcel Merieux,69960,CORBAS,97250554900022,0.9892816543579102,MILAN PRIMEURS,69 RUE MARCEL MERIEUX,CORBAS,69960,69273,OUVERT,2024-03-30 09:57:35,4,"{""bias"": 1.1616770029067993, ""margin"": 4.525019645690918, ""prob_from_margin"": 0.9892816266499531, ""top"": [{""feature"": ""addr_token_overlap"", ""shap"": 0.9454020261764526, ""value"": 1.0, ""model_input"": 1.0}, {""feature"": ""street_number_diff"", ""shap"": 0.8739171624183655, ""value"": 0.0, ""model_input"": 0.0}, {""feature"": ""name_semantic_max"", ""shap"": 0.5930843949317932, ""value"": 0.623940110206604, ""model_input"": 0.623940110206604}, {""feature"": ""token_overlap_ul"", ""shap"": 0.3970341384410858, ""value"": 0.3333333333333333, ""model_input"": 0.3333333333333333}, {""feature"": ""name_addr_consistency"", ""shap"": -0.3809986412525177, ""value"": 0.5573656363130047, ""model_input"": 0.5573656363130047}, {""feature"": ""type_of_max_name"", ""shap"": 0.3263550102710724, ""value"": 7.0, ""model_input"": 7.0}, {""feature"": ""addr_jaro"", ""shap"": 0.32533299922943115, ""value"": 1.0, ""model_input"": 1.0}, {""feature"": ""addr_levenshtein"", ""shap"": 0.30389726161956787, ""value"": 1.0, ""model_input"": 1.0}, {""feature"": ""name_sim_max_pm_dirigeant"", ""shap"": 0.2873291075229645, ""value"": 0.45175438596491224, ""model_input"": 0.45175438596491224}, {""feature"": ""name_city_overlap_max"", ""shap"": -0.1837107092142105, ""value"": 0.0, ""model_input"": 0.0}]}"
59,PRIMEURS DU SUD EST,69 Rue Marcel Merieux,69960,CORBAS,79410910800017,0.9848986268043518,GESCO PRIMEURS,69 RUE MARCEL MERIEUX,CORBAS,69960,69273,OUVERT,2025-01-24 02:56:43,5,"{""bias"": 1.1616770029067993, ""margin"": 4.177750587463379, ""prob_from_margin"": 0.9848985903398724, ""top"": [{""feature"": ""addr_token_overlap"", ""shap"": 1.1283663511276245, ""value"": 1.0, ""model_input"": 1.0}, {""feature"": ""name_semantic_max"", ""shap"": -1.0707966089248657, ""value"": 0.5172519683837891, ""model_input"": 0.5172519683837891}, {""feature"": ""street_number_diff"", ""shap"": 1.007055401802063, ""value"": 0.0, ""model_input"": 0.0}, {""feature"": ""name_sim_max_etab"", ""shap"": 0.7857372760772705, ""value"": 0.0, ""model_input"": 0.0}, {""feature"": ""addr_jaro"", ""shap"": 0.5592971444129944, ""value"": 1.0, ""model_input"": 1.0}, {""feature"": ""type_of_max_name"", ""shap"": 0.4932914972305298, ""value"": 7.0, ""model_input"": 7.0}, {""feature"": ""addr_levenshtein"", ""shap"": 0.4809229373931885, ""value"": 1.0, ""model_input"": 1.0}, {""feature"": ""name_sim_max_pm_dirigeant"", ""shap"": -0.46203628182411194, ""value"": 0.0, ""model_input"": 0.0}, {""feature"": ""token_overlap_ul"", ""shap"": 0.44125592708587646, ""value"": 0.3333333333333333, ""model_input"": 0.3333333333333333}, {""feature"": ""name_semantic_second"", ""shap"": -0.32084769010543823, ""value"": 0.0, ""model_input"": 0.0}]}"
107,PROVIDIS SIEGE,11 Rue Marcel Mérieux,69960,CORBAS,42228238400037,0.9982925057411194,PROVIDIS LOGISTIQUE,11 RUE MARCEL MERIEUX,CORBAS,69960,69273,OUVERT,2024-03-30 11:31:11,1,"{""bias"": 1.1616770029067993, ""margin"": 6.37099027633667, ""prob_from_margin"": 0.9982924561392135, ""top"": [{""feature"": ""name_semantic_max"", ""shap"": 2.314441442489624, ""value"": 0.8448797464370728, ""model_input"": 0.8448797464370728}, {""feature"": ""street_number_diff"", ""shap"": 0.5994903445243835, ""value"": 0.0, ""model_input"": 0.0}, {""feature"": ""addr_token_overlap"", ""shap"": 0.588659942150116, ""value"": 1.0, ""model_input"": 1.0}, {""feature"": ""name_token_overlap_max"", ""shap"": 0.5400412082672119, ""value"": 0.3333333333333333, ""model_input"": 0.3333333333333333}, {""feature"": ""name_sim_max_pm_dirigeant"", ""shap"": 0.4403272867202759, ""value"": 0.4682539682539682, ""model_input"": 0.4682539682539682}, {""feature"": ""token_overlap_ul"", ""shap"": 0.2634897232055664, ""value"": 0.5, ""model_input"": 0.5}, {""feature"": ""addr_jaro"", ""shap"": 0.25892946124076843, ""value"": 1.0, ""model_input"": 1.0}, {""feature"": ""addr_levenshtein"", ""shap"": 0.2028191238641739, ""value"": 1.0, ""model_input"": 1.0}, {""feature"": ""name_sim_max_etab"", ""shap"": 0.17618991434574127, ""value"": 0.4682539682539682, ""model_input"": 0.4682539682539682}, {""feature"": ""name_city_overlap_max"", ""shap"": -0.1456535905599594, ""value"": 0.0, ""model_input"": 0.0}]}"
107,PROVIDIS SIEGE,11 Rue Marcel Mérieux,69960,CORBAS,82843700400017,0.9914639592170715,SICOVIDIS,11 RUE MARCEL MERIEUX,CORBAS,69960,69273,OUVERT,2025-02-15 02:23:49,2,"{""bias"": 1.1616770029067993, ""margin"": 4.754885673522949, ""prob_from_margin"": 0.9914639623291847, ""top"": [{""feature"": ""name_semantic_max"", ""shap"": 2.254497528076172, ""value"": 0.7515208721160889, ""model_input"": 0.7515208721160889}, {""feature"": ""name_sim_max_etab"", ""shap"": 1.0010122060775757, ""value"": 0.0, ""model_input"": 0.0}, {""feature"": ""street_number_diff"", ""shap"": 0.9292428493499756, ""value"": 0.0, ""model_input"": 0.0}, {""feature"": ""addr_token_overlap"", ""shap"": 0.8144368529319763, ""value"": 1.0, ""model_input"": 1.0}, {""feature"": ""addr_jaro"", ""shap"": 0.4475162923336029, ""value"": 1.0, ""model_input"": 1.0}, {""feature"": ""name_sim_max_pm_dirigeant"", ""shap"": -0.42073023319244385, ""value"": 0.0, ""model_input"": 0.0}, {""feature"": ""name_semantic_second"", ""shap"": -0.38211262226104736, ""value"": 0.0, ""model_input"": 0.0}, {""feature"": ""addr_levenshtein"", ""shap"": 0.3737304210662842, ""value"": 1.0, ""model_input"": 1.0}, {""feature"": ""name_length_max"", ""shap"": -0.29377585649490356, ""value"": 9.0, ""model_input"": 9.0}, {""feature"": ""token_overlap_ul"", ""shap"": -0.29288309812545776, ""value"": 0.0, ""model_input"": 0.0}]}"
107,PROVIDIS SIEGE,11 Rue Marcel Mérieux,69960,CORBAS,49892042000029,0.9848535060882568,CP PRESQU'ILE,11 RUE MARCEL MERIEUX,CORBAS,69960,69273,FERME,2024-03-22 15:40:57,3,"{""bias"": 1.1616770029067993, ""margin"": 4.174722194671631, ""prob_from_margin"": 0.9848534817666691, ""top"": [{""feature"": ""addr_token_overlap"", ""shap"": 1.2702679634094238, ""value"": 1.0, ""model_input"": 1.0}, {""feature"": ""street_number_diff"", ""shap"": 1.039923906326294, ""value"": 0.0, ""model_input"": 0.0}, {""feature"": ""name_sim_max_etab"", ""shap"": 0.7981170415878296, ""value"": 0.0, ""model_input"": 0.0}, {""feature"": ""addr_jaro"", ""shap"": 0.5749269127845764, ""value"": 1.0, ""model_input"": 1.0}, {""feature"": ""addr_levenshtein"", ""shap"": 0.4619836211204529, ""value"": 1.0, ""model_input"": 1.0}, {""feature"": ""type_of_max_name"", ""shap"": 0.460442453622818, ""value"": 7.0, ""model_input"": 7.0}, {""feature"": ""name_sim_max_pm_dirigeant"", ""shap"": -0.4084664583206177, ""value"": 0.0, ""model_input"": 0.0}, {""feature"": ""name_semantic_second"", ""shap"": -0.369356244802475, ""value"": 0.0, ""model_input"": 0.0}, {""feature"": ""name_addr_consistency"", ""shap"": -0.34153279662132263, ""value"": 0.5842490842490843, ""model_input"": 0.5842490842490843}, {""feature"": ""name_token_overlap_max"", ""shap"": -0.31485846638679504, ""value"": 0.0, ""model_input"": 0.0}]}"
107,PROVIDIS SIEGE,11 Rue Marcel Mérieux,69960,CORBAS,43896993300052,0.9767202734947205,PROVIFRUITS CERISE ET POTIRON PRIM'FRUIT,11 RUE MARCEL MERIEUX,CORBAS,69960,69273,FERME,2024-03-22 15:40:57,4,"{""bias"": 1.1616770029067993, ""margin"": 3.7366204261779785, ""prob_from_margin"": 0.9767203417430546, ""top"": [{""feature"": ""addr_token_overlap"", ""shap"": 1.179652214050293, ""value"": 1.0, ""model_input"": 1.0}, {""feature"": ""street_number_diff"", ""shap"": 0.9930760264396667, ""value"": 0.0, ""model_input"": 0.0}, {""feature"": ""name_semantic_max"", ""shap"": 0.8122042417526245, ""value"": 0.6313031911849976, ""model_input"": 0.6313031911849976}, {""feature"": ""name_sim_max_etab"", ""shap"": 0.7613645792007446, ""value"": 0.0, ""model_input"": 0.0}, {""feature"": ""addr_jaro"", ""shap"": 0.49749991297721863, ""value"": 1.0, ""model_input"": 1.0}, {""feature"": ""name_token_overlap_max"", ""shap"": -0.39425158500671387, ""value"": 0.0, ""model_input"": 0.0}, {""feature"": ""name_sim_max_pm_dirigeant"", ""shap"": -0.3635796308517456, ""value"": 0.0, ""model_input"": 0.0}, {""feature"": ""addr_levenshtein"", ""shap"": 0.3633306324481964, ""value"": 1.0, ""model_input"": 1.0}, {""feature"": ""name_levenshtein_max"", ""shap"": -0.2895645797252655, ""value"": 0.275, ""model_input"": 0.275}, {""feature"": ""type_of_max_name"", ""shap"": 0.2831856310367584, ""value"": 6.0, ""model_input"": 6.0}]}"
107,PROVIDIS SIEGE,11 Rue Marcel Mérieux,69960,CORBAS,53880777700015,0.9744934439659119,JARDINS ET VERGERS DISTRIBUTION,11 RUE MARCEL MERIEUX,CORBAS,69960,69273,OUVERT,2025-10-23 11:26:51,5,"{""bias"": 1.1616770029067993, ""margin"": 3.6429810523986816, ""prob_from_margin"": 0.9744934136306044, ""top"": [{""feature"": ""addr_token_overlap"", ""shap"": 1.3167649507522583, ""value"": 1.0, ""model_input"": 1.0}, {""feature"": ""street_number_diff"", ""shap"": 1.1606112718582153, ""value"": 0.0, ""model_input"": 0.0}, {""feature"": ""name_semantic_max"", ""shap"": -1.1306564807891846, ""value"": 0.5131523609161377, ""model_input"": 0.5131523609161377}, {""feature"": ""name_sim_max_etab"", ""shap"": 0.805698812007904, ""value"": 0.0, ""model_input"": 0.0}, {""feature"": ""addr_jaro"", ""shap"": 0.5985642075538635, ""value"": 1.0, ""model_input"": 1.0}, {""feature"": ""type_of_max_name"", ""shap"": 0.5728138089179993, ""value"": 7.0, ""model_input"": 7.0}, {""feature"": ""addr_levenshtein"", ""shap"": 0.5165637135505676, ""value"": 1.0, ""model_input"": 1.0}, {""feature"": ""name_sim_max_pm_dirigeant"", ""shap"": -0.39011120796203613, ""value"": 0.0, ""model_input"": 0.0}, {""feature"": ""name_semantic_second"", ""shap"": -0.35674282908439636, ""value"": 0.0, ""model_input"": 0.0}, {""feature"": ""name_token_overlap_max"", ""shap"": -0.32709115743637085, ""value"": 0.0, ""model_input"": 0.0}]}"
132,RACINE,Chemin des Pépinières,69150,DECINES-CHARPIEU,38343453700015,0.9954875111579895,RACINE,25 RUE VOLTAIRE,DECINES-CHARPIEU,69150,69275,FERME,2025-01-26 02:08:42,1,"{""bias"": 1.1616770029067993, ""margin"": 5.396383285522461, ""prob_from_margin"": 0.9954875091741046, ""top"": [{""feature"": ""name_semantic_max"", ""shap"": 2.5074081420898438, ""value"": 1.0, ""model_input"": 1.0}, {""feature"": ""name_token_overlap_max"", ""shap"": 1.3831260204315186, ""value"": 1.0, ""model_input"": 1.0}, {""feature"": ""name_sim_max_pm_dirigeant"", ""shap"": 1.195090413093567, ""value"": 0.5888888888888889, ""model_input"": 0.5888888888888889}, {""feature"": ""token_overlap_ul"", ""shap"": 1.1114609241485596, ""value"": 1.0, ""model_input"": 1.0}, {""feature"": ""addr_token_overlap"", ""shap"": -0.6980024576187134, ""value"": 0.0, ""model_input"": 0.0}, {""feature"": ""is_siege"", ""shap"": -0.5927398800849915, ""value"": 0.0, ""model_input"": 0.0}, {""feature"": ""name_crm_contains_cand_max"", ""shap"": 0.4044630229473114, ""value"": 1.0, ""model_input"": 1.0}, {""feature"": ""name_addr_consistency"", ""shap"": -0.3937425911426544, ""value"": 0.4507936507936508, ""model_input"": 0.4507936507936508}, {""feature"": ""street_number_diff"", ""shap"": 0.35655054450035095, ""value"": 9999.0, ""model_input"": 9999.0}, {""feature"": ""addr_levenshtein"", ""shap"": -0.3358056843280792, ""value"": 0.23809523809523814, ""model_input"": 0.23809523809523814}]}"
132,RACINE,Chemin des Pépinières,69150,DECINES-CHARPIEU,90861060300015,0.9939740300178528,25 RACINE,16 RUE DES MIMOSAS,DECINES-CHARPIEU,69150,69275,OUVERT,2024-03-30 00:40:43,2,"{""bias"": 1.1616770029067993, ""margin"": 5.1056365966796875, ""prob_from_margin"": 0.9939740538351602, ""top"": [{""feature"": ""name_semantic_max"", ""shap"": 2.534675359725952, ""value"": 0.8054734468460083, ""model_input"": 0.8054734468460083}, {""feature"": ""name_sim_max_etab"", ""shap"": 1.08036470413208, ""value"": 0.0, ""model_input"": 0.0}, {""feature"": ""name_token_overlap_max"", ""shap"": 1.0802741050720215, ""value"": 0.5, ""model_input"": 0.5}, {""feature"": ""token_overlap_ul"", ""shap"": 1.0418789386749268, ""value"": 1.0, ""model_input"": 1.0}, {""feature"": ""name_sim_max_pm_dirigeant"", ""shap"": -0.517515242099762, ""value"": 0.0, ""model_input"": 0.0}, {""feature"": ""name_addr_consistency"", ""shap"": -0.42895597219467163, ""value"": 0.4397413286302175, ""model_input"": 0.4397413286302175}, {""feature"": ""name_length_max"", ""shap"": -0.4145461916923523, ""value"": 9.0, ""model_input"": 9.0}, {""feature"": ""addr_token_overlap"", ""shap"": -0.3488364815711975, ""value"": 0.16666666666666666, ""model_input"": 0.16666666666666666}, {""feature"": ""addr_jaro"", ""shap"": -0.30460870265960693, ""value"": 0.4947089947089947, ""model_input"": 0.4947089947089947}, {""feature"": ""name_semantic_second"", ""shap"": -0.296746164560318, ""value"": 0.0, ""model_input"": 0.0}]}"
132,RACINE,Chemin des Pépinières,69150,DECINES-CHARPIEU,81492147400023,0.6924625039100647,MJ2G,3 RUE MICHEL SERVET,DECINES-CHARPIEU,69150,69275,OUVERT,2024-03-30 06:06:13,3,"{""bias"": 1.1616770029067993, ""margin"": 0.8116568326950073, ""prob_from_margin"": 0.6924624528840543, ""top"": [{""feature"": ""name_semantic_max"", ""shap"": -1.919187307357788, ""value"": 0.37017709016799927, ""model_input"": 0.37017709016799927}, {""feature"": ""name_jaro_max"", ""shap"": 0.7944973111152649, ""value"": 0.0, ""model_input"": 0.0}, {""feature"": ""name_addr_consistency"", ""shap"": 0.7535668015480042, ""value"": 0.0, ""model_input"": 0.0}, {""feature"": ""name_sim_max_ul"", ""shap"": -0.6655750274658203, ""value"": 0.0, ""model_input"": 0.0}, {""feature"": ""name_sim_max_etab"", ""shap"": 0.6422012448310852, ""value"": 0.0, ""model_input"": 0.0}, {""feature"": ""type_of_max_name"", ""shap"": 0.5924540162086487, ""value"": 7.0, ""model_input"": 7.0}, {""feature"": ""addr_token_overlap"", ""shap"": -0.42877402901649475, ""value"": 0.0, ""model_input"": 0.0}, {""feature"": ""street_number_diff"", ""shap"": 0.4285902678966522, ""value"": 9999.0, ""model_input"": 9999.0}, {""feature"": ""token_overlap_ul"", ""shap"": -0.3850446343421936, ""value"": 0.0, ""model_input"": 0.0}, {""feature"": ""name_levenshtein_max"", ""shap"": 0.3757791519165039, ""value"": 0.0, ""model_input"": 0.0}]}"
132,RACINE,Chemin des Pépinières,69150,DECINES-CHARPIEU,45108099800011,0.5491397976875305,SYJO,54 RUE SULLY,DECINES-CHARPIEU,69150,69275,FERME,2024-03-30 07:46:15,4,"{""bias"": 1.1616770029067993, ""margin"": 0.1971956491470337, ""prob_from_margin"": 0.5491397774370127, ""top"": [{""feature"": ""name_semantic_max"", ""shap"": -1.760073184967041, ""value"": 0.4751523733139038, ""model_input"": 0.4751523733139038}, {""feature"": ""type_of_max_name"", ""shap"": 0.848426103591919, ""value"": 7.0, ""model_input"": 7.0}, {""feature"": ""name_jaro_max"", ""shap"": 0.7734367847442627, ""value"": 0.0, ""model_input"": 0.0}, {""feature"": ""name_sim_max_etab"", ""shap"": 0.6865472197532654, ""value"": 0.0, ""model_input"": 0.0}, {""feature"": ""name_sim_max_ul"", ""shap"": -0.6730939149856567, ""value"": 0.0, ""model_input"": 0.0}, {""feature"": ""name_addr_consistency"", ""shap"": 0.5243245363235474, ""value"": 0.0, ""model_input"": 0.0}, {""feature"": ""name_levenshtein_max"", ""shap"": 0.4974170923233032, ""value"": 0.0, ""model_input"": 0.0}, {""feature"": ""name_semantic_second"", ""shap"": -0.42919567227363586, ""value"": 0.0, ""model_input"": 0.0}, {""feature"": ""token_overlap_ul"", ""shap"": -0.39950764179229736, ""value"": 0.0, ""model_input"": 0.0}, {""feature"": ""street_number_diff"", ""shap"": 0.38117557764053345, ""value"": 9999.0, ""model_input"": 9999.0}]}"
132,RACINE,Chemin des Pépinières,69150,DECINES-CHARPIEU,90315698200014,0.515333890914917,NEJP,205 AVENUE JEAN JAURES,DECINES-CHARPIEU,69150,69275,OUVERT,2025-01-24 02:55:20,5,"{""bias"": 1.1616770029067993, ""margin"": 0.061354637145996094, ""prob_from_margin"": 0.5153338493705791, ""top"": [{""feature"": ""name_semantic_max"", ""shap"": -1.706050157546997, ""value"": 0.43032407760620117, ""model_input"": 0.43032407760620117}, {""feature"": ""name_jaro_max"", ""shap"": 0.9672302007675171, ""value"": 0.0, ""model_input"": 0.0}, {""feature"": ""name_sim_max_ul"", ""shap"": -0.7339904308319092, ""value"": 0.0, ""model_input"": 0.0}, {""feature"": ""name_sim_max_etab"", ""shap"": 0.6661487221717834, ""value"": 0.0, ""model_input"": 0.0}, {""feature"": ""type_of_max_name"", ""shap"": 0.6608623266220093, ""value"": 7.0, ""model_input"": 7.0}, {""feature"": ""name_addr_consistency"", ""shap"": 0.5590319633483887, ""value"": 0.0, ""model_input"": 0.0}, {""feature"": ""addr_jaro"", ""shap"": -0.5081626772880554, ""value"": 0.5769119769119769, ""model_input"": 0.5769119769119769}, {""feature"": ""name_semantic_second"", ""shap"": -0.40363195538520813, ""value"": 0.0, ""model_input"": 0.0}, {""feature"": ""token_overlap_ul"", ""shap"": -0.38713642954826355, ""value"": 0.0, ""model_input"": 0.0}, {""feature"": ""addr_token_overlap"", ""shap"": -0.3794806897640228, ""value"": 0.0, ""model_input"": 0.0}]}"
124,RAS INTERIM,5 Rue du Mont-Blanc,69960,CORBAS,79470553300063,0.9975764155387878,RAS 250,5 RUE DU MONT BLANC,CORBAS,69960,69273,OUVERT,2025-01-17 02:31:34,1,"{""bias"": 1.1616770029067993, ""margin"": 6.0200958251953125, ""prob_from_margin"": 0.9975764510762839, ""top"": [{""feature"": ""name_semantic_max"", ""shap"": 2.153445243835449, ""value"": 0.8229914903640747, ""model_input"": 0.8229914903640747}, {""feature"": ""name_token_overlap_max"", ""shap"": 0.8865910172462463, ""value"": 0.5, ""model_input"": 0.5}, {""feature"": ""addr_token_overlap"", ""shap"": 0.7757193446159363, ""value"": 1.0, ""model_input"": 1.0}, {""feature"": ""name_sim_max_etab"", ""shap"": -0.7281190752983093, ""value"": 0.8303030303030302, ""model_input"": 0.8303030303030302}, {""feature"": ""name_sim_max_pm_dirigeant"", ""shap"": 0.6077108979225159, ""value"": 0.8303030303030302, ""model_input"": 0.8303030303030302}, {""feature"": ""name_semantic_second"", ""shap"": 0.5325274467468262, ""value"": 0.756056547164917, ""model_input"": 0.756056547164917}, {""feature"": ""name_crm_contains_cand_max"", ""shap"": 0.49922218918800354, ""value"": 1.0, ""model_input"": 1.0}, {""feature"": ""street_number_diff"", ""shap"": 0.4589100182056427, ""value"": 0.0, ""model_input"": 0.0}, {""feature"": ""token_overlap_ul"", ""shap"": 0.3544124662876129, ""value"": 0.5, ""model_input"": 0.5}, {""feature"": ""name_length_max"", ""shap"": -0.34876078367233276, ""value"": 3.0, ""model_input"": 3.0}]}"
124,RAS INTERIM,5 Rue du Mont-Blanc,69960,CORBAS,96950856302469,0.9975191354751587,RAS,5 RUE DU MONT BLANC,CORBAS,69960,69273,OUVERT,2025-01-26 02:40:18,2,"{""bias"": 1.1616770029067993, ""margin"": 5.996660232543945, ""prob_from_margin"": 0.9975191255730503, ""top"": [{""feature"": ""name_semantic_max"", ""shap"": 2.3291940689086914, ""value"": 0.8229914903640747, ""model_input"": 0.8229914903640747}, {""feature"": ""name_sim_max_pm_dirigeant"", ""shap"": 1.112666368484497, ""value"": 0.5757575757575758, ""model_input"": 0.5757575757575758}, {""feature"": ""name_token_overlap_max"", ""shap"": 1.0526243448257446, ""value"": 0.5, ""model_input"": 0.5}, {""feature"": ""name_count"", ""shap"": -0.9699926972389221, ""value"": 6.0, ""model_input"": 6.0}, {""feature"": ""addr_token_overlap"", ""shap"": 0.6218031644821167, ""value"": 1.0, ""model_input"": 1.0}, {""feature"": ""name_crm_contains_cand_max"", ""shap"": 0.6032504439353943, ""value"": 1.0, ""model_input"": 1.0}, {""feature"": ""token_overlap_ul"", ""shap"": 0.5568937659263611, ""value"": 0.5, ""model_input"": 0.5}, {""feature"": ""street_number_diff"", ""shap"": 0.4347516894340515, ""value"": 0.0, ""model_input"": 0.0}, {""feature"": ""name_semantic_second"", ""shap"": -0.39644497632980347, ""value"": 0.3943262994289398, ""model_input"": 0.3943262994289398}, {""feature"": ""name_length_max"", ""shap"": -0.312773197889328, ""value"": 3.0, ""model_input"": 3.0}]}"
124,RAS INTERIM,5 Rue du Mont-Blanc,69960,CORBAS,39797248000016,0.9746347069740295,Z.A.I.,5 RUE DU MONT BLANC,CORBAS,69960,69273,FERME,2024-03-22 15:40:57,3,"{""bias"": 1.1616770029067993, ""margin"": 3.6486802101135254, ""prob_from_margin"": 0.9746346894748277, ""top"": [{""feature"": ""addr_token_overlap"", ""shap"": 1.4450241327285767, ""value"": 1.0, ""model_input"": 1.0}, {""feature"": ""street_number_diff"", ""shap"": 0.9671934843063354, ""value"": 0.0, ""model_input"": 0.0}, {""feature"": ""name_sim_max_etab"", ""shap"": -0.8008235096931458, ""value"": 0.6281385281385281, ""model_input"": 0.6281385281385281}, {""feature"": ""name_semantic_second"", ""shap"": 0.7455341815948486, ""value"": 0.5831269025802612, ""model_input"": 0.5831269025802612}, {""feature"": ""name_sim_max_pm_dirigeant"", ""shap"": 0.64173823595047, ""value"": 0.6281385281385281, ""model_input"": 0.6281385281385281}, {""feature"": ""name_semantic_max"", ""shap"": 0.5713565945625305, ""value"": 0.601982831954956, ""model_input"": 0.601982831954956}, {""feature"": ""addr_jaro"", ""shap"": 0.41460543870925903, ""value"": 1.0, ""model_input"": 1.0}, {""feature"": ""addr_levenshtein"", ""shap"": 0.40282952785491943, ""value"": 1.0, ""model_input"": 1.0}, {""feature"": ""name_token_overlap_max"", ""shap"": -0.3768613934516907, ""value"": 0.0, ""model_input"": 0.0}, {""feature"": ""type_of_max_name"", ""shap"": 0.33265894651412964, ""value"": 4.0, ""model_input"": 4.0}]}"
124,RAS INTERIM,5 Rue du Mont-Blanc,69960,CORBAS,32237493500086,0.9659111499786377,RAS,14 RUE MARCEL MERIEUX,CORBAS,69960,69273,OUVERT,2025-02-17 02:16:52,4,"{""bias"": 1.1616770029067993, ""margin"": 3.3441009521484375, ""prob_from_margin"": 0.9659111319146093, ""top"": [{""feature"": ""name_semantic_max"", ""shap"": 2.577751874923706, ""value"": 0.8229914903640747, ""model_input"": 0.8229914903640747}, {""feature"": ""name_token_overlap_max"", ""shap"": 1.538033127784729, ""value"": 0.5, ""model_input"": 0.5}, {""feature"": ""name_sim_max_pm_dirigeant"", ""shap"": 1.1953494548797607, ""value"": 0.6412337662337663, ""model_input"": 0.6412337662337663}, {""feature"": ""name_sim_max_etab"", ""shap"": -0.8069505095481873, ""value"": 0.6412337662337663, ""model_input"": 0.6412337662337663}, {""feature"": ""name_addr_consistency"", ""shap"": -0.7660823464393616, ""value"": 0.4988754715070504, ""model_input"": 0.4988754715070504}, {""feature"": ""name_crm_contains_cand_max"", ""shap"": 0.7473005056381226, ""value"": 1.0, ""model_input"": 1.0}, {""feature"": ""addr_token_overlap"", ""shap"": -0.685042142868042, ""value"": 0.125, ""model_input"": 0.125}, {""feature"": ""street_number_diff"", ""shap"": -0.6450541019439697, ""value"": 9.0, ""model_input"": 9.0}, {""feature"": ""token_overlap_ul"", ""shap"": 0.6187068223953247, ""value"": 0.5, ""model_input"": 0.5}, {""feature"": ""name_length_max"", ""shap"": -0.6059103012084961, ""value"": 3.0, ""model_input"": 3.0}]}"
124,RAS INTERIM,5 Rue du Mont-Blanc,69960,CORBAS,96950270700025,0.9266894459724426,COBOLY,5 RUE DU MONT BLANC,CORBAS,69960,69273,OUVERT,2025-01-26 02:20:34,5,"{""bias"": 1.1616770029067993, ""margin"": 2.5369153022766113, ""prob_from_margin"": 0.926689540071402, ""top"": [{""feature"": ""addr_token_overlap"", ""shap"": 1.2559337615966797, ""value"": 1.0, ""model_input"": 1.0}, {""feature"": ""name_semantic_max"", ""shap"": -1.1369433403015137, ""value"": 0.4935029447078705, ""model_input"": 0.4935029447078705}, {""feature"": ""street_number_diff"", ""shap"": 0.9460590481758118, ""value"": 0.0, ""model_input"": 0.0}, {""feature"": ""name_sim_max_pm_dirigeant"", ""shap"": 0.8368987441062927, ""value"": 0.5131313131313131, ""model_input"": 0.5131313131313131}, {""feature"": ""type_of_max_name"", ""shap"": 0.5535413026809692, ""value"": 7.0, ""model_input"": 7.0}, {""feature"": ""addr_jaro"", ""shap"": 0.5298563838005066, ""value"": 1.0, ""model_input"": 1.0}, {""feature"": ""name_semantic_second"", ""shap"": -0.48781922459602356, ""value"": 0.2387286126613617, ""model_input"": 0.2387286126613617}, {""feature"": ""addr_levenshtein"", ""shap"": 0.4519641101360321, ""value"": 1.0, ""model_input"": 1.0}, {""feature"": ""name_addr_consistency"", ""shap"": -0.3908310830593109, ""value"": 0.5228296478296478, ""model_input"": 0.5228296478296478}, {""feature"": ""name_length_max"", ""shap"": 0.33492419123649597, ""value"": 37.0, ""model_input"": 37.0}]}"
55,REP,15 RUE DU DAUPHINE,69960,CORBAS,35029321300012,0.9992947578430176,REP INTERNATIONAL,15 RUE DU DAUPHINE,CORBAS,69960,69273,FERME,2025-01-24 02:46:51,1,"{""bias"": 1.1616770029067993, ""margin"": 7.256256580352783, ""prob_from_margin"": 0.9992947527281459, ""top"": [{""feature"": ""name_semantic_max"", ""shap"": 2.014373540878296, ""value"": 0.8308135271072388, ""model_input"": 0.8308135271072388}, {""feature"": ""name_sim_max_etab"", ""shap"": 0.8481364846229553, ""value"": 0.0, ""model_input"": 0.0}, {""feature"": ""token_overlap_ul"", ""shap"": 0.8377728462219238, ""value"": 1.0, ""model_input"": 1.0}, {""feature"": ""name_token_overlap_max"", ""shap"": 0.785598635673523, ""value"": 0.5, ""model_input"": 0.5}, {""feature"": ""street_number_diff"", ""shap"": 0.5323406457901001, ""value"": 0.0, ""model_input"": 0.0}, {""feature"": ""addr_token_overlap"", ""shap"": 0.5126416683197021, ""value"": 1.0, ""model_input"": 1.0}, {""feature"": ""name_jaro_gap"", ""shap"": 0.46441903710365295, ""value"": 0.8078431372549021, ""model_input"": 0.8078431372549021}, {""feature"": ""name_addr_consistency"", ""shap"": 0.40528345108032227, ""value"": 0.8078431372549021, ""model_input"": 0.8078431372549021}, {""feature"": ""name_sim_max_pm_dirigeant"", ""shap"": -0.3895038962364197, ""value"": 0.0, ""model_input"": 0.0}, {""feature"": ""name_semantic_second"", ""shap"": -0.2881837785243988, ""value"": 0.0, ""model_input"": 0.0}]}"
55,REP,15 RUE DU DAUPHINE,69960,CORBAS,40013180100013,0.9983252882957458,REP INTERNATIONAL,15 RUE DU DAUPHINE,CORBAS,69960,69273,OUVERT,2025-01-26 03:21:17,2,"{""bias"": 1.1616770029067993, ""margin"": 6.390468120574951, ""prob_from_margin"": 0.9983253384368168, ""top"": [{""feature"": ""name_semantic_max"", ""shap"": 1.9551060199737549, ""value"": 0.8308135271072388, ""model_input"": 0.8308135271072388}, {""feature"": ""name_sim_max_pm_dirigeant"", ""shap"": 0.9107999205589294, ""value"": 0.5763888888888888, ""model_input"": 0.5763888888888888}, {""feature"": ""name_token_overlap_max"", ""shap"": 0.8643893599510193, ""value"": 0.5, ""model_input"": 0.5}, {""feature"": ""token_overlap_ul"", ""shap"": 0.8600882887840271, ""value"": 1.0, ""model_input"": 1.0}, {""feature"": ""addr_token_overlap"", ""shap"": 0.5289081931114197, ""value"": 1.0, ""model_input"": 1.0}, {""feature"": ""street_number_diff"", ""shap"": 0.46683213114738464, ""value"": 0.0, ""model_input"": 0.0}, {""feature"": ""name_sim_max_etab"", ""shap"": -0.24380521476268768, ""value"": 0.5763888888888888, ""model_input"": 0.5763888888888888}, {""feature"": ""addr_jaro"", ""shap"": 0.22192831337451935, ""value"": 1.0, ""model_input"": 1.0}, {""feature"": ""type_of_max_name"", ""shap"": 0.21268542110919952, ""value"": 7.0, ""model_input"": 7.0}, {""feature"": ""is_siege"", ""shap"": 0.19913765788078308, ""value"": 1.0, ""model_input"": 1.0}]}"
55,REP,15 RUE DU DAUPHINE,69960,CORBAS,95550136600087,0.9947807192802429,SOC LYONNAISE EQUIPEMENTS INDUSTRIEL REP,15 RUE DU DAUPHINE,CORBAS,69960,69273,FERME,2024-03-22 15:40:57,3,"{""bias"": 1.1616770029067993, ""margin"": 5.25017786026001, ""prob_from_margin"": 0.9947807978314396, ""top"": [{""feature"": ""name_sim_max_etab"", ""shap"": 0.9553247094154358, ""value"": 0.0, ""model_input"": 0.0}, {""feature"": ""addr_token_overlap"", ""shap"": 0.8981212377548218, ""value"": 1.0, ""model_input"": 1.0}, {""feature"": ""token_overlap_ul"", ""shap"": 0.863263726234436, ""value"": 1.0, ""model_input"": 1.0}, {""feature"": ""street_number_diff"", ""shap"": 0.7323159575462341, ""value"": 0.0, ""model_input"": 0.0}, {""feature"": ""name_sim_max_pm_dirigeant"", ""shap"": -0.4288789629936218, ""value"": 0.0, ""model_input"": 0.0}, {""feature"": ""type_of_max_name"", ""shap"": 0.40888965129852295, ""value"": 7.0, ""model_input"": 7.0}, {""feature"": ""addr_levenshtein"", ""shap"": 0.3685248792171478, ""value"": 1.0, ""model_input"": 1.0}, {""feature"": ""addr_jaro"", ""shap"": 0.35633692145347595, ""value"": 1.0, ""model_input"": 1.0}, {""feature"": ""name_semantic_second"", ""shap"": -0.3038814067840576, ""value"": 0.0, ""model_input"": 0.0}, {""feature"": ""name_semantic_max"", ""shap"": 0.2774605453014374, ""value"": 0.5960049033164978, ""model_input"": 0.5960049033164978}]}"
55,REP,15 RUE DU DAUPHINE,69960,CORBAS,32152430800038,0.9794015884399414,SACOMAT,15 RUE DU DAUPHINE,CORBAS,69960,69273,FERME,2024-03-22 15:40:57,4,"{""bias"": 1.1616770029067993, ""margin"": 3.861727714538574, ""prob_from_margin"": 0.9794015867757604, ""top"": [{""feature"": ""name_semantic_max"", ""shap"": -2.121840000152588, ""value"": 0.34088680148124695, ""model_input"": 0.34088680148124695}, {""feature"": ""addr_token_overlap"", ""shap"": 1.331899881362915, ""value"": 1.0, ""model_input"": 1.0}, {""feature"": ""name_addr_consistency"", ""shap"": 1.212802529335022, ""value"": 0.0, ""model_input"": 0.0}, {""feature"": ""street_number_diff"", ""shap"": 0.9408686757087708, ""value"": 0.0, ""model_input"": 0.0}, {""feature"": ""addr_jaro"", ""shap"": 0.902599036693573, ""value"": 1.0, ""model_input"": 1.0}, {""feature"": ""name_sim_max_etab"", ""shap"": 0.8832482099533081, ""value"": 0.0, ""model_input"": 0.0}, {""feature"": ""addr_levenshtein"", ""shap"": 0.6529373526573181, ""value"": 1.0, ""model_input"": 1.0}, {""feature"": ""name_jaro_max"", ""shap"": 0.5923426151275635, ""value"": 0.0, ""model_input"": 0.0}, {""feature"": ""name_sim_max_ul"", ""shap"": -0.4776404798030853, ""value"": 0.0, ""model_input"": 0.0}, {""feature"": ""name_semantic_second"", ""shap"": -0.31168055534362793, ""value"": 0.0, ""model_input"": 0.0}]}"
55,REP,15 RUE DU DAUPHINE,69960,CORBAS,52035529800032,0.9087588787078857,PIERRON ASCO & CELDA,15 RUE DU DAUPHINE,CORBAS,69960,69273,OUVERT,2024-03-29 23:14:22,5,"{""bias"": 1.1616770029067993, ""margin"": 2.2985734939575195, ""prob_from_margin"": 0.9087588274437202, ""top"": [{""feature"": ""name_semantic_max"", ""shap"": -1.9747724533081055, ""value"": 0.4384614825248718, ""model_input"": 0.4384614825248718}, {""feature"": ""addr_token_overlap"", ""shap"": 1.2549983263015747, ""value"": 1.0, ""model_input"": 1.0}, {""feature"": ""street_number_diff"", ""shap"": 1.071367859840393, ""value"": 0.0, ""model_input"": 0.0}, {""feature"": ""name_sim_max_pm_dirigeant"", ""shap"": 0.8131204843521118, ""value"": 0.5793650793650794, ""model_input"": 0.5793650793650794}, {""feature"": ""addr_jaro"", ""shap"": 0.6367218494415283, ""value"": 1.0, ""model_input"": 1.0}, {""feature"": ""addr_levenshtein"", ""shap"": 0.5403599739074707, ""value"": 1.0, ""model_input"": 1.0}, {""feature"": ""type_of_max_name"", ""shap"": 0.3325100243091583, ""value"": 7.0, ""model_input"": 7.0}, {""feature"": ""name_token_overlap_max"", ""shap"": -0.3095669448375702, ""value"": 0.0, ""model_input"": 0.0}, {""feature"": ""token_overlap_ul"", ""shap"": -0.2689204514026642, ""value"": 0.0, ""model_input"": 0.0}, {""feature"": ""name_jaro_second"", ""shap"": -0.23416364192962646, ""value"": 0.5793650793650794, ""model_input"": 0.5793650793650794}]}"
27,RHODANIENNE DE NEGOCE ET DE LOCATION,Rue Louis Pradel,69960,CORBAS,41983805700067,0.9998094439506531,RHODANIENNE DE NEGOCE ET DE LOCATION,65 RUE LOUIS PRADEL,CORBAS,69960,69273,OUVERT,2025-01-26 02:42:36,1,"{""bias"": 1.1616770029067993, ""margin"": 8.565155029296875, ""prob_from_margin"": 0.9998094023021322, ""top"": [{""feature"": ""name_semantic_max"", ""shap"": 2.306628465652466, ""value"": 0.9999999403953552, ""model_input"": 0.9999999403953552}, {""feature"": ""name_token_overlap_max"", ""shap"": 1.1080639362335205, ""value"": 1.0, ""model_input"": 1.0}, {""feature"": ""name_sim_max_pm_dirigeant"", ""shap"": 1.1018604040145874, ""value"": 0.6103703703703703, ""model_input"": 0.6103703703703703}, {""feature"": ""token_overlap_ul"", ""shap"": 0.9690546989440918, ""value"": 1.0, ""model_input"": 1.0}, {""feature"": ""name_crm_contains_cand_max"", ""shap"": 0.6371154189109802, ""value"": 1.0, ""model_input"": 1.0}, {""feature"": ""addr_token_overlap"", ""shap"": 0.4965079724788666, ""value"": 0.75, ""model_input"": 0.75}, {""feature"": ""is_siege"", ""shap"": 0.3653953969478607, ""value"": 1.0, ""model_input"": 1.0}, {""feature"": ""name_sim_max_etab"", ""shap"": -0.30675122141838074, ""value"": 0.6103703703703703, ""model_input"": 0.6103703703703703}, {""feature"": ""name_sim_max_ul"", ""shap"": 0.29873454570770264, ""value"": 1.0, ""model_input"": 1.0}, {""feature"": ""name_semantic_second"", ""shap"": -0.21183112263679504, ""value"": 0.42721766233444214, ""model_input"": 0.42721766233444214}]}"
27,RHODANIENNE DE NEGOCE ET DE LOCATION,Rue Louis Pradel,69960,CORBAS,41983805700059,0.9978234767913818,RHODANIENNE DE NEGOCE ET DE LOCATION,8 AVENUE DE L'INDUSTRIE,CORBAS,69960,69273,FERME,2024-03-30 18:08:41,2,"{""bias"": 1.1616770029067993, ""margin"": 6.1278510093688965, ""prob_from_margin"": 0.9978234841122277, ""top"": [{""feature"": ""name_semantic_max"", ""shap"": 2.359083890914917, ""value"": 0.9999999403953552, ""model_input"": 0.9999999403953552}, {""feature"": ""name_sim_max_pm_dirigeant"", ""shap"": 1.4950146675109863, ""value"": 0.6103703703703703, ""model_input"": 0.6103703703703703}, {""feature"": ""name_token_overlap_max"", ""shap"": 1.154005765914917, ""value"": 1.0, ""model_input"": 1.0}, {""feature"": ""token_overlap_ul"", ""shap"": 1.0562756061553955, ""value"": 1.0, ""model_input"": 1.0}, {""feature"": ""is_siege"", ""shap"": -0.6451928615570068, ""value"": 0.0, ""model_input"": 0.0}, {""feature"": ""addr_token_overlap"", ""shap"": -0.5523840188980103, ""value"": 0.0, ""model_input"": 0.0}, {""feature"": ""name_crm_contains_cand_max"", ""shap"": 0.4605625569820404, ""value"": 1.0, ""model_input"": 1.0}, {""feature"": ""street_number_diff"", ""shap"": 0.3922857642173767, ""value"": 9999.0, ""model_input"": 9999.0}, {""feature"": ""name_sim_max_etab"", ""shap"": -0.35488414764404297, ""value"": 0.6103703703703703, ""model_input"": 0.6103703703703703}, {""feature"": ""addr_levenshtein"", ""shap"": -0.2929535210132599, ""value"": 0.17391304347826086, ""model_input"": 0.17391304347826086}]}"
27,RHODANIENNE DE NEGOCE ET DE LOCATION,Rue Louis Pradel,69960,CORBAS,83283531800029,0.9803398251533508,LYON EST RHODANIENNE,65 RUE LOUIS PRADEL,CORBAS,69960,69273,OUVERT,2025-10-17 08:16:37,3,"{""bias"": 1.1616770029067993, ""margin"": 3.9093055725097656, ""prob_from_margin"": 0.9803398503785732, ""top"": [{""feature"": ""name_semantic_max"", ""shap"": 2.0302724838256836, ""value"": 0.7099698781967163, ""model_input"": 0.7099698781967163}, {""feature"": ""name_sim_max_pm_dirigeant"", ""shap"": 1.1187328100204468, ""value"": 0.6103703703703703, ""model_input"": 0.6103703703703703}, {""feature"": ""addr_token_overlap"", ""shap"": 0.7237690687179565, ""value"": 0.75, ""model_input"": 0.75}, {""feature"": ""name_addr_consistency"", ""shap"": -0.48799437284469604, ""value"": 0.5204336754194856, ""model_input"": 0.5204336754194856}, {""feature"": ""token_overlap_ul"", ""shap"": 0.46227917075157166, ""value"": 0.3333333333333333, ""model_input"": 0.3333333333333333}, {""feature"": ""name_sim_max_etab"", ""shap"": -0.38122743368148804, ""value"": 0.6103703703703703, ""model_input"": 0.6103703703703703}, {""feature"": ""addr_levenshtein"", ""shap"": 0.3423483669757843, ""value"": 0.8421052631578947, ""model_input"": 0.8421052631578947}, {""feature"": ""name_semantic_second"", ""shap"": -0.3188753128051758, ""value"": 0.4058835208415985, ""model_input"": 0.4058835208415985}, {""feature"": ""name_levenshtein_max"", ""shap"": -0.30242255330085754, ""value"": 0.2222222222222222, ""model_input"": 0.2222222222222222}, {""feature"": ""name_count"", ""shap"": 0.2597675919532776, ""value"": 2.0, ""model_input"": 2.0}]}"
27,RHODANIENNE DE NEGOCE ET DE LOCATION,Rue Louis Pradel,69960,CORBAS,32316789000165,0.975992739200592,RDT (R D T ),12 AVENUE DE L'INDUSTRIE,CORBAS,69960,69273,OUVERT,2025-04-06 02:06:23,4,"{""bias"": 1.1616770029067993, ""margin"": 3.705099582672119, ""prob_from_margin"": 0.9759927568565512, ""top"": [{""feature"": ""name_semantic_max"", ""shap"": 2.894967555999756, ""value"": 0.8053821921348572, ""model_input"": 0.8053821921348572}, {""feature"": ""name_sim_max_pm_dirigeant"", ""shap"": 0.8562955260276794, ""value"": 0.5363247863247863, ""model_input"": 0.5363247863247863}, {""feature"": ""addr_token_overlap"", ""shap"": -0.7501622438430786, ""value"": 0.0, ""model_input"": 0.0}, {""feature"": ""name_token_overlap_max"", ""shap"": 0.604543924331665, ""value"": 0.3333333333333333, ""model_input"": 0.3333333333333333}, {""feature"": ""token_overlap_ul"", ""shap"": 0.5470545887947083, ""value"": 0.3333333333333333, ""model_input"": 0.3333333333333333}, {""feature"": ""name_semantic_second"", ""shap"": 0.4923352003097534, ""value"": 0.608672022819519, ""model_input"": 0.608672022819519}, {""feature"": ""name_addr_consistency"", ""shap"": -0.476298451423645, ""value"": 0.4921249107233955, ""model_input"": 0.4921249107233955}, {""feature"": ""is_siege"", ""shap"": -0.42524853348731995, ""value"": 0.0, ""model_input"": 0.0}, {""feature"": ""name_count"", ""shap"": -0.41839510202407837, ""value"": 5.0, ""model_input"": 5.0}, {""feature"": ""street_number_diff"", ""shap"": 0.31856486201286316, ""value"": 9999.0, ""model_input"": 9999.0}]}"
27,RHODANIENNE DE NEGOCE ET DE LOCATION,Rue Louis Pradel,69960,CORBAS,43756769600046,0.9725052118301392,S.R.M.N.I,10 RUE LOUIS PRADEL,CORBAS,69960,69273,FERME,2024-03-30 10:38:05,5,"{""bias"": 1.1616770029067993, ""margin"": 3.5658764839172363, ""prob_from_margin"": 0.9725051453799581, ""top"": [{""feature"": ""name_semantic_max"", ""shap"": 2.082785129547119, ""value"": 0.7380064129829407, ""model_input"": 0.7380064129829407}, {""feature"": ""addr_token_overlap"", ""shap"": 0.8784866333007812, ""value"": 0.75, ""model_input"": 0.75}, {""feature"": ""name_token_overlap_max"", ""shap"": 0.7604719996452332, ""value"": 0.3333333333333333, ""model_input"": 0.3333333333333333}, {""feature"": ""name_sim_max_pm_dirigeant"", ""shap"": -0.7245411276817322, ""value"": 0.0, ""model_input"": 0.0}, {""feature"": ""name_addr_consistency"", ""shap"": -0.48335012793540955, ""value"": 0.5710775518341308, ""model_input"": 0.5710775518341308}, {""feature"": ""name_semantic_second"", ""shap"": 0.42135342955589294, ""value"": 0.5375062227249146, ""model_input"": 0.5375062227249146}, {""feature"": ""token_overlap_ul"", ""shap"": 0.3778288662433624, ""value"": 0.3333333333333333, ""model_input"": 0.3333333333333333}, {""feature"": ""addr_levenshtein"", ""shap"": 0.25191760063171387, ""value"": 0.8421052631578947, ""model_input"": 0.8421052631578947}, {""feature"": ""name_jaro_second"", ""shap"": -0.1695992648601532, ""value"": 0.5611111111111111, ""model_input"": 0.5611111111111111}, {""feature"": ""is_siege"", ""shap"": -0.16092386841773987, ""value"": 0.0, ""model_input"": 0.0}]}"
114,RUBIX FRANCE,33 Avenue Franklin Roosevelt,69150,DECINES CHARPIEU,31413618500035,0.9911477565765381,SOLYRO,33 AVENUE FRANKLIN ROOSEVELT,DECINES-CHARPIEU,69150,69275,OUVERT,2025-01-23 03:11:19,1,"{""bias"": 1.1616770029067993, ""margin"": 4.718196868896484, ""prob_from_margin"": 0.9911477931485443, ""top"": [{""feature"": ""addr_token_overlap"", ""shap"": 1.356258749961853, ""value"": 1.0, ""model_input"": 1.0}, {""feature"": ""street_number_diff"", ""shap"": 1.1318068504333496, ""value"": 0.0, ""model_input"": 0.0}, {""feature"": ""name_semantic_second"", ""shap"": 0.8728427886962891, ""value"": 0.6117655038833618, ""model_input"": 0.6117655038833618}, {""feature"": ""name_semantic_max"", ""shap"": 0.6962229609489441, ""value"": 0.6117655038833618, ""model_input"": 0.6117655038833618}, {""feature"": ""addr_jaro"", ""shap"": 0.49215590953826904, ""value"": 1.0, ""model_input"": 1.0}, {""feature"": ""addr_levenshtein"", ""shap"": 0.4710843563079834, ""value"": 1.0, ""model_input"": 1.0}, {""feature"": ""name_sim_max_pm_dirigeant"", ""shap"": 0.3926869034767151, ""value"": 0.5158730158730159, ""model_input"": 0.5158730158730159}, {""feature"": ""name_count"", ""shap"": -0.3393588364124298, ""value"": 4.0, ""model_input"": 4.0}, {""feature"": ""name_token_overlap_max"", ""shap"": -0.32447487115859985, ""value"": 0.0, ""model_input"": 0.0}, {""feature"": ""name_addr_consistency"", ""shap"": -0.289934366941452, ""value"": 0.5158730158730159, ""model_input"": 0.5158730158730159}]}"
114,RUBIX FRANCE,33 Avenue Franklin Roosevelt,69150,DECINES CHARPIEU,95550951800044,0.9718410968780518,RUBANTEX,73 AVENUE FRANKLIN ROOSEVELT,DECINES-CHARPIEU,69150,69275,FERME,2024-03-30 07:39:58,2,"{""bias"": 1.1616770029067993, ""margin"": 3.541332721710205, ""prob_from_margin"": 0.971841206070516, ""top"": [{""feature"": ""name_semantic_max"", ""shap"": 3.0604069232940674, ""value"": 0.8088987469673157, ""model_input"": 0.8088987469673157}, {""feature"": ""name_sim_max_etab"", ""shap"": 0.9942523241043091, ""value"": 0.0, ""model_input"": 0.0}, {""feature"": ""street_number_diff"", ""shap"": -0.7085091471672058, ""value"": 40.0, ""model_input"": 40.0}, {""feature"": ""name_token_overlap_max"", ""shap"": -0.481084942817688, ""value"": 0.0, ""model_input"": 0.0}, {""feature"": ""name_sim_max_pm_dirigeant"", ""shap"": -0.43743908405303955, ""value"": 0.0, ""model_input"": 0.0}, {""feature"": ""name_levenshtein_max"", ""shap"": -0.4315160810947418, ""value"": 0.41666666666666663, ""model_input"": 0.41666666666666663}, {""feature"": ""token_overlap_ul"", ""shap"": -0.40166181325912476, ""value"": 0.0, ""model_input"": 0.0}, {""feature"": ""addr_levenshtein"", ""shap"": 0.36999520659446716, ""value"": 0.9642857142857143, ""model_input"": 0.9642857142857143}, {""feature"": ""addr_token_overlap"", ""shap"": 0.34379836916923523, ""value"": 0.6, ""model_input"": 0.6}, {""feature"": ""name_length_max"", ""shap"": -0.32317084074020386, ""value"": 8.0, ""model_input"": 8.0}]}"
114,RUBIX FRANCE,33 Avenue Franklin Roosevelt,69150,DECINES CHARPIEU,31525302100036,0.9454582929611206,CONFECTION & DIFFUSION STORES & RIDEAUX,33 AV FRANKLIN ROOSEVELT,DECINES-CHARPIEU,69150,69275,FERME,2024-03-22 15:40:57,3,"{""bias"": 1.1616770029067993, ""margin"": 2.8527040481567383, ""prob_from_margin"": 0.9454582902742236, ""top"": [{""feature"": ""name_semantic_max"", ""shap"": -1.3449817895889282, ""value"": 0.5021477341651917, ""model_input"": 0.5021477341651917}, {""feature"": ""street_number_diff"", ""shap"": 1.1112844944000244, ""value"": 0.0, ""model_input"": 0.0}, {""feature"": ""type_of_max_name"", ""shap"": 0.9930957555770874, ""value"": 7.0, ""model_input"": 7.0}, {""feature"": ""name_sim_max_etab"", ""shap"": 0.833057165145874, ""value"": 0.0, ""model_input"": 0.0}, {""feature"": ""addr_token_overlap"", ""shap"": 0.680639922618866, ""value"": 0.6, ""model_input"": 0.6}, {""feature"": ""addr_levenshtein"", ""shap"": 0.6478632092475891, ""value"": 0.8571428571428572, ""model_input"": 0.8571428571428572}, {""feature"": ""name_sim_max_ul"", ""shap"": -0.40520450472831726, ""value"": 0.4447496947496948, ""model_input"": 0.4447496947496948}, {""feature"": ""name_token_overlap_max"", ""shap"": -0.37190762162208557, ""value"": 0.0, ""model_input"": 0.0}, {""feature"": ""name_semantic_second"", ""shap"": -0.34479424357414246, ""value"": 0.0, ""model_input"": 0.0}, {""feature"": ""name_sim_max_pm_dirigeant"", ""shap"": -0.31631040573120117, ""value"": 0.0, ""model_input"": 0.0}]}"
114,RUBIX FRANCE,33 Avenue Franklin Roosevelt,69150,DECINES CHARPIEU,48428659600016,0.9427778124809265,SAMPE FRANCE,33 AVENUE FRANKLIN ROOSEVELT,DECINES-CHARPIEU,69150,69275,FERME,2024-03-30 05:14:16,4,"{""bias"": 1.1616770029067993, ""margin"": 2.801887035369873, ""prob_from_margin"": 0.9427777107942306, ""top"": [{""feature"": ""name_semantic_max"", ""shap"": -2.0258851051330566, ""value"": 0.43429338932037354, ""model_input"": 0.43429338932037354}, {""feature"": ""addr_token_overlap"", ""shap"": 1.2958916425704956, ""value"": 1.0, ""model_input"": 1.0}, {""feature"": ""street_number_diff"", ""shap"": 0.9606722593307495, ""value"": 0.0, ""model_input"": 0.0}, {""feature"": ""name_sim_max_etab"", ""shap"": 0.7206097841262817, ""value"": 0.0, ""model_input"": 0.0}, {""feature"": ""name_token_overlap_max"", ""shap"": 0.644392728805542, ""value"": 0.3333333333333333, ""model_input"": 0.3333333333333333}, {""feature"": ""addr_jaro"", ""shap"": 0.5699920058250427, ""value"": 1.0, ""model_input"": 1.0}, {""feature"": ""name_sim_max_pm_dirigeant"", ""shap"": -0.4317503571510315, ""value"": 0.0, ""model_input"": 0.0}, {""feature"": ""addr_levenshtein"", ""shap"": 0.42909184098243713, ""value"": 1.0, ""model_input"": 1.0}, {""feature"": ""token_overlap_ul"", ""shap"": 0.39503565430641174, ""value"": 0.5, ""model_input"": 0.5}, {""feature"": ""name_semantic_second"", ""shap"": -0.3334275484085083, ""value"": 0.0, ""model_input"": 0.0}]}"
114,RUBIX FRANCE,33 Avenue Franklin Roosevelt,69150,DECINES CHARPIEU,41028737900060,0.9386622905731201,HEXCEL REINFORCEMENTS,33 AVENUE FRANKLIN ROOSEVELT,DECINES-CHARPIEU,69150,69275,FERME,2024-03-29 23:57:35,5,"{""bias"": 1.1616770029067993, ""margin"": 2.7280631065368652, ""prob_from_margin"": 0.9386624146892211, ""top"": [{""feature"": ""name_semantic_max"", ""shap"": -1.5516045093536377, ""value"": 0.4818880558013916, ""model_input"": 0.4818880558013916}, {""feature"": ""addr_token_overlap"", ""shap"": 1.4415541887283325, ""value"": 1.0, ""model_input"": 1.0}, {""feature"": ""street_number_diff"", ""shap"": 0.9605633616447449, ""value"": 0.0, ""model_input"": 0.0}, {""feature"": ""name_sim_max_pm_dirigeant"", ""shap"": 0.6720055341720581, ""value"": 0.5595238095238095, ""model_input"": 0.5595238095238095}, {""feature"": ""addr_jaro"", ""shap"": 0.6445189118385315, ""value"": 1.0, ""model_input"": 1.0}, {""feature"": ""addr_levenshtein"", ""shap"": 0.5025892853736877, ""value"": 1.0, ""model_input"": 1.0}, {""feature"": ""type_of_max_name"", ""shap"": 0.46744459867477417, ""value"": 7.0, ""model_input"": 7.0}, {""feature"": ""name_semantic_gap"", ""shap"": 0.32371002435684204, ""value"": 0.020817160606384277, ""model_input"": 0.020817160606384277}, {""feature"": ""name_addr_consistency"", ""shap"": -0.3222079277038574, ""value"": 0.6150793650793651, ""model_input"": 0.6150793650793651}, {""feature"": ""name_token_overlap_max"", ""shap"": -0.3164527118206024, ""value"": 0.0, ""model_input"": 0.0}]}"
20,SARL White Warehouse,133 AVENUE FRANKLIN ROOSEVELT,69150,DECINES-CHARPIEU,51306659700024,0.9502041935920715,PROMETHEE LOGISTICS CONSEILS,133 AVENUE FRANKLIN ROOSEVELT,DECINES-CHARPIEU,69150,69275,FERME,2024-03-30 05:50:24,1,"{""bias"": 1.1616770029067993, ""margin"": 2.9487457275390625, ""prob_from_margin"": 0.950204174534358, ""top"": [{""feature"": ""name_semantic_max"", ""shap"": -1.5067507028579712, ""value"": 0.4659430980682373, ""model_input"": 0.4659430980682373}, {""feature"": ""addr_token_overlap"", ""shap"": 1.3551579713821411, ""value"": 1.0, ""model_input"": 1.0}, {""feature"": ""street_number_diff"", ""shap"": 1.0586979389190674, ""value"": 0.0, ""model_input"": 0.0}, {""feature"": ""name_sim_max_etab"", ""shap"": 0.7445700764656067, ""value"": 0.0, ""model_input"": 0.0}, {""feature"": ""addr_jaro"", ""shap"": 0.6389235258102417, ""value"": 1.0, ""model_input"": 1.0}, {""feature"": ""addr_levenshtein"", ""shap"": 0.5516285300254822, ""value"": 1.0, ""model_input"": 1.0}, {""feature"": ""type_of_max_name"", ""shap"": 0.47071442008018494, ""value"": 7.0, ""model_input"": 7.0}, {""feature"": ""name_semantic_second"", ""shap"": -0.37770137190818787, ""value"": 0.0, ""model_input"": 0.0}, {""feature"": ""name_count"", ""shap"": 0.33911508321762085, ""value"": 1.0, ""model_input"": 1.0}, {""feature"": ""name_sim_max_pm_dirigeant"", ""shap"": -0.33792537450790405, ""value"": 0.0, ""model_input"": 0.0}]}"
20,SARL White Warehouse,133 AVENUE FRANKLIN ROOSEVELT,69150,DECINES-CHARPIEU,80417569300022,0.9476238489151001,TOSILE,133 AVENUE FRANKLIN ROOSEVELT,DECINES-CHARPIEU,69150,69275,FERME,2025-01-28 02:10:08,2,"{""bias"": 1.1616770029067993, ""margin"": 2.895505428314209, ""prob_from_margin"": 0.9476238064491338, ""top"": [{""feature"": ""name_semantic_max"", ""shap"": -1.7084048986434937, ""value"": 0.46666598320007324, ""model_input"": 0.46666598320007324}, {""feature"": ""addr_token_overlap"", ""shap"": 1.3768799304962158, ""value"": 1.0, ""model_input"": 1.0}, {""feature"": ""street_number_diff"", ""shap"": 1.101224660873413, ""value"": 0.0, ""model_input"": 0.0}, {""feature"": ""name_sim_max_etab"", ""shap"": 0.7129843831062317, ""value"": 0.0, ""model_input"": 0.0}, {""feature"": ""addr_jaro"", ""shap"": 0.6867105960845947, ""value"": 1.0, ""model_input"": 1.0}, {""feature"": ""addr_levenshtein"", ""shap"": 0.5556107759475708, ""value"": 1.0, ""model_input"": 1.0}, {""feature"": ""type_of_max_name"", ""shap"": 0.44167783856391907, ""value"": 7.0, ""model_input"": 7.0}, {""feature"": ""name_semantic_second"", ""shap"": -0.40227845311164856, ""value"": 0.0, ""model_input"": 0.0}, {""feature"": ""name_token_overlap_max"", ""shap"": -0.3374238610267639, ""value"": 0.0, ""model_input"": 0.0}, {""feature"": ""name_count"", ""shap"": 0.32729050517082214, ""value"": 1.0, ""model_input"": 1.0}]}"
20,SARL White Warehouse,133 AVENUE FRANKLIN ROOSEVELT,69150,DECINES-CHARPIEU,92035163200020,0.9468568563461304,LA COLOREUSE,133 AVENUE FRANKLIN ROOSEVELT,DECINES-CHARPIEU,69150,69275,FERME,2025-07-03 09:38:47,3,"{""bias"": 1.1616770029067993, ""margin"": 2.8801581859588623, ""prob_from_margin"": 0.9468568239205354, ""top"": [{""feature"": ""addr_token_overlap"", ""shap"": 1.349501609802246, ""value"": 1.0, ""model_input"": 1.0}, {""feature"": ""street_number_diff"", ""shap"": 1.1589900255203247, ""value"": 0.0, ""model_input"": 0.0}, {""feature"": ""name_semantic_max"", ""shap"": -1.1061124801635742, ""value"": 0.5188775062561035, ""model_input"": 0.5188775062561035}, {""feature"": ""name_sim_max_etab"", ""shap"": 0.7718749046325684, ""value"": 0.0, ""model_input"": 0.0}, {""feature"": ""addr_jaro"", ""shap"": 0.655338704586029, ""value"": 1.0, ""model_input"": 1.0}, {""feature"": ""addr_levenshtein"", ""shap"": 0.5582007765769958, ""value"": 1.0, ""model_input"": 1.0}, {""feature"": ""type_of_max_name"", ""shap"": 0.5223561525344849, ""value"": 7.0, ""model_input"": 7.0}, {""feature"": ""name_sim_max_pm_dirigeant"", ""shap"": -0.4732724726200104, ""value"": 0.0, ""model_input"": 0.0}, {""feature"": ""name_token_overlap_max"", ""shap"": -0.35595887899398804, ""value"": 0.0, ""model_input"": 0.0}, {""feature"": ""name_semantic_second"", ""shap"": -0.3473014235496521, ""value"": 0.0, ""model_input"": 0.0}]}"
20,SARL White Warehouse,133 AVENUE FRANKLIN ROOSEVELT,69150,DECINES-CHARPIEU,52237889200015,0.9084633588790894,PB3,133 AVENUE FRANKLIN ROOSEVELT,DECINES-CHARPIEU,69150,69275,OUVERT,2024-03-30 06:37:07,4,"{""bias"": 1.1616770029067993, ""margin"": 2.2950167655944824, ""prob_from_margin"": 0.9084634879024712, ""top"": [{""feature"": ""name_semantic_max"", ""shap"": -3.3830621242523193, ""value"": 0.22600169479846954, ""model_input"": 0.22600169479846954}, {""feature"": ""addr_token_overlap"", ""shap"": 1.1052906513214111, ""value"": 1.0, ""model_input"": 1.0}, {""feature"": ""name_addr_consistency"", ""shap"": 1.0594881772994995, ""value"": 0.0, ""model_input"": 0.0}, {""feature"": ""street_number_diff"", ""shap"": 1.0391610860824585, ""value"": 0.0, ""model_input"": 0.0}, {""feature"": ""addr_jaro"", ""shap"": 0.9410566687583923, ""value"": 1.0, ""model_input"": 1.0}, {""feature"": ""name_sim_max_etab"", ""shap"": 0.8300673365592957, ""value"": 0.0, ""model_input"": 0.0}, {""feature"": ""addr_levenshtein"", ""shap"": 0.6448180675506592, ""value"": 1.0, ""model_input"": 1.0}, {""feature"": ""name_jaro_max"", ""shap"": 0.5415888428688049, ""value"": 0.0, ""model_input"": 0.0}, {""feature"": ""name_sim_max_ul"", ""shap"": -0.42580944299697876, ""value"": 0.0, ""model_input"": 0.0}, {""feature"": ""name_levenshtein_max"", ""shap"": 0.3790370523929596, ""value"": 0.0, ""model_input"": 0.0}]}"
20,SARL White Warehouse,133 AVENUE FRANKLIN ROOSEVELT,69150,DECINES-CHARPIEU,90279716600029,0.8927226066589355,STUDIO SYLVAIN DE ROZEVIRE,133 AVENUE FRANKLIN ROOSEVELT,DECINES-CHARPIEU,69150,69275,OUVERT,2025-09-26 14:51:34,5,"{""bias"": 1.1616770029067993, ""margin"": 2.1188597679138184, ""prob_from_margin"": 0.8927227797225741, ""top"": [{""feature"": ""name_semantic_max"", ""shap"": -1.9945034980773926, ""value"": 0.4582864046096802, ""model_input"": 0.4582864046096802}, {""feature"": ""addr_token_overlap"", ""shap"": 1.2582519054412842, ""value"": 1.0, ""model_input"": 1.0}, {""feature"": ""street_number_diff"", ""shap"": 1.0674662590026855, ""value"": 0.0, ""model_input"": 0.0}, {""feature"": ""name_sim_max_etab"", ""shap"": 0.7490973472595215, ""value"": 0.0, ""model_input"": 0.0}, {""feature"": ""addr_jaro"", ""shap"": 0.5528524518013, ""value"": 1.0, ""model_input"": 1.0}, {""feature"": ""addr_levenshtein"", ""shap"": 0.5309213995933533, ""value"": 1.0, ""model_input"": 1.0}, {""feature"": ""type_of_max_name"", ""shap"": 0.5137670040130615, ""value"": 7.0, ""model_input"": 7.0}, {""feature"": ""name_semantic_second"", ""shap"": -0.3831314742565155, ""value"": 0.0, ""model_input"": 0.0}, {""feature"": ""name_sim_max_pm_dirigeant"", ""shap"": -0.37979188561439514, ""value"": 0.0, ""model_input"": 0.0}, {""feature"": ""name_token_overlap_max"", ""shap"": -0.33221063017845154, ""value"": 0.0, ""model_input"": 0.0}]}"
21,SARL White Warehouse Site 2,79 AVENUE FRANKLIN ROOSEVELT,69150,DECINES-CHARPIEU,42391928100034,0.9793807864189148,A 2 C,79 AVENUE FRANKLIN ROOSEVELT,DECINES-CHARPIEU,69150,69275,FERME,2024-03-30 02:14:50,1,"{""bias"": 1.1616770029067993, ""margin"": 3.86069917678833, ""prob_from_margin"": 0.9793808266986023, ""top"": [{""feature"": ""name_semantic_max"", ""shap"": -2.299377202987671, ""value"": 0.3478023409843445, ""model_input"": 0.3478023409843445}, {""feature"": ""addr_token_overlap"", ""shap"": 1.3892500400543213, ""value"": 1.0, ""model_input"": 1.0}, {""feature"": ""name_sim_max_etab"", ""shap"": 0.8584608435630798, ""value"": 0.0, ""model_input"": 0.0}, {""feature"": ""name_addr_consistency"", ""shap"": 0.8165427446365356, ""value"": 0.3303030303030303, ""model_input"": 0.3303030303030303}, {""feature"": ""street_number_diff"", ""shap"": 0.8008555173873901, ""value"": 0.0, ""model_input"": 0.0}, {""feature"": ""addr_levenshtein"", ""shap"": 0.7140258550643921, ""value"": 1.0, ""model_input"": 1.0}, {""feature"": ""addr_jaro"", ""shap"": 0.6488493084907532, ""value"": 1.0, ""model_input"": 1.0}, {""feature"": ""name_jaro_max"", ""shap"": 0.511669933795929, ""value"": 0.3303030303030303, ""model_input"": 0.3303030303030303}, {""feature"": ""token_overlap_ul"", ""shap"": -0.35102578997612, ""value"": 0.0, ""model_input"": 0.0}, {""feature"": ""name_semantic_second"", ""shap"": -0.34472891688346863, ""value"": 0.0, ""model_input"": 0.0}]}"
21,SARL White Warehouse Site 2,79 AVENUE FRANKLIN ROOSEVELT,69150,DECINES-CHARPIEU,80067624900025,0.9393852353096008,A.B.I.,79 AVENUE FRANKLIN ROOSEVELT,DECINES-CHARPIEU,69150,69275,OUVERT,2024-03-30 11:49:13,2,"{""bias"": 1.1616770029067993, ""margin"": 2.740689277648926, ""prob_from_margin"": 0.9393853563928181, ""top"": [{""feature"": ""name_semantic_max"", ""shap"": -2.1829123497009277, ""value"": 0.3883640170097351, ""model_input"": 0.3883640170097351}, {""feature"": ""addr_token_overlap"", ""shap"": 1.3547385931015015, ""value"": 1.0, ""model_input"": 1.0}, {""feature"": ""street_number_diff"", ""shap"": 0.9636452198028564, ""value"": 0.0, ""model_input"": 0.0}, {""feature"": ""addr_jaro"", ""shap"": 0.8125934600830078, ""value"": 1.0, ""model_input"": 1.0}, {""feature"": ""name_sim_max_etab"", ""shap"": 0.7789360880851746, ""value"": 0.0, ""model_input"": 0.0}, {""feature"": ""addr_levenshtein"", ""shap"": 0.6154174208641052, ""value"": 1.0, ""model_input"": 1.0}, {""feature"": ""name_addr_consistency"", ""shap"": 0.5595351457595825, ""value"": 0.30808080808080807, ""model_input"": 0.30808080808080807}, {""feature"": ""name_jaro_max"", ""shap"": 0.5443821549415588, ""value"": 0.30808080808080807, ""model_input"": 0.30808080808080807}, {""feature"": ""name_sim_max_ul"", ""shap"": -0.5329500436782837, ""value"": 0.30808080808080807, ""model_input"": 0.30808080808080807}, {""feature"": ""name_sim_max_pm_dirigeant"", ""shap"": -0.414695143699646, ""value"": 0.0, ""model_input"": 0.0}]}"
21,SARL White Warehouse Site 2,79 AVENUE FRANKLIN ROOSEVELT,69150,DECINES-CHARPIEU,41347259800031,0.9330939650535583,CYBERLABO,79 AVENUE FRANKLIN ROOSEVELT,DECINES-CHARPIEU,69150,69275,FERME,2025-01-25 03:07:14,3,"{""bias"": 1.1616770029067993, ""margin"": 2.635216236114502, ""prob_from_margin"": 0.9330939337799983, ""top"": [{""feature"": ""name_semantic_max"", ""shap"": -1.787346601486206, ""value"": 0.4540839195251465, ""model_input"": 0.4540839195251465}, {""feature"": ""addr_token_overlap"", ""shap"": 1.3145601749420166, ""value"": 1.0, ""model_input"": 1.0}, {""feature"": ""street_number_diff"", ""shap"": 1.1093868017196655, ""value"": 0.0, ""model_input"": 0.0}, {""feature"": ""name_sim_max_etab"", ""shap"": 0.6988583207130432, ""value"": 0.0, ""model_input"": 0.0}, {""feature"": ""addr_jaro"", ""shap"": 0.6593613624572754, ""value"": 1.0, ""model_input"": 1.0}, {""feature"": ""addr_levenshtein"", ""shap"": 0.5835240483283997, ""value"": 1.0, ""model_input"": 1.0}, {""feature"": ""type_of_max_name"", ""shap"": 0.42325010895729065, ""value"": 7.0, ""model_input"": 7.0}, {""feature"": ""name_sim_max_pm_dirigeant"", ""shap"": -0.34863653779029846, ""value"": 0.0, ""model_input"": 0.0}, {""feature"": ""name_semantic_second"", ""shap"": -0.3401087820529938, ""value"": 0.0, ""model_input"": 0.0}, {""feature"": ""name_token_overlap_max"", ""shap"": -0.3355594873428345, ""value"": 0.0, ""model_input"": 0.0}]}"
21,SARL White Warehouse Site 2,79 AVENUE FRANKLIN ROOSEVELT,69150,DECINES-CHARPIEU,49929447800015,0.8634843230247498,S.T.A.,79 AVENUE FRANKLIN ROOSEVELT,DECINES-CHARPIEU,69150,69275,FERME,2024-03-30 06:52:15,4,"{""bias"": 1.1616770029067993, ""margin"": 1.844535231590271, ""prob_from_margin"": 0.8634841988965357, ""top"": [{""feature"": ""name_semantic_max"", ""shap"": -2.1170525550842285, ""value"": 0.40286964178085327, ""model_input"": 0.40286964178085327}, {""feature"": ""addr_token_overlap"", ""shap"": 1.2262572050094604, ""value"": 1.0, ""model_input"": 1.0}, {""feature"": ""street_number_diff"", ""shap"": 1.0416545867919922, ""value"": 0.0, ""model_input"": 0.0}, {""feature"": ""addr_jaro"", ""shap"": 0.8227377533912659, ""value"": 1.0, ""model_input"": 1.0}, {""feature"": ""name_sim_max_etab"", ""shap"": 0.7746562361717224, ""value"": 0.0, ""model_input"": 0.0}, {""feature"": ""name_addr_consistency"", ""shap"": -0.6060435771942139, ""value"": 0.47474747474747475, ""model_input"": 0.47474747474747475}, {""feature"": ""addr_levenshtein"", ""shap"": 0.5422085523605347, ""value"": 1.0, ""model_input"": 1.0}, {""feature"": ""name_semantic_second"", ""shap"": -0.4522399306297302, ""value"": 0.0, ""model_input"": 0.0}, {""feature"": ""name_sim_max_pm_dirigeant"", ""shap"": -0.4105106592178345, ""value"": 0.0, ""model_input"": 0.0}, {""feature"": ""type_of_max_name"", ""shap"": 0.3842720687389374, ""value"": 7.0, ""model_input"": 7.0}]}"
21,SARL White Warehouse Site 2,79 AVENUE FRANKLIN ROOSEVELT,69150,DECINES-CHARPIEU,88335352600022,0.8312772512435913,ISYCOD,79 AVENUE FRANKLIN ROOSEVELT,DECINES-CHARPIEU,69150,69275,FERME,2025-02-17 02:24:35,5,"{""bias"": 1.1616770029067993, ""margin"": 1.5947047472000122, ""prob_from_margin"": 0.8312769988086297, ""top"": [{""feature"": ""name_semantic_max"", ""shap"": -2.517360210418701, ""value"": 0.35625287890434265, ""model_input"": 0.35625287890434265}, {""feature"": ""addr_token_overlap"", ""shap"": 1.1896101236343384, ""value"": 1.0, ""model_input"": 1.0}, {""feature"": ""street_number_diff"", ""shap"": 1.0085129737854004, ""value"": 0.0, ""model_input"": 0.0}, {""feature"": ""addr_jaro"", ""shap"": 0.8321366310119629, ""value"": 1.0, ""model_input"": 1.0}, {""feature"": ""name_sim_max_etab"", ""shap"": 0.7672078013420105, ""value"": 0.0, ""model_input"": 0.0}, {""feature"": ""addr_levenshtein"", ""shap"": 0.5396606922149658, ""value"": 1.0, ""model_input"": 1.0}, {""feature"": ""name_addr_consistency"", ""shap"": -0.5046145915985107, ""value"": 0.47474747474747475, ""model_input"": 0.47474747474747475}, {""feature"": ""name_sim_max_pm_dirigeant"", ""shap"": -0.42027977108955383, ""value"": 0.0, ""model_input"": 0.0}, {""feature"": ""name_semantic_second"", ""shap"": -0.39978376030921936, ""value"": 0.0, ""model_input"": 0.0}, {""feature"": ""type_of_max_name"", ""shap"": 0.3798815608024597, ""value"": 7.0, ""model_input"": 7.0}]}"
65,SAS THE REVIVAL,2 Rue Colière,69960,CORBAS,91505740000011,0.9980002045631409,TIRE REVIVAL,2 RUE COLIERE,CORBAS,69960,69273,OUVERT,2025-01-23 02:06:45,1,"{""bias"": 1.1616770029067993, ""margin"": 6.2126874923706055, ""prob_from_margin"": 0.9980001624610663, ""top"": [{""feature"": ""name_semantic_max"", ""shap"": 1.5925954580307007, ""value"": 0.6952636241912842, ""model_input"": 0.6952636241912842}, {""feature"": ""name_sim_max_pm_dirigeant"", ""shap"": 0.9568551182746887, ""value"": 0.5574242424242425, ""model_input"": 0.5574242424242425}, {""feature"": ""addr_token_overlap"", ""shap"": 0.8514686822891235, ""value"": 1.0, ""model_input"": 1.0}, {""feature"": ""street_number_diff"", ""shap"": 0.5943642258644104, ""value"": 0.0, ""model_input"": 0.0}, {""feature"": ""name_token_overlap_max"", ""shap"": 0.5064663290977478, ""value"": 0.3333333333333333, ""model_input"": 0.3333333333333333}, {""feature"": ""addr_jaro"", ""shap"": 0.295937716960907, ""value"": 1.0, ""model_input"": 1.0}, {""feature"": ""token_overlap_ul"", ""shap"": 0.2885465621948242, ""value"": 0.5, ""model_input"": 0.5}, {""feature"": ""addr_levenshtein"", ""shap"": 0.2091669887304306, ""value"": 1.0, ""model_input"": 1.0}, {""feature"": ""type_of_max_name"", ""shap"": 0.17350143194198608, ""value"": 7.0, ""model_input"": 7.0}, {""feature"": ""name_city_overlap_max"", ""shap"": -0.16783297061920166, ""value"": 0.0, ""model_input"": 0.0}]}"
65,SAS THE REVIVAL,2 Rue Colière,69960,CORBAS,91505740000029,0.9015882611274719,TIRE REVIVAL,65 RUE LOUIS PRADEL,CORBAS,69960,69273,OUVERT,2025-07-06 02:08:04,2,"{""bias"": 1.1616770029067993, ""margin"": 2.214998722076416, ""prob_from_margin"": 0.9015883386666034, ""top"": [{""feature"": ""name_semantic_max"", ""shap"": 1.6334818601608276, ""value"": 0.6952636241912842, ""model_input"": 0.6952636241912842}, {""feature"": ""name_sim_max_pm_dirigeant"", ""shap"": 1.1964515447616577, ""value"": 0.5574242424242425, ""model_input"": 0.5574242424242425}, {""feature"": ""addr_token_overlap"", ""shap"": -0.873237669467926, ""value"": 0.16666666666666666, ""model_input"": 0.16666666666666666}, {""feature"": ""street_number_diff"", ""shap"": -0.8616759181022644, ""value"": 63.0, ""model_input"": 63.0}, {""feature"": ""name_token_overlap_max"", ""shap"": 0.6241480112075806, ""value"": 0.3333333333333333, ""model_input"": 0.3333333333333333}, {""feature"": ""name_addr_consistency"", ""shap"": -0.4790150821208954, ""value"": 0.6235838547417495, ""model_input"": 0.6235838547417495}, {""feature"": ""token_overlap_ul"", ""shap"": 0.3609330654144287, ""value"": 0.5, ""model_input"": 0.5}, {""feature"": ""type_of_max_name"", ""shap"": 0.2722596526145935, ""value"": 7.0, ""model_input"": 7.0}, {""feature"": ""addr_levenshtein"", ""shap"": -0.24809762835502625, ""value"": 0.4736842105263158, ""model_input"": 0.4736842105263158}, {""feature"": ""is_siege"", ""shap"": -0.2317819595336914, ""value"": 0.0, ""model_input"": 0.0}]}"
65,SAS THE REVIVAL,2 Rue Colière,69960,CORBAS,87748101000016,0.8988600969314575,MAXI,2 RUE COLIERE,CORBAS,69960,69273,FERME,2024-03-30 10:58:36,3,"{""bias"": 1.1616770029067993, ""margin"": 2.1846213340759277, ""prob_from_margin"": 0.8988599759968834, ""top"": [{""feature"": ""name_semantic_max"", ""shap"": -1.976165533065796, ""value"": 0.40645739436149597, ""model_input"": 0.40645739436149597}, {""feature"": ""addr_token_overlap"", ""shap"": 1.2725012302398682, ""value"": 1.0, ""model_input"": 1.0}, {""feature"": ""street_number_diff"", ""shap"": 1.2153154611587524, ""value"": 0.0, ""model_input"": 0.0}, {""feature"": ""name_sim_max_etab"", ""shap"": 0.7783922553062439, ""value"": 0.0, ""model_input"": 0.0}, {""feature"": ""addr_jaro"", ""shap"": 0.7758963108062744, ""value"": 1.0, ""model_input"": 1.0}, {""feature"": ""addr_levenshtein"", ""shap"": 0.5542025566101074, ""value"": 1.0, ""model_input"": 1.0}, {""feature"": ""name_sim_max_pm_dirigeant"", ""shap"": -0.44623664021492004, ""value"": 0.0, ""model_input"": 0.0}, {""feature"": ""type_of_max_name"", ""shap"": 0.3801436722278595, ""value"": 7.0, ""model_input"": 7.0}, {""feature"": ""name_token_overlap_max"", ""shap"": -0.3455946147441864, ""value"": 0.0, ""model_input"": 0.0}, {""feature"": ""name_semantic_second"", ""shap"": -0.3447567820549011, ""value"": 0.0, ""model_input"": 0.0}]}"
65,SAS THE REVIVAL,2 Rue Colière,69960,CORBAS,50973144400022,0.8090246319770813,M2P,2 RUE COLIERE,CORBAS,69960,69273,FERME,2025-02-04 02:52:42,4,"{""bias"": 1.1616770029067993, ""margin"": 1.4436858892440796, ""prob_from_margin"": 0.8090247836550599, ""top"": [{""feature"": ""name_semantic_max"", ""shap"": -2.1440024375915527, ""value"": 0.3448757827281952, ""model_input"": 0.3448757827281952}, {""feature"": ""addr_token_overlap"", ""shap"": 1.3062776327133179, ""value"": 1.0, ""model_input"": 1.0}, {""feature"": ""name_addr_consistency"", ""shap"": 1.1749951839447021, ""value"": 0.0, ""model_input"": 0.0}, {""feature"": ""name_sim_max_etab"", ""shap"": 0.938721776008606, ""value"": 0.0, ""model_input"": 0.0}, {""feature"": ""addr_jaro"", ""shap"": 0.9214343428611755, ""value"": 1.0, ""model_input"": 1.0}, {""feature"": ""street_number_diff"", ""shap"": 0.8957498073577881, ""value"": 0.0, ""model_input"": 0.0}, {""feature"": ""type_of_max_name"", ""shap"": -0.8589297533035278, ""value"": 2.0, ""model_input"": 2.0}, {""feature"": ""addr_levenshtein"", ""shap"": 0.767781138420105, ""value"": 1.0, ""model_input"": 1.0}, {""feature"": ""name_semantic_second"", ""shap"": -0.6425511240959167, ""value"": 0.3448757827281952, ""model_input"": 0.3448757827281952}, {""feature"": ""name_sim_max_ul"", ""shap"": -0.46996456384658813, ""value"": 0.0, ""model_input"": 0.0}]}"
65,SAS THE REVIVAL,2 Rue Colière,69960,CORBAS,32585796900035,0.7917354106903076,JALLON,2 RUE MARCEL MERIEUX,CORBAS,69960,69273,FERME,2024-03-30 17:23:05,5,"{""bias"": 1.1616770029067993, ""margin"": 1.3354182243347168, ""prob_from_margin"": 0.7917354603305917, ""top"": [{""feature"": ""name_sim_max_ul"", ""shap"": -0.9598322510719299, ""value"": 0.0, ""model_input"": 0.0}, {""feature"": ""street_number_diff"", ""shap"": 0.9318463802337646, ""value"": 0.0, ""model_input"": 0.0}, {""feature"": ""name_sim_max_pm_dirigeant"", ""shap"": 0.5055422782897949, ""value"": 0.4707070707070707, ""model_input"": 0.4707070707070707}, {""feature"": ""type_of_max_name"", ""shap"": 0.45033761858940125, ""value"": 4.0, ""model_input"": 4.0}, {""feature"": ""addr_token_overlap"", ""shap"": 0.4282357096672058, ""value"": 0.4, ""model_input"": 0.4}, {""feature"": ""name_token_overlap_max"", ""shap"": -0.3979213833808899, ""value"": 0.0, ""model_input"": 0.0}, {""feature"": ""token_overlap_ul"", ""shap"": -0.3505156934261322, ""value"": 0.0, ""model_input"": 0.0}, {""feature"": ""name_sim_max_etab"", ""shap"": 0.31135129928588867, ""value"": 0.4707070707070707, ""model_input"": 0.4707070707070707}, {""feature"": ""addr_levenshtein"", ""shap"": -0.2735907733440399, ""value"": 0.55, ""model_input"": 0.55}, {""feature"": ""name_semantic_second"", ""shap"": -0.2667473256587982, ""value"": 0.38357484340667725, ""model_input"": 0.38357484340667725}]}"
45,SEI LYON,32 Rue Louis Pradel,69960,CORBAS,31514474100040,0.9989442229270935,SEI,32 RUE LOUIS PRADEL,CORBAS,69960,69273,FERME,2024-03-22 15:40:57,1,"{""bias"": 1.1616770029067993, ""margin"": 6.852369785308838, ""prob_from_margin"": 0.9989441679766156, ""top"": [{""feature"": ""name_semantic_max"", ""shap"": 2.2553014755249023, ""value"": 0.8692198991775513, ""model_input"": 0.8692198991775513}, {""feature"": ""name_token_overlap_max"", ""shap"": 0.8836904764175415, ""value"": 0.5, ""model_input"": 0.5}, {""feature"": ""addr_token_overlap"", ""shap"": 0.7256906628608704, ""value"": 1.0, ""model_input"": 1.0}, {""feature"": ""name_sim_max_pm_dirigeant"", ""shap"": 0.6858536601066589, ""value"": 0.5367383512544803, ""model_input"": 0.5367383512544803}, {""feature"": ""street_number_diff"", ""shap"": 0.5448675155639648, ""value"": 0.0, ""model_input"": 0.0}, {""feature"": ""name_crm_contains_cand_max"", ""shap"": 0.5281538367271423, ""value"": 1.0, ""model_input"": 1.0}, {""feature"": ""name_semantic_second"", ""shap"": 0.4301139712333679, ""value"": 0.7528695464134216, ""model_input"": 0.7528695464134216}, {""feature"": ""addr_jaro"", ""shap"": 0.3599435091018677, ""value"": 1.0, ""model_input"": 1.0}, {""feature"": ""token_overlap_ul"", ""shap"": 0.32171693444252014, ""value"": 0.5, ""model_input"": 0.5}, {""feature"": ""is_siege"", ""shap"": -0.24614378809928894, ""value"": 0.0, ""model_input"": 0.0}]}"
45,SEI LYON,32 Rue Louis Pradel,69960,CORBAS,79020030700011,0.9957809448242188,SEI SAVOIES,32 RUE LOUIS PRADEL,CORBAS,69960,69273,FERME,2024-03-22 15:40:57,2,"{""bias"": 1.1616770029067993, ""margin"": 5.463912487030029, ""prob_from_margin"": 0.9957809296977232, ""top"": [{""feature"": ""name_semantic_max"", ""shap"": 2.0646615028381348, ""value"": 0.7552669048309326, ""model_input"": 0.7552669048309326}, {""feature"": ""name_sim_max_etab"", ""shap"": 0.955510675907135, ""value"": 0.0, ""model_input"": 0.0}, {""feature"": ""addr_token_overlap"", ""shap"": 0.7184027433395386, ""value"": 1.0, ""model_input"": 1.0}, {""feature"": ""street_number_diff"", ""shap"": 0.6243855357170105, ""value"": 0.0, ""model_input"": 0.0}, {""feature"": ""name_token_overlap_max"", ""shap"": 0.49238234758377075, ""value"": 0.3333333333333333, ""model_input"": 0.3333333333333333}, {""feature"": ""name_sim_max_pm_dirigeant"", ""shap"": -0.4633621871471405, ""value"": 0.0, ""model_input"": 0.0}, {""feature"": ""token_overlap_ul"", ""shap"": 0.3506332337856293, ""value"": 0.5, ""model_input"": 0.5}, {""feature"": ""name_levenshtein_max"", ""shap"": -0.3219107985496521, ""value"": 0.4545454545454546, ""model_input"": 0.4545454545454546}, {""feature"": ""name_semantic_second"", ""shap"": -0.3124055564403534, ""value"": 0.0, ""model_input"": 0.0}, {""feature"": ""addr_levenshtein"", ""shap"": 0.3108927309513092, ""value"": 1.0, ""model_input"": 1.0}]}"
45,SEI LYON,32 Rue Louis Pradel,69960,CORBAS,44822880900027,0.9899321794509888,LYON EQUIPEMENT INDUSTRIEL,21 MONTMARTIN,CORBAS,69960,69273,FERME,2024-03-30 18:02:36,3,"{""bias"": 1.1616770029067993, ""margin"": 4.588289260864258, ""prob_from_margin"": 0.9899321503379733, ""top"": [{""feature"": ""name_semantic_max"", ""shap"": 2.822848081588745, ""value"": 0.7679359316825867, ""model_input"": 0.7679359316825867}, {""feature"": ""name_sim_max_etab"", ""shap"": 1.175469994544983, ""value"": 0.0, ""model_input"": 0.0}, {""feature"": ""token_overlap_ul"", ""shap"": 0.5776790380477905, ""value"": 0.5, ""model_input"": 0.5}, {""feature"": ""name_sim_max_pm_dirigeant"", ""shap"": -0.373069703578949, ""value"": 0.0, ""model_input"": 0.0}, {""feature"": ""name_semantic_second"", ""shap"": -0.36964887380599976, ""value"": 0.0, ""model_input"": 0.0}, {""feature"": ""addr_levenshtein"", ""shap"": -0.3636868894100189, ""value"": 0.21052631578947367, ""model_input"": 0.21052631578947367}, {""feature"": ""addr_token_overlap"", ""shap"": -0.3531036972999573, ""value"": 0.0, ""model_input"": 0.0}, {""feature"": ""addr_jaro"", ""shap"": -0.3038613498210907, ""value"": 0.48133153396311296, ""model_input"": 0.48133153396311296}, {""feature"": ""street_number_diff"", ""shap"": -0.29630693793296814, ""value"": 11.0, ""model_input"": 11.0}, {""feature"": ""type_of_max_name"", ""shap"": 0.26954132318496704, ""value"": 7.0, ""model_input"": 7.0}]}"
45,SEI LYON,32 Rue Louis Pradel,69960,CORBAS,44139546400015,0.9563859105110168,LYON TRANSMISSION,23 AV DE L INDUSTRIE,CORBAS,69960,69273,FERME,2024-03-22 15:40:57,4,"{""bias"": 1.1616770029067993, ""margin"": 3.0877814292907715, ""prob_from_margin"": 0.9563859179015136, ""top"": [{""feature"": ""name_sim_max_etab"", ""shap"": 1.0607078075408936, ""value"": 0.0, ""model_input"": 0.0}, {""feature"": ""name_token_overlap_max"", ""shap"": 0.7862491607666016, ""value"": 0.3333333333333333, ""model_input"": 0.3333333333333333}, {""feature"": ""token_overlap_ul"", ""shap"": 0.7262902855873108, ""value"": 0.5, ""model_input"": 0.5}, {""feature"": ""type_of_max_name"", ""shap"": 0.6880338191986084, ""value"": 7.0, ""model_input"": 7.0}, {""feature"": ""name_semantic_max"", ""shap"": 0.4873881936073303, ""value"": 0.609817385673523, ""model_input"": 0.609817385673523}, {""feature"": ""street_number_diff"", ""shap"": -0.4053787589073181, ""value"": 9.0, ""model_input"": 9.0}, {""feature"": ""addr_token_overlap"", ""shap"": -0.3963701128959656, ""value"": 0.0, ""model_input"": 0.0}, {""feature"": ""name_sim_max_pm_dirigeant"", ""shap"": -0.38894620537757874, ""value"": 0.0, ""model_input"": 0.0}, {""feature"": ""name_semantic_second"", ""shap"": -0.3415152132511139, ""value"": 0.0, ""model_input"": 0.0}, {""feature"": ""addr_levenshtein"", ""shap"": -0.3360542058944702, ""value"": 0.19999999999999996, ""model_input"": 0.19999999999999996}]}"
45,SEI LYON,32 Rue Louis Pradel,69960,CORBAS,44974272500012,0.9493223428726196,TRANSPORT INT LYONNAIS T.I.L,11 AVENUE DE MONTMARTIN,CORBAS,69960,69273,FERME,2024-03-30 12:40:31,5,"{""bias"": 1.1616770029067993, ""margin"": 2.930262327194214, ""prob_from_margin"": 0.9493222969795967, ""top"": [{""feature"": ""name_sim_max_etab"", ""shap"": 1.2129766941070557, ""value"": 0.0, ""model_input"": 0.0}, {""feature"": ""name_semantic_max"", ""shap"": 1.1859776973724365, ""value"": 0.648358941078186, ""model_input"": 0.648358941078186}, {""feature"": ""token_overlap_ul"", ""shap"": 0.7794700860977173, ""value"": 0.5, ""model_input"": 0.5}, {""feature"": ""type_of_max_name"", ""shap"": 0.6437512040138245, ""value"": 7.0, ""model_input"": 7.0}, {""feature"": ""street_number_diff"", ""shap"": -0.5480058789253235, ""value"": 21.0, ""model_input"": 21.0}, {""feature"": ""name_token_overlap_max"", ""shap"": -0.4289051294326782, ""value"": 0.0, ""model_input"": 0.0}, {""feature"": ""name_semantic_second"", ""shap"": -0.39364534616470337, ""value"": 0.0, ""model_input"": 0.0}, {""feature"": ""name_length_max"", ""shap"": 0.39117199182510376, ""value"": 28.0, ""model_input"": 28.0}, {""feature"": ""addr_levenshtein"", ""shap"": -0.3269759714603424, ""value"": 0.21739130434782605, ""model_input"": 0.21739130434782605}, {""feature"": ""name_sim_max_pm_dirigeant"", ""shap"": -0.3154491186141968, ""value"": 0.0, ""model_input"": 0.0}]}"
37,SERF EXTREMITY,16 RUE DE LOMBARDIE,69150,DECINES CHARPIEU,97350450900058,0.9989370703697205,SERF,16 RUE DE LOMBARDIE,DECINES-CHARPIEU,69150,69275,OUVERT,2025-01-23 03:20:35,1,"{""bias"": 1.1616770029067993, ""margin"": 6.845641613006592, ""prob_from_margin"": 0.9989370477817718, ""top"": [{""feature"": ""name_semantic_max"", ""shap"": 2.498283624649048, ""value"": 0.8695582151412964, ""model_input"": 0.8695582151412964}, {""feature"": ""name_token_overlap_max"", ""shap"": 0.9780482053756714, ""value"": 0.5, ""model_input"": 0.5}, {""feature"": ""street_number_diff"", ""shap"": 0.6771486401557922, ""value"": 0.0, ""model_input"": 0.0}, {""feature"": ""name_sim_max_etab"", ""shap"": 0.6230283975601196, ""value"": 0.41865079365079366, ""model_input"": 0.41865079365079366}, {""feature"": ""addr_token_overlap"", ""shap"": 0.583870530128479, ""value"": 1.0, ""model_input"": 1.0}, {""feature"": ""name_crm_contains_cand_max"", ""shap"": 0.5486384034156799, ""value"": 1.0, ""model_input"": 1.0}, {""feature"": ""token_overlap_ul"", ""shap"": 0.40079861879348755, ""value"": 0.5, ""model_input"": 0.5}, {""feature"": ""name_sim_max_pm_dirigeant"", ""shap"": 0.35093602538108826, ""value"": 0.41865079365079366, ""model_input"": 0.41865079365079366}, {""feature"": ""name_semantic_second"", ""shap"": -0.30117955803871155, ""value"": 0.44494399428367615, ""model_input"": 0.44494399428367615}, {""feature"": ""name_length_max"", ""shap"": -0.2657907009124756, ""value"": 4.0, ""model_input"": 4.0}]}"
37,SERF EXTREMITY,16 RUE DE LOMBARDIE,69150,DECINES CHARPIEU,97350450900033,0.9967901110649109,SERF,85 AVENUE DES BRUYERES,DECINES-CHARPIEU,69150,69275,OUVERT,2025-06-13 18:06:15,2,"{""bias"": 1.1616770029067993, ""margin"": 5.738327503204346, ""prob_from_margin"": 0.996790186615148, ""top"": [{""feature"": ""name_semantic_max"", ""shap"": 3.326373338699341, ""value"": 0.8695582151412964, ""model_input"": 0.8695582151412964}, {""feature"": ""name_token_overlap_max"", ""shap"": 1.368133306503296, ""value"": 0.5, ""model_input"": 0.5}, {""feature"": ""name_sim_max_etab"", ""shap"": 0.72312992811203, ""value"": 0.41865079365079366, ""model_input"": 0.41865079365079366}, {""feature"": ""street_number_diff"", ""shap"": -0.6153217554092407, ""value"": 69.0, ""model_input"": 69.0}, {""feature"": ""name_crm_contains_cand_max"", ""shap"": 0.5292413234710693, ""value"": 1.0, ""model_input"": 1.0}, {""feature"": ""is_siege"", ""shap"": 0.48740696907043457, ""value"": 1.0, ""model_input"": 1.0}, {""feature"": ""name_addr_consistency"", ""shap"": -0.4063074290752411, ""value"": 0.45167464114832534, ""model_input"": 0.45167464114832534}, {""feature"": ""addr_token_overlap"", ""shap"": -0.3884584307670593, ""value"": 0.0, ""model_input"": 0.0}, {""feature"": ""token_overlap_ul"", ""shap"": 0.3806372582912445, ""value"": 0.5, ""model_input"": 0.5}, {""feature"": ""name_sim_max_pm_dirigeant"", ""shap"": 0.25242289900779724, ""value"": 0.41865079365079366, ""model_input"": 0.41865079365079366}]}"
37,SERF EXTREMITY,16 RUE DE LOMBARDIE,69150,DECINES CHARPIEU,93754655400018,0.9847553372383118,SERF TECHNOLOGIES,85 AVENUE DES BRUYERES,DECINES-CHARPIEU,69150,69275,OUVERT,2025-06-11 14:26:30,3,"{""bias"": 1.1616770029067993, ""margin"": 4.168161392211914, ""prob_from_margin"": 0.9847553016507848, ""top"": [{""feature"": ""name_semantic_max"", ""shap"": 3.1065285205841064, ""value"": 0.8253915309906006, ""model_input"": 0.8253915309906006}, {""feature"": ""name_sim_max_etab"", ""shap"": 1.2188920974731445, ""value"": 0.0, ""model_input"": 0.0}, {""feature"": ""name_token_overlap_max"", ""shap"": 0.5653207302093506, ""value"": 0.3333333333333333, ""model_input"": 0.3333333333333333}, {""feature"": ""token_overlap_ul"", ""shap"": 0.5459898710250854, ""value"": 0.5, ""model_input"": 0.5}, {""feature"": ""name_sim_max_pm_dirigeant"", ""shap"": -0.4734170436859131, ""value"": 0.0, ""model_input"": 0.0}, {""feature"": ""addr_token_overlap"", ""shap"": -0.44171157479286194, ""value"": 0.0, ""model_input"": 0.0}, {""feature"": ""name_semantic_second"", ""shap"": -0.3789231777191162, ""value"": 0.0, ""model_input"": 0.0}, {""feature"": ""street_number_diff"", ""shap"": -0.35383254289627075, ""value"": 69.0, ""model_input"": 69.0}, {""feature"": ""addr_jaro"", ""shap"": -0.3106043338775635, ""value"": 0.5269537480063796, ""model_input"": 0.5269537480063796}, {""feature"": ""name_jaro_gap"", ""shap"": -0.2943292558193207, ""value"": 0.6500155617802678, ""model_input"": 0.6500155617802678}]}"
37,SERF EXTREMITY,16 RUE DE LOMBARDIE,69150,DECINES CHARPIEU,97350450900041,0.9710185527801514,SERF,89 AVENUE DES BRUYERES,DECINES-CHARPIEU,69150,69275,FERME,2025-01-23 02:57:32,4,"{""bias"": 1.1616770029067993, ""margin"": 3.5116934776306152, ""prob_from_margin"": 0.9710186590665804, ""top"": [{""feature"": ""name_semantic_max"", ""shap"": 3.1912143230438232, ""value"": 0.8695582151412964, ""model_input"": 0.8695582151412964}, {""feature"": ""name_token_overlap_max"", ""shap"": 1.2547656297683716, ""value"": 0.5, ""model_input"": 0.5}, {""feature"": ""street_number_diff"", ""shap"": -0.7454585433006287, ""value"": 73.0, ""model_input"": 73.0}, {""feature"": ""name_sim_max_etab"", ""shap"": 0.6987904906272888, ""value"": 0.41865079365079366, ""model_input"": 0.41865079365079366}, {""feature"": ""addr_token_overlap"", ""shap"": -0.6115930080413818, ""value"": 0.0, ""model_input"": 0.0}, {""feature"": ""is_siege"", ""shap"": -0.5766158103942871, ""value"": 0.0, ""model_input"": 0.0}, {""feature"": ""name_addr_consistency"", ""shap"": -0.4252030551433563, ""value"": 0.45167464114832534, ""model_input"": 0.45167464114832534}, {""feature"": ""token_overlap_ul"", ""shap"": 0.37926554679870605, ""value"": 0.5, ""model_input"": 0.5}, {""feature"": ""addr_jaro"", ""shap"": -0.3462519645690918, ""value"": 0.5269537480063796, ""model_input"": 0.5269537480063796}, {""feature"": ""name_sim_max_pm_dirigeant"", ""shap"": 0.2670717239379883, ""value"": 0.41865079365079366, ""model_input"": 0.41865079365079366}]}"
37,SERF EXTREMITY,16 RUE DE LOMBARDIE,69150,DECINES CHARPIEU,81520155300014,0.9421277046203613,RENESOLA FRANCE SPV1,16 RUE DE LOMBARDIE,DECINES-CHARPIEU,69150,69275,FERME,2025-02-07 02:27:32,5,"{""bias"": 1.1616770029067993, ""margin"": 2.7899036407470703, ""prob_from_margin"": 0.9421277911503442, ""top"": [{""feature"": ""name_semantic_max"", ""shap"": -1.8119864463806152, ""value"": 0.4603784382343292, ""model_input"": 0.4603784382343292}, {""feature"": ""addr_token_overlap"", ""shap"": 1.3259310722351074, ""value"": 1.0, ""model_input"": 1.0}, {""feature"": ""street_number_diff"", ""shap"": 1.0881187915802002, ""value"": 0.0, ""model_input"": 0.0}, {""feature"": ""name_sim_max_etab"", ""shap"": 0.7462542653083801, ""value"": 0.0, ""model_input"": 0.0}, {""feature"": ""addr_jaro"", ""shap"": 0.6252321600914001, ""value"": 1.0, ""model_input"": 1.0}, {""feature"": ""addr_levenshtein"", ""shap"": 0.5165620446205139, ""value"": 1.0, ""model_input"": 1.0}, {""feature"": ""type_of_max_name"", ""shap"": 0.48778125643730164, ""value"": 7.0, ""model_input"": 7.0}, {""feature"": ""name_sim_max_pm_dirigeant"", ""shap"": -0.39517152309417725, ""value"": 0.0, ""model_input"": 0.0}, {""feature"": ""name_semantic_second"", ""shap"": -0.3820945918560028, ""value"": 0.0, ""model_input"": 0.0}, {""feature"": ""name_count"", ""shap"": 0.3385032117366791, ""value"": 1.0, ""model_input"": 1.0}]}"
63,SERPAY,25 Avenue Beauregard,69150,DECINES-CHARPIEU,42322927700029,0.9998990297317505,SERPAY,25 AVENUE BEAUREGARD,DECINES-CHARPIEU,69150,69275,OUVERT,2025-01-28 02:21:24,1,"{""bias"": 1.1616770029067993, ""margin"": 9.20099925994873, ""prob_from_margin"": 0.9998990716999122, ""top"": [{""feature"": ""name_semantic_max"", ""shap"": 2.1234278678894043, ""value"": 1.0, ""model_input"": 1.0}, {""feature"": ""token_overlap_ul"", ""shap"": 0.9554406404495239, ""value"": 1.0, ""model_input"": 1.0}, {""feature"": ""name_token_overlap_max"", ""shap"": 0.8915465474128723, ""value"": 1.0, ""model_input"": 1.0}, {""feature"": ""name_sim_max_pm_dirigeant"", ""shap"": 0.6761090755462646, ""value"": 0.48888888888888893, ""model_input"": 0.48888888888888893}, {""feature"": ""name_crm_contains_cand_max"", ""shap"": 0.6679092645645142, ""value"": 1.0, ""model_input"": 1.0}, {""feature"": ""addr_token_overlap"", ""shap"": 0.5073907971382141, ""value"": 1.0, ""model_input"": 1.0}, {""feature"": ""street_number_diff"", ""shap"": 0.44976750016212463, ""value"": 0.0, ""model_input"": 0.0}, {""feature"": ""name_sim_max_etab"", ""shap"": 0.32164058089256287, ""value"": 0.48888888888888893, ""model_input"": 0.48888888888888893}, {""feature"": ""is_siege"", ""shap"": 0.31345057487487793, ""value"": 1.0, ""model_input"": 1.0}, {""feature"": ""name_semantic_second"", ""shap"": -0.24293038249015808, ""value"": 0.4076932668685913, ""model_input"": 0.4076932668685913}]}"
63,SERPAY,25 Avenue Beauregard,69150,DECINES-CHARPIEU,44371769900054,0.9860000014305115,PACT AUTOMATISMES,25 AVENUE BEAUREGARD,DECINES-CHARPIEU,69150,69275,FERME,2025-01-15 02:49:55,2,"{""bias"": 1.1616770029067993, ""margin"": 4.2545976638793945, ""prob_from_margin"": 0.9859999812112531, ""top"": [{""feature"": ""addr_token_overlap"", ""shap"": 1.3749668598175049, ""value"": 1.0, ""model_input"": 1.0}, {""feature"": ""street_number_diff"", ""shap"": 1.2459722757339478, ""value"": 0.0, ""model_input"": 0.0}, {""feature"": ""name_semantic_max"", ""shap"": -1.1776129007339478, ""value"": 0.5038456916809082, ""model_input"": 0.5038456916809082}, {""feature"": ""addr_jaro"", ""shap"": 0.6722304821014404, ""value"": 1.0, ""model_input"": 1.0}, {""feature"": ""name_sim_max_etab"", ""shap"": 0.5735311508178711, ""value"": 0.3383838383838384, ""model_input"": 0.3383838383838384}, {""feature"": ""addr_levenshtein"", ""shap"": 0.5298118591308594, ""value"": 1.0, ""model_input"": 1.0}, {""feature"": ""name_levenshtein_max"", ""shap"": 0.45786935091018677, ""value"": 0.05882352941176472, ""model_input"": 0.05882352941176472}, {""feature"": ""name_addr_consistency"", ""shap"": -0.41682785749435425, ""value"": 0.48366013071895425, ""model_input"": 0.48366013071895425}, {""feature"": ""type_of_max_name"", ""shap"": 0.40826520323753357, ""value"": 7.0, ""model_input"": 7.0}, {""feature"": ""name_count"", ""shap"": 0.36146247386932373, ""value"": 2.0, ""model_input"": 2.0}]}"
63,SERPAY,25 Avenue Beauregard,69150,DECINES-CHARPIEU,53259108800036,0.9731143712997437,H.O.V.E,25 AVENUE BEAUREGARD,DECINES-CHARPIEU,69150,69275,FERME,2025-01-31 02:55:47,3,"{""bias"": 1.1616770029067993, ""margin"": 3.58890962600708, ""prob_from_margin"": 0.9731143686965095, ""top"": [{""feature"": ""addr_token_overlap"", ""shap"": 1.213053584098816, ""value"": 1.0, ""model_input"": 1.0}, {""feature"": ""street_number_diff"", ""shap"": 1.0375299453735352, ""value"": 0.0, ""model_input"": 0.0}, {""feature"": ""name_semantic_max"", ""shap"": -0.9582512974739075, ""value"": 0.5554747581481934, ""model_input"": 0.5554747581481934}, {""feature"": ""name_sim_max_etab"", ""shap"": 0.8056967854499817, ""value"": 0.0, ""model_input"": 0.0}, {""feature"": ""addr_jaro"", ""shap"": 0.7612735033035278, ""value"": 1.0, ""model_input"": 1.0}, {""feature"": ""name_addr_consistency"", ""shap"": 0.678130030632019, ""value"": 0.0, ""model_input"": 0.0}, {""feature"": ""name_sim_max_ul"", ""shap"": -0.6276093125343323, ""value"": 0.0, ""model_input"": 0.0}, {""feature"": ""name_jaro_max"", ""shap"": 0.5671932101249695, ""value"": 0.0, ""model_input"": 0.0}, {""feature"": ""addr_levenshtein"", ""shap"": 0.48934683203697205, ""value"": 1.0, ""model_input"": 1.0}, {""feature"": ""type_of_max_name"", ""shap"": 0.4095424711704254, ""value"": 7.0, ""model_input"": 7.0}]}"
63,SERPAY,25 Avenue Beauregard,69150,DECINES-CHARPIEU,85120177200023,0.9648106694221497,SP COATING,25 AVENUE BEAUREGARD,DECINES-CHARPIEU,69150,69275,FERME,2024-03-30 00:56:19,4,"{""bias"": 1.1616770029067993, ""margin"": 3.3111910820007324, ""prob_from_margin"": 0.9648107415841535, ""top"": [{""feature"": ""addr_token_overlap"", ""shap"": 1.496719241142273, ""value"": 1.0, ""model_input"": 1.0}, {""feature"": ""name_semantic_max"", ""shap"": -1.3594582080841064, ""value"": 0.48596951365470886, ""model_input"": 0.48596951365470886}, {""feature"": ""street_number_diff"", ""shap"": 1.0004932880401611, ""value"": 0.0, ""model_input"": 0.0}, {""feature"": ""name_sim_max_pm_dirigeant"", ""shap"": 0.881416916847229, ""value"": 0.48888888888888893, ""model_input"": 0.48888888888888893}, {""feature"": ""addr_jaro"", ""shap"": 0.5420360565185547, ""value"": 1.0, ""model_input"": 1.0}, {""feature"": ""name_sim_max_etab"", ""shap"": 0.4841138422489166, ""value"": 0.48888888888888893, ""model_input"": 0.48888888888888893}, {""feature"": ""type_of_max_name"", ""shap"": 0.4702033996582031, ""value"": 7.0, ""model_input"": 7.0}, {""feature"": ""addr_levenshtein"", ""shap"": 0.4615747332572937, ""value"": 1.0, ""model_input"": 1.0}, {""feature"": ""name_addr_consistency"", ""shap"": -0.3544500470161438, ""value"": 0.6, ""model_input"": 0.6}, {""feature"": ""name_count"", ""shap"": 0.3116036653518677, ""value"": 2.0, ""model_input"": 2.0}]}"
63,SERPAY,25 Avenue Beauregard,69150,DECINES-CHARPIEU,42173383300022,0.9504450559616089,L.R.P.,25 AVENUE BEAUREGARD,DECINES-CHARPIEU,69150,69275,FERME,2024-03-30 11:04:12,5,"{""bias"": 1.1616770029067993, ""margin"": 2.953848361968994, ""prob_from_margin"": 0.9504450579252959, ""top"": [{""feature"": ""addr_token_overlap"", ""shap"": 1.217803955078125, ""value"": 1.0, ""model_input"": 1.0}, {""feature"": ""street_number_diff"", ""shap"": 1.12617826461792, ""value"": 0.0, ""model_input"": 0.0}, {""feature"": ""name_semantic_max"", ""shap"": -1.022886037826538, ""value"": 0.5219454765319824, ""model_input"": 0.5219454765319824}, {""feature"": ""name_sim_max_etab"", ""shap"": 0.7312731146812439, ""value"": 0.0, ""model_input"": 0.0}, {""feature"": ""addr_jaro"", ""shap"": 0.6105867624282837, ""value"": 1.0, ""model_input"": 1.0}, {""feature"": ""addr_levenshtein"", ""shap"": 0.5215784907341003, ""value"": 1.0, ""model_input"": 1.0}, {""feature"": ""type_of_max_name"", ""shap"": 0.5133164525032043, ""value"": 7.0, ""model_input"": 7.0}, {""feature"": ""name_sim_max_pm_dirigeant"", ""shap"": -0.4036998748779297, ""value"": 0.0, ""model_input"": 0.0}, {""feature"": ""name_semantic_second"", ""shap"": -0.35757553577423096, ""value"": 0.0, ""model_input"": 0.0}, {""feature"": ""name_token_overlap_max"", ""shap"": -0.3244548738002777, ""value"": 0.0, ""model_input"": 0.0}]}"
130,SMEG FRANCE CORBAS,83 RUE MARCEL MERIEUX,69960,CORBAS,34408301900085,0.9990468621253967,SMEG,83 RUE MARCEL MERIEUX,CORBAS,69960,69273,OUVERT,2024-03-30 10:48:43,1,"{""bias"": 1.1616770029067993, ""margin"": 6.954834461212158, ""prob_from_margin"": 0.9990468974173481, ""top"": [{""feature"": ""name_semantic_max"", ""shap"": 2.2292778491973877, ""value"": 1.0000001192092896, ""model_input"": 1.0000001192092896}, {""feature"": ""name_token_overlap_max"", ""shap"": 0.8887462615966797, ""value"": 1.0, ""model_input"": 1.0}, {""feature"": ""token_overlap_ul"", ""shap"": 0.7304892539978027, ""value"": 1.0, ""model_input"": 1.0}, {""feature"": ""addr_token_overlap"", ""shap"": 0.7012962102890015, ""value"": 1.0, ""model_input"": 1.0}, {""feature"": ""name_sim_max_etab"", ""shap"": -0.6851618885993958, ""value"": 0.8727272727272728, ""model_input"": 0.8727272727272728}, {""feature"": ""name_crm_contains_cand_max"", ""shap"": 0.5111256837844849, ""value"": 1.0, ""model_input"": 1.0}, {""feature"": ""name_semantic_second"", ""shap"": 0.46709752082824707, ""value"": 0.9323697090148926, ""model_input"": 0.9323697090148926}, {""feature"": ""street_number_diff"", ""shap"": 0.4549412429332733, ""value"": 0.0, ""model_input"": 0.0}, {""feature"": ""is_siege"", ""shap"": -0.3929290175437927, ""value"": 0.0, ""model_input"": 0.0}, {""feature"": ""name_sim_max_pm_dirigeant"", ""shap"": 0.3330625891685486, ""value"": 0.4392344497607656, ""model_input"": 0.4392344497607656}]}"
130,SMEG FRANCE CORBAS,83 RUE MARCEL MERIEUX,69960,CORBAS,34408301900069,0.9923802614212036,SMEG FRANCE,11 AVENUE DU 24 AOUT 1944,CORBAS,69960,69273,FERME,2024-03-30 10:48:42,2,"{""bias"": 1.1616770029067993, ""margin"": 4.869358062744141, ""prob_from_margin"": 0.9923802142568349, ""top"": [{""feature"": ""name_semantic_max"", ""shap"": 2.6037025451660156, ""value"": 1.0000001192092896, ""model_input"": 1.0000001192092896}, {""feature"": ""name_token_overlap_max"", ""shap"": 1.120629072189331, ""value"": 1.0, ""model_input"": 1.0}, {""feature"": ""token_overlap_ul"", ""shap"": 1.0016957521438599, ""value"": 1.0, ""model_input"": 1.0}, {""feature"": ""name_sim_max_pm_dirigeant"", ""shap"": 0.7772838473320007, ""value"": 0.4392344497607656, ""model_input"": 0.4392344497607656}, {""feature"": ""is_siege"", ""shap"": -0.652606725692749, ""value"": 0.0, ""model_input"": 0.0}, {""feature"": ""addr_token_overlap"", ""shap"": -0.5543555021286011, ""value"": 0.0, ""model_input"": 0.0}, {""feature"": ""name_sim_max_etab"", ""shap"": 0.49441128969192505, ""value"": 0.4392344497607656, ""model_input"": 0.4392344497607656}, {""feature"": ""street_number_diff"", ""shap"": -0.4914431869983673, ""value"": 72.0, ""model_input"": 72.0}, {""feature"": ""name_addr_consistency"", ""shap"": -0.4838951826095581, ""value"": 0.441984126984127, ""model_input"": 0.441984126984127}, {""feature"": ""addr_levenshtein"", ""shap"": -0.34115561842918396, ""value"": 0.16000000000000003, ""model_input"": 0.16000000000000003}]}"
130,SMEG FRANCE CORBAS,83 RUE MARCEL MERIEUX,69960,CORBAS,33045834000057,0.9565386772155762,FG INOX,83 RUE MARCEL MERIEUX,CORBAS,69960,69273,FERME,2024-03-30 15:50:55,3,"{""bias"": 1.1616770029067993, ""margin"": 3.091449737548828, ""prob_from_margin"": 0.9565386740762966, ""top"": [{""feature"": ""addr_token_overlap"", ""shap"": 1.2341463565826416, ""value"": 1.0, ""model_input"": 1.0}, {""feature"": ""street_number_diff"", ""shap"": 1.1549562215805054, ""value"": 0.0, ""model_input"": 0.0}, {""feature"": ""name_semantic_max"", ""shap"": -0.9940409660339355, ""value"": 0.5179342031478882, ""model_input"": 0.5179342031478882}, {""feature"": ""name_sim_max_pm_dirigeant"", ""shap"": 0.6245295405387878, ""value"": 0.4392344497607656, ""model_input"": 0.4392344497607656}, {""feature"": ""type_of_max_name"", ""shap"": 0.6013277173042297, ""value"": 7.0, ""model_input"": 7.0}, {""feature"": ""addr_jaro"", ""shap"": 0.5757381916046143, ""value"": 1.0, ""model_input"": 1.0}, {""feature"": ""addr_levenshtein"", ""shap"": 0.4159586727619171, ""value"": 1.0, ""model_input"": 1.0}, {""feature"": ""name_sim_max_etab"", ""shap"": 0.40230241417884827, ""value"": 0.4392344497607656, ""model_input"": 0.4392344497607656}, {""feature"": ""name_token_overlap_max"", ""shap"": -0.3363926112651825, ""value"": 0.0, ""model_input"": 0.0}, {""feature"": ""name_length_max"", ""shap"": -0.32094916701316833, ""value"": 7.0, ""model_input"": 7.0}]}"
130,SMEG FRANCE CORBAS,83 RUE MARCEL MERIEUX,69960,CORBAS,38495689200309,0.9459876418113708,FEDEX LOGISTICS SERVICES,83 RUE MARCEL MERIEUX,CORBAS,69960,69273,FERME,2024-03-30 06:01:23,4,"{""bias"": 1.1616770029067993, ""margin"": 2.863018035888672, ""prob_from_margin"": 0.9459877136648437, ""top"": [{""feature"": ""addr_token_overlap"", ""shap"": 1.2070540189743042, ""value"": 1.0, ""model_input"": 1.0}, {""feature"": ""street_number_diff"", ""shap"": 1.0736154317855835, ""value"": 0.0, ""model_input"": 0.0}, {""feature"": ""name_sim_max_pm_dirigeant"", ""shap"": 0.715726912021637, ""value"": 0.5250329380764164, ""model_input"": 0.5250329380764164}, {""feature"": ""addr_jaro"", ""shap"": 0.5379506945610046, ""value"": 1.0, ""model_input"": 1.0}, {""feature"": ""name_semantic_max"", ""shap"": -0.5259616374969482, ""value"": 0.5582693815231323, ""model_input"": 0.5582693815231323}, {""feature"": ""name_count"", ""shap"": -0.5077282786369324, ""value"": 4.0, ""model_input"": 4.0}, {""feature"": ""addr_levenshtein"", ""shap"": 0.4239389896392822, ""value"": 1.0, ""model_input"": 1.0}, {""feature"": ""token_overlap_ul"", ""shap"": 0.41737887263298035, ""value"": 0.5, ""model_input"": 0.5}, {""feature"": ""type_of_max_name"", ""shap"": 0.401269793510437, ""value"": 6.0, ""model_input"": 6.0}, {""feature"": ""name_token_overlap_max"", ""shap"": -0.3364885151386261, ""value"": 0.0, ""model_input"": 0.0}]}"
130,SMEG FRANCE CORBAS,83 RUE MARCEL MERIEUX,69960,CORBAS,97350535701885,0.9377858638763428,TNT,83 RUE MARCEL MERIEUX,CORBAS,69960,69273,OUVERT,2024-03-30 02:40:45,5,"{""bias"": 1.1616770029067993, ""margin"": 2.712939977645874, ""prob_from_margin"": 0.9377858981592809, ""top"": [{""feature"": ""addr_token_overlap"", ""shap"": 1.2339608669281006, ""value"": 1.0, ""model_input"": 1.0}, {""feature"": ""street_number_diff"", ""shap"": 1.0749013423919678, ""value"": 0.0, ""model_input"": 0.0}, {""feature"": ""name_semantic_max"", ""shap"": -0.9890310168266296, ""value"": 0.49889427423477173, ""model_input"": 0.49889427423477173}, {""feature"": ""addr_jaro"", ""shap"": 0.6016619801521301, ""value"": 1.0, ""model_input"": 1.0}, {""feature"": ""name_sim_max_pm_dirigeant"", ""shap"": 0.5850574374198914, ""value"": 0.5250329380764164, ""model_input"": 0.5250329380764164}, {""feature"": ""addr_levenshtein"", ""shap"": 0.5149491429328918, ""value"": 1.0, ""model_input"": 1.0}, {""feature"": ""type_of_max_name"", ""shap"": 0.4624292850494385, ""value"": 4.0, ""model_input"": 4.0}, {""feature"": ""name_token_overlap_max"", ""shap"": -0.3184654414653778, ""value"": 0.0, ""model_input"": 0.0}, {""feature"": ""token_overlap_ul"", ""shap"": -0.2979106903076172, ""value"": 0.0, ""model_input"": 0.0}, {""feature"": ""name_addr_consistency"", ""shap"": -0.2953703999519348, ""value"": 0.5250329380764164, ""model_input"": 0.5250329380764164}]}"
36,SMEG France,83 Rue Marcel Mérieux,69960,CORBAS,34408301900085,0.9989521503448486,SMEG,83 RUE MARCEL MERIEUX,CORBAS,69960,69273,OUVERT,2024-03-30 10:48:43,1,"{""bias"": 1.1616770029067993, ""margin"": 6.860028266906738, ""prob_from_margin"": 0.998952214722016, ""top"": [{""feature"": ""name_semantic_max"", ""shap"": 2.191202163696289, ""value"": 0.9805809259414673, ""model_input"": 0.9805809259414673}, {""feature"": ""name_token_overlap_max"", ""shap"": 0.8886757493019104, ""value"": 1.0, ""model_input"": 1.0}, {""feature"": ""token_overlap_ul"", ""shap"": 0.727079451084137, ""value"": 1.0, ""model_input"": 1.0}, {""feature"": ""addr_token_overlap"", ""shap"": 0.7009395360946655, ""value"": 1.0, ""model_input"": 1.0}, {""feature"": ""name_sim_max_etab"", ""shap"": -0.6972926259040833, ""value"": 0.8727272727272728, ""model_input"": 0.8727272727272728}, {""feature"": ""name_crm_contains_cand_max"", ""shap"": 0.5130177140235901, ""value"": 1.0, ""model_input"": 1.0}, {""feature"": ""name_semantic_second"", ""shap"": 0.47113746404647827, ""value"": 0.899530291557312, ""model_input"": 0.899530291557312}, {""feature"": ""street_number_diff"", ""shap"": 0.4474143087863922, ""value"": 0.0, ""model_input"": 0.0}, {""feature"": ""is_siege"", ""shap"": -0.3920902609825134, ""value"": 0.0, ""model_input"": 0.0}, {""feature"": ""name_sim_max_pm_dirigeant"", ""shap"": 0.3373367190361023, ""value"": 0.4392344497607656, ""model_input"": 0.4392344497607656}]}"
36,SMEG France,83 Rue Marcel Mérieux,69960,CORBAS,34408301900069,0.9923802614212036,SMEG FRANCE,11 AVENUE DU 24 AOUT 1944,CORBAS,69960,69273,FERME,2024-03-30 10:48:42,2,"{""bias"": 1.1616770029067993, ""margin"": 4.869357585906982, ""prob_from_margin"": 0.9923802106511228, ""top"": [{""feature"": ""name_semantic_max"", ""shap"": 2.603015899658203, ""value"": 0.9805809259414673, ""model_input"": 0.9805809259414673}, {""feature"": ""name_token_overlap_max"", ""shap"": 1.1202484369277954, ""value"": 1.0, ""model_input"": 1.0}, {""feature"": ""token_overlap_ul"", ""shap"": 1.002248764038086, ""value"": 1.0, ""model_input"": 1.0}, {""feature"": ""name_sim_max_pm_dirigeant"", ""shap"": 0.777668297290802, ""value"": 0.4392344497607656, ""model_input"": 0.4392344497607656}, {""feature"": ""is_siege"", ""shap"": -0.6516637802124023, ""value"": 0.0, ""model_input"": 0.0}, {""feature"": ""addr_token_overlap"", ""shap"": -0.5523638725280762, ""value"": 0.0, ""model_input"": 0.0}, {""feature"": ""name_sim_max_etab"", ""shap"": 0.4938812851905823, ""value"": 0.4392344497607656, ""model_input"": 0.4392344497607656}, {""feature"": ""street_number_diff"", ""shap"": -0.48952171206474304, ""value"": 72.0, ""model_input"": 72.0}, {""feature"": ""name_addr_consistency"", ""shap"": -0.48334240913391113, ""value"": 0.441984126984127, ""model_input"": 0.441984126984127}, {""feature"": ""addr_levenshtein"", ""shap"": -0.34107455611228943, ""value"": 0.16000000000000003, ""model_input"": 0.16000000000000003}]}"
36,SMEG France,83 Rue Marcel Mérieux,69960,CORBAS,97350535701885,0.9773762226104736,TNT,83 RUE MARCEL MERIEUX,CORBAS,69960,69273,OUVERT,2024-03-30 02:40:45,3,"{""bias"": 1.1616770029067993, ""margin"": 3.765869140625, ""prob_from_margin"": 0.9773761990250381, ""top"": [{""feature"": ""addr_token_overlap"", ""shap"": 1.2138099670410156, ""value"": 1.0, ""model_input"": 1.0}, {""feature"": ""street_number_diff"", ""shap"": 1.118790626525879, ""value"": 0.0, ""model_input"": 0.0}, {""feature"": ""name_semantic_max"", ""shap"": -0.9300506114959717, ""value"": 0.502636194229126, ""model_input"": 0.502636194229126}, {""feature"": ""addr_jaro"", ""shap"": 0.6197972893714905, ""value"": 1.0, ""model_input"": 1.0}, {""feature"": ""name_sim_max_pm_dirigeant"", ""shap"": 0.6186012625694275, ""value"": 0.5250329380764164, ""model_input"": 0.5250329380764164}, {""feature"": ""addr_levenshtein"", ""shap"": 0.5202142000198364, ""value"": 1.0, ""model_input"": 1.0}, {""feature"": ""type_of_max_name"", ""shap"": 0.4922589957714081, ""value"": 4.0, ""model_input"": 4.0}, {""feature"": ""name_token_overlap_max"", ""shap"": -0.32316264510154724, ""value"": 0.0, ""model_input"": 0.0}, {""feature"": ""name_addr_consistency"", ""shap"": -0.26655644178390503, ""value"": 0.5250329380764164, ""model_input"": 0.5250329380764164}, {""feature"": ""name_semantic_gap"", ""shap"": 0.2534617781639099, ""value"": 0.029347002506256104, ""model_input"": 0.029347002506256104}]}"
36,SMEG France,83 Rue Marcel Mérieux,69960,CORBAS,33045834000057,0.9561586380004883,FG INOX,83 RUE MARCEL MERIEUX,CORBAS,69960,69273,FERME,2024-03-30 15:50:55,4,"{""bias"": 1.1616770029067993, ""margin"": 3.0823473930358887, ""prob_from_margin"": 0.9561586909899756, ""top"": [{""feature"": ""addr_token_overlap"", ""shap"": 1.3833892345428467, ""value"": 1.0, ""model_input"": 1.0}, {""feature"": ""street_number_diff"", ""shap"": 1.1018823385238647, ""value"": 0.0, ""model_input"": 0.0}, {""feature"": ""name_semantic_max"", ""shap"": -1.0304675102233887, ""value"": 0.499996155500412, ""model_input"": 0.499996155500412}, {""feature"": ""name_sim_max_pm_dirigeant"", ""shap"": 0.6504736542701721, ""value"": 0.4392344497607656, ""model_input"": 0.4392344497607656}, {""feature"": ""type_of_max_name"", ""shap"": 0.595662534236908, ""value"": 7.0, ""model_input"": 7.0}, {""feature"": ""addr_jaro"", ""shap"": 0.574441134929657, ""value"": 1.0, ""model_input"": 1.0}, {""feature"": ""addr_levenshtein"", ""shap"": 0.40905410051345825, ""value"": 1.0, ""model_input"": 1.0}, {""feature"": ""name_sim_max_etab"", ""shap"": 0.39832690358161926, ""value"": 0.4392344497607656, ""model_input"": 0.4392344497607656}, {""feature"": ""name_token_overlap_max"", ""shap"": -0.326585054397583, ""value"": 0.0, ""model_input"": 0.0}, {""feature"": ""name_semantic_second"", ""shap"": -0.32430142164230347, ""value"": 0.34496164321899414, ""model_input"": 0.34496164321899414}]}"
36,SMEG France,83 Rue Marcel Mérieux,69960,CORBAS,38495689200309,0.9555038213729858,FEDEX LOGISTICS SERVICES,83 RUE MARCEL MERIEUX,CORBAS,69960,69273,FERME,2024-03-30 06:01:23,5,"{""bias"": 1.1616770029067993, ""margin"": 3.066836357116699, ""prob_from_margin"": 0.9555038598942055, ""top"": [{""feature"": ""addr_token_overlap"", ""shap"": 1.2198915481567383, ""value"": 1.0, ""model_input"": 1.0}, {""feature"": ""street_number_diff"", ""shap"": 1.0960785150527954, ""value"": 0.0, ""model_input"": 0.0}, {""feature"": ""name_sim_max_pm_dirigeant"", ""shap"": 0.6838184595108032, ""value"": 0.5250329380764164, ""model_input"": 0.5250329380764164}, {""feature"": ""name_semantic_max"", ""shap"": -0.6359795928001404, ""value"": 0.5524399280548096, ""model_input"": 0.5524399280548096}, {""feature"": ""addr_jaro"", ""shap"": 0.5444636344909668, ""value"": 1.0, ""model_input"": 1.0}, {""feature"": ""name_count"", ""shap"": -0.4978775084018707, ""value"": 4.0, ""model_input"": 4.0}, {""feature"": ""addr_levenshtein"", ""shap"": 0.43404775857925415, ""value"": 1.0, ""model_input"": 1.0}, {""feature"": ""token_overlap_ul"", ""shap"": 0.41591009497642517, ""value"": 0.5, ""model_input"": 0.5}, {""feature"": ""type_of_max_name"", ""shap"": 0.3935231864452362, ""value"": 6.0, ""model_input"": 6.0}, {""feature"": ""name_token_overlap_max"", ""shap"": -0.32446035742759705, ""value"": 0.0, ""model_input"": 0.0}]}"
26,SOCIETE MODERNE D'ISOLATION,33 Route de Lyon,69960,CORBAS,33245542700028,0.9998779296875,SOCIETE MODERNE D'ISOLATION,33 ROUTE DE LYON,CORBAS,69960,69273,FERME,2025-10-09 17:36:21,1,"{""bias"": 1.1616770029067993, ""margin"": 9.011029243469238, ""prob_from_margin"": 0.9998779587300538, ""top"": [{""feature"": ""name_semantic_max"", ""shap"": 2.118070363998413, ""value"": 0.9999999403953552, ""model_input"": 0.9999999403953552}, {""feature"": ""token_overlap_ul"", ""shap"": 0.9010016322135925, ""value"": 1.0, ""model_input"": 1.0}, {""feature"": ""name_token_overlap_max"", ""shap"": 0.8713801503181458, ""value"": 1.0, ""model_input"": 1.0}, {""feature"": ""name_crm_contains_cand_max"", ""shap"": 0.6735480427742004, ""value"": 1.0, ""model_input"": 1.0}, {""feature"": ""name_sim_max_pm_dirigeant"", ""shap"": 0.5740038752555847, ""value"": 0.4660493827160494, ""model_input"": 0.4660493827160494}, {""feature"": ""addr_token_overlap"", ""shap"": 0.5108517408370972, ""value"": 1.0, ""model_input"": 1.0}, {""feature"": ""street_number_diff"", ""shap"": 0.5068739056587219, ""value"": 0.0, ""model_input"": 0.0}, {""feature"": ""is_siege"", ""shap"": 0.34104156494140625, ""value"": 1.0, ""model_input"": 1.0}, {""feature"": ""name_addr_consistency"", ""shap"": 0.2572241425514221, ""value"": 1.0, ""model_input"": 1.0}, {""feature"": ""name_semantic_second"", ""shap"": -0.24672192335128784, ""value"": 0.41265684366226196, ""model_input"": 0.41265684366226196}]}"
26,SOCIETE MODERNE D'ISOLATION,33 Route de Lyon,69960,CORBAS,05781296800998,0.9960792660713196,SMI SOCIETE MODERNE D'ISOLATION,33 ROUTE DE LYON,CORBAS,69960,69273,OUVERT,2025-04-24 11:26:37,2,"{""bias"": 1.1616770029067993, ""margin"": 5.537542343139648, ""prob_from_margin"": 0.9960792440735058, ""top"": [{""feature"": ""name_semantic_max"", ""shap"": 2.220877170562744, ""value"": 0.7869408130645752, ""model_input"": 0.7869408130645752}, {""feature"": ""name_token_overlap_max"", ""shap"": 0.9475042819976807, ""value"": 0.75, ""model_input"": 0.75}, {""feature"": ""addr_token_overlap"", ""shap"": 0.8086979389190674, ""value"": 1.0, ""model_input"": 1.0}, {""feature"": ""name_sim_max_etab"", ""shap"": -0.6675869226455688, ""value"": 0.8279569892473118, ""model_input"": 0.8279569892473118}, {""feature"": ""street_number_diff"", ""shap"": 0.4973955750465393, ""value"": 0.0, ""model_input"": 0.0}, {""feature"": ""name_sim_max_pm_dirigeant"", ""shap"": 0.4576946496963501, ""value"": 0.6327392555462731, ""model_input"": 0.6327392555462731}, {""feature"": ""name_semantic_second"", ""shap"": 0.44120678305625916, ""value"": 0.6716718673706055, ""model_input"": 0.6716718673706055}, {""feature"": ""token_overlap_ul"", ""shap"": 0.25272849202156067, ""value"": 0.5, ""model_input"": 0.5}, {""feature"": ""name_count"", ""shap"": -0.24909189343452454, ""value"": 4.0, ""model_input"": 4.0}, {""feature"": ""name_sim_max_sigle"", ""shap"": -0.21750056743621826, ""value"": 0.41358024691358025, ""model_input"": 0.41358024691358025}]}"
26,SOCIETE MODERNE D'ISOLATION,33 Route de Lyon,69960,CORBAS,38816962500026,0.9560336470603943,MAJIM,33 RTE DE LYON,CORBAS,69960,69273,FERME,2025-01-23 02:26:10,3,"{""bias"": 1.1616770029067993, ""margin"": 3.0793697834014893, ""prob_from_margin"": 0.9560337021560753, ""top"": [{""feature"": ""name_semantic_max"", ""shap"": -1.3992469310760498, ""value"": 0.4982112646102905, ""model_input"": 0.4982112646102905}, {""feature"": ""street_number_diff"", ""shap"": 1.1497931480407715, ""value"": 0.0, ""model_input"": 0.0}, {""feature"": ""type_of_max_name"", ""shap"": 0.8773126602172852, ""value"": 7.0, ""model_input"": 7.0}, {""feature"": ""name_jaro_max"", ""shap"": 0.804268479347229, ""value"": 0.32469135802469135, ""model_input"": 0.32469135802469135}, {""feature"": ""name_sim_max_etab"", ""shap"": 0.7743611931800842, ""value"": 0.0, ""model_input"": 0.0}, {""feature"": ""addr_token_overlap"", ""shap"": 0.587425947189331, ""value"": 0.6, ""model_input"": 0.6}, {""feature"": ""addr_levenshtein"", ""shap"": 0.5150302648544312, ""value"": 0.875, ""model_input"": 0.875}, {""feature"": ""name_addr_consistency"", ""shap"": 0.4330655336380005, ""value"": 0.31657407407407406, ""model_input"": 0.31657407407407406}, {""feature"": ""name_sim_max_pm_dirigeant"", ""shap"": -0.39493316411972046, ""value"": 0.0, ""model_input"": 0.0}, {""feature"": ""addr_jaro"", ""shap"": 0.3633641302585602, ""value"": 0.975, ""model_input"": 0.975}]}"
26,SOCIETE MODERNE D'ISOLATION,33 Route de Lyon,69960,CORBAS,79130141900010,0.9394270181655884,EOZIA,33 ROUTE DE LYON,CORBAS,69960,69273,FERME,2025-02-15 02:14:00,4,"{""bias"": 1.1616770029067993, ""margin"": 2.7414212226867676, ""prob_from_margin"": 0.9394270203143064, ""top"": [{""feature"": ""name_semantic_max"", ""shap"": -1.8014196157455444, ""value"": 0.45588093996047974, ""model_input"": 0.45588093996047974}, {""feature"": ""addr_token_overlap"", ""shap"": 1.2885462045669556, ""value"": 1.0, ""model_input"": 1.0}, {""feature"": ""street_number_diff"", ""shap"": 1.125962257385254, ""value"": 0.0, ""model_input"": 0.0}, {""feature"": ""name_sim_max_etab"", ""shap"": 0.6943732500076294, ""value"": 0.0, ""model_input"": 0.0}, {""feature"": ""addr_jaro"", ""shap"": 0.6654424667358398, ""value"": 1.0, ""model_input"": 1.0}, {""feature"": ""addr_levenshtein"", ""shap"": 0.5617435574531555, ""value"": 1.0, ""model_input"": 1.0}, {""feature"": ""type_of_max_name"", ""shap"": 0.4474652111530304, ""value"": 7.0, ""model_input"": 7.0}, {""feature"": ""name_semantic_second"", ""shap"": -0.39729365706443787, ""value"": 0.0, ""model_input"": 0.0}, {""feature"": ""name_token_overlap_max"", ""shap"": -0.3420637547969818, ""value"": 0.0, ""model_input"": 0.0}, {""feature"": ""name_count"", ""shap"": 0.3218294382095337, ""value"": 1.0, ""model_input"": 1.0}]}"
26,SOCIETE MODERNE D'ISOLATION,33 Route de Lyon,69960,CORBAS,44007757600021,0.9374056458473206,SEFIS,33 RTE DE LYON,CORBAS,69960,69273,FERME,2024-03-22 15:40:57,5,"{""bias"": 1.1616770029067993, ""margin"": 2.706442356109619, ""prob_from_margin"": 0.9374057240360281, ""top"": [{""feature"": ""street_number_diff"", ""shap"": 1.557599663734436, ""value"": 0.0, ""model_input"": 0.0}, {""feature"": ""name_semantic_max"", ""shap"": -1.1001324653625488, ""value"": 0.5265288352966309, ""model_input"": 0.5265288352966309}, {""feature"": ""type_of_max_name"", ""shap"": 0.8990499377250671, ""value"": 7.0, ""model_input"": 7.0}, {""feature"": ""name_sim_max_etab"", ""shap"": 0.7098475098609924, ""value"": 0.0, ""model_input"": 0.0}, {""feature"": ""addr_token_overlap"", ""shap"": 0.5530508160591125, ""value"": 0.6, ""model_input"": 0.6}, {""feature"": ""addr_levenshtein"", ""shap"": 0.4185759723186493, ""value"": 0.875, ""model_input"": 0.875}, {""feature"": ""name_semantic_second"", ""shap"": -0.403769850730896, ""value"": 0.0, ""model_input"": 0.0}, {""feature"": ""name_token_overlap_max"", ""shap"": -0.3932219445705414, ""value"": 0.0, ""model_input"": 0.0}, {""feature"": ""name_sim_max_pm_dirigeant"", ""shap"": -0.3460327684879303, ""value"": 0.0, ""model_input"": 0.0}, {""feature"": ""token_overlap_ul"", ""shap"": -0.28477340936660767, ""value"": 0.0, ""model_input"": 0.0}]}"
7,SOLY IMPORT,51 Rue Marcel Merieux,69960,CORBAS,77983234400070,0.9999066591262817,SOLY IMPORT,51 RUE MARCEL MERIEUX,CORBAS,69960,69273,OUVERT,2025-01-14 03:18:44,1,"{""bias"": 1.1616770029067993, ""margin"": 9.278918266296387, ""prob_from_margin"": 0.999906636644957, ""top"": [{""feature"": ""name_semantic_max"", ""shap"": 2.2809500694274902, ""value"": 1.0, ""model_input"": 1.0}, {""feature"": ""token_overlap_ul"", ""shap"": 0.9182223677635193, ""value"": 1.0, ""model_input"": 1.0}, {""feature"": ""name_token_overlap_max"", ""shap"": 0.8595962524414062, ""value"": 1.0, ""model_input"": 1.0}, {""feature"": ""name_crm_contains_cand_max"", ""shap"": 0.637401819229126, ""value"": 1.0, ""model_input"": 1.0}, {""feature"": ""name_sim_max_etab"", ""shap"": 0.5369412899017334, ""value"": 0.41919191919191917, ""model_input"": 0.41919191919191917}, {""feature"": ""addr_token_overlap"", ""shap"": 0.5260186195373535, ""value"": 1.0, ""model_input"": 1.0}, {""feature"": ""street_number_diff"", ""shap"": 0.483296662569046, ""value"": 0.0, ""model_input"": 0.0}, {""feature"": ""name_sim_max_pm_dirigeant"", ""shap"": 0.3482779860496521, ""value"": 0.41919191919191917, ""model_input"": 0.41919191919191917}, {""feature"": ""is_siege"", ""shap"": 0.3027258515357971, ""value"": 1.0, ""model_input"": 1.0}, {""feature"": ""name_addr_consistency"", ""shap"": 0.2783966064453125, ""value"": 1.0, ""model_input"": 1.0}]}"
7,SOLY IMPORT,51 Rue Marcel Merieux,69960,CORBAS,77983234400088,0.99968421459198,SOLY IMPORT,69 RUE MARCEL MERIEUX,CORBAS,69960,69273,OUVERT,2024-03-30 15:57:53,2,"{""bias"": 1.1616770029067993, ""margin"": 8.060098648071289, ""prob_from_margin"": 0.9996842041172741, ""top"": [{""feature"": ""name_semantic_max"", ""shap"": 2.776441812515259, ""value"": 1.0, ""model_input"": 1.0}, {""feature"": ""name_token_overlap_max"", ""shap"": 1.1006425619125366, ""value"": 1.0, ""model_input"": 1.0}, {""feature"": ""token_overlap_ul"", ""shap"": 0.8845957517623901, ""value"": 1.0, ""model_input"": 1.0}, {""feature"": ""street_number_diff"", ""shap"": -0.6533328890800476, ""value"": 18.0, ""model_input"": 18.0}, {""feature"": ""name_sim_max_pm_dirigeant"", ""shap"": 0.5729860663414001, ""value"": 0.41919191919191917, ""model_input"": 0.41919191919191917}, {""feature"": ""name_sim_max_etab"", ""shap"": 0.5632290840148926, ""value"": 0.41919191919191917, ""model_input"": 0.41919191919191917}, {""feature"": ""name_crm_contains_cand_max"", ""shap"": 0.5467091202735901, ""value"": 1.0, ""model_input"": 1.0}, {""feature"": ""is_siege"", ""shap"": -0.3779306411743164, ""value"": 0.0, ""model_input"": 0.0}, {""feature"": ""addr_token_overlap"", ""shap"": 0.30784890055656433, ""value"": 0.6, ""model_input"": 0.6}, {""feature"": ""name_addr_consistency"", ""shap"": 0.28829890489578247, ""value"": 0.9365079365079364, ""model_input"": 0.9365079365079364}]}"
7,SOLY IMPORT,51 Rue Marcel Merieux,69960,CORBAS,87955528200018,0.9947448968887329,SOLY FROST HOLDING,51 RUE MARCEL MERIEUX,CORBAS,69960,69273,OUVERT,2025-09-01 10:49:59,3,"{""bias"": 1.1616770029067993, ""margin"": 5.24327278137207, ""prob_from_margin"": 0.9947448241624544, ""top"": [{""feature"": ""name_semantic_max"", ""shap"": 0.959825873374939, ""value"": 0.6347399353981018, ""model_input"": 0.6347399353981018}, {""feature"": ""addr_token_overlap"", ""shap"": 0.875196099281311, ""value"": 1.0, ""model_input"": 1.0}, {""feature"": ""street_number_diff"", ""shap"": 0.8372024893760681, ""value"": 0.0, ""model_input"": 0.0}, {""feature"": ""name_sim_max_etab"", ""shap"": 0.538119912147522, ""value"": 0.41919191919191917, ""model_input"": 0.41919191919191917}, {""feature"": ""token_overlap_ul"", ""shap"": 0.46241748332977295, ""value"": 0.5, ""model_input"": 0.5}, {""feature"": ""name_sim_max_pm_dirigeant"", ""shap"": 0.3675450086593628, ""value"": 0.41919191919191917, ""model_input"": 0.41919191919191917}, {""feature"": ""type_of_max_name"", ""shap"": 0.3610762357711792, ""value"": 7.0, ""model_input"": 7.0}, {""feature"": ""addr_jaro"", ""shap"": 0.3468223512172699, ""value"": 1.0, ""model_input"": 1.0}, {""feature"": ""name_semantic_second"", ""shap"": -0.31643855571746826, ""value"": 0.2730223834514618, ""model_input"": 0.2730223834514618}, {""feature"": ""name_token_overlap_max"", ""shap"": 0.24225877225399017, ""value"": 0.25, ""model_input"": 0.25}]}"
7,SOLY IMPORT,51 Rue Marcel Merieux,69960,CORBAS,49122827600029,0.9502653479576111,DU PETIT BOIS,51 RUE MARCEL MERIEUX,CORBAS,69960,69273,OUVERT,2024-11-13 16:35:59,4,"{""bias"": 1.1616770029067993, ""margin"": 2.950042247772217, ""prob_from_margin"": 0.9502654851510878, ""top"": [{""feature"": ""name_semantic_max"", ""shap"": 1.7850853204727173, ""value"": 1.0, ""model_input"": 1.0}, {""feature"": ""name_sim_max_etab"", ""shap"": -0.7692429423332214, ""value"": 1.0, ""model_input"": 1.0}, {""feature"": ""name_token_overlap_max"", ""shap"": 0.733045756816864, ""value"": 1.0, ""model_input"": 1.0}, {""feature"": ""name_semantic_second"", ""shap"": -0.6720700860023499, ""value"": 0.2730223834514618, ""model_input"": 0.2730223834514618}, {""feature"": ""ul_vs_pm_indicator"", ""shap"": -0.6506197452545166, ""value"": 0.0, ""model_input"": 0.0}, {""feature"": ""addr_token_overlap"", ""shap"": 0.6374324560165405, ""value"": 1.0, ""model_input"": 1.0}, {""feature"": ""token_overlap_ul"", ""shap"": -0.5429672598838806, ""value"": 0.0, ""model_input"": 0.0}, {""feature"": ""street_number_diff"", ""shap"": 0.49730655550956726, ""value"": 0.0, ""model_input"": 0.0}, {""feature"": ""name_crm_contains_cand_max"", ""shap"": 0.46678054332733154, ""value"": 1.0, ""model_input"": 1.0}, {""feature"": ""name_sim_max_pm_dirigeant"", ""shap"": -0.2857837975025177, ""value"": 1.0, ""model_input"": 1.0}]}"
7,SOLY IMPORT,51 Rue Marcel Merieux,69960,CORBAS,80253160800015,0.9213170409202576,BAFILCO,51 RUE MARCEL MERIEUX,CORBAS,69960,69273,OUVERT,2024-03-30 00:13:08,5,"{""bias"": 1.1616770029067993, ""margin"": 2.4603769779205322, ""prob_from_margin"": 0.9213169950497669, ""top"": [{""feature"": ""name_semantic_max"", ""shap"": -1.871762990951538, ""value"": 0.43512511253356934, ""model_input"": 0.43512511253356934}, {""feature"": ""addr_token_overlap"", ""shap"": 1.1916987895965576, ""value"": 1.0, ""model_input"": 1.0}, {""feature"": ""street_number_diff"", ""shap"": 1.1898273229599, ""value"": 0.0, ""model_input"": 0.0}, {""feature"": ""name_sim_max_etab"", ""shap"": 0.6950448155403137, ""value"": 0.0, ""model_input"": 0.0}, {""feature"": ""addr_jaro"", ""shap"": 0.6725600957870483, ""value"": 1.0, ""model_input"": 1.0}, {""feature"": ""addr_levenshtein"", ""shap"": 0.5767078399658203, ""value"": 1.0, ""model_input"": 1.0}, {""feature"": ""type_of_max_name"", ""shap"": 0.45078688859939575, ""value"": 7.0, ""model_input"": 7.0}, {""feature"": ""name_semantic_second"", ""shap"": -0.38371342420578003, ""value"": 0.0, ""model_input"": 0.0}, {""feature"": ""name_sim_max_pm_dirigeant"", ""shap"": -0.36968129873275757, ""value"": 0.0, ""model_input"": 0.0}, {""feature"": ""name_token_overlap_max"", ""shap"": -0.33280453085899353, ""value"": 0.0, ""model_input"": 0.0}]}"
18,SOPINVEST,92 Avenue des Bruyères,69150,DECINES-CHARPIEU,50829414700055,0.9994392991065979,SOPINVEST,92 AVENUE DES BRUYERES,DECINES-CHARPIEU,69150,69275,OUVERT,2024-03-30 09:01:52,1,"{""bias"": 1.1616770029067993, ""margin"": 7.485893249511719, ""prob_from_margin"": 0.9994393725943397, ""top"": [{""feature"": ""name_semantic_max"", ""shap"": 2.1913630962371826, ""value"": 1.0, ""model_input"": 1.0}, {""feature"": ""name_sim_max_etab"", ""shap"": 1.13755202293396, ""value"": 0.0, ""model_input"": 0.0}, {""feature"": ""token_overlap_ul"", ""shap"": 0.7383202910423279, ""value"": 1.0, ""model_input"": 1.0}, {""feature"": ""name_token_overlap_max"", ""shap"": 0.7164803147315979, ""value"": 1.0, ""model_input"": 1.0}, {""feature"": ""addr_token_overlap"", ""shap"": 0.6047727465629578, ""value"": 1.0, ""model_input"": 1.0}, {""feature"": ""name_sim_max_pm_dirigeant"", ""shap"": -0.48593586683273315, ""value"": 0.0, ""model_input"": 0.0}, {""feature"": ""name_crm_contains_cand_max"", ""shap"": 0.47907349467277527, ""value"": 1.0, ""model_input"": 1.0}, {""feature"": ""street_number_diff"", ""shap"": 0.47394096851348877, ""value"": 0.0, ""model_input"": 0.0}, {""feature"": ""is_siege"", ""shap"": -0.4647234380245209, ""value"": 0.0, ""model_input"": 0.0}, {""feature"": ""name_jaro_gap"", ""shap"": 0.32279524207115173, ""value"": 1.0, ""model_input"": 1.0}]}"
18,SOPINVEST,92 Avenue des Bruyères,69150,DECINES-CHARPIEU,84955409200015,0.9902920126914978,A ET L,92 AVENUE DES BRUYERES,DECINES-CHARPIEU,69150,69275,OUVERT,2024-03-30 02:10:56,2,"{""bias"": 1.1616770029067993, ""margin"": 4.625051498413086, ""prob_from_margin"": 0.9902920186231992, ""top"": [{""feature"": ""name_semantic_max"", ""shap"": -1.9478790760040283, ""value"": 0.352504700422287, ""model_input"": 0.352504700422287}, {""feature"": ""addr_token_overlap"", ""shap"": 1.2755521535873413, ""value"": 1.0, ""model_input"": 1.0}, {""feature"": ""name_addr_consistency"", ""shap"": 1.204192876815796, ""value"": 0.0, ""model_input"": 0.0}, {""feature"": ""street_number_diff"", ""shap"": 0.9676421880722046, ""value"": 0.0, ""model_input"": 0.0}, {""feature"": ""addr_jaro"", ""shap"": 0.8899185657501221, ""value"": 1.0, ""model_input"": 1.0}, {""feature"": ""name_sim_max_etab"", ""shap"": 0.8470587134361267, ""value"": 0.0, ""model_input"": 0.0}, {""feature"": ""addr_levenshtein"", ""shap"": 0.6447330713272095, ""value"": 1.0, ""model_input"": 1.0}, {""feature"": ""name_jaro_max"", ""shap"": 0.6042959690093994, ""value"": 0.0, ""model_input"": 0.0}, {""feature"": ""name_sim_max_ul"", ""shap"": -0.44454026222229004, ""value"": 0.0, ""model_input"": 0.0}, {""feature"": ""name_semantic_second"", ""shap"": -0.33300286531448364, ""value"": 0.0, ""model_input"": 0.0}]}"
18,SOPINVEST,92 Avenue des Bruyères,69150,DECINES-CHARPIEU,82299922300024,0.9802911281585693,BCC,92 AVENUE DES BRUYERES,DECINES-CHARPIEU,69150,69275,OUVERT,2025-02-06 02:31:49,3,"{""bias"": 1.1616770029067993, ""margin"": 3.9067797660827637, ""prob_from_margin"": 0.9802911098163956, ""top"": [{""feature"": ""name_semantic_max"", ""shap"": -2.101670742034912, ""value"": 0.33982330560684204, ""model_input"": 0.33982330560684204}, {""feature"": ""name_addr_consistency"", ""shap"": 1.263853907585144, ""value"": 0.0, ""model_input"": 0.0}, {""feature"": ""addr_token_overlap"", ""shap"": 1.2073389291763306, ""value"": 1.0, ""model_input"": 1.0}, {""feature"": ""street_number_diff"", ""shap"": 0.9646827578544617, ""value"": 0.0, ""model_input"": 0.0}, {""feature"": ""name_sim_max_etab"", ""shap"": 0.8835655450820923, ""value"": 0.0, ""model_input"": 0.0}, {""feature"": ""addr_jaro"", ""shap"": 0.874315619468689, ""value"": 1.0, ""model_input"": 1.0}, {""feature"": ""addr_levenshtein"", ""shap"": 0.6552945971488953, ""value"": 1.0, ""model_input"": 1.0}, {""feature"": ""name_jaro_max"", ""shap"": 0.5873264074325562, ""value"": 0.0, ""model_input"": 0.0}, {""feature"": ""name_sim_max_ul"", ""shap"": -0.4169410169124603, ""value"": 0.0, ""model_input"": 0.0}, {""feature"": ""name_token_overlap_max"", ""shap"": -0.3134811818599701, ""value"": 0.0, ""model_input"": 0.0}]}"
18,SOPINVEST,92 Avenue des Bruyères,69150,DECINES-CHARPIEU,33352047600156,0.9791649580001831,BOURGOGNE FRANCHE COMTE AUTOMATISMES,92 AVENUE DES BRUYERES,DECINES-CHARPIEU,69150,69275,FERME,2025-09-25 14:10:20,4,"{""bias"": 1.1616770029067993, ""margin"": 3.850066661834717, ""prob_from_margin"": 0.9791650154853799, ""top"": [{""feature"": ""addr_token_overlap"", ""shap"": 1.2802664041519165, ""value"": 1.0, ""model_input"": 1.0}, {""feature"": ""street_number_diff"", ""shap"": 1.189510703086853, ""value"": 0.0, ""model_input"": 0.0}, {""feature"": ""name_semantic_max"", ""shap"": -0.652895987033844, ""value"": 0.5414788126945496, ""model_input"": 0.5414788126945496}, {""feature"": ""addr_jaro"", ""shap"": 0.6499207019805908, ""value"": 1.0, ""model_input"": 1.0}, {""feature"": ""name_sim_max_pm_dirigeant"", ""shap"": 0.6195560693740845, ""value"": 0.4962962962962963, ""model_input"": 0.4962962962962963}, {""feature"": ""addr_levenshtein"", ""shap"": 0.46173563599586487, ""value"": 1.0, ""model_input"": 1.0}, {""feature"": ""type_of_max_name"", ""shap"": 0.4069206118583679, ""value"": 7.0, ""model_input"": 7.0}, {""feature"": ""name_token_overlap_max"", ""shap"": -0.3547029197216034, ""value"": 0.0, ""model_input"": 0.0}, {""feature"": ""name_addr_consistency"", ""shap"": -0.26415756344795227, ""value"": 0.5185185185185185, ""model_input"": 0.5185185185185185}, {""feature"": ""token_overlap_ul"", ""shap"": -0.2318761646747589, ""value"": 0.0, ""model_input"": 0.0}]}"
18,SOPINVEST,92 Avenue des Bruyères,69150,DECINES-CHARPIEU,90266841700014,0.977627694606781,AURYX BY AWAGROUP,92 AVENUE DES BRUYERES,DECINES-CHARPIEU,69150,69275,FERME,2025-06-08 02:07:54,5,"{""bias"": 1.1616770029067993, ""margin"": 3.7773070335388184, ""prob_from_margin"": 0.9776277371232549, ""top"": [{""feature"": ""name_semantic_max"", ""shap"": -1.6830235719680786, ""value"": 0.410230815410614, ""model_input"": 0.410230815410614}, {""feature"": ""addr_token_overlap"", ""shap"": 1.2448055744171143, ""value"": 1.0, ""model_input"": 1.0}, {""feature"": ""street_number_diff"", ""shap"": 1.024129033088684, ""value"": 0.0, ""model_input"": 0.0}, {""feature"": ""addr_jaro"", ""shap"": 0.8342373967170715, ""value"": 1.0, ""model_input"": 1.0}, {""feature"": ""name_sim_max_etab"", ""shap"": 0.7674692869186401, ""value"": 0.0, ""model_input"": 0.0}, {""feature"": ""name_addr_consistency"", ""shap"": 0.7537612915039062, ""value"": 0.0, ""model_input"": 0.0}, {""feature"": ""addr_levenshtein"", ""shap"": 0.6038724780082703, ""value"": 1.0, ""model_input"": 1.0}, {""feature"": ""name_sim_max_ul"", ""shap"": -0.5870862603187561, ""value"": 0.0, ""model_input"": 0.0}, {""feature"": ""name_semantic_second"", ""shap"": -0.4761105179786682, ""value"": 0.3683192729949951, ""model_input"": 0.3683192729949951}, {""feature"": ""type_of_max_name"", ""shap"": 0.42492401599884033, ""value"": 5.0, ""model_input"": 5.0}]}"
111,STAT Corbas,38 Avenue du 24 Août 1944,69960,CORBAS,32902163800229,0.9994786381721497,STAT,38 AVENUE DU 24 AOUT 1944,CORBAS,69960,69273,OUVERT,2025-01-25 03:05:15,1,"{""bias"": 1.1616770029067993, ""margin"": 7.558548450469971, ""prob_from_margin"": 0.9994786400888379, ""top"": [{""feature"": ""name_semantic_max"", ""shap"": 2.323410987854004, ""value"": 1.0, ""model_input"": 1.0}, {""feature"": ""name_sim_max_etab"", ""shap"": 1.0643671751022339, ""value"": 0.0, ""model_input"": 0.0}, {""feature"": ""name_token_overlap_max"", ""shap"": 0.791948139667511, ""value"": 1.0, ""model_input"": 1.0}, {""feature"": ""token_overlap_ul"", ""shap"": 0.6655229926109314, ""value"": 1.0, ""model_input"": 1.0}, {""feature"": ""addr_token_overlap"", ""shap"": 0.5618098378181458, ""value"": 1.0, ""model_input"": 1.0}, {""feature"": ""street_number_diff"", ""shap"": 0.5174287557601929, ""value"": 0.0, ""model_input"": 0.0}, {""feature"": ""name_sim_max_pm_dirigeant"", ""shap"": -0.49128806591033936, ""value"": 0.0, ""model_input"": 0.0}, {""feature"": ""name_crm_contains_cand_max"", ""shap"": 0.4401664733886719, ""value"": 1.0, ""model_input"": 1.0}, {""feature"": ""is_siege"", ""shap"": -0.43335387110710144, ""value"": 0.0, ""model_input"": 0.0}, {""feature"": ""name_semantic_second"", ""shap"": 0.2886928617954254, ""value"": 0.5544658303260803, ""model_input"": 0.5544658303260803}]}"
111,STAT Corbas,38 Avenue du 24 Août 1944,69960,CORBAS,32902163800088,0.9945381283760071,STAT,RUE DU CARREAU,CORBAS,69960,69273,FERME,2025-02-12 02:28:08,2,"{""bias"": 1.1616770029067993, ""margin"": 5.204493522644043, ""prob_from_margin"": 0.9945381642552638, ""top"": [{""feature"": ""name_semantic_max"", ""shap"": 2.66796612739563, ""value"": 1.0, ""model_input"": 1.0}, {""feature"": ""name_sim_max_etab"", ""shap"": 1.1370295286178589, ""value"": 0.0, ""model_input"": 0.0}, {""feature"": ""name_token_overlap_max"", ""shap"": 1.0327352285385132, ""value"": 1.0, ""model_input"": 1.0}, {""feature"": ""token_overlap_ul"", ""shap"": 0.8857430219650269, ""value"": 1.0, ""model_input"": 1.0}, {""feature"": ""is_siege"", ""shap"": -0.6296617984771729, ""value"": 0.0, ""model_input"": 0.0}, {""feature"": ""addr_token_overlap"", ""shap"": -0.6201779842376709, ""value"": 0.125, ""model_input"": 0.125}, {""feature"": ""name_sim_max_pm_dirigeant"", ""shap"": -0.5077784657478333, ""value"": 0.0, ""model_input"": 0.0}, {""feature"": ""name_semantic_second"", ""shap"": 0.42617517709732056, ""value"": 0.5544658303260803, ""model_input"": 0.5544658303260803}, {""feature"": ""addr_levenshtein"", ""shap"": -0.38163208961486816, ""value"": 0.28, ""model_input"": 0.28}, {""feature"": ""name_crm_contains_cand_max"", ""shap"": 0.3214568495750427, ""value"": 1.0, ""model_input"": 1.0}]}"
111,STAT Corbas,38 Avenue du 24 Août 1944,69960,CORBAS,79192333700012,0.46022289991378784,ARAUCANIA,AVENUE DU 24 AOUT 1944,CORBAS,69960,69273,FERME,2025-02-07 02:21:14,3,"{""bias"": 1.1616770029067993, ""margin"": -0.15944480895996094, ""prob_from_margin"": 0.46022303172791995, ""top"": [{""feature"": ""name_semantic_max"", ""shap"": -2.3814737796783447, ""value"": 0.3379499614238739, ""model_input"": 0.3379499614238739}, {""feature"": ""addr_token_overlap"", ""shap"": 1.4746350049972534, ""value"": 0.8333333333333334, ""model_input"": 0.8333333333333334}, {""feature"": ""name_sim_max_etab"", ""shap"": 0.687158465385437, ""value"": 0.0, ""model_input"": 0.0}, {""feature"": ""name_addr_consistency"", ""shap"": 0.540320634841919, ""value"": 0.3736868686868687, ""model_input"": 0.3736868686868687}, {""feature"": ""name_sim_max_pm_dirigeant"", ""shap"": -0.44662603735923767, ""value"": 0.0, ""model_input"": 0.0}, {""feature"": ""name_token_overlap_max"", ""shap"": -0.42579227685928345, ""value"": 0.0, ""model_input"": 0.0}, {""feature"": ""name_semantic_second"", ""shap"": -0.397903174161911, ""value"": 0.0, ""model_input"": 0.0}, {""feature"": ""type_of_max_name"", ""shap"": 0.3274563252925873, ""value"": 7.0, ""model_input"": 7.0}, {""feature"": ""addr_levenshtein"", ""shap"": 0.32515376806259155, ""value"": 0.88, ""model_input"": 0.88}, {""feature"": ""token_overlap_ul"", ""shap"": -0.29023686051368713, ""value"": 0.0, ""model_input"": 0.0}]}"
111,STAT Corbas,38 Avenue du 24 Août 1944,69960,CORBAS,79347420600018,0.4136463701725006,LE NOUVEAU PAYSAGE SERVICES,AVENUE DU 24 AOUT 1944,CORBAS,69960,69273,FERME,2024-03-30 07:07:59,4,"{""bias"": 1.1616770029067993, ""margin"": -0.3489118814468384, ""prob_from_margin"": 0.41364631184300554, ""top"": [{""feature"": ""name_semantic_max"", ""shap"": -2.3539278507232666, ""value"": 0.3577801287174225, ""model_input"": 0.3577801287174225}, {""feature"": ""addr_token_overlap"", ""shap"": 1.1693201065063477, ""value"": 0.8333333333333334, ""model_input"": 0.8333333333333334}, {""feature"": ""name_sim_max_etab"", ""shap"": 0.6864973306655884, ""value"": 0.0, ""model_input"": 0.0}, {""feature"": ""name_semantic_second"", ""shap"": -0.4275933802127838, ""value"": 0.0, ""model_input"": 0.0}, {""feature"": ""name_token_overlap_max"", ""shap"": -0.42663782835006714, ""value"": 0.0, ""model_input"": 0.0}, {""feature"": ""name_sim_max_ul"", ""shap"": -0.39393988251686096, ""value"": 0.4290123456790123, ""model_input"": 0.4290123456790123}, {""feature"": ""name_sim_max_pm_dirigeant"", ""shap"": -0.39263248443603516, ""value"": 0.0, ""model_input"": 0.0}, {""feature"": ""name_addr_consistency"", ""shap"": 0.36820563673973083, ""value"": 0.3533501683501683, ""model_input"": 0.3533501683501683}, {""feature"": ""type_of_max_name"", ""shap"": 0.3521217107772827, ""value"": 7.0, ""model_input"": 7.0}, {""feature"": ""addr_levenshtein"", ""shap"": 0.3235926628112793, ""value"": 0.88, ""model_input"": 0.88}]}"
111,STAT Corbas,38 Avenue du 24 Août 1944,69960,CORBAS,52314131500029,0.4042258560657501,EGL,17 AVENUE DU 24 AOUT 1944,CORBAS,69960,69273,FERME,2024-03-30 08:03:58,5,"{""bias"": 1.1616770029067993, ""margin"": -0.3878873586654663, ""prob_from_margin"": 0.40422597937650473, ""top"": [{""feature"": ""name_semantic_max"", ""shap"": -1.7896085977554321, ""value"": 0.4825243353843689, ""model_input"": 0.4825243353843689}, {""feature"": ""street_number_diff"", ""shap"": -1.262217402458191, ""value"": 21.0, ""model_input"": 21.0}, {""feature"": ""name_sim_max_etab"", ""shap"": 0.7760201096534729, ""value"": 0.0, ""model_input"": 0.0}, {""feature"": ""name_jaro_max"", ""shap"": 0.721280038356781, ""value"": 0.36231884057971014, ""model_input"": 0.36231884057971014}, {""feature"": ""type_of_max_name"", ""shap"": 0.6415210366249084, ""value"": 7.0, ""model_input"": 7.0}, {""feature"": ""name_addr_consistency"", ""shap"": 0.5157024264335632, ""value"": 0.3429951690821256, ""model_input"": 0.3429951690821256}, {""feature"": ""name_token_overlap_max"", ""shap"": -0.40048763155937195, ""value"": 0.0, ""model_input"": 0.0}, {""feature"": ""addr_token_overlap"", ""shap"": 0.35301676392555237, ""value"": 0.7142857142857143, ""model_input"": 0.7142857142857143}, {""feature"": ""name_sim_max_pm_dirigeant"", ""shap"": -0.3469838500022888, ""value"": 0.0, ""model_input"": 0.0}, {""feature"": ""name_sim_max_ul"", ""shap"": -0.32681575417518616, ""value"": 0.36231884057971014, ""model_input"": 0.36231884057971014}]}"
1,Sabeco,92 Avenue des Bruyères,69150,DECINES CHARPIEU,91016759200013,0.9888461232185364,SABEXTRA,92 AVENUE DES BRUYERES,DECINES-CHARPIEU,69150,69275,FERME,2025-01-28 02:59:44,1,"{""bias"": 1.1616770029067993, ""margin"": 4.484742641448975, ""prob_from_margin"": 0.9888460244057985, ""top"": [{""feature"": ""addr_token_overlap"", ""shap"": 1.2248420715332031, ""value"": 1.0, ""model_input"": 1.0}, {""feature"": ""street_number_diff"", ""shap"": 1.0630990266799927, ""value"": 0.0, ""model_input"": 0.0}, {""feature"": ""name_sim_max_pm_dirigeant"", ""shap"": 0.5826820135116577, ""value"": 0.48148148148148145, ""model_input"": 0.48148148148148145}, {""feature"": ""name_semantic_max"", ""shap"": 0.5291416645050049, ""value"": 0.6028770208358765, ""model_input"": 0.6028770208358765}, {""feature"": ""addr_jaro"", ""shap"": 0.4521695673465729, ""value"": 1.0, ""model_input"": 1.0}, {""feature"": ""type_of_max_name"", ""shap"": 0.37627148628234863, ""value"": 7.0, ""model_input"": 7.0}, {""feature"": ""name_token_overlap_max"", ""shap"": -0.366216778755188, ""value"": 0.0, ""model_input"": 0.0}, {""feature"": ""name_addr_consistency"", ""shap"": 0.3387849032878876, ""value"": 0.8333333333333334, ""model_input"": 0.8333333333333334}, {""feature"": ""addr_levenshtein"", ""shap"": 0.3291773498058319, ""value"": 1.0, ""model_input"": 1.0}, {""feature"": ""token_overlap_ul"", ""shap"": -0.2989591360092163, ""value"": 0.0, ""model_input"": 0.0}]}"
1,Sabeco,92 Avenue des Bruyères,69150,DECINES CHARPIEU,01675055600165,0.986943244934082,ETABLISSEMENTS G. BOUTILLON,92 AVENUE DES BRUYERES,DECINES-CHARPIEU,69150,69275,OUVERT,2025-01-18 02:07:03,2,"{""bias"": 1.1616770029067993, ""margin"": 4.325311183929443, ""prob_from_margin"": 0.9869433000635961, ""top"": [{""feature"": ""addr_token_overlap"", ""shap"": 1.1496657133102417, ""value"": 1.0, ""model_input"": 1.0}, {""feature"": ""street_number_diff"", ""shap"": 1.1335437297821045, ""value"": 0.0, ""model_input"": 0.0}, {""feature"": ""name_sim_max_pm_dirigeant"", ""shap"": 0.7082933187484741, ""value"": 0.5282828282828284, ""model_input"": 0.5282828282828284}, {""feature"": ""addr_jaro"", ""shap"": 0.6426668167114258, ""value"": 1.0, ""model_input"": 1.0}, {""feature"": ""name_semantic_max"", ""shap"": -0.6391018629074097, ""value"": 0.5480841398239136, ""model_input"": 0.5480841398239136}, {""feature"": ""addr_levenshtein"", ""shap"": 0.5089085698127747, ""value"": 1.0, ""model_input"": 1.0}, {""feature"": ""type_of_max_name"", ""shap"": 0.5035815238952637, ""value"": 4.0, ""model_input"": 4.0}, {""feature"": ""name_semantic_second"", ""shap"": 0.35276126861572266, ""value"": 0.5217252373695374, ""model_input"": 0.5217252373695374}, {""feature"": ""name_token_overlap_max"", ""shap"": -0.30846041440963745, ""value"": 0.0, ""model_input"": 0.0}, {""feature"": ""name_addr_consistency"", ""shap"": -0.26159751415252686, ""value"": 0.5282828282828284, ""model_input"": 0.5282828282828284}]}"
1,Sabeco,92 Avenue des Bruyères,69150,DECINES CHARPIEU,79422623300037,0.9845995306968689,SABEKO LYON,92 AVENUE DES BRUYERES,DECINES-CHARPIEU,69150,69275,OUVERT,2025-02-02 02:22:49,3,"{""bias"": 1.1616770029067993, ""margin"": 4.157835483551025, ""prob_from_margin"": 0.9845995075888249, ""top"": [{""feature"": ""addr_token_overlap"", ""shap"": 1.153216004371643, ""value"": 1.0, ""model_input"": 1.0}, {""feature"": ""name_sim_max_pm_dirigeant"", ""shap"": 1.0558332204818726, ""value"": 0.6, ""model_input"": 0.6}, {""feature"": ""street_number_diff"", ""shap"": 0.9642610549926758, ""value"": 0.0, ""model_input"": 0.0}, {""feature"": ""name_semantic_max"", ""shap"": 0.544109582901001, ""value"": 0.6116818189620972, ""model_input"": 0.6116818189620972}, {""feature"": ""addr_jaro"", ""shap"": 0.4355492889881134, ""value"": 1.0, ""model_input"": 1.0}, {""feature"": ""addr_levenshtein"", ""shap"": 0.3969826400279999, ""value"": 1.0, ""model_input"": 1.0}, {""feature"": ""name_token_overlap_max"", ""shap"": -0.3836745619773865, ""value"": 0.0, ""model_input"": 0.0}, {""feature"": ""type_of_max_name"", ""shap"": 0.36349615454673767, ""value"": 7.0, ""model_input"": 7.0}, {""feature"": ""token_overlap_ul"", ""shap"": -0.3096911311149597, ""value"": 0.0, ""model_input"": 0.0}, {""feature"": ""name_sim_max_etab"", ""shap"": -0.3028222322463989, ""value"": 0.6, ""model_input"": 0.6}]}"
1,Sabeco,92 Avenue des Bruyères,69150,DECINES CHARPIEU,91034831700017,0.9442140460014343,CNP,92 AVENUE DES BRUYERES,DECINES-CHARPIEU,69150,69275,OUVERT,2025-07-22 05:17:53,4,"{""bias"": 1.1616770029067993, ""margin"": 2.828831672668457, ""prob_from_margin"": 0.9442140937147002, ""top"": [{""feature"": ""name_semantic_max"", ""shap"": -3.1220316886901855, ""value"": 0.292885422706604, ""model_input"": 0.292885422706604}, {""feature"": ""addr_token_overlap"", ""shap"": 1.1450700759887695, ""value"": 1.0, ""model_input"": 1.0}, {""feature"": ""name_addr_consistency"", ""shap"": 1.1429328918457031, ""value"": 0.0, ""model_input"": 0.0}, {""feature"": ""street_number_diff"", ""shap"": 1.045045018196106, ""value"": 0.0, ""model_input"": 0.0}, {""feature"": ""addr_jaro"", ""shap"": 0.9951930642127991, ""value"": 1.0, ""model_input"": 1.0}, {""feature"": ""name_sim_max_etab"", ""shap"": 0.838640570640564, ""value"": 0.0, ""model_input"": 0.0}, {""feature"": ""addr_levenshtein"", ""shap"": 0.6333202123641968, ""value"": 1.0, ""model_input"": 1.0}, {""feature"": ""name_jaro_max"", ""shap"": 0.535772979259491, ""value"": 0.0, ""model_input"": 0.0}, {""feature"": ""name_sim_max_ul"", ""shap"": -0.4164729416370392, ""value"": 0.0, ""model_input"": 0.0}, {""feature"": ""name_token_overlap_max"", ""shap"": -0.3337065875530243, ""value"": 0.0, ""model_input"": 0.0}]}"
1,Sabeco,92 Avenue des Bruyères,69150,DECINES CHARPIEU,80019655200031,0.9352414608001709,INFINITICS,92 AVENUE DES BRUYERES,DECINES-CHARPIEU,69150,69275,FERME,2025-02-01 02:38:44,5,"{""bias"": 1.1616770029067993, ""margin"": 2.6701364517211914, ""prob_from_margin"": 0.9352412960844662, ""top"": [{""feature"": ""name_semantic_max"", ""shap"": -1.666664719581604, ""value"": 0.4229132831096649, ""model_input"": 0.4229132831096649}, {""feature"": ""addr_token_overlap"", ""shap"": 1.1511045694351196, ""value"": 1.0, ""model_input"": 1.0}, {""feature"": ""street_number_diff"", ""shap"": 1.0377869606018066, ""value"": 0.0, ""model_input"": 0.0}, {""feature"": ""name_sim_max_pm_dirigeant"", ""shap"": 0.759609043598175, ""value"": 0.5315412186379929, ""model_input"": 0.5315412186379929}, {""feature"": ""addr_jaro"", ""shap"": 0.5669057369232178, ""value"": 1.0, ""model_input"": 1.0}, {""feature"": ""addr_levenshtein"", ""shap"": 0.5438251495361328, ""value"": 1.0, ""model_input"": 1.0}, {""feature"": ""type_of_max_name"", ""shap"": 0.4497618079185486, ""value"": 4.0, ""model_input"": 4.0}, {""feature"": ""name_addr_consistency"", ""shap"": -0.3431788384914398, ""value"": 0.5315412186379929, ""model_input"": 0.5315412186379929}, {""feature"": ""name_token_overlap_max"", ""shap"": -0.29378390312194824, ""value"": 0.0, ""model_input"": 0.0}, {""feature"": ""token_overlap_ul"", ""shap"": -0.2846491038799286, ""value"": 0.0, ""model_input"": 0.0}]}"
25,Simonetti,167 avenue Franklin Roosevelt,69150,DECINES CHARPIEU,97250156300035,0.991898775100708,ENTREPRISE SIMONETTI,167 AVENUE FRANKLIN ROOSEVELT,DECINES-CHARPIEU,69150,69275,OUVERT,2024-03-30 12:07:12,1,"{""bias"": 1.1616770029067993, ""margin"": 4.8076090812683105, ""prob_from_margin"": 0.991898801560268, ""top"": [{""feature"": ""name_sim_max_pm_dirigeant"", ""shap"": 1.0750765800476074, ""value"": 0.5886243386243386, ""model_input"": 0.5886243386243386}, {""feature"": ""token_overlap_ul"", ""shap"": 1.003873348236084, ""value"": 1.0, ""model_input"": 1.0}, {""feature"": ""addr_token_overlap"", ""shap"": 0.9558612704277039, ""value"": 1.0, ""model_input"": 1.0}, {""feature"": ""name_token_overlap_max"", ""shap"": 0.8377463817596436, ""value"": 0.5, ""model_input"": 0.5}, {""feature"": ""street_number_diff"", ""shap"": 0.7903918623924255, ""value"": 0.0, ""model_input"": 0.0}, {""feature"": ""name_semantic_second"", ""shap"": -0.46269211173057556, ""value"": 0.3376164436340332, ""model_input"": 0.3376164436340332}, {""feature"": ""name_sim_max_etab"", ""shap"": -0.38801077008247375, ""value"": 0.5886243386243386, ""model_input"": 0.5886243386243386}, {""feature"": ""name_addr_consistency"", ""shap"": -0.37781310081481934, ""value"": 0.5886243386243386, ""model_input"": 0.5886243386243386}, {""feature"": ""addr_jaro"", ""shap"": 0.3469110131263733, ""value"": 1.0, ""model_input"": 1.0}, {""feature"": ""type_of_max_name"", ""shap"": 0.2987097203731537, ""value"": 4.0, ""model_input"": 4.0}]}"
25,Simonetti,167 avenue Franklin Roosevelt,69150,DECINES CHARPIEU,47893595000012,0.7190119028091431,ALPAYA,171 AVENUE FRANKLIN ROOSEVELT,DECINES-CHARPIEU,69150,69275,FERME,2024-03-30 11:22:37,2,"{""bias"": 1.1616770029067993, ""margin"": 0.9395648241043091, ""prob_from_margin"": 0.7190117455325845, ""top"": [{""feature"": ""name_semantic_max"", ""shap"": -2.200350522994995, ""value"": 0.412176251411438, ""model_input"": 0.412176251411438}, {""feature"": ""street_number_diff"", ""shap"": -1.2285906076431274, ""value"": 4.0, ""model_input"": 4.0}, {""feature"": ""name_sim_max_etab"", ""shap"": 0.8552160859107971, ""value"": 0.0, ""model_input"": 0.0}, {""feature"": ""name_jaro_max"", ""shap"": 0.8548539876937866, ""value"": 0.0, ""model_input"": 0.0}, {""feature"": ""name_addr_consistency"", ""shap"": 0.7765215039253235, ""value"": 0.0, ""model_input"": 0.0}, {""feature"": ""addr_jaro"", ""shap"": 0.691851794719696, ""value"": 0.9793103448275864, ""model_input"": 0.9793103448275864}, {""feature"": ""addr_token_overlap"", ""shap"": 0.6347946524620056, ""value"": 0.6, ""model_input"": 0.6}, {""feature"": ""addr_levenshtein"", ""shap"": 0.560126781463623, ""value"": 0.9310344827586207, ""model_input"": 0.9310344827586207}, {""feature"": ""name_sim_max_ul"", ""shap"": -0.44208642840385437, ""value"": 0.0, ""model_input"": 0.0}, {""feature"": ""name_token_overlap_max"", ""shap"": -0.41989147663116455, ""value"": 0.0, ""model_input"": 0.0}]}"
25,Simonetti,167 avenue Franklin Roosevelt,69150,DECINES CHARPIEU,94273320500010,0.5629870891571045,EURO PARE BRISE + LYON,51 AVENUE FRANKLIN ROOSEVELT,DECINES-CHARPIEU,69150,69275,OUVERT,2025-05-23 05:15:42,3,"{""bias"": 1.1616770029067993, ""margin"": 0.25329363346099854, ""prob_from_margin"": 0.5629870096225621, ""top"": [{""feature"": ""name_semantic_max"", ""shap"": -2.242121458053589, ""value"": 0.43834930658340454, ""model_input"": 0.43834930658340454}, {""feature"": ""name_sim_max_etab"", ""shap"": 0.8184333443641663, ""value"": 0.0, ""model_input"": 0.0}, {""feature"": ""name_jaro_max"", ""shap"": 0.7371112108230591, ""value"": 0.37878787878787873, ""model_input"": 0.37878787878787873}, {""feature"": ""addr_token_overlap"", ""shap"": 0.6200023293495178, ""value"": 0.6, ""model_input"": 0.6}, {""feature"": ""type_of_max_name"", ""shap"": 0.5969650149345398, ""value"": 7.0, ""model_input"": 7.0}, {""feature"": ""street_number_diff"", ""shap"": -0.5564627647399902, ""value"": 116.0, ""model_input"": 116.0}, {""feature"": ""name_addr_consistency"", ""shap"": 0.46974968910217285, ""value"": 0.36557073195004225, ""model_input"": 0.36557073195004225}, {""feature"": ""name_sim_max_ul"", ""shap"": -0.4175443947315216, ""value"": 0.37878787878787873, ""model_input"": 0.37878787878787873}, {""feature"": ""name_token_overlap_max"", ""shap"": -0.41475552320480347, ""value"": 0.0, ""model_input"": 0.0}, {""feature"": ""addr_levenshtein"", ""shap"": 0.3684156537055969, ""value"": 0.896551724137931, ""model_input"": 0.896551724137931}]}"
25,Simonetti,167 avenue Franklin Roosevelt,69150,DECINES CHARPIEU,53137307400016,0.5474485158920288,VOILA,227 AVENUE FRANKLIN ROOSEVELT,DECINES-CHARPIEU,69150,69275,FERME,2024-03-30 05:05:48,4,"{""bias"": 1.1616770029067993, ""margin"": 0.19036781787872314, ""prob_from_margin"": 0.5474487461030475, ""top"": [{""feature"": ""name_semantic_max"", ""shap"": -2.187635660171509, ""value"": 0.456175833940506, ""model_input"": 0.456175833940506}, {""feature"": ""street_number_diff"", ""shap"": -0.8217885494232178, ""value"": 60.0, ""model_input"": 60.0}, {""feature"": ""name_sim_max_etab"", ""shap"": 0.7869159579277039, ""value"": 0.0, ""model_input"": 0.0}, {""feature"": ""name_jaro_max"", ""shap"": 0.7008422613143921, ""value"": 0.37407407407407406, ""model_input"": 0.37407407407407406}, {""feature"": ""addr_token_overlap"", ""shap"": 0.6329646110534668, ""value"": 0.6, ""model_input"": 0.6}, {""feature"": ""name_addr_consistency"", ""shap"": 0.5558761358261108, ""value"": 0.35687526607066833, ""model_input"": 0.35687526607066833}, {""feature"": ""type_of_max_name"", ""shap"": 0.4405793249607086, ""value"": 7.0, ""model_input"": 7.0}, {""feature"": ""name_token_overlap_max"", ""shap"": -0.434918612241745, ""value"": 0.0, ""model_input"": 0.0}, {""feature"": ""name_levenshtein_max"", ""shap"": -0.3796967566013336, ""value"": 0.11111111111111116, ""model_input"": 0.11111111111111116}, {""feature"": ""addr_levenshtein"", ""shap"": 0.3566148281097412, ""value"": 0.9310344827586207, ""model_input"": 0.9310344827586207}]}"
25,Simonetti,167 avenue Franklin Roosevelt,69150,DECINES CHARPIEU,97050240700012,0.4912334084510803,FRANCIA HOVAL,AV FRANKLIN ROOSEVELT,DECINES-CHARPIEU,69150,69275,FERME,2024-03-22 15:40:57,5,"{""bias"": 1.1616770029067993, ""margin"": -0.035068631172180176, ""prob_from_margin"": 0.4912337405905222, ""top"": [{""feature"": ""name_semantic_max"", ""shap"": -1.570531964302063, ""value"": 0.48675310611724854, ""model_input"": 0.48675310611724854}, {""feature"": ""name_sim_max_ul"", ""shap"": -0.862612247467041, ""value"": 0.292022792022792, ""model_input"": 0.292022792022792}, {""feature"": ""type_of_max_name"", ""shap"": 0.8034479022026062, ""value"": 7.0, ""model_input"": 7.0}, {""feature"": ""name_jaro_max"", ""shap"": 0.7984579801559448, ""value"": 0.292022792022792, ""model_input"": 0.292022792022792}, {""feature"": ""name_sim_max_etab"", ""shap"": 0.6807992458343506, ""value"": 0.0, ""model_input"": 0.0}, {""feature"": ""addr_token_overlap"", ""shap"": 0.507146954536438, ""value"": 0.4, ""model_input"": 0.4}, {""feature"": ""name_semantic_second"", ""shap"": -0.39163240790367126, ""value"": 0.0, ""model_input"": 0.0}, {""feature"": ""addr_jaro"", ""shap"": -0.3868918716907501, ""value"": 0.7651888341543515, ""model_input"": 0.7651888341543515}, {""feature"": ""name_token_overlap_max"", ""shap"": -0.36260277032852173, ""value"": 0.0, ""model_input"": 0.0}, {""feature"": ""name_sim_max_pm_dirigeant"", ""shap"": -0.3594881296157837, ""value"": 0.0, ""model_input"": 0.0}]}"
11,Sirene SAS,84 Avenue des Bruyères,69150,DECINES CHARPIEU,43339808800024,0.9994658827781677,SIRENE,84 AVENUE DES BRUYERES,DECINES-CHARPIEU,69150,69275,FERME,2025-01-19 02:13:24,1,"{""bias"": 1.1616770029067993, ""margin"": 7.5343451499938965, ""prob_from_margin"": 0.9994658743346694, ""top"": [{""feature"": ""name_sim_max_etab"", ""shap"": 0.9971184134483337, ""value"": 0.0, ""model_input"": 0.0}, {""feature"": ""name_token_overlap_max"", ""shap"": 0.856865406036377, ""value"": 1.0, ""model_input"": 1.0}, {""feature"": ""token_overlap_ul"", ""shap"": 0.8289272785186768, ""value"": 1.0, ""model_input"": 1.0}, {""feature"": ""addr_token_overlap"", ""shap"": 0.7726703882217407, ""value"": 1.0, ""model_input"": 1.0}, {""feature"": ""name_semantic_max"", ""shap"": 0.7186931371688843, ""value"": 0.6248307228088379, ""model_input"": 0.6248307228088379}, {""feature"": ""street_number_diff"", ""shap"": 0.6336638331413269, ""value"": 0.0, ""model_input"": 0.0}, {""feature"": ""name_crm_contains_cand_max"", ""shap"": 0.6067429184913635, ""value"": 1.0, ""model_input"": 1.0}, {""feature"": ""name_sim_max_pm_dirigeant"", ""shap"": -0.46627581119537354, ""value"": 0.0, ""model_input"": 0.0}, {""feature"": ""name_jaro_gap"", ""shap"": 0.412160187959671, ""value"": 1.0, ""model_input"": 1.0}, {""feature"": ""is_siege"", ""shap"": -0.3387179970741272, ""value"": 0.0, ""model_input"": 0.0}]}"
11,Sirene SAS,84 Avenue des Bruyères,69150,DECINES CHARPIEU,81354046500016,0.9520480036735535,ENERIS DEVELOPPEMENT,84 AV DES BRUYERES,DECINES-CHARPIEU,69150,69275,FERME,2025-02-03 02:44:44,2,"{""bias"": 1.1616770029067993, ""margin"": 2.988415241241455, ""prob_from_margin"": 0.9520480136102901, ""top"": [{""feature"": ""name_token_overlap_max"", ""shap"": 1.1032315492630005, ""value"": 1.0, ""model_input"": 1.0}, {""feature"": ""name_sim_max_etab"", ""shap"": -0.7788283228874207, ""value"": 1.0, ""model_input"": 1.0}, {""feature"": ""addr_token_overlap"", ""shap"": 0.6317944526672363, ""value"": 0.6, ""model_input"": 0.6}, {""feature"": ""name_semantic_max"", ""shap"": 0.5549578070640564, ""value"": 0.6248307228088379, ""model_input"": 0.6248307228088379}, {""feature"": ""name_crm_contains_cand_max"", ""shap"": 0.5313151478767395, ""value"": 1.0, ""model_input"": 1.0}, {""feature"": ""street_number_diff"", ""shap"": 0.4657391905784607, ""value"": 0.0, ""model_input"": 0.0}, {""feature"": ""name_contains_crm_max"", ""shap"": 0.31343874335289, ""value"": 1.0, ""model_input"": 1.0}, {""feature"": ""name_semantic_second"", ""shap"": -0.302153080701828, ""value"": 0.4311869740486145, ""model_input"": 0.4311869740486145}, {""feature"": ""name_sim_max_pm_dirigeant"", ""shap"": -0.28600138425827026, ""value"": 1.0, ""model_input"": 1.0}, {""feature"": ""name_levenshtein_max"", ""shap"": 0.28457051515579224, ""value"": 1.0, ""model_input"": 1.0}]}"
11,Sirene SAS,84 Avenue des Bruyères,69150,DECINES CHARPIEU,81473046100013,0.8795309066772461,BRUNVERT,84 AVENUE DES BRUYERES,DECINES-CHARPIEU,69150,69275,FERME,2025-01-28 02:08:41,3,"{""bias"": 1.1616770029067993, ""margin"": 1.987993836402893, ""prob_from_margin"": 0.8795307334106511, ""top"": [{""feature"": ""name_semantic_max"", ""shap"": -1.9808142185211182, ""value"": 0.4466516375541687, ""model_input"": 0.4466516375541687}, {""feature"": ""addr_token_overlap"", ""shap"": 1.2750084400177002, ""value"": 1.0, ""model_input"": 1.0}, {""feature"": ""street_number_diff"", ""shap"": 1.1669596433639526, ""value"": 0.0, ""model_input"": 0.0}, {""feature"": ""name_sim_max_etab"", ""shap"": 0.798622727394104, ""value"": 0.0, ""model_input"": 0.0}, {""feature"": ""addr_jaro"", ""shap"": 0.6183791160583496, ""value"": 1.0, ""model_input"": 1.0}, {""feature"": ""addr_levenshtein"", ""shap"": 0.53385329246521, ""value"": 1.0, ""model_input"": 1.0}, {""feature"": ""type_of_max_name"", ""shap"": 0.43253323435783386, ""value"": 7.0, ""model_input"": 7.0}, {""feature"": ""name_sim_max_pm_dirigeant"", ""shap"": -0.3662662208080292, ""value"": 0.0, ""model_input"": 0.0}, {""feature"": ""name_addr_consistency"", ""shap"": -0.34629637002944946, ""value"": 0.5138888888888888, ""model_input"": 0.5138888888888888}, {""feature"": ""name_count"", ""shap"": 0.34165340662002563, ""value"": 1.0, ""model_input"": 1.0}]}"
11,Sirene SAS,84 Avenue des Bruyères,69150,DECINES CHARPIEU,81371053000011,0.776560366153717,UP SIGN,84 AV DES BRUYERES,DECINES-CHARPIEU,69150,69275,FERME,2024-03-22 15:40:57,4,"{""bias"": 1.1616770029067993, ""margin"": 1.2457343339920044, ""prob_from_margin"": 0.7765605806182347, ""top"": [{""feature"": ""name_token_overlap_max"", ""shap"": 1.092232346534729, ""value"": 1.0, ""model_input"": 1.0}, {""feature"": ""name_semantic_second"", ""shap"": -0.9036062955856323, ""value"": 0.30309784412384033, ""model_input"": 0.30309784412384033}, {""feature"": ""name_sim_max_ul"", ""shap"": -0.7327998876571655, ""value"": 0.4365079365079365, ""model_input"": 0.4365079365079365}, {""feature"": ""name_sim_max_etab"", ""shap"": -0.7004148364067078, ""value"": 1.0, ""model_input"": 1.0}, {""feature"": ""addr_token_overlap"", ""shap"": 0.633837878704071, ""value"": 0.6, ""model_input"": 0.6}, {""feature"": ""name_sim_max_pm_dirigeant"", ""shap"": -0.5915601849555969, ""value"": 1.0, ""model_input"": 1.0}, {""feature"": ""name_semantic_max"", ""shap"": 0.5417115688323975, ""value"": 0.6248307228088379, ""model_input"": 0.6248307228088379}, {""feature"": ""street_number_diff"", ""shap"": 0.5244203805923462, ""value"": 0.0, ""model_input"": 0.0}, {""feature"": ""name_crm_contains_cand_max"", ""shap"": 0.4853154718875885, ""value"": 1.0, ""model_input"": 1.0}, {""feature"": ""token_overlap_ul"", ""shap"": -0.4028540849685669, ""value"": 0.0, ""model_input"": 0.0}]}"
11,Sirene SAS,84 Avenue des Bruyères,69150,DECINES CHARPIEU,95399912500016,0.7595879435539246,CM 23,84 AVENUE DES BRUYERES,DECINES-CHARPIEU,69150,69275,FERME,2025-02-06 02:18:43,5,"{""bias"": 1.1616770029067993, ""margin"": 1.150420904159546, ""prob_from_margin"": 0.7595877884150726, ""top"": [{""feature"": ""name_sim_max_ul"", ""shap"": -1.3490411043167114, ""value"": 0.0, ""model_input"": 0.0}, {""feature"": ""addr_token_overlap"", ""shap"": 1.0233498811721802, ""value"": 1.0, ""model_input"": 1.0}, {""feature"": ""name_semantic_second"", ""shap"": -0.9557856917381287, ""value"": 0.22661885619163513, ""model_input"": 0.22661885619163513}, {""feature"": ""name_token_overlap_max"", ""shap"": 0.828809380531311, ""value"": 1.0, ""model_input"": 1.0}, {""feature"": ""street_number_diff"", ""shap"": 0.7409901022911072, ""value"": 0.0, ""model_input"": 0.0}, {""feature"": ""name_sim_max_etab"", ""shap"": -0.6699554324150085, ""value"": 1.0, ""model_input"": 1.0}, {""feature"": ""name_semantic_max"", ""shap"": 0.6079686880111694, ""value"": 0.6248307228088379, ""model_input"": 0.6248307228088379}, {""feature"": ""name_sim_max_pm_dirigeant"", ""shap"": -0.5521940588951111, ""value"": 1.0, ""model_input"": 1.0}, {""feature"": ""token_overlap_ul"", ""shap"": -0.4414219856262207, ""value"": 0.0, ""model_input"": 0.0}, {""feature"": ""name_semantic_gap"", ""shap"": -0.4202547073364258, ""value"": 0.39821186661720276, ""model_input"": 0.39821186661720276}]}"
87,Sitiv Corbas,PLACE CHARLES-JOCTEUR,69960,CORBAS,80774024600010,0.8442142009735107,COR.BAL.TRAD.,PL CHARLES JOCTEUR,CORBAS,69960,69273,OUVERT,2025-01-29 02:31:06,1,"{""bias"": 1.1616770029067993, ""margin"": 1.6899253129959106, ""prob_from_margin"": 0.8442143375561596, ""top"": [{""feature"": ""name_semantic_max"", ""shap"": -2.1016924381256104, ""value"": 0.43323230743408203, ""model_input"": 0.43323230743408203}, {""feature"": ""name_jaro_max"", ""shap"": 0.9310853481292725, ""value"": 0.0, ""model_input"": 0.0}, {""feature"": ""name_addr_consistency"", ""shap"": 0.7535051107406616, ""value"": 0.0, ""model_input"": 0.0}, {""feature"": ""name_sim_max_etab"", ""shap"": 0.7425960898399353, ""value"": 0.0, ""model_input"": 0.0}, {""feature"": ""addr_token_overlap"", ""shap"": 0.6529754400253296, ""value"": 0.5, ""model_input"": 0.5}, {""feature"": ""name_sim_max_ul"", ""shap"": -0.6269115805625916, ""value"": 0.0, ""model_input"": 0.0}, {""feature"": ""type_of_max_name"", ""shap"": 0.5881626605987549, ""value"": 7.0, ""model_input"": 7.0}, {""feature"": ""addr_levenshtein"", ""shap"": 0.45554274320602417, ""value"": 0.8571428571428572, ""model_input"": 0.8571428571428572}, {""feature"": ""name_semantic_second"", ""shap"": -0.4042123258113861, ""value"": 0.0, ""model_input"": 0.0}, {""feature"": ""name_semantic_gap"", ""shap"": 0.35068368911743164, ""value"": 0.43323230743408203, ""model_input"": 0.43323230743408203}]}"
87,Sitiv Corbas,PLACE CHARLES-JOCTEUR,69960,CORBAS,21690273400088,0.8374248743057251,MAISON DE SANTE,PL CHARLES JOCTEUR,CORBAS,69960,69273,OUVERT,2024-03-30 03:35:58,2,"{""bias"": 1.1616770029067993, ""margin"": 1.6391918659210205, ""prob_from_margin"": 0.8374249444838394, ""top"": [{""feature"": ""name_semantic_max"", ""shap"": -1.5266399383544922, ""value"": 0.5204354524612427, ""model_input"": 0.5204354524612427}, {""feature"": ""name_city_overlap_max"", ""shap"": 0.9785071611404419, ""value"": 0.3333333333333333, ""model_input"": 0.3333333333333333}, {""feature"": ""name_sim_max_ul"", ""shap"": -0.9183606505393982, ""value"": 0.0, ""model_input"": 0.0}, {""feature"": ""addr_levenshtein"", ""shap"": 0.6227115392684937, ""value"": 0.8571428571428572, ""model_input"": 0.8571428571428572}, {""feature"": ""name_jaro_max"", ""shap"": 0.5547360777854919, ""value"": 0.3444444444444444, ""model_input"": 0.3444444444444444}, {""feature"": ""addr_token_overlap"", ""shap"": 0.5229793787002563, ""value"": 0.5, ""model_input"": 0.5}, {""feature"": ""name_token_overlap_max"", ""shap"": -0.4892593026161194, ""value"": 0.0, ""model_input"": 0.0}, {""feature"": ""name_semantic_second"", ""shap"": 0.43233364820480347, ""value"": 0.4729609489440918, ""model_input"": 0.4729609489440918}, {""feature"": ""street_name_jaro"", ""shap"": -0.3880741596221924, ""value"": 0.873015873015873, ""model_input"": 0.873015873015873}, {""feature"": ""name_sim_max_etab"", ""shap"": 0.38398477435112, ""value"": 0.3444444444444444, ""model_input"": 0.3444444444444444}]}"
87,Sitiv Corbas,PLACE CHARLES-JOCTEUR,69960,CORBAS,51085000100023,0.8358052372932434,CORBAS RUNNING,1 PL CHARLES JOCTEUR,CORBAS,69960,69273,OUVERT,2024-03-30 15:11:24,3,"{""bias"": 1.1616770029067993, ""margin"": 1.6273438930511475, ""prob_from_margin"": 0.8358054537872852, ""top"": [{""feature"": ""name_semantic_max"", ""shap"": -2.1181447505950928, ""value"": 0.434012770652771, ""model_input"": 0.434012770652771}, {""feature"": ""name_city_overlap_max"", ""shap"": 1.26157546043396, ""value"": 0.5, ""model_input"": 0.5}, {""feature"": ""name_sim_max_etab"", ""shap"": 0.6615550518035889, ""value"": 0.0, ""model_input"": 0.0}, {""feature"": ""name_addr_consistency"", ""shap"": 0.5429208278656006, ""value"": 0.3267145376669186, ""model_input"": 0.3267145376669186}, {""feature"": ""type_of_max_name"", ""shap"": 0.5175315737724304, ""value"": 7.0, ""model_input"": 7.0}, {""feature"": ""name_semantic_second"", ""shap"": -0.5127057433128357, ""value"": 0.0, ""model_input"": 0.0}, {""feature"": ""name_jaro_max"", ""shap"": 0.49600085616111755, ""value"": 0.4238095238095238, ""model_input"": 0.4238095238095238}, {""feature"": ""name_sim_max_ul"", ""shap"": -0.41798415780067444, ""value"": 0.4238095238095238, ""model_input"": 0.4238095238095238}, {""feature"": ""addr_levenshtein"", ""shap"": 0.39303356409072876, ""value"": 0.7619047619047619, ""model_input"": 0.7619047619047619}, {""feature"": ""name_token_overlap_max"", ""shap"": -0.3889046311378479, ""value"": 0.0, ""model_input"": 0.0}]}"
87,Sitiv Corbas,PLACE CHARLES-JOCTEUR,69960,CORBAS,81436747000014,0.829790472984314,LE CHOEURBASIEN !,PL CHARLES JOCTEUR,CORBAS,69960,69273,OUVERT,2024-03-30 07:07:29,4,"{""bias"": 1.1616770029067993, ""margin"": 1.5841439962387085, ""prob_from_margin"": 0.8297906085013141, ""top"": [{""feature"": ""name_semantic_max"", ""shap"": -2.0506386756896973, ""value"": 0.4329848289489746, ""model_input"": 0.4329848289489746}, {""feature"": ""name_jaro_max"", ""shap"": 1.0089192390441895, ""value"": 0.0, ""model_input"": 0.0}, {""feature"": ""name_addr_consistency"", ""shap"": 0.7955447435379028, ""value"": 0.0, ""model_input"": 0.0}, {""feature"": ""name_sim_max_etab"", ""shap"": 0.7497603893280029, ""value"": 0.0, ""model_input"": 0.0}, {""feature"": ""addr_token_overlap"", ""shap"": 0.6519567370414734, ""value"": 0.5, ""model_input"": 0.5}, {""feature"": ""name_sim_max_ul"", ""shap"": -0.6349477767944336, ""value"": 0.0, ""model_input"": 0.0}, {""feature"": ""type_of_max_name"", ""shap"": 0.6075618267059326, ""value"": 7.0, ""model_input"": 7.0}, {""feature"": ""addr_levenshtein"", ""shap"": 0.47049716114997864, ""value"": 0.8571428571428572, ""model_input"": 0.8571428571428572}, {""feature"": ""name_semantic_second"", ""shap"": -0.4071354568004608, ""value"": 0.0, ""model_input"": 0.0}, {""feature"": ""token_overlap_ul"", ""shap"": -0.34557947516441345, ""value"": 0.0, ""model_input"": 0.0}]}"
87,Sitiv Corbas,PLACE CHARLES-JOCTEUR,69960,CORBAS,82115901900024,0.8137127757072449,CORBAS PATISS',PL CHARLES JOCTEUR,CORBAS,69960,69273,OUVERT,2024-03-30 10:26:26,5,"{""bias"": 1.1616770029067993, ""margin"": 1.4743189811706543, ""prob_from_margin"": 0.8137129624737547, ""top"": [{""feature"": ""name_semantic_max"", ""shap"": -2.1475658416748047, ""value"": 0.43850070238113403, ""model_input"": 0.43850070238113403}, {""feature"": ""name_city_overlap_max"", ""shap"": 1.1350178718566895, ""value"": 0.5, ""model_input"": 0.5}, {""feature"": ""name_sim_max_etab"", ""shap"": 0.6888246536254883, ""value"": 0.0, ""model_input"": 0.0}, {""feature"": ""name_jaro_max"", ""shap"": 0.5939838290214539, ""value"": 0.4238095238095238, ""model_input"": 0.4238095238095238}, {""feature"": ""addr_token_overlap"", ""shap"": 0.5803225040435791, ""value"": 0.5, ""model_input"": 0.5}, {""feature"": ""name_semantic_second"", ""shap"": -0.5117342472076416, ""value"": 0.0, ""model_input"": 0.0}, {""feature"": ""type_of_max_name"", ""shap"": 0.49312976002693176, ""value"": 7.0, ""model_input"": 7.0}, {""feature"": ""addr_levenshtein"", ""shap"": 0.43468359112739563, ""value"": 0.8571428571428572, ""model_input"": 0.8571428571428572}, {""feature"": ""name_token_overlap_max"", ""shap"": -0.4030279815196991, ""value"": 0.0, ""model_input"": 0.0}, {""feature"": ""name_sim_max_ul"", ""shap"": -0.37828999757766724, ""value"": 0.4238095238095238, ""model_input"": 0.4238095238095238}]}"
120,Stryker Corporation,85 Avenue des Bruyères,69150,DECINES-CHARPIEU,93754655400018,0.8356558680534363,SERF TECHNOLOGIES,85 AVENUE DES BRUYERES,DECINES-CHARPIEU,69150,69275,OUVERT,2025-06-11 14:26:30,1,"{""bias"": 1.1616770029067993, ""margin"": 1.626254916191101, ""prob_from_margin"": 0.8356559537225688, ""top"": [{""feature"": ""name_semantic_max"", ""shap"": -2.144118309020996, ""value"": 0.41269156336784363, ""model_input"": 0.41269156336784363}, {""feature"": ""addr_token_overlap"", ""shap"": 1.352548599243164, ""value"": 1.0, ""model_input"": 1.0}, {""feature"": ""street_number_diff"", ""shap"": 1.2699888944625854, ""value"": 0.0, ""model_input"": 0.0}, {""feature"": ""name_sim_max_etab"", ""shap"": 0.803148627281189, ""value"": 0.0, ""model_input"": 0.0}, {""feature"": ""addr_jaro"", ""shap"": 0.7466737627983093, ""value"": 1.0, ""model_input"": 1.0}, {""feature"": ""addr_levenshtein"", ""shap"": 0.5417790412902832, ""value"": 1.0, ""model_input"": 1.0}, {""feature"": ""name_sim_max_pm_dirigeant"", ""shap"": -0.49277251958847046, ""value"": 0.0, ""model_input"": 0.0}, {""feature"": ""name_semantic_second"", ""shap"": -0.46879807114601135, ""value"": 0.0, ""model_input"": 0.0}, {""feature"": ""type_of_max_name"", ""shap"": 0.3989473283290863, ""value"": 7.0, ""model_input"": 7.0}, {""feature"": ""name_token_overlap_max"", ""shap"": -0.36421000957489014, ""value"": 0.0, ""model_input"": 0.0}]}"
119,Stryker Corporation,16 RUE DE LOMBARDIE,69150,DECINES-CHARPIEU,79009806500044,0.8115032315254211,ISTA SECG,16 RUE DE LOMBARDIE,DECINES-CHARPIEU,69150,69275,OUVERT,2024-03-30 14:19:03,1,"{""bias"": 1.1616770029067993, ""margin"": 1.4598064422607422, ""prob_from_margin"": 0.8115030688495225, ""top"": [{""feature"": ""name_semantic_max"", ""shap"": -2.1842715740203857, ""value"": 0.4092872738838196, ""model_input"": 0.4092872738838196}, {""feature"": ""name_sim_max_pm_dirigeant"", ""shap"": 1.2977240085601807, ""value"": 0.6048503611971104, ""model_input"": 0.6048503611971104}, {""feature"": ""addr_token_overlap"", ""shap"": 1.1347342729568481, ""value"": 1.0, ""model_input"": 1.0}, {""feature"": ""street_number_diff"", ""shap"": 0.9947932362556458, ""value"": 0.0, ""model_input"": 0.0}, {""feature"": ""addr_jaro"", ""shap"": 0.535179615020752, ""value"": 1.0, ""model_input"": 1.0}, {""feature"": ""type_of_max_name"", ""shap"": 0.507734477519989, ""value"": 4.0, ""model_input"": 4.0}, {""feature"": ""addr_levenshtein"", ""shap"": 0.4539335370063782, ""value"": 1.0, ""model_input"": 1.0}, {""feature"": ""name_semantic_second"", ""shap"": -0.3483315706253052, ""value"": 0.3579918146133423, ""model_input"": 0.3579918146133423}, {""feature"": ""name_sim_max_etab"", ""shap"": -0.3464619815349579, ""value"": 0.6048503611971104, ""model_input"": 0.6048503611971104}, {""feature"": ""name_token_overlap_max"", ""shap"": -0.3124428987503052, ""value"": 0.0, ""model_input"": 0.0}]}"
120,Stryker Corporation,85 Avenue des Bruyères,69150,DECINES-CHARPIEU,50195086900021,0.7461254596710205,MENIX,85 AV DES BRUYERES,DECINES-CHARPIEU,69150,69275,FERME,2024-03-22 15:40:57,2,"{""bias"": 1.1616770029067993, ""margin"": 1.0780538320541382, ""prob_from_margin"": 0.7461255124757259, ""top"": [{""feature"": ""name_semantic_max"", ""shap"": -2.3662757873535156, ""value"": 0.3816673755645752, ""model_input"": 0.3816673755645752}, {""feature"": ""street_number_diff"", ""shap"": 1.205581784248352, ""value"": 0.0, ""model_input"": 0.0}, {""feature"": ""name_sim_max_etab"", ""shap"": 0.7367112636566162, ""value"": 0.0, ""model_input"": 0.0}, {""feature"": ""type_of_max_name"", ""shap"": 0.6579833030700684, ""value"": 7.0, ""model_input"": 7.0}, {""feature"": ""addr_token_overlap"", ""shap"": 0.6501358151435852, ""value"": 0.6, ""model_input"": 0.6}, {""feature"": ""addr_levenshtein"", ""shap"": 0.5129013657569885, ""value"": 0.8181818181818181, ""model_input"": 0.8181818181818181}, {""feature"": ""name_addr_consistency"", ""shap"": 0.41506311297416687, ""value"": 0.379163565479355, ""model_input"": 0.379163565479355}, {""feature"": ""name_semantic_second"", ""shap"": -0.4113267958164215, ""value"": 0.0, ""model_input"": 0.0}, {""feature"": ""name_token_overlap_max"", ""shap"": -0.3759450912475586, ""value"": 0.0, ""model_input"": 0.0}, {""feature"": ""name_sim_max_pm_dirigeant"", ""shap"": -0.3322688043117523, ""value"": 0.0, ""model_input"": 0.0}]}"
119,Stryker Corporation,16 RUE DE LOMBARDIE,69150,DECINES-CHARPIEU,79779881600014,0.38822638988494873,CARANSIERA,16 RUE DE VERDUN,DECINES-CHARPIEU,69150,69275,FERME,2024-03-29 23:30:41,2,"{""bias"": 1.1616770029067993, ""margin"": -0.4547739028930664, ""prob_from_margin"": 0.38822632920664396, ""top"": [{""feature"": ""name_semantic_max"", ""shap"": -2.3732564449310303, ""value"": 0.44741711020469666, ""model_input"": 0.44741711020469666}, {""feature"": ""street_number_diff"", ""shap"": 1.0770617723464966, ""value"": 0.0, ""model_input"": 0.0}, {""feature"": ""name_sim_max_etab"", ""shap"": 0.7696492075920105, ""value"": 0.0, ""model_input"": 0.0}, {""feature"": ""type_of_max_name"", ""shap"": 0.7260840535163879, ""value"": 7.0, ""model_input"": 7.0}, {""feature"": ""addr_token_overlap"", ""shap"": 0.600326657295227, ""value"": 0.6, ""model_input"": 0.6}, {""feature"": ""name_token_overlap_max"", ""shap"": -0.4241327941417694, ""value"": 0.0, ""model_input"": 0.0}, {""feature"": ""name_addr_consistency"", ""shap"": -0.41142362356185913, ""value"": 0.46627465255581607, ""model_input"": 0.46627465255581607}, {""feature"": ""name_length_max"", ""shap"": -0.4009035527706146, ""value"": 10.0, ""model_input"": 10.0}, {""feature"": ""name_sim_max_pm_dirigeant"", ""shap"": -0.3964559733867645, ""value"": 0.0, ""model_input"": 0.0}, {""feature"": ""name_semantic_second"", ""shap"": -0.31447651982307434, ""value"": 0.0, ""model_input"": 0.0}]}"
120,Stryker Corporation,85 Avenue des Bruyères,69150,DECINES-CHARPIEU,79926766100012,0.5434610247612,SERF EXTREMITIES,85 AVENUE DES BRUYERES,DECINES-CHARPIEU,69150,69275,FERME,2025-01-16 02:58:15,3,"{""bias"": 1.1616770029067993, ""margin"": 0.1742824912071228, ""prob_from_margin"": 0.5434606708497246, ""top"": [{""feature"": ""name_semantic_max"", ""shap"": -2.709139823913574, ""value"": 0.35989904403686523, ""model_input"": 0.35989904403686523}, {""feature"": ""addr_token_overlap"", ""shap"": 1.1486579179763794, ""value"": 1.0, ""model_input"": 1.0}, {""feature"": ""street_number_diff"", ""shap"": 0.9948957562446594, ""value"": 0.0, ""model_input"": 0.0}, {""feature"": ""name_sim_max_pm_dirigeant"", ""shap"": 0.8169523477554321, ""value"": 0.5599415204678363, ""model_input"": 0.5599415204678363}, {""feature"": ""addr_jaro"", ""shap"": 0.6546274423599243, ""value"": 1.0, ""model_input"": 1.0}, {""feature"": ""addr_levenshtein"", ""shap"": 0.4836731255054474, ""value"": 1.0, ""model_input"": 1.0}, {""feature"": ""type_of_max_name"", ""shap"": 0.46231696009635925, ""value"": 7.0, ""model_input"": 7.0}, {""feature"": ""name_count"", ""shap"": -0.43679699301719666, ""value"": 4.0, ""model_input"": 4.0}, {""feature"": ""name_token_overlap_max"", ""shap"": -0.3733121156692505, ""value"": 0.0, ""model_input"": 0.0}, {""feature"": ""name_semantic_second"", ""shap"": -0.3241788148880005, ""value"": 0.3428530693054199, ""model_input"": 0.3428530693054199}]}"
119,Stryker Corporation,16 RUE DE LOMBARDIE,69150,DECINES-CHARPIEU,81520155300014,0.3330817222595215,RENESOLA FRANCE SPV1,16 RUE DE LOMBARDIE,DECINES-CHARPIEU,69150,69275,FERME,2025-02-07 02:27:32,3,"{""bias"": 1.1616770029067993, ""margin"": -0.6942795515060425, ""prob_from_margin"": 0.33308174285448694, ""top"": [{""feature"": ""name_semantic_max"", ""shap"": -3.0852620601654053, ""value"": 0.3113875091075897, ""model_input"": 0.3113875091075897}, {""feature"": ""street_number_diff"", ""shap"": 1.0674114227294922, ""value"": 0.0, ""model_input"": 0.0}, {""feature"": ""addr_token_overlap"", ""shap"": 1.0593149662017822, ""value"": 1.0, ""model_input"": 1.0}, {""feature"": ""name_sim_max_etab"", ""shap"": 0.804833173751831, ""value"": 0.0, ""model_input"": 0.0}, {""feature"": ""addr_jaro"", ""shap"": 0.750446081161499, ""value"": 1.0, ""model_input"": 1.0}, {""feature"": ""name_addr_consistency"", ""shap"": -0.6981805562973022, ""value"": 0.5087719298245613, ""model_input"": 0.5087719298245613}, {""feature"": ""name_sim_max_pm_dirigeant"", ""shap"": -0.43762344121932983, ""value"": 0.0, ""model_input"": 0.0}, {""feature"": ""addr_levenshtein"", ""shap"": 0.43253713846206665, ""value"": 1.0, ""model_input"": 1.0}, {""feature"": ""name_token_overlap_max"", ""shap"": -0.34593576192855835, ""value"": 0.0, ""model_input"": 0.0}, {""feature"": ""name_semantic_second"", ""shap"": -0.34443631768226624, ""value"": 0.0, ""model_input"": 0.0}]}"
120,Stryker Corporation,85 Avenue des Bruyères,69150,DECINES-CHARPIEU,83246703900026,0.5300299525260925,MENIX,85 AVENUE DES BRUYERES,DECINES-CHARPIEU,69150,69275,FERME,2025-02-10 02:14:00,4,"{""bias"": 1.1616770029067993, ""margin"": 0.1202629804611206, ""prob_from_margin"": 0.5300295602477363, ""top"": [{""feature"": ""name_semantic_max"", ""shap"": -2.4112558364868164, ""value"": 0.3816673755645752, ""model_input"": 0.3816673755645752}, {""feature"": ""street_number_diff"", ""shap"": 1.1533482074737549, ""value"": 0.0, ""model_input"": 0.0}, {""feature"": ""addr_token_overlap"", ""shap"": 1.069474697113037, ""value"": 1.0, ""model_input"": 1.0}, {""feature"": ""addr_jaro"", ""shap"": 0.6735338568687439, ""value"": 1.0, ""model_input"": 1.0}, {""feature"": ""name_sim_max_pm_dirigeant"", ""shap"": 0.5542612075805664, ""value"": 0.5715170278637771, ""model_input"": 0.5715170278637771}, {""feature"": ""addr_levenshtein"", ""shap"": 0.5164636373519897, ""value"": 1.0, ""model_input"": 1.0}, {""feature"": ""type_of_max_name"", ""shap"": 0.45199328660964966, ""value"": 4.0, ""model_input"": 4.0}, {""feature"": ""name_sim_max_ul"", ""shap"": -0.433617502450943, ""value"": 0.4175438596491228, ""model_input"": 0.4175438596491228}, {""feature"": ""name_count"", ""shap"": -0.43293440341949463, ""value"": 4.0, ""model_input"": 4.0}, {""feature"": ""name_token_overlap_max"", ""shap"": -0.3460542857646942, ""value"": 0.0, ""model_input"": 0.0}]}"
119,Stryker Corporation,16 RUE DE LOMBARDIE,69150,DECINES-CHARPIEU,67201637500111,0.31523042917251587,SECR,16 RUE DE LOMBARDIE,DECINES-CHARPIEU,69150,69275,FERME,2024-03-22 15:40:57,4,"{""bias"": 1.1616770029067993, ""margin"": -0.7757788896560669, ""prob_from_margin"": 0.31523034422802626, ""top"": [{""feature"": ""name_semantic_max"", ""shap"": -1.7015959024429321, ""value"": 0.4842991530895233, ""model_input"": 0.4842991530895233}, {""feature"": ""addr_token_overlap"", ""shap"": 1.3296111822128296, ""value"": 1.0, ""model_input"": 1.0}, {""feature"": ""street_number_diff"", ""shap"": 0.9559304118156433, ""value"": 0.0, ""model_input"": 0.0}, {""feature"": ""name_sim_max_pm_dirigeant"", ""shap"": -0.6261144876480103, ""value"": 0.0, ""model_input"": 0.0}, {""feature"": ""name_sim_max_etab"", ""shap"": 0.5689493417739868, ""value"": 0.0, ""model_input"": 0.0}, {""feature"": ""addr_levenshtein"", ""shap"": 0.5634546279907227, ""value"": 1.0, ""model_input"": 1.0}, {""feature"": ""name_semantic_second"", ""shap"": -0.5159812569618225, ""value"": 0.4246402382850647, ""model_input"": 0.4246402382850647}, {""feature"": ""name_length_max"", ""shap"": -0.4874460697174072, ""value"": 4.0, ""model_input"": 4.0}, {""feature"": ""type_of_max_name"", ""shap"": 0.42785903811454773, ""value"": 5.0, ""model_input"": 5.0}, {""feature"": ""name_jaro_max"", ""shap"": -0.3881280720233917, ""value"": 0.6535087719298246, ""model_input"": 0.6535087719298246}]}"
120,Stryker Corporation,85 Avenue des Bruyères,69150,DECINES-CHARPIEU,47797108900040,0.3586430251598358,L.H.P.,9 AVENUE DES BRUYERES,DECINES-CHARPIEU,69150,69275,FERME,2024-03-30 07:01:08,5,"{""bias"": 1.1616770029067993, ""margin"": -0.5812572240829468, ""prob_from_margin"": 0.3586433577552566, ""top"": [{""feature"": ""name_semantic_max"", ""shap"": -2.5877954959869385, ""value"": 0.3421623110771179, ""model_input"": 0.3421623110771179}, {""feature"": ""name_sim_max_etab"", ""shap"": 0.8338697552680969, ""value"": 0.0, ""model_input"": 0.0}, {""feature"": ""street_number_diff"", ""shap"": -0.7955673933029175, ""value"": 76.0, ""model_input"": 76.0}, {""feature"": ""addr_token_overlap"", ""shap"": 0.6781026124954224, ""value"": 0.6, ""model_input"": 0.6}, {""feature"": ""name_addr_consistency"", ""shap"": 0.5894060134887695, ""value"": 0.3876652911740631, ""model_input"": 0.3876652911740631}, {""feature"": ""name_jaro_max"", ""shap"": 0.4552190601825714, ""value"": 0.4064327485380117, ""model_input"": 0.4064327485380117}, {""feature"": ""name_token_overlap_max"", ""shap"": -0.44000935554504395, ""value"": 0.0, ""model_input"": 0.0}, {""feature"": ""name_sim_max_ul"", ""shap"": -0.42452308535575867, ""value"": 0.4064327485380117, ""model_input"": 0.4064327485380117}, {""feature"": ""addr_levenshtein"", ""shap"": 0.41584694385528564, ""value"": 0.9090909090909091, ""model_input"": 0.9090909090909091}, {""feature"": ""type_of_max_name"", ""shap"": 0.356446236371994, ""value"": 7.0, ""model_input"": 7.0}]}"
119,Stryker Corporation,16 RUE DE LOMBARDIE,69150,DECINES-CHARPIEU,97350450900058,0.2567274868488312,SERF,16 RUE DE LOMBARDIE,DECINES-CHARPIEU,69150,69275,OUVERT,2025-01-23 03:20:35,5,"{""bias"": 1.1616770029067993, ""margin"": -1.0630475282669067, ""prob_from_margin"": 0.2567274989546343, ""top"": [{""feature"": ""name_semantic_max"", ""shap"": -2.5205790996551514, ""value"": 0.40376514196395874, ""model_input"": 0.40376514196395874}, {""feature"": ""addr_token_overlap"", ""shap"": 1.2449933290481567, ""value"": 1.0, ""model_input"": 1.0}, {""feature"": ""street_number_diff"", ""shap"": 0.948992908000946, ""value"": 0.0, ""model_input"": 0.0}, {""feature"": ""name_count"", ""shap"": -0.7921388149261475, ""value"": 4.0, ""model_input"": 4.0}, {""feature"": ""addr_jaro"", ""shap"": 0.5550342202186584, ""value"": 1.0, ""model_input"": 1.0}, {""feature"": ""name_semantic_second"", ""shap"": -0.45388102531433105, ""value"": 0.3707643449306488, ""model_input"": 0.3707643449306488}, {""feature"": ""name_sim_max_etab"", ""shap"": 0.4452178478240967, ""value"": 0.43421052631578944, ""model_input"": 0.43421052631578944}, {""feature"": ""addr_levenshtein"", ""shap"": 0.38997241854667664, ""value"": 1.0, ""model_input"": 1.0}, {""feature"": ""name_addr_consistency"", ""shap"": -0.34100133180618286, ""value"": 0.601313890787575, ""model_input"": 0.601313890787575}, {""feature"": ""name_token_overlap_max"", ""shap"": -0.33677464723587036, ""value"": 0.0, ""model_input"": 0.0}]}"
118,TECNIPLAST FRANCE,37 RUE EMILE ZOLA,69150,DECINES,45126922900048,0.9999115467071533,TECNIPLAST FRANCE,37 RUE EMILE ZOLA,DECINES-CHARPIEU,69150,69275,OUVERT,2025-02-05 02:09:28,1,"{""bias"": 1.1616770029067993, ""margin"": 9.333698272705078, ""prob_from_margin"": 0.9999116130888787, ""top"": [{""feature"": ""name_semantic_max"", ""shap"": 2.1059718132019043, ""value"": 1.0, ""model_input"": 1.0}, {""feature"": ""name_sim_max_pm_dirigeant"", ""shap"": 1.158374547958374, ""value"": 0.5578431372549019, ""model_input"": 0.5578431372549019}, {""feature"": ""token_overlap_ul"", ""shap"": 0.9418188333511353, ""value"": 1.0, ""model_input"": 1.0}, {""feature"": ""name_token_overlap_max"", ""shap"": 0.7912676334381104, ""value"": 1.0, ""model_input"": 1.0}, {""feature"": ""name_crm_contains_cand_max"", ""shap"": 0.6535367965698242, ""value"": 1.0, ""model_input"": 1.0}, {""feature"": ""addr_token_overlap"", ""shap"": 0.5328804850578308, ""value"": 1.0, ""model_input"": 1.0}, {""feature"": ""street_number_diff"", ""shap"": 0.4049941599369049, ""value"": 0.0, ""model_input"": 0.0}, {""feature"": ""is_siege"", ""shap"": 0.37316280603408813, ""value"": 1.0, ""model_input"": 1.0}, {""feature"": ""name_addr_consistency"", ""shap"": 0.27352407574653625, ""value"": 1.0, ""model_input"": 1.0}, {""feature"": ""addr_jaro"", ""shap"": 0.23455965518951416, ""value"": 1.0, ""model_input"": 1.0}]}"
118,TECNIPLAST FRANCE,37 RUE EMILE ZOLA,69150,DECINES,30119018700015,0.9710822105407715,TECHNO CHEMIE FRANCE,RUE VAUCANSON,DECINES-CHARPIEU,69150,69275,FERME,2024-03-22 15:40:57,2,"{""bias"": 1.1616770029067993, ""margin"": 3.5139541625976562, ""prob_from_margin"": 0.9710822102601278, ""top"": [{""feature"": ""name_semantic_max"", ""shap"": 2.7260234355926514, ""value"": 0.7479817271232605, ""model_input"": 0.7479817271232605}, {""feature"": ""name_sim_max_etab"", ""shap"": 0.9274762272834778, ""value"": 0.0, ""model_input"": 0.0}, {""feature"": ""token_overlap_ul"", ""shap"": 0.5483977794647217, ""value"": 0.5, ""model_input"": 0.5}, {""feature"": ""name_sim_max_pm_dirigeant"", ""shap"": -0.4761316180229187, ""value"": 0.0, ""model_input"": 0.0}, {""feature"": ""name_semantic_second"", ""shap"": -0.42542609572410583, ""value"": 0.0, ""model_input"": 0.0}, {""feature"": ""addr_jaro"", ""shap"": -0.3995010256767273, ""value"": 0.4262443438914027, ""model_input"": 0.4262443438914027}, {""feature"": ""name_jaro_gap"", ""shap"": -0.315544456243515, ""value"": 0.657516339869281, ""model_input"": 0.657516339869281}, {""feature"": ""addr_token_overlap"", ""shap"": -0.2859703302383423, ""value"": 0.2, ""model_input"": 0.2}, {""feature"": ""type_of_max_name"", ""shap"": 0.2634508013725281, ""value"": 7.0, ""model_input"": 7.0}, {""feature"": ""addr_levenshtein"", ""shap"": -0.26189911365509033, ""value"": 0.2941176470588235, ""model_input"": 0.2941176470588235}]}"
118,TECNIPLAST FRANCE,37 RUE EMILE ZOLA,69150,DECINES,33130803100045,0.9641794562339783,COPELAND FRANCE,61 RUE EMILE ZOLA,DECINES-CHARPIEU,69150,69275,FERME,2024-03-22 15:40:57,3,"{""bias"": 1.1616770029067993, ""margin"": 3.292755126953125, ""prob_from_margin"": 0.9641794309795214, ""top"": [{""feature"": ""street_number_diff"", ""shap"": -0.9698149561882019, ""value"": 24.0, ""model_input"": 24.0}, {""feature"": ""name_sim_max_etab"", ""shap"": 0.8727046847343445, ""value"": 0.0, ""model_input"": 0.0}, {""feature"": ""name_token_overlap_max"", ""shap"": 0.794885516166687, ""value"": 0.3333333333333333, ""model_input"": 0.3333333333333333}, {""feature"": ""name_semantic_max"", ""shap"": 0.7115744352340698, ""value"": 0.6099795699119568, ""model_input"": 0.6099795699119568}, {""feature"": ""addr_token_overlap"", ""shap"": 0.5359319448471069, ""value"": 0.6, ""model_input"": 0.6}, {""feature"": ""name_sim_max_pm_dirigeant"", ""shap"": -0.4442167282104492, ""value"": 0.0, ""model_input"": 0.0}, {""feature"": ""type_of_max_name"", ""shap"": 0.4203317165374756, ""value"": 7.0, ""model_input"": 7.0}, {""feature"": ""token_overlap_ul"", ""shap"": 0.3672292232513428, ""value"": 0.5, ""model_input"": 0.5}, {""feature"": ""name_levenshtein_max"", ""shap"": -0.31616508960723877, ""value"": 0.5882352941176471, ""model_input"": 0.5882352941176471}, {""feature"": ""name_jaro_gap"", ""shap"": 0.30090418457984924, ""value"": 0.800201106083459, ""model_input"": 0.800201106083459}]}"
118,TECNIPLAST FRANCE,37 RUE EMILE ZOLA,69150,DECINES,96650222100031,0.9410205483436584,COPELAND FRANCE,61 RUE EMILE ZOLA,DECINES-CHARPIEU,69150,69275,FERME,2025-02-06 02:25:09,4,"{""bias"": 1.1616770029067993, ""margin"": 2.769775390625, ""prob_from_margin"": 0.9410205217476638, ""top"": [{""feature"": ""street_number_diff"", ""shap"": -1.0786017179489136, ""value"": 24.0, ""model_input"": 24.0}, {""feature"": ""name_sim_max_pm_dirigeant"", ""shap"": 0.9594328999519348, ""value"": 0.530905695611578, ""model_input"": 0.530905695611578}, {""feature"": ""name_token_overlap_max"", ""shap"": 0.9490642547607422, ""value"": 0.3333333333333333, ""model_input"": 0.3333333333333333}, {""feature"": ""name_semantic_max"", ""shap"": 0.6510516405105591, ""value"": 0.6099795699119568, ""model_input"": 0.6099795699119568}, {""feature"": ""addr_token_overlap"", ""shap"": 0.5920714139938354, ""value"": 0.6, ""model_input"": 0.6}, {""feature"": ""token_overlap_ul"", ""shap"": 0.4424832761287689, ""value"": 0.5, ""model_input"": 0.5}, {""feature"": ""name_semantic_second"", ""shap"": -0.418285995721817, ""value"": 0.4002838134765625, ""model_input"": 0.4002838134765625}, {""feature"": ""type_of_max_name"", ""shap"": 0.3280526399612427, ""value"": 7.0, ""model_input"": 7.0}, {""feature"": ""name_jaro_max"", ""shap"": -0.17790308594703674, ""value"": 0.800201106083459, ""model_input"": 0.800201106083459}, {""feature"": ""street_name_jaro"", ""shap"": -0.15975569188594818, ""value"": 1.0, ""model_input"": 1.0}]}"
118,TECNIPLAST FRANCE,37 RUE EMILE ZOLA,69150,DECINES,80125053100101,0.8908630609512329,BRANDT FRANCE,31 RUE WILSON,DECINES-CHARPIEU,69150,69275,FERME,2025-05-23 17:27:24,5,"{""bias"": 1.1616770029067993, ""margin"": 2.099588394165039, ""prob_from_margin"": 0.8908631664594212, ""top"": [{""feature"": ""name_sim_max_pm_dirigeant"", ""shap"": 0.9748135805130005, ""value"": 0.4950980392156863, ""model_input"": 0.4950980392156863}, {""feature"": ""name_semantic_max"", ""shap"": 0.933469831943512, ""value"": 0.6712079048156738, ""model_input"": 0.6712079048156738}, {""feature"": ""street_number_diff"", ""shap"": -0.7760245203971863, ""value"": 6.0, ""model_input"": 6.0}, {""feature"": ""name_token_overlap_max"", ""shap"": 0.7086151242256165, ""value"": 0.3333333333333333, ""model_input"": 0.3333333333333333}, {""feature"": ""addr_token_overlap"", ""shap"": -0.6951747536659241, ""value"": 0.16666666666666666, ""model_input"": 0.16666666666666666}, {""feature"": ""name_addr_consistency"", ""shap"": -0.47668150067329407, ""value"": 0.5767944964271822, ""model_input"": 0.5767944964271822}, {""feature"": ""token_overlap_ul"", ""shap"": 0.43946194648742676, ""value"": 0.5, ""model_input"": 0.5}, {""feature"": ""type_of_max_name"", ""shap"": 0.37540513277053833, ""value"": 7.0, ""model_input"": 7.0}, {""feature"": ""name_sim_max_etab"", ""shap"": 0.27268287539482117, ""value"": 0.4950980392156863, ""model_input"": 0.4950980392156863}, {""feature"": ""addr_jaro"", ""shap"": -0.2685064375400543, ""value"": 0.7665158371040725, ""model_input"": 0.7665158371040725}]}"
56,TRANS GROUPAGE EXPRESS,8 Avenue de l’Industrie,69960,CORBAS,53278720700036,0.9997946619987488,T.G.E,8 AVENUE DE L'INDUSTRIE,CORBAS,69960,69273,OUVERT,2024-03-30 06:15:16,1,"{""bias"": 1.1616770029067993, ""margin"": 8.490582466125488, ""prob_from_margin"": 0.9997946485874057, ""top"": [{""feature"": ""name_semantic_max"", ""shap"": 2.463355779647827, ""value"": 0.9189766645431519, ""model_input"": 0.9189766645431519}, {""feature"": ""name_sim_max_etab"", ""shap"": 0.9062672257423401, ""value"": 0.0, ""model_input"": 0.0}, {""feature"": ""name_token_overlap_max"", ""shap"": 0.9025687575340271, ""value"": 0.75, ""model_input"": 0.75}, {""feature"": ""token_overlap_ul"", ""shap"": 0.7872379422187805, ""value"": 1.0, ""model_input"": 1.0}, {""feature"": ""street_number_diff"", ""shap"": 0.5388172268867493, ""value"": 0.0, ""model_input"": 0.0}, {""feature"": ""name_semantic_second"", ""shap"": 0.5173007249832153, ""value"": 0.6606429815292358, ""model_input"": 0.6606429815292358}, {""feature"": ""name_sim_max_pm_dirigeant"", ""shap"": -0.3952057659626007, ""value"": 0.0, ""model_input"": 0.0}, {""feature"": ""is_siege"", ""shap"": 0.3562479019165039, ""value"": 1.0, ""model_input"": 1.0}, {""feature"": ""addr_token_overlap"", ""shap"": 0.2989063262939453, ""value"": 0.6, ""model_input"": 0.6}, {""feature"": ""addr_levenshtein"", ""shap"": 0.22996638715267181, ""value"": 0.9565217391304348, ""model_input"": 0.9565217391304348}]}"
56,TRANS GROUPAGE EXPRESS,8 Avenue de l’Industrie,69960,CORBAS,93868146700016,0.9857432246208191,D&M EXPRESS,18 RUE MARCEL CERDAN,CORBAS,69960,69273,OUVERT,2025-02-05 05:21:11,2,"{""bias"": 1.1616770029067993, ""margin"": 4.2361626625061035, ""prob_from_margin"": 0.9857432108767319, ""top"": [{""feature"": ""name_semantic_max"", ""shap"": 2.1378860473632812, ""value"": 0.713090181350708, ""model_input"": 0.713090181350708}, {""feature"": ""name_sim_max_etab"", ""shap"": 1.2425642013549805, ""value"": 0.0, ""model_input"": 0.0}, {""feature"": ""token_overlap_ul"", ""shap"": 0.6558578014373779, ""value"": 0.3333333333333333, ""model_input"": 0.3333333333333333}, {""feature"": ""name_addr_consistency"", ""shap"": 0.45717954635620117, ""value"": 0.33944063183193623, ""model_input"": 0.33944063183193623}, {""feature"": ""name_length_max"", ""shap"": -0.40785419940948486, ""value"": 11.0, ""model_input"": 11.0}, {""feature"": ""name_sim_max_pm_dirigeant"", ""shap"": -0.3957948088645935, ""value"": 0.0, ""model_input"": 0.0}, {""feature"": ""street_number_diff"", ""shap"": -0.3509746789932251, ""value"": 10.0, ""model_input"": 10.0}, {""feature"": ""addr_levenshtein"", ""shap"": -0.3087863624095917, ""value"": 0.17391304347826086, ""model_input"": 0.17391304347826086}, {""feature"": ""name_semantic_second"", ""shap"": -0.30255940556526184, ""value"": 0.0, ""model_input"": 0.0}, {""feature"": ""type_of_max_name"", ""shap"": 0.289096862077713, ""value"": 7.0, ""model_input"": 7.0}]}"
56,TRANS GROUPAGE EXPRESS,8 Avenue de l’Industrie,69960,CORBAS,93122956100010,0.9764828681945801,ELINE EXPRESS,4 IMPASSE JACQUES PREVERT,CORBAS,69960,69273,OUVERT,2024-07-22 17:27:15,3,"{""bias"": 1.1616770029067993, ""margin"": 3.726226806640625, ""prob_from_margin"": 0.9764828399284302, ""top"": [{""feature"": ""name_semantic_max"", ""shap"": 2.160555124282837, ""value"": 0.7170807719230652, ""model_input"": 0.7170807719230652}, {""feature"": ""name_sim_max_etab"", ""shap"": 1.1916980743408203, ""value"": 0.0, ""model_input"": 0.0}, {""feature"": ""token_overlap_ul"", ""shap"": 0.6791459321975708, ""value"": 0.3333333333333333, ""model_input"": 0.3333333333333333}, {""feature"": ""street_number_diff"", ""shap"": -0.4459432363510132, ""value"": 4.0, ""model_input"": 4.0}, {""feature"": ""name_sim_max_pm_dirigeant"", ""shap"": -0.4301590025424957, ""value"": 0.0, ""model_input"": 0.0}, {""feature"": ""addr_token_overlap"", ""shap"": -0.4168360233306885, ""value"": 0.0, ""model_input"": 0.0}, {""feature"": ""addr_levenshtein"", ""shap"": -0.4035669267177582, ""value"": 0.16000000000000003, ""model_input"": 0.16000000000000003}, {""feature"": ""name_semantic_second"", ""shap"": -0.3486240804195404, ""value"": 0.0, ""model_input"": 0.0}, {""feature"": ""name_length_max"", ""shap"": -0.3128415644168854, ""value"": 13.0, ""model_input"": 13.0}, {""feature"": ""type_of_max_name"", ""shap"": 0.30641046166419983, ""value"": 7.0, ""model_input"": 7.0}]}"
56,TRANS GROUPAGE EXPRESS,8 Avenue de l’Industrie,69960,CORBAS,47978680800010,0.9761812686920166,CENTRE EXPRESS LIMOUSIN 69,AVENUE DE MONTMARTIN,CORBAS,69960,69273,FERME,2025-07-04 14:16:58,4,"{""bias"": 1.1616770029067993, ""margin"": 3.7131738662719727, ""prob_from_margin"": 0.9761812192098287, ""top"": [{""feature"": ""name_semantic_max"", ""shap"": 1.2311227321624756, ""value"": 0.6709028482437134, ""model_input"": 0.6709028482437134}, {""feature"": ""name_sim_max_pm_dirigeant"", ""shap"": 1.180016279220581, ""value"": 0.6596736596736598, ""model_input"": 0.6596736596736598}, {""feature"": ""name_semantic_second"", ""shap"": 0.7111779451370239, ""value"": 0.6451622843742371, ""model_input"": 0.6451622843742371}, {""feature"": ""name_sim_max_etab"", ""shap"": -0.6245884299278259, ""value"": 0.6596736596736598, ""model_input"": 0.6596736596736598}, {""feature"": ""token_overlap_ul"", ""shap"": 0.567081868648529, ""value"": 0.3333333333333333, ""model_input"": 0.3333333333333333}, {""feature"": ""addr_token_overlap"", ""shap"": 0.5436761975288391, ""value"": 0.4, ""model_input"": 0.4}, {""feature"": ""addr_jaro"", ""shap"": -0.5189460515975952, ""value"": 0.6028985507246377, ""model_input"": 0.6028985507246377}, {""feature"": ""street_number_diff"", ""shap"": 0.4299730956554413, ""value"": 9999.0, ""model_input"": 9999.0}, {""feature"": ""street_name_jaro"", ""shap"": -0.3418978154659271, ""value"": 0.8447619047619048, ""model_input"": 0.8447619047619048}, {""feature"": ""type_of_max_name"", ""shap"": 0.3112174868583679, ""value"": 4.0, ""model_input"": 4.0}]}"
56,TRANS GROUPAGE EXPRESS,8 Avenue de l’Industrie,69960,CORBAS,58595026400069,0.9704551100730896,GROUPE MULTI TRANSPORTS,AVENUE DE L'INDUSTRIE,CORBAS,69960,69273,FERME,2024-03-30 02:43:44,5,"{""bias"": 1.1616770029067993, ""margin"": 3.4918551445007324, ""prob_from_margin"": 0.9704551329125217, ""top"": [{""feature"": ""name_semantic_max"", ""shap"": 1.4646927118301392, ""value"": 0.6524474620819092, ""model_input"": 0.6524474620819092}, {""feature"": ""name_sim_max_pm_dirigeant"", ""shap"": 0.6828291416168213, ""value"": 0.48409090909090907, ""model_input"": 0.48409090909090907}, {""feature"": ""token_overlap_ul"", ""shap"": 0.6498944163322449, ""value"": 0.3333333333333333, ""model_input"": 0.3333333333333333}, {""feature"": ""name_token_overlap_max"", ""shap"": -0.4818941354751587, ""value"": 0.0, ""model_input"": 0.0}, {""feature"": ""name_addr_consistency"", ""shap"": -0.44063374400138855, ""value"": 0.5526803956388078, ""model_input"": 0.5526803956388078}, {""feature"": ""addr_token_overlap"", ""shap"": 0.37002891302108765, ""value"": 0.4, ""model_input"": 0.4}, {""feature"": ""type_of_max_name"", ""shap"": 0.3422313332557678, ""value"": 7.0, ""model_input"": 7.0}, {""feature"": ""name_sim_max_etab"", ""shap"": 0.30003800988197327, ""value"": 0.48409090909090907, ""model_input"": 0.48409090909090907}, {""feature"": ""addr_levenshtein"", ""shap"": 0.24594341218471527, ""value"": 0.8695652173913043, ""model_input"": 0.8695652173913043}, {""feature"": ""name_semantic_second"", ""shap"": -0.23507721722126007, ""value"": 0.4057372808456421, ""model_input"": 0.4057372808456421}]}"
22,TRANSPORTS FRIGORIFIQUES DU VIVARAIS,24 Avenue du 24 Août 1944,69960,CORBAS,53112426100029,0.9983198046684265,VIVARAIS LYON,26 AVENUE DU 24 AOUT 1944,CORBAS,69960,69273,OUVERT,2025-02-02 02:09:35,1,"{""bias"": 1.1616770029067993, ""margin"": 6.387209415435791, ""prob_from_margin"": 0.9983198814909049, ""top"": [{""feature"": ""name_semantic_max"", ""shap"": 2.492440700531006, ""value"": 0.8567187786102295, ""model_input"": 0.8567187786102295}, {""feature"": ""name_token_overlap_max"", ""shap"": 0.9857887029647827, ""value"": 0.6, ""model_input"": 0.6}, {""feature"": ""token_overlap_ul"", ""shap"": 0.7819616794586182, ""value"": 0.6666666666666666, ""model_input"": 0.6666666666666666}, {""feature"": ""addr_token_overlap"", ""shap"": 0.5902184247970581, ""value"": 0.8333333333333334, ""model_input"": 0.8333333333333334}, {""feature"": ""name_semantic_second"", ""shap"": 0.4717816710472107, ""value"": 0.7786163091659546, ""model_input"": 0.7786163091659546}, {""feature"": ""name_sim_max_pm_dirigeant"", ""shap"": 0.4672064483165741, ""value"": 0.5145502645502645, ""model_input"": 0.5145502645502645}, {""feature"": ""street_number_diff"", ""shap"": -0.2930224537849426, ""value"": 2.0, ""model_input"": 2.0}, {""feature"": ""name_levenshtein_max"", ""shap"": -0.24893462657928467, ""value"": 0.4722222222222222, ""model_input"": 0.4722222222222222}, {""feature"": ""addr_levenshtein"", ""shap"": 0.21591442823410034, ""value"": 0.96, ""model_input"": 0.96}, {""feature"": ""is_siege"", ""shap"": 0.21167518198490143, ""value"": 1.0, ""model_input"": 1.0}]}"
22,TRANSPORTS FRIGORIFIQUES DU VIVARAIS,24 Avenue du 24 Août 1944,69960,CORBAS,90113494000013,0.9702062606811523,V TREX TRANSPORTS,18 AVENUE DE LA VILLERME,CORBAS,69960,69273,FERME,2024-03-30 14:12:07,2,"{""bias"": 1.1616770029067993, ""margin"": 3.483210563659668, ""prob_from_margin"": 0.9702062652008255, ""top"": [{""feature"": ""name_sim_max_etab"", ""shap"": 1.0380096435546875, ""value"": 0.0, ""model_input"": 0.0}, {""feature"": ""token_overlap_ul"", ""shap"": 0.7359119057655334, ""value"": 0.3333333333333333, ""model_input"": 0.3333333333333333}, {""feature"": ""type_of_max_name"", ""shap"": 0.6963088512420654, ""value"": 7.0, ""model_input"": 7.0}, {""feature"": ""name_semantic_max"", ""shap"": 0.5775008201599121, ""value"": 0.6109496355056763, ""model_input"": 0.6109496355056763}, {""feature"": ""name_addr_consistency"", ""shap"": 0.5445478558540344, ""value"": 0.3243754538852578, ""model_input"": 0.3243754538852578}, {""feature"": ""street_number_diff"", ""shap"": -0.5292366147041321, ""value"": 6.0, ""model_input"": 6.0}, {""feature"": ""addr_token_overlap"", ""shap"": -0.3602559566497803, ""value"": 0.1111111111111111, ""model_input"": 0.1111111111111111}, {""feature"": ""name_sim_max_pm_dirigeant"", ""shap"": -0.32431650161743164, ""value"": 0.0, ""model_input"": 0.0}, {""feature"": ""name_semantic_gap"", ""shap"": 0.29205194115638733, ""value"": 0.6109496355056763, ""model_input"": 0.6109496355056763}, {""feature"": ""name_semantic_second"", ""shap"": -0.2693999707698822, ""value"": 0.0, ""model_input"": 0.0}]}"
22,TRANSPORTS FRIGORIFIQUES DU VIVARAIS,24 Avenue du 24 Août 1944,69960,CORBAS,40161108200017,0.9647563099861145,TRANSERVICE,24 AVENUE DU 24 AOUT 1944,CORBAS,69960,69273,FERME,2025-02-10 02:23:57,3,"{""bias"": 1.1616770029067993, ""margin"": 3.3095874786376953, ""prob_from_margin"": 0.964756257087708, ""top"": [{""feature"": ""addr_token_overlap"", ""shap"": 1.264133095741272, ""value"": 1.0, ""model_input"": 1.0}, {""feature"": ""street_number_diff"", ""shap"": 1.2385289669036865, ""value"": 0.0, ""model_input"": 0.0}, {""feature"": ""name_sim_max_etab"", ""shap"": 0.7641668319702148, ""value"": 0.0, ""model_input"": 0.0}, {""feature"": ""name_semantic_max"", ""shap"": -0.7389242053031921, ""value"": 0.5356801748275757, ""model_input"": 0.5356801748275757}, {""feature"": ""addr_jaro"", ""shap"": 0.6829544305801392, ""value"": 1.0, ""model_input"": 1.0}, {""feature"": ""type_of_max_name"", ""shap"": 0.5384566783905029, ""value"": 7.0, ""model_input"": 7.0}, {""feature"": ""addr_levenshtein"", ""shap"": 0.5117209553718567, ""value"": 1.0, ""model_input"": 1.0}, {""feature"": ""name_sim_max_pm_dirigeant"", ""shap"": -0.45444461703300476, ""value"": 0.0, ""model_input"": 0.0}, {""feature"": ""name_levenshtein_max"", ""shap"": -0.39307212829589844, ""value"": 0.2222222222222222, ""model_input"": 0.2222222222222222}, {""feature"": ""name_semantic_second"", ""shap"": -0.3631710112094879, ""value"": 0.0, ""model_input"": 0.0}]}"
22,TRANSPORTS FRIGORIFIQUES DU VIVARAIS,24 Avenue du 24 Août 1944,69960,CORBAS,38403315500035,0.9483109712600708,G.T.I. LOGISTIQUE,24 AVENUE DU 24 AOUT 1944,CORBAS,69960,69273,FERME,2025-02-08 02:20:34,4,"{""bias"": 1.1616770029067993, ""margin"": 2.9094362258911133, ""prob_from_margin"": 0.9483109368306046, ""top"": [{""feature"": ""name_semantic_max"", ""shap"": -1.635206937789917, ""value"": 0.47262126207351685, ""model_input"": 0.47262126207351685}, {""feature"": ""addr_token_overlap"", ""shap"": 1.4136565923690796, ""value"": 1.0, ""model_input"": 1.0}, {""feature"": ""street_number_diff"", ""shap"": 1.1024965047836304, ""value"": 0.0, ""model_input"": 0.0}, {""feature"": ""name_sim_max_etab"", ""shap"": 0.7966956496238708, ""value"": 0.0, ""model_input"": 0.0}, {""feature"": ""addr_jaro"", ""shap"": 0.6718587875366211, ""value"": 1.0, ""model_input"": 1.0}, {""feature"": ""addr_levenshtein"", ""shap"": 0.5455830097198486, ""value"": 1.0, ""model_input"": 1.0}, {""feature"": ""type_of_max_name"", ""shap"": 0.4622156322002411, ""value"": 7.0, ""model_input"": 7.0}, {""feature"": ""name_sim_max_pm_dirigeant"", ""shap"": -0.4087648391723633, ""value"": 0.0, ""model_input"": 0.0}, {""feature"": ""name_semantic_second"", ""shap"": -0.37832537293434143, ""value"": 0.0, ""model_input"": 0.0}, {""feature"": ""name_addr_consistency"", ""shap"": -0.35833895206451416, ""value"": 0.5964052287581699, ""model_input"": 0.5964052287581699}]}"
22,TRANSPORTS FRIGORIFIQUES DU VIVARAIS,24 Avenue du 24 Août 1944,69960,CORBAS,01655107900078,0.9369938373565674,PADIJOU,24 AVENUE DU 24 AOUT 1944,CORBAS,69960,69273,FERME,2024-03-30 05:11:50,5,"{""bias"": 1.1616770029067993, ""margin"": 2.6994450092315674, ""prob_from_margin"": 0.9369938872631559, ""top"": [{""feature"": ""addr_token_overlap"", ""shap"": 1.2240620851516724, ""value"": 1.0, ""model_input"": 1.0}, {""feature"": ""street_number_diff"", ""shap"": 1.0791730880737305, ""value"": 0.0, ""model_input"": 0.0}, {""feature"": ""name_semantic_max"", ""shap"": -1.038454532623291, ""value"": 0.5005307197570801, ""model_input"": 0.5005307197570801}, {""feature"": ""name_sim_max_pm_dirigeant"", ""shap"": 0.6059035062789917, ""value"": 0.5722222222222223, ""model_input"": 0.5722222222222223}, {""feature"": ""addr_jaro"", ""shap"": 0.6034784317016602, ""value"": 1.0, ""model_input"": 1.0}, {""feature"": ""type_of_max_name"", ""shap"": 0.5495621562004089, ""value"": 4.0, ""model_input"": 4.0}, {""feature"": ""addr_levenshtein"", ""shap"": 0.4914257228374481, ""value"": 1.0, ""model_input"": 1.0}, {""feature"": ""name_token_overlap_max"", ""shap"": -0.318737268447876, ""value"": 0.0, ""model_input"": 0.0}, {""feature"": ""name_sim_max_etab"", ""shap"": -0.29649287462234497, ""value"": 0.5722222222222223, ""model_input"": 0.5722222222222223}, {""feature"": ""name_count"", ""shap"": 0.29370224475860596, ""value"": 2.0, ""model_input"": 2.0}]}"
115,Timcod Rhone-Alpes,40 route de Lyon,69960,CORBAS,48048580400037,0.9880521297454834,APLISTORE,40 ROUTE DE LYON,CORBAS,69960,69273,OUVERT,2025-02-18 02:17:00,1,"{""bias"": 1.1616770029067993, ""margin"": 4.415185928344727, ""prob_from_margin"": 0.9880521711837792, ""top"": [{""feature"": ""name_semantic_max"", ""shap"": 2.2110188007354736, ""value"": 0.9046740531921387, ""model_input"": 0.9046740531921387}, {""feature"": ""name_sim_max_etab"", ""shap"": -0.7843229174613953, ""value"": 0.8666666666666666, ""model_input"": 0.8666666666666666}, {""feature"": ""addr_token_overlap"", ""shap"": 0.7454285621643066, ""value"": 1.0, ""model_input"": 1.0}, {""feature"": ""street_number_diff"", ""shap"": 0.54518061876297, ""value"": 0.0, ""model_input"": 0.0}, {""feature"": ""name_token_overlap_max"", ""shap"": 0.5181299448013306, ""value"": 0.3333333333333333, ""model_input"": 0.3333333333333333}, {""feature"": ""ul_vs_pm_indicator"", ""shap"": -0.4736270606517792, ""value"": 0.0, ""model_input"": 0.0}, {""feature"": ""token_overlap_ul"", ""shap"": -0.46028101444244385, ""value"": 0.0, ""model_input"": 0.0}, {""feature"": ""name_semantic_second"", ""shap"": 0.42783841490745544, ""value"": 0.5314493179321289, ""model_input"": 0.5314493179321289}, {""feature"": ""name_crm_contains_cand_max"", ""shap"": 0.3034447431564331, ""value"": 1.0, ""model_input"": 1.0}, {""feature"": ""name_semantic_gap"", ""shap"": -0.2715970277786255, ""value"": 0.37322473526000977, ""model_input"": 0.37322473526000977}]}"
115,Timcod Rhone-Alpes,40 route de Lyon,69960,CORBAS,79452887700044,0.921141505241394,SOGEQUIP INDUSTRIES ET SOLUTIONS,40 ROUTE DE LYON,CORBAS,69960,69273,FERME,2024-06-27 12:17:38,2,"{""bias"": 1.1616770029067993, ""margin"": 2.457958936691284, ""prob_from_margin"": 0.921141527756033, ""top"": [{""feature"": ""addr_token_overlap"", ""shap"": 1.3003349304199219, ""value"": 1.0, ""model_input"": 1.0}, {""feature"": ""name_semantic_max"", ""shap"": -1.2895622253417969, ""value"": 0.5191654562950134, ""model_input"": 0.5191654562950134}, {""feature"": ""street_number_diff"", ""shap"": 1.1062006950378418, ""value"": 0.0, ""model_input"": 0.0}, {""feature"": ""name_sim_max_pm_dirigeant"", ""shap"": 0.6374692916870117, ""value"": 0.5906906906906907, ""model_input"": 0.5906906906906907}, {""feature"": ""addr_jaro"", ""shap"": 0.5796903967857361, ""value"": 1.0, ""model_input"": 1.0}, {""feature"": ""type_of_max_name"", ""shap"": 0.5159040689468384, ""value"": 7.0, ""model_input"": 7.0}, {""feature"": ""addr_levenshtein"", ""shap"": 0.4769277572631836, ""value"": 1.0, ""model_input"": 1.0}, {""feature"": ""name_sim_max_etab"", ""shap"": -0.40990543365478516, ""value"": 0.5906906906906907, ""model_input"": 0.5906906906906907}, {""feature"": ""name_count"", ""shap"": 0.3039187490940094, ""value"": 2.0, ""model_input"": 2.0}, {""feature"": ""token_overlap_ul"", ""shap"": -0.2714617848396301, ""value"": 0.0, ""model_input"": 0.0}]}"
115,Timcod Rhone-Alpes,40 route de Lyon,69960,CORBAS,48889457700045,0.8995754718780518,CEME PROCESS INDUSTRIEL,40 RTE DE LYON,CORBAS,69960,69273,FERME,2025-02-07 02:21:14,3,"{""bias"": 1.1616770029067993, ""margin"": 2.192518711090088, ""prob_from_margin"": 0.8995756740925261, ""top"": [{""feature"": ""name_semantic_max"", ""shap"": -1.364997386932373, ""value"": 0.4981268048286438, ""model_input"": 0.4981268048286438}, {""feature"": ""street_number_diff"", ""shap"": 1.2659143209457397, ""value"": 0.0, ""model_input"": 0.0}, {""feature"": ""type_of_max_name"", ""shap"": 0.9328692555427551, ""value"": 7.0, ""model_input"": 7.0}, {""feature"": ""name_sim_max_pm_dirigeant"", ""shap"": 0.5684391260147095, ""value"": 0.48148148148148145, ""model_input"": 0.48148148148148145}, {""feature"": ""addr_token_overlap"", ""shap"": 0.5301604270935059, ""value"": 0.6, ""model_input"": 0.6}, {""feature"": ""name_semantic_second"", ""shap"": -0.41686174273490906, ""value"": 0.2986074984073639, ""model_input"": 0.2986074984073639}, {""feature"": ""name_token_overlap_max"", ""shap"": -0.41239285469055176, ""value"": 0.0, ""model_input"": 0.0}, {""feature"": ""addr_levenshtein"", ""shap"": 0.3518180847167969, ""value"": 0.875, ""model_input"": 0.875}, {""feature"": ""name_jaro_max"", ""shap"": -0.34395700693130493, ""value"": 0.6342747429703951, ""model_input"": 0.6342747429703951}, {""feature"": ""name_addr_consistency"", ""shap"": -0.31609833240509033, ""value"": 0.6184178743961352, ""model_input"": 0.6184178743961352}]}"
115,Timcod Rhone-Alpes,40 route de Lyon,69960,CORBAS,96050098100050,0.873537003993988,CEME CERNIAUT,40 ROUTE DE LYON,CORBAS,69960,69273,OUVERT,2024-03-30 15:35:26,4,"{""bias"": 1.1616770029067993, ""margin"": 1.932600498199463, ""prob_from_margin"": 0.8735369764101332, ""top"": [{""feature"": ""name_semantic_max"", ""shap"": -1.7087609767913818, ""value"": 0.46166884899139404, ""model_input"": 0.46166884899139404}, {""feature"": ""addr_token_overlap"", ""shap"": 1.485500693321228, ""value"": 1.0, ""model_input"": 1.0}, {""feature"": ""street_number_diff"", ""shap"": 0.935317873954773, ""value"": 0.0, ""model_input"": 0.0}, {""feature"": ""name_sim_max_pm_dirigeant"", ""shap"": 0.9187923669815063, ""value"": 0.5283224400871459, ""model_input"": 0.5283224400871459}, {""feature"": ""addr_jaro"", ""shap"": 0.6161814332008362, ""value"": 1.0, ""model_input"": 1.0}, {""feature"": ""type_of_max_name"", ""shap"": 0.4844784736633301, ""value"": 7.0, ""model_input"": 7.0}, {""feature"": ""addr_levenshtein"", ""shap"": 0.44009366631507874, ""value"": 1.0, ""model_input"": 1.0}, {""feature"": ""name_semantic_second"", ""shap"": -0.4065423607826233, ""value"": 0.3445740342140198, ""model_input"": 0.3445740342140198}, {""feature"": ""name_levenshtein_max"", ""shap"": -0.38530394434928894, ""value"": 0.2222222222222222, ""model_input"": 0.2222222222222222}, {""feature"": ""name_token_overlap_max"", ""shap"": -0.31291526556015015, ""value"": 0.0, ""model_input"": 0.0}]}"
115,Timcod Rhone-Alpes,40 route de Lyon,69960,CORBAS,87805985600020,0.8668383359909058,B.C.D.,40 ROUTE DE LYON,CORBAS,69960,69273,OUVERT,2024-03-30 04:39:10,5,"{""bias"": 1.1616770029067993, ""margin"": 1.8732885122299194, ""prob_from_margin"": 0.8668383273863604, ""top"": [{""feature"": ""name_semantic_max"", ""shap"": -1.553369402885437, ""value"": 0.4870535135269165, ""model_input"": 0.4870535135269165}, {""feature"": ""addr_token_overlap"", ""shap"": 1.2953612804412842, ""value"": 1.0, ""model_input"": 1.0}, {""feature"": ""street_number_diff"", ""shap"": 1.044877290725708, ""value"": 0.0, ""model_input"": 0.0}, {""feature"": ""name_sim_max_etab"", ""shap"": 0.6846331357955933, ""value"": 0.0, ""model_input"": 0.0}, {""feature"": ""addr_jaro"", ""shap"": 0.6534503102302551, ""value"": 1.0, ""model_input"": 1.0}, {""feature"": ""addr_levenshtein"", ""shap"": 0.5412275195121765, ""value"": 1.0, ""model_input"": 1.0}, {""feature"": ""name_addr_consistency"", ""shap"": -0.4975244700908661, ""value"": 0.48148148148148145, ""model_input"": 0.48148148148148145}, {""feature"": ""type_of_max_name"", ""shap"": 0.4722609221935272, ""value"": 7.0, ""model_input"": 7.0}, {""feature"": ""name_semantic_second"", ""shap"": -0.4066551625728607, ""value"": 0.0, ""model_input"": 0.0}, {""feature"": ""name_sim_max_pm_dirigeant"", ""shap"": -0.38888031244277954, ""value"": 0.0, ""model_input"": 0.0}]}"
9,UNIVERSAL ARCHERY,81 Rue Elisée Reclus,69150,DECINES-CHARPIEU,81280940800014,0.9995303153991699,UNIVERSAL ARCHERY,81 RUE ELISEE RECLUS,DECINES-CHARPIEU,69150,69275,OUVERT,2025-01-17 03:18:56,1,"{""bias"": 1.1616770029067993, ""margin"": 7.662845134735107, ""prob_from_margin"": 0.999530252383058, ""top"": [{""feature"": ""name_semantic_max"", ""shap"": 2.327883243560791, ""value"": 1.0, ""model_input"": 1.0}, {""feature"": ""name_token_overlap_max"", ""shap"": 1.0299443006515503, ""value"": 1.0, ""model_input"": 1.0}, {""feature"": ""token_overlap_ul"", ""shap"": 0.862223744392395, ""value"": 1.0, ""model_input"": 1.0}, {""feature"": ""name_crm_contains_cand_max"", ""shap"": 0.7063837051391602, ""value"": 1.0, ""model_input"": 1.0}, {""feature"": ""name_sim_max_etab"", ""shap"": -0.6314625144004822, ""value"": 1.0, ""model_input"": 1.0}, {""feature"": ""addr_token_overlap"", ""shap"": 0.5746784806251526, ""value"": 1.0, ""model_input"": 1.0}, {""feature"": ""name_semantic_second"", ""shap"": 0.5410864949226379, ""value"": 1.0, ""model_input"": 1.0}, {""feature"": ""street_number_diff"", ""shap"": 0.5353209376335144, ""value"": 0.0, ""model_input"": 0.0}, {""feature"": ""type_of_max_name"", ""shap"": -0.42439004778862, ""value"": 2.0, ""model_input"": 2.0}, {""feature"": ""is_siege"", ""shap"": 0.40822064876556396, ""value"": 1.0, ""model_input"": 1.0}]}"
9,UNIVERSAL ARCHERY,81 Rue Elisée Reclus,69150,DECINES-CHARPIEU,80053604700023,0.9550355076789856,RHONE ALPES AUVERGNE CARRELAGE,81 RUE ELISEE RECLUS,DECINES-CHARPIEU,69150,69275,OUVERT,2024-03-30 00:30:32,2,"{""bias"": 1.1616770029067993, ""margin"": 3.0558736324310303, ""prob_from_margin"": 0.9550354316957812, ""top"": [{""feature"": ""addr_token_overlap"", ""shap"": 1.3709276914596558, ""value"": 1.0, ""model_input"": 1.0}, {""feature"": ""street_number_diff"", ""shap"": 1.1976860761642456, ""value"": 0.0, ""model_input"": 0.0}, {""feature"": ""name_semantic_max"", ""shap"": -1.1749061346054077, ""value"": 0.5099884867668152, ""model_input"": 0.5099884867668152}, {""feature"": ""name_sim_max_etab"", ""shap"": 0.7874199748039246, ""value"": 0.0, ""model_input"": 0.0}, {""feature"": ""addr_jaro"", ""shap"": 0.5884515643119812, ""value"": 1.0, ""model_input"": 1.0}, {""feature"": ""type_of_max_name"", ""shap"": 0.5708131790161133, ""value"": 7.0, ""model_input"": 7.0}, {""feature"": ""addr_levenshtein"", ""shap"": 0.5178583264350891, ""value"": 1.0, ""model_input"": 1.0}, {""feature"": ""name_levenshtein_max"", ""shap"": -0.4465486407279968, ""value"": 0.23333333333333328, ""model_input"": 0.23333333333333328}, {""feature"": ""name_sim_max_pm_dirigeant"", ""shap"": -0.41197454929351807, ""value"": 0.0, ""model_input"": 0.0}, {""feature"": ""name_semantic_second"", ""shap"": -0.40299221873283386, ""value"": 0.0, ""model_input"": 0.0}]}"
9,UNIVERSAL ARCHERY,81 Rue Elisée Reclus,69150,DECINES-CHARPIEU,21690275900010,0.9379011988639832,MAIRIE,PLACE ROGER SALENGRO,DECINES-CHARPIEU,69150,69275,OUVERT,2025-02-15 02:15:08,3,"{""bias"": 1.1616770029067993, ""margin"": 2.714918375015259, ""prob_from_margin"": 0.937901224877033, ""top"": [{""feature"": ""name_city_overlap_max"", ""shap"": 2.2990527153015137, ""value"": 0.5, ""model_input"": 0.5}, {""feature"": ""name_semantic_max"", ""shap"": -2.1367416381835938, ""value"": 0.37484365701675415, ""model_input"": 0.37484365701675415}, {""feature"": ""name_length_max"", ""shap"": 0.8416128754615784, ""value"": 6.0, ""model_input"": 6.0}, {""feature"": ""name_semantic_second"", ""shap"": -0.49521100521087646, ""value"": 0.3565605580806732, ""model_input"": 0.3565605580806732}, {""feature"": ""is_siege"", ""shap"": 0.47124814987182617, ""value"": 1.0, ""model_input"": 1.0}, {""feature"": ""street_number_diff"", ""shap"": 0.42418578267097473, ""value"": 9999.0, ""model_input"": 9999.0}, {""feature"": ""name_token_overlap_max"", ""shap"": -0.4055768847465515, ""value"": 0.0, ""model_input"": 0.0}, {""feature"": ""addr_levenshtein"", ""shap"": -0.4010724127292633, ""value"": 0.15000000000000002, ""model_input"": 0.15000000000000002}, {""feature"": ""name_count"", ""shap"": 0.38646405935287476, ""value"": 2.0, ""model_input"": 2.0}, {""feature"": ""name_jaro_max"", ""shap"": 0.3645208179950714, ""value"": 0.5506535947712418, ""model_input"": 0.5506535947712418}]}"
9,UNIVERSAL ARCHERY,81 Rue Elisée Reclus,69150,DECINES-CHARPIEU,39902465200238,0.9342966675758362,RECORD PORTES AUTOMATIQUES,81 RUE ELISEE RECLUS,DECINES-CHARPIEU,69150,69275,OUVERT,2024-03-30 15:32:46,4,"{""bias"": 1.1616770029067993, ""margin"": 2.6546430587768555, ""prob_from_margin"": 0.934296586900418, ""top"": [{""feature"": ""name_semantic_max"", ""shap"": -1.9507378339767456, ""value"": 0.42157742381095886, ""model_input"": 0.42157742381095886}, {""feature"": ""addr_token_overlap"", ""shap"": 1.095984935760498, ""value"": 1.0, ""model_input"": 1.0}, {""feature"": ""street_number_diff"", ""shap"": 1.0459411144256592, ""value"": 0.0, ""model_input"": 0.0}, {""feature"": ""name_sim_max_pm_dirigeant"", ""shap"": 0.661766529083252, ""value"": 0.5484593837535013, ""model_input"": 0.5484593837535013}, {""feature"": ""addr_jaro"", ""shap"": 0.6145526766777039, ""value"": 1.0, ""model_input"": 1.0}, {""feature"": ""addr_levenshtein"", ""shap"": 0.5493707656860352, ""value"": 1.0, ""model_input"": 1.0}, {""feature"": ""type_of_max_name"", ""shap"": 0.4782937467098236, ""value"": 4.0, ""model_input"": 4.0}, {""feature"": ""name_count"", ""shap"": 0.36372339725494385, ""value"": 2.0, ""model_input"": 2.0}, {""feature"": ""name_token_overlap_max"", ""shap"": -0.28576478362083435, ""value"": 0.0, ""model_input"": 0.0}, {""feature"": ""name_length_max"", ""shap"": 0.2838340103626251, ""value"": 28.0, ""model_input"": 28.0}]}"
9,UNIVERSAL ARCHERY,81 Rue Elisée Reclus,69150,DECINES-CHARPIEU,48802039700037,0.9315760135650635,SCHEM'ELEC,81 RUE ELISEE RECLUS,DECINES-CHARPIEU,69150,69275,OUVERT,2025-01-30 02:22:39,5,"{""bias"": 1.1616770029067993, ""margin"": 2.6111531257629395, ""prob_from_margin"": 0.9315759356518034, ""top"": [{""feature"": ""name_semantic_max"", ""shap"": -2.3586437702178955, ""value"": 0.372603178024292, ""model_input"": 0.372603178024292}, {""feature"": ""addr_token_overlap"", ""shap"": 1.2479190826416016, ""value"": 1.0, ""model_input"": 1.0}, {""feature"": ""street_number_diff"", ""shap"": 1.0360475778579712, ""value"": 0.0, ""model_input"": 0.0}, {""feature"": ""addr_jaro"", ""shap"": 0.7292837500572205, ""value"": 1.0, ""model_input"": 1.0}, {""feature"": ""addr_levenshtein"", ""shap"": 0.5513132214546204, ""value"": 1.0, ""model_input"": 1.0}, {""feature"": ""name_sim_max_etab"", ""shap"": 0.4790610373020172, ""value"": 0.4239028944911298, ""model_input"": 0.4239028944911298}, {""feature"": ""type_of_max_name"", ""shap"": 0.46107664704322815, ""value"": 7.0, ""model_input"": 7.0}, {""feature"": ""name_token_overlap_max"", ""shap"": -0.3529549539089203, ""value"": 0.0, ""model_input"": 0.0}, {""feature"": ""name_sim_max_pm_dirigeant"", ""shap"": 0.3252120316028595, ""value"": 0.4239028944911298, ""model_input"": 0.4239028944911298}, {""feature"": ""name_semantic_second"", ""shap"": -0.3117774426937103, ""value"": 0.1793884038925171, ""model_input"": 0.1793884038925171}]}"
75,VIGNAL SYSTEMS,19 AVENUE DU 24 AOUT 1944,69960,CORBAS,45032486800030,0.9998881816864014,VIGNAL SYSTEMS,19 AVENUE DU 24 AOUT 1944,CORBAS,69960,69273,OUVERT,2025-02-18 02:16:03,1,"{""bias"": 1.1616770029067993, ""margin"": 9.098708152770996, ""prob_from_margin"": 0.9998882023432402, ""top"": [{""feature"": ""name_semantic_max"", ""shap"": 2.0879576206207275, ""value"": 0.9999999403953552, ""model_input"": 0.9999999403953552}, {""feature"": ""token_overlap_ul"", ""shap"": 0.9010277390480042, ""value"": 1.0, ""model_input"": 1.0}, {""feature"": ""name_token_overlap_max"", ""shap"": 0.8755940198898315, ""value"": 1.0, ""model_input"": 1.0}, {""feature"": ""name_sim_max_pm_dirigeant"", ""shap"": 0.8133368492126465, ""value"": 0.43492063492063493, ""model_input"": 0.43492063492063493}, {""feature"": ""name_crm_contains_cand_max"", ""shap"": 0.6378169655799866, ""value"": 1.0, ""model_input"": 1.0}, {""feature"": ""addr_token_overlap"", ""shap"": 0.4653319716453552, ""value"": 1.0, ""model_input"": 1.0}, {""feature"": ""street_number_diff"", ""shap"": 0.44293349981307983, ""value"": 0.0, ""model_input"": 0.0}, {""feature"": ""name_addr_consistency"", ""shap"": 0.31692275404930115, ""value"": 1.0, ""model_input"": 1.0}, {""feature"": ""is_siege"", ""shap"": 0.3090182840824127, ""value"": 1.0, ""model_input"": 1.0}, {""feature"": ""name_sim_max_etab"", ""shap"": 0.29971686005592346, ""value"": 0.43492063492063493, ""model_input"": 0.43492063492063493}]}"
75,VIGNAL SYSTEMS,19 AVENUE DU 24 AOUT 1944,69960,CORBAS,45032486800022,0.9994930028915405,VIGNAL SYSTEMS,IMPASSE DU 24 AOUT 1944,CORBAS,69960,69273,FERME,2024-03-30 09:58:05,2,"{""bias"": 1.1616770029067993, ""margin"": 7.586619853973389, ""prob_from_margin"": 0.9994930645692162, ""top"": [{""feature"": ""name_semantic_max"", ""shap"": 2.4372494220733643, ""value"": 0.9999999403953552, ""model_input"": 0.9999999403953552}, {""feature"": ""name_sim_max_pm_dirigeant"", ""shap"": 1.0095995664596558, ""value"": 0.43492063492063493, ""model_input"": 0.43492063492063493}, {""feature"": ""name_token_overlap_max"", ""shap"": 0.9981281757354736, ""value"": 1.0, ""model_input"": 1.0}, {""feature"": ""token_overlap_ul"", ""shap"": 0.7330269813537598, ""value"": 1.0, ""model_input"": 1.0}, {""feature"": ""name_crm_contains_cand_max"", ""shap"": 0.488599568605423, ""value"": 1.0, ""model_input"": 1.0}, {""feature"": ""is_siege"", ""shap"": -0.4070587754249573, ""value"": 0.0, ""model_input"": 0.0}, {""feature"": ""name_sim_max_etab"", ""shap"": 0.3570462167263031, ""value"": 0.43492063492063493, ""model_input"": 0.43492063492063493}, {""feature"": ""name_semantic_second"", ""shap"": -0.2279038429260254, ""value"": 0.22189129889011383, ""model_input"": 0.22189129889011383}, {""feature"": ""addr_jaro"", ""shap"": -0.22205497324466705, ""value"": 0.7045732689210951, ""model_input"": 0.7045732689210951}, {""feature"": ""addr_token_overlap"", ""shap"": 0.19718718528747559, ""value"": 0.5714285714285714, ""model_input"": 0.5714285714285714}]}"
75,VIGNAL SYSTEMS,19 AVENUE DU 24 AOUT 1944,69960,CORBAS,81265702100026,0.9979323148727417,VIGNAL IMMO,19 AVENUE DU 24 AOUT 1944,CORBAS,69960,69273,OUVERT,2024-03-30 12:18:10,3,"{""bias"": 1.1616770029067993, ""margin"": 6.179224967956543, ""prob_from_margin"": 0.9979322513192012, ""top"": [{""feature"": ""name_semantic_max"", ""shap"": 1.6227376461029053, ""value"": 0.6939554810523987, ""model_input"": 0.6939554810523987}, {""feature"": ""name_sim_max_etab"", ""shap"": 0.9591395258903503, ""value"": 0.0, ""model_input"": 0.0}, {""feature"": ""addr_token_overlap"", ""shap"": 0.8117981553077698, ""value"": 1.0, ""model_input"": 1.0}, {""feature"": ""street_number_diff"", ""shap"": 0.716265082359314, ""value"": 0.0, ""model_input"": 0.0}, {""feature"": ""name_token_overlap_max"", ""shap"": 0.4781595766544342, ""value"": 0.3333333333333333, ""model_input"": 0.3333333333333333}, {""feature"": ""name_jaro_gap"", ""shap"": 0.4241240620613098, ""value"": 0.8597402597402598, ""model_input"": 0.8597402597402598}, {""feature"": ""name_sim_max_pm_dirigeant"", ""shap"": -0.4104144871234894, ""value"": 0.0, ""model_input"": 0.0}, {""feature"": ""addr_levenshtein"", ""shap"": 0.3610200881958008, ""value"": 1.0, ""model_input"": 1.0}, {""feature"": ""addr_jaro"", ""shap"": 0.32264313101768494, ""value"": 1.0, ""model_input"": 1.0}, {""feature"": ""name_semantic_second"", ""shap"": -0.3048751652240753, ""value"": 0.0, ""model_input"": 0.0}]}"
75,VIGNAL SYSTEMS,19 AVENUE DU 24 AOUT 1944,69960,CORBAS,45032486800048,0.9976860284805298,VIGNAL SYSTEMS,12 AVENUE DE L'INDUSTRIE,CORBAS,69960,69273,OUVERT,2025-04-06 02:06:11,4,"{""bias"": 1.1616770029067993, ""margin"": 6.066460132598877, ""prob_from_margin"": 0.9976859980695644, ""top"": [{""feature"": ""name_semantic_max"", ""shap"": 2.4520583152770996, ""value"": 0.9999999403953552, ""model_input"": 0.9999999403953552}, {""feature"": ""name_sim_max_pm_dirigeant"", ""shap"": 1.1294047832489014, ""value"": 0.43492063492063493, ""model_input"": 0.43492063492063493}, {""feature"": ""name_token_overlap_max"", ""shap"": 1.0016566514968872, ""value"": 1.0, ""model_input"": 1.0}, {""feature"": ""token_overlap_ul"", ""shap"": 0.922333300113678, ""value"": 1.0, ""model_input"": 1.0}, {""feature"": ""is_siege"", ""shap"": -0.6873623728752136, ""value"": 0.0, ""model_input"": 0.0}, {""feature"": ""addr_token_overlap"", ""shap"": -0.6585837602615356, ""value"": 0.1111111111111111, ""model_input"": 0.1111111111111111}, {""feature"": ""name_sim_max_etab"", ""shap"": 0.4842614531517029, ""value"": 0.43492063492063493, ""model_input"": 0.43492063492063493}, {""feature"": ""street_number_diff"", ""shap"": -0.4548875391483307, ""value"": 7.0, ""model_input"": 7.0}, {""feature"": ""name_crm_contains_cand_max"", ""shap"": 0.44856396317481995, ""value"": 1.0, ""model_input"": 1.0}, {""feature"": ""name_semantic_gap"", ""shap"": 0.23615223169326782, ""value"": 0.7781086415052414, ""model_input"": 0.7781086415052414}]}"
75,VIGNAL SYSTEMS,19 AVENUE DU 24 AOUT 1944,69960,CORBAS,95752556100040,0.9961506128311157,SESALY,19 AVENUE DU 24 AOUT 1944,CORBAS,69960,69273,OUVERT,2025-01-24 03:00:51,5,"{""bias"": 1.1616770029067993, ""margin"": 5.5559773445129395, ""prob_from_margin"": 0.9961505853731055, ""top"": [{""feature"": ""name_semantic_max"", ""shap"": 2.016956329345703, ""value"": 0.7769484519958496, ""model_input"": 0.7769484519958496}, {""feature"": ""name_sim_max_pm_dirigeant"", ""shap"": 0.9171335101127625, ""value"": 0.5873015873015873, ""model_input"": 0.5873015873015873}, {""feature"": ""addr_token_overlap"", ""shap"": 0.7927752733230591, ""value"": 1.0, ""model_input"": 1.0}, {""feature"": ""name_token_overlap_max"", ""shap"": 0.5310251712799072, ""value"": 0.3333333333333333, ""model_input"": 0.3333333333333333}, {""feature"": ""street_number_diff"", ""shap"": 0.5210618376731873, ""value"": 0.0, ""model_input"": 0.0}, {""feature"": ""name_sim_max_etab"", ""shap"": -0.2807537317276001, ""value"": 0.5873015873015873, ""model_input"": 0.5873015873015873}, {""feature"": ""token_overlap_ul"", ""shap"": 0.27301061153411865, ""value"": 0.5, ""model_input"": 0.5}, {""feature"": ""addr_jaro"", ""shap"": 0.2393125593662262, ""value"": 1.0, ""model_input"": 1.0}, {""feature"": ""addr_levenshtein"", ""shap"": 0.2149476408958435, ""value"": 1.0, ""model_input"": 1.0}, {""feature"": ""name_addr_consistency"", ""shap"": 0.20611028373241425, ""value"": 0.9081918081918082, ""model_input"": 0.9081918081918082}]}"
