crm_name,crm_address,crm_postcode,crm_city,siret_candidate,score,candidate_name,candidate_addr,candidate_city,candidate_postcode,candidate_insee,candidate_state,candidate_last_treatment_date,rank,shap
 GE FRUITS,69 Rue Marcel Mérieux,69960,CORBAS,82875878900022,0.9995742440223694,GE FRUITS,69 RUE MARCEL MERIEUX,CORBAS,69960,69273,OUVERT,2025-01-26 02:16:14,1,
 GE FRUITS,69 Rue Marcel Mérieux,69960,CORBAS,89124205900014,0.9985993504524231,GE FRUITS HOLDING,69 RUE MARCEL MERIEUX,CORBAS,69960,69273,OUVERT,2025-07-17 13:57:38,2,
 GE FRUITS,69 Rue Marcel Mérieux,69960,CORBAS,48170771900029,0.9972410202026367,LUCEN FRUITS,69 RUE MARCEL MERIEUX,CORBAS,69960,69273,OUVERT,2025-01-30 03:02:00,3,
 GE FRUITS,69 Rue Marcel Mérieux,69960,CORBAS,51112302800017,0.9965544939041138,RHONE FRUITS,69 RUE MARCEL MERIEUX,CORBAS,69960,69273,OUVERT,2025-04-29 11:26:25,4,
 GE FRUITS,69 Rue Marcel Mérieux,69960,CORBAS,53794135300022,0.9961218237876892,FRIENDS FRUITS,69 RUE MARCEL MERIEUX,CORBAS,69960,69273,FERME,2025-01-18 03:19:57,5,
05-OISEAU BLANC adapei69,50 RUE NUNGESSER,69150,DECINES CHARPIEU,77564828000037,0.9948561191558838,ADAPEI L OISEAU BLANC,50 RUE NUNGESSER,DECINES-CHARPIEU,69150,69275,OUVERT,2024-03-30 01:36:26,1,
05-OISEAU BLANC adapei69,50 RUE NUNGESSER,69150,DECINES CHARPIEU,21690275900010,0.912124752998352,MAIRIE,PLACE ROGER SALENGRO,DECINES-CHARPIEU,69150,69275,OUVERT,2025-02-15 02:15:08,2,
05-OISEAU BLANC adapei69,50 RUE NUNGESSER,69150,DECINES CHARPIEU,77982139600024,0.8924244046211243,RESIDENCE LE MONT BLANC,37 RUE DE L'EGALITE,DECINES-CHARPIEU,69150,69275,FERME,2024-03-30 04:05:45,3,
05-OISEAU BLANC adapei69,50 RUE NUNGESSER,69150,DECINES CHARPIEU,77564828000557,0.7540343403816223,HALTE DE MONTABERLET,50 RUE NUNGESSER,DECINES-CHARPIEU,69150,69275,FERME,2025-02-17 02:15:20,4,
05-OISEAU BLANC adapei69,50 RUE NUNGESSER,69150,DECINES CHARPIEU,91812179900012,0.6245798468589783,CHAMP BLANC,21 RUE PAUL ET MARC BARBEZAT,DECINES-CHARPIEU,69150,69275,OUVERT,2025-01-30 02:06:53,5,
10-GRAND  LARGE ADAPEI69, 216 Rue Marino Simonetti,69150,DECINES CHARPIEU,77564828000300,0.9931735396385193,FOYER LE GRAND LARGE,216 RUE MARINO SIMONETTI,DECINES-CHARPIEU,69150,69275,OUVERT,2025-02-18 02:10:10,1,
10-GRAND  LARGE ADAPEI69, 216 Rue Marino Simonetti,69150,DECINES CHARPIEU,88915823400019,0.9793810248374939,IMMERSION GRAND LARGE,44 RUE DE LA REPUBLIQUE,DECINES-CHARPIEU,69150,69275,OUVERT,2025-01-20 02:36:58,2,
10-GRAND  LARGE ADAPEI69, 216 Rue Marino Simonetti,69150,DECINES CHARPIEU,32208463300013,0.9757404923439026,ASS DEFENSE GRAND LARGE ET ENVIRONNEMENT,1 RUE PAUL LANGEVIN,DECINES-CHARPIEU,69150,69275,FERME,2024-03-30 02:27:00,3,
10-GRAND  LARGE ADAPEI69, 216 Rue Marino Simonetti,69150,DECINES CHARPIEU,94962465400016,0.9612780213356018,DECINES GRAND LARGE IMMOBILIER,14 RUE DE LA FRATERNITE,DECINES-CHARPIEU,69150,69275,OUVERT,2025-01-17 02:53:10,4,
10-GRAND  LARGE ADAPEI69, 216 Rue Marino Simonetti,69150,DECINES CHARPIEU,96950931400015,0.9581406116485596,SOCIETE IMMOBILIERE DU GRAND LARGE,2 AVENUE LEON BLUM,DECINES-CHARPIEU,69150,69275,FERME,2024-03-30 08:08:59,5,
ADEL,29 Boulevard Charles de Gaulle,69150,DECINES-CHARPIEU,95650716400021,0.9995046854019165,ADEL,29 BOULEVARD CHARLES DE GAULLE,DECINES-CHARPIEU,69150,69275,OUVERT,2025-02-15 02:12:15,1,
ADEL,29 Boulevard Charles de Gaulle,69150,DECINES-CHARPIEU,95650716400039,0.9992324113845825,ADEL,29 BOULEVARD CHARLES DE GAULLE,DECINES-CHARPIEU,69150,69275,FERME,2024-03-30 12:38:57,2,
ADEL,29 Boulevard Charles de Gaulle,69150,DECINES-CHARPIEU,84214049300011,0.9990147352218628,ADEL ZZ,29 BOULEVARD CHARLES DE GAULLE,DECINES-CHARPIEU,69150,69275,OUVERT,2025-02-14 02:18:16,3,
ADEL,29 Boulevard Charles de Gaulle,69150,DECINES-CHARPIEU,37967522600011,0.9976781010627747,GROUPE ADEL,29 BD CHARLES DE GAULLE,DECINES-CHARPIEU,69150,69275,FERME,2025-02-07 02:07:46,4,
ADEL,29 Boulevard Charles de Gaulle,69150,DECINES-CHARPIEU,88389178000016,0.9960094690322876,ADELCOBO,29 BOULEVARD CHARLES DE GAULLE,DECINES-CHARPIEU,69150,69275,OUVERT,2025-01-16 02:37:25,5,
AGE CORBAS,4 rue du Mont Blanc,69960,CORBAS,93007181600019,0.9805731177330017,SLAY,4 RUE DU MONT BLANC,CORBAS,69960,69273,OUVERT,2025-06-15 02:06:18,1,
AGE CORBAS,4 rue du Mont Blanc,69960,CORBAS,93007181600019,0.9805731177330017,SLAY,4 RUE DU MONT BLANC,CORBAS,69960,69273,OUVERT,2025-06-15 02:06:18,1,
AGE CORBAS,4 rue du Mont Blanc,69960,CORBAS,89899019700029,0.9782494306564331,MOTORCUSTOMS,4 RUE DU MONT BLANC,CORBAS,69960,69273,OUVERT,2025-01-24 02:07:40,2,
AGE CORBAS,4 rue du Mont Blanc,69960,CORBAS,89899019700029,0.9782494306564331,MOTORCUSTOMS,4 RUE DU MONT BLANC,CORBAS,69960,69273,OUVERT,2025-01-24 02:07:40,2,
AGE CORBAS,4 rue du Mont Blanc,69960,CORBAS,92437886200115,0.9729483723640442,MC2A,4 RUE DU MONT BLANC,CORBAS,69960,69273,OUVERT,2024-12-21 05:27:54,3,
AGE CORBAS,4 rue du Mont Blanc,69960,CORBAS,92437886200115,0.9729483723640442,MC2A,4 RUE DU MONT BLANC,CORBAS,69960,69273,OUVERT,2024-12-21 05:27:54,3,
AGE CORBAS,4 rue du Mont Blanc,69960,CORBAS,77984304400503,0.9582021832466125,AGEMETRA,4 RUE DU MONT BLANC,CORBAS,69960,69273,FERME,2025-02-03 15:32:17,4,
AGE CORBAS,4 rue du Mont Blanc,69960,CORBAS,77984304400503,0.9582021832466125,AGEMETRA,4 RUE DU MONT BLANC,CORBAS,69960,69273,FERME,2025-02-03 15:32:17,4,
AGE CORBAS,4 rue du Mont Blanc,69960,CORBAS,85299724600024,0.9487712979316711,SM2G,4 RUE DU MONT BLANC,CORBAS,69960,69273,OUVERT,2024-03-30 12:09:22,5,
AGE CORBAS,4 rue du Mont Blanc,69960,CORBAS,85299724600024,0.9487712979316711,SM2G,4 RUE DU MONT BLANC,CORBAS,69960,69273,OUVERT,2024-03-30 12:09:22,5,
ALL IN ACADEMY,13 RUE MARCEAU,69150,DECINES CHARPIEU,90186658200025,0.999537467956543,ALL IN ACADEMY DECINES,13 RUE MARCEAU,DECINES-CHARPIEU,69150,69275,OUVERT,2025-06-24 13:47:11,1,
ALL IN ACADEMY,13 RUE MARCEAU,69150,DECINES CHARPIEU,92326934400027,0.997692346572876,ALL IN SCHOOL,13 RUE MARCEAU,DECINES-CHARPIEU,69150,69275,OUVERT,2024-11-22 05:23:35,2,
ALL IN ACADEMY,13 RUE MARCEAU,69150,DECINES CHARPIEU,92229667800027,0.9960785508155823,ALL IN STORE,13 RUE MARCEAU,DECINES-CHARPIEU,69150,69275,OUVERT,2025-09-17 16:56:38,3,
ALL IN ACADEMY,13 RUE MARCEAU,69150,DECINES CHARPIEU,92971940900013,0.9960307478904724,ALL IN ARENA,13 RUE MARCEAU,DECINES-CHARPIEU,69150,69275,OUVERT,2024-06-11 14:18:21,4,
ALL IN ACADEMY,13 RUE MARCEAU,69150,DECINES CHARPIEU,92169061600021,0.9945857524871826,ALL IN GROUP,13 RUE MARCEAU,DECINES-CHARPIEU,69150,69275,OUVERT,2025-01-22 02:29:56,5,
APAJH 69 CAMSP DECINES,15 AVENUE FRANKLIN ROOSEVELT,69150,DECINES-CHARPIEU,78457968202902,0.9994250535964966,FEDERATION APAJH,15 AVENUE FRANKLIN ROOSEVELT,DECINES-CHARPIEU,69150,69275,OUVERT,2025-01-18 02:17:49,1,
APAJH 69 CAMSP DECINES,15 AVENUE FRANKLIN ROOSEVELT,69150,DECINES-CHARPIEU,38832234900019,0.9097551107406616,JKSG,15 AVENUE FRANKLIN ROOSEVELT,DECINES-CHARPIEU,69150,69275,FERME,2024-03-30 15:59:34,2,
APAJH 69 CAMSP DECINES,15 AVENUE FRANKLIN ROOSEVELT,69150,DECINES-CHARPIEU,42286122900017,0.7660428881645203,M.Y.,185 AVENUE FRANKLIN ROOSEVELT,DECINES-CHARPIEU,69150,69275,FERME,2024-03-30 11:54:58,3,
APAJH 69 CAMSP DECINES,15 AVENUE FRANKLIN ROOSEVELT,69150,DECINES-CHARPIEU,90182384900020,0.7114135026931763,SD2E,185 AVENUE FRANKLIN ROOSEVELT,DECINES-CHARPIEU,69150,69275,FERME,2025-02-01 02:13:05,4,
APAJH 69 CAMSP DECINES,15 AVENUE FRANKLIN ROOSEVELT,69150,DECINES-CHARPIEU,49520638500017,0.6834422945976257,FPCAT,109 AVENUE FRANKLIN ROOSEVELT,DECINES-CHARPIEU,69150,69275,OUVERT,2024-03-30 10:49:24,5,
ASL,69 Rue Marcel Merieux,69960,CORBAS,50920124000025,0.9961549639701843,ASSOCIATION SYNDICALE LIBRE DU MARCHE DE GROS DE LYON CORBAS,69 RUE MARCEL MERIEUX,CORBAS,69960,69273,OUVERT,2024-03-30 12:42:01,1,
ASL,69 Rue Marcel Merieux,69960,CORBAS,79249138300016,0.9893418550491333,DU 41,69 RUE MARCEL MERIEUX,CORBAS,69960,69273,OUVERT,2024-03-30 11:11:13,2,
ASL,69 Rue Marcel Merieux,69960,CORBAS,49057604800022,0.979223906993866,FIGITOMM,69 RUE MARCEL MERIEUX,CORBAS,69960,69273,OUVERT,2025-01-25 02:37:16,3,
ASL,69 Rue Marcel Merieux,69960,CORBAS,40091271300023,0.9744675159454346,COMPTOIR DE L AIL,69 RUE MARCEL MERIEUX,CORBAS,69960,69273,OUVERT,2024-03-30 17:51:42,4,
ASL,69 Rue Marcel Merieux,69960,CORBAS,89067249600019,0.9653550386428833,IMMO PSE,69 RUE MARCEL MERIEUX,CORBAS,69960,69273,OUVERT,2025-10-13 16:06:30,5,
ASLI - ZACM,4 Avenue du 24 Août 1944,69960,CORBAS,44112152200029,0.9999133348464966,ASLI ZACM,4 AVENUE DU 24 AOUT 1944,CORBAS,69960,69273,OUVERT,2024-03-30 09:15:43,1,
ASLI - ZACM,4 Avenue du 24 Août 1944,69960,CORBAS,44112152200011,0.9912363290786743,ASLI ZACM,5 RUE DU MONT BLANC,CORBAS,69960,69273,FERME,2024-03-30 09:28:39,2,
ASLI - ZACM,4 Avenue du 24 Août 1944,69960,CORBAS,39797248000024,0.9677913188934326,Z.A.I.,4 AV DU 24 AOUT 1944,CORBAS,69960,69273,FERME,2025-01-22 02:56:15,3,
ASLI - ZACM,4 Avenue du 24 Août 1944,69960,CORBAS,77564652400105,0.9512429237365723,A.S.T GRAND LYON,4 AVENUE DU 24 AOUT 1944,CORBAS,69960,69273,FERME,2025-01-31 09:17:24,4,
ASLI - ZACM,4 Avenue du 24 Août 1944,69960,CORBAS,41216431100042,0.9465559720993042,RONDE DE NUIT,4 AVENUE DU 24 AOUT 1944,CORBAS,69960,69273,OUVERT,2025-01-16 02:55:01,5,
AST DECINES,"35 rue Emile Zola, Rez-de-chaussée",69150,DECINES CHARPIEU,51930431500020,0.9790028929710388,AST SERVICES,78 RUE ELISEE RECLUS,DECINES-CHARPIEU,69150,69275,OUVERT,2025-03-05 13:07:15,1,
AST DECINES,"35 rue Emile Zola, Rez-de-chaussée",69150,DECINES CHARPIEU,51930431500012,0.945301353931427,AST SERVICES,20 BOULEVARD CHARLES DE GAULLE,DECINES-CHARPIEU,69150,69275,FERME,2024-03-30 07:28:05,2,
AST DECINES,"35 rue Emile Zola, Rez-de-chaussée",69150,DECINES CHARPIEU,92437886200305,0.41478022933006287,MC2A,35 RUE EMILE ZOLA,DECINES-CHARPIEU,69150,69275,OUVERT,2025-02-04 05:17:41,3,
AST DECINES,"35 rue Emile Zola, Rez-de-chaussée",69150,DECINES CHARPIEU,39254982000943,0.399109423160553,AST GROUPE,81 RUE ELISEE RECLUS,DECINES-CHARPIEU,69150,69275,OUVERT,2025-02-05 02:10:46,4,
AST DECINES,"35 rue Emile Zola, Rez-de-chaussée",69150,DECINES CHARPIEU,38044099000022,0.29016605019569397,G'MECA,125 RUE RASPAIL,DECINES-CHARPIEU,69150,69275,FERME,2025-02-01 02:49:03,5,
ATOUT GAZ,"89 Avenue des Bruyères, Bâtiment B",69150,DECINES CHARPIEU,53011730800029,0.9926294088363647,CLIM A LYON,89 AVENUE DES BRUYERES,DECINES-CHARPIEU,69150,69275,OUVERT,2025-02-13 02:28:28,1,
ATOUT GAZ,"89 Avenue des Bruyères, Bâtiment B",69150,DECINES CHARPIEU,80812847400018,0.9779217839241028,RG MAINTENANCE GAZ,48 RUE RASPAIL,DECINES CHARPIEU,69150,69275,FERME,2024-03-30 07:07:13,2,
ATOUT GAZ,"89 Avenue des Bruyères, Bâtiment B",69150,DECINES CHARPIEU,80812847400026,0.9711488485336304,RG MAINTENANCE GAZ,98 AVENUE EDOUARD HERRIOT,DECINES-CHARPIEU,69150,69275,OUVERT,2024-03-30 06:42:00,3,
ATOUT GAZ,"89 Avenue des Bruyères, Bâtiment B",69150,DECINES CHARPIEU,33139662200010,0.9563272595405579,PETROLE GAZ SERVICES,12 RUE CURIE,DECINES-CHARPIEU,69150,69275,FERME,2024-03-30 09:44:54,4,
ATOUT GAZ,"89 Avenue des Bruyères, Bâtiment B",69150,DECINES CHARPIEU,33139662200028,0.9467355608940125,PETROLE GAZ SERVICES,22 RUE DE LA REPUBLIQUE,DECINES-CHARPIEU,69150,69275,FERME,2024-03-30 09:44:54,5,
BAGTROTTER,20 Rue Paul et Marc Barbezat,69150,DECINES-CHARPIEU,38068469600095,0.9994392991065979,BAGTROTTER,20 RUE PAUL ET MARC BARBEZAT,DECINES-CHARPIEU,69150,69275,FERME,2024-03-30 10:44:13,1,
BAGTROTTER,20 Rue Paul et Marc Barbezat,69150,DECINES-CHARPIEU,84793578000019,0.9378796219825745,20 BARBEZAT,20 RUE PAUL ET MARC BARBEZAT,DECINES-CHARPIEU,69150,69275,FERME,2024-03-30 15:12:40,2,
BAGTROTTER,20 Rue Paul et Marc Barbezat,69150,DECINES-CHARPIEU,66595018400259,0.934287428855896,OUEST ISOL,20 RUE PAUL ET MARC BARBEZAT,DECINES-CHARPIEU,69150,69275,FERME,2025-01-27 02:24:51,3,
BAGTROTTER,20 Rue Paul et Marc Barbezat,69150,DECINES-CHARPIEU,39043942000089,0.8920670747756958,DEBEAUX,20 RUE PAUL ET MARC BARBEZAT,DECINES-CHARPIEU,69150,69275,FERME,2024-03-30 18:08:30,4,
BAGTROTTER,20 Rue Paul et Marc Barbezat,69150,DECINES-CHARPIEU,85120177200031,0.8882511854171753,SP COATING,20 RUE PAUL ET MARC BARBEZAT,DECINES-CHARPIEU,69150,69275,OUVERT,2024-03-30 00:01:31,5,
BLANC ROSSET LYON,5 Rue du Mont-Blanc,69960,CORBAS,30139418500047,0.999278724193573,LE PERE BLANC ALPES VOLAILLES,1 RUE DU MONT BLANC,CORBAS,69960,69273,FERME,2024-03-22 15:40:57,1,
BLANC ROSSET LYON,5 Rue du Mont-Blanc,69960,CORBAS,41196973600015,0.9897322058677673,WBD LYON,21 AVENUE DE MONTMARTIN,CORBAS,69960,69273,FERME,2024-03-30 02:28:56,2,
BLANC ROSSET LYON,5 Rue du Mont-Blanc,69960,CORBAS,40400979700055,0.9863716959953308,MAISON LANDRIER PERE BLANC,5 RUE DU MONT BLANC,CORBAS,69960,69273,OUVERT,2025-03-27 13:06:58,3,
BLANC ROSSET LYON,5 Rue du Mont-Blanc,69960,CORBAS,98401778000011,0.9617089033126831,MHT,5 RUE DU MONT BLANC,CORBAS,69960,69273,OUVERT,2024-04-10 10:50:58,4,
BLANC ROSSET LYON,5 Rue du Mont-Blanc,69960,CORBAS,50484013300012,0.9368676543235779,BLANC NOEL,21 ALLEE HELENE BOUCHER,CORBAS,69960,69273,OUVERT,2024-03-30 12:55:50,5,
BUFAB FRANCE,21 Avenue du 24 Août 1944,69960,CORBAS,35323743100088,0.9997510313987732,CHAPELLET,21 AVENUE DU 24 AOUT 1944,CORBAS,69960,69273,OUVERT,2025-07-08 17:47:37,1,
BUFAB FRANCE,21 Avenue du 24 Août 1944,69960,CORBAS,35323743100054,0.9951477646827698,BUFAB FRANCE,36 ROUTE DE LYON,CORBAS,69960,69273,FERME,2025-07-08 17:47:37,2,
BUFAB FRANCE,21 Avenue du 24 Août 1944,69960,CORBAS,43500581400015,0.990608811378479,FRANCE INOX BUFAB,13 AV DU 24 AOUT 1944,CORBAS,69960,69273,FERME,2024-03-22 15:40:57,3,
BUFAB FRANCE,21 Avenue du 24 Août 1944,69960,CORBAS,43500581400023,0.989654004573822,FRANCE INOX BUFAB,36 RTE DE LYON,CORBAS,69960,69273,FERME,2024-03-22 15:40:57,4,
BUFAB FRANCE,21 Avenue du 24 Août 1944,69960,CORBAS,35323743100013,0.9873005747795105,BUFAB FRANCE,657 RUE DU CARREAU,CORBAS,69960,69273,FERME,2025-01-28 02:44:53,5,
Babolat Corbas,1 avenue du 24 Aout 1944,69960,CORBAS,55213140100101,0.9990739822387695,BABOLAT VS,1 AVENUE DU 24 AOUT 1944,CORBAS,69960,69273,OUVERT,2024-03-30 07:29:58,1,
Babolat Corbas,1 avenue du 24 Aout 1944,69960,CORBAS,55213140100101,0.9990739822387695,BABOLAT VS,1 AVENUE DU 24 AOUT 1944,CORBAS,69960,69273,OUVERT,2024-03-30 07:29:58,1,
Babolat Corbas,1 avenue du 24 Aout 1944,69960,CORBAS,55213140100101,0.9990739822387695,BABOLAT VS,1 AVENUE DU 24 AOUT 1944,CORBAS,69960,69273,OUVERT,2024-03-30 07:29:58,1,
Babolat Corbas,1 avenue du 24 Aout 1944,69960,CORBAS,32274915100278,0.904172420501709,LACOMBE TRANSPORTS INTERNATIONAUX,1 AV DU 24 AOUT 1944,CORBAS,69960,69273,FERME,2025-01-21 02:52:54,2,
Babolat Corbas,1 avenue du 24 Aout 1944,69960,CORBAS,32274915100278,0.904172420501709,LACOMBE TRANSPORTS INTERNATIONAUX,1 AV DU 24 AOUT 1944,CORBAS,69960,69273,FERME,2025-01-21 02:52:54,2,
Babolat Corbas,1 avenue du 24 Aout 1944,69960,CORBAS,32274915100278,0.904172420501709,LACOMBE TRANSPORTS INTERNATIONAUX,1 AV DU 24 AOUT 1944,CORBAS,69960,69273,FERME,2025-01-21 02:52:54,2,
Babolat Corbas,1 avenue du 24 Aout 1944,69960,CORBAS,34459795000031,0.8641716837882996,FES,1 AVENUE DU 24 AOUT 1944,CORBAS,69960,69273,FERME,2024-03-30 11:18:50,3,
Babolat Corbas,1 avenue du 24 Aout 1944,69960,CORBAS,34459795000031,0.8641716837882996,FES,1 AVENUE DU 24 AOUT 1944,CORBAS,69960,69273,FERME,2024-03-30 11:18:50,3,
Babolat Corbas,1 avenue du 24 Aout 1944,69960,CORBAS,34459795000031,0.8641716837882996,FES,1 AVENUE DU 24 AOUT 1944,CORBAS,69960,69273,FERME,2024-03-30 11:18:50,3,
Babolat Corbas,1 avenue du 24 Aout 1944,69960,CORBAS,95450547500036,0.8391379714012146,ETABLISSEMENTS G. DURRSCHMIDT,1 AVENUE DU 24 AOUT 1944,CORBAS,69960,69273,FERME,2024-03-30 06:08:28,4,
Babolat Corbas,1 avenue du 24 Aout 1944,69960,CORBAS,95450547500036,0.8391379714012146,ETABLISSEMENTS G. DURRSCHMIDT,1 AVENUE DU 24 AOUT 1944,CORBAS,69960,69273,FERME,2024-03-30 06:08:28,4,
Babolat Corbas,1 avenue du 24 Aout 1944,69960,CORBAS,95450547500036,0.8391379714012146,ETABLISSEMENTS G. DURRSCHMIDT,1 AVENUE DU 24 AOUT 1944,CORBAS,69960,69273,FERME,2024-03-30 06:08:28,4,
Babolat Corbas,1 avenue du 24 Aout 1944,69960,CORBAS,37932444500012,0.7820568084716797,COMITE D'ENTREPRISE DUMSCHMIDT,1 AVENUE DU 24 AOUT 1944,CORBAS,69960,69273,OUVERT,2025-02-03 02:24:48,5,
Babolat Corbas,1 avenue du 24 Aout 1944,69960,CORBAS,37932444500012,0.7820568084716797,COMITE D'ENTREPRISE DUMSCHMIDT,1 AVENUE DU 24 AOUT 1944,CORBAS,69960,69273,OUVERT,2025-02-03 02:24:48,5,
Babolat Corbas,1 avenue du 24 Aout 1944,69960,CORBAS,37932444500012,0.7820568084716797,COMITE D'ENTREPRISE DUMSCHMIDT,1 AVENUE DU 24 AOUT 1944,CORBAS,69960,69273,OUVERT,2025-02-03 02:24:48,5,
Blanc-Rosset Lyon,5 RUE DU MONT BLANC,69960,CORBAS,98401778000011,0.9889625906944275,MHT,5 RUE DU MONT BLANC,CORBAS,69960,69273,OUVERT,2024-04-10 10:50:58,1,
Blanc-Rosset Lyon,5 RUE DU MONT BLANC,69960,CORBAS,30139418500047,0.9805185794830322,LE PERE BLANC ALPES VOLAILLES,1 RUE DU MONT BLANC,CORBAS,69960,69273,FERME,2024-03-22 15:40:57,2,
Blanc-Rosset Lyon,5 RUE DU MONT BLANC,69960,CORBAS,40400979700055,0.8154900670051575,MAISON LANDRIER PERE BLANC,5 RUE DU MONT BLANC,CORBAS,69960,69273,OUVERT,2025-03-27 13:06:58,3,
Blanc-Rosset Lyon,5 RUE DU MONT BLANC,69960,CORBAS,79470553300063,0.774564802646637,RAS 250,5 RUE DU MONT BLANC,CORBAS,69960,69273,OUVERT,2025-01-17 02:31:34,4,
Blanc-Rosset Lyon,5 RUE DU MONT BLANC,69960,CORBAS,32456999500016,0.7666054964065552,SYLVAINE MARCHE,5 RUE DU MONT BLANC,CORBAS,69960,69273,FERME,2024-03-22 15:40:57,5,
CAMSP de Décines  APAJH,15 AVENUE FRANKLIN ROOSEVELT,69150,DECINES CHARPIEU,78457968202902,0.9995419979095459,FEDERATION APAJH,15 AVENUE FRANKLIN ROOSEVELT,DECINES-CHARPIEU,69150,69275,OUVERT,2025-01-18 02:17:49,1,
CAMSP de Décines  APAJH,15 AVENUE FRANKLIN ROOSEVELT,69150,DECINES CHARPIEU,33402687900075,0.9747841358184814,APAJH,16 RUE SULLY,DECINES-CHARPIEU,69150,69275,FERME,2025-01-14 02:19:49,2,
CAMSP de Décines  APAJH,15 AVENUE FRANKLIN ROOSEVELT,69150,DECINES CHARPIEU,38832234900019,0.9528448581695557,JKSG,15 AVENUE FRANKLIN ROOSEVELT,DECINES-CHARPIEU,69150,69275,FERME,2024-03-30 15:59:34,3,
CAMSP de Décines  APAJH,15 AVENUE FRANKLIN ROOSEVELT,69150,DECINES CHARPIEU,49012842800011,0.8605076670646667,P.M.H.,127 AVENUE FRANKLIN ROOSEVELT,DECINES-CHARPIEU,69150,69275,FERME,2024-03-30 18:45:29,4,
CAMSP de Décines  APAJH,15 AVENUE FRANKLIN ROOSEVELT,69150,DECINES CHARPIEU,90445380000016,0.7793002724647522,ANK DISTRIBUTIONS,17 AVENUE FRANKLIN ROOSEVELT,DECINES-CHARPIEU,69150,69275,FERME,2025-02-19 13:08:41,5,
CAP VI CORBAS,2 Avenue de l Industrie,69960,CORBAS,31857056100163,0.9989099502563477,CAP V.I,18 AVENUE DE L'INDUSTRIE,CORBAS,69960,69273,OUVERT,2025-09-04 09:56:04,1,
CAP VI CORBAS,2 Avenue de l Industrie,69960,CORBAS,31857056100064,0.9855843186378479,CAP V.I,47 AVENUE GABRIEL PERI,CORBAS,69960,69273,FERME,2025-02-15 02:10:19,2,
CAP VI CORBAS,2 Avenue de l Industrie,69960,CORBAS,21690273400013,0.9535404443740845,MAIRIE,PL CHARLES JOCTEUR,CORBAS,69960,69273,OUVERT,2024-03-30 03:33:42,3,
CAP VI CORBAS,2 Avenue de l Industrie,69960,CORBAS,52472544700022,0.9281086325645447,CAP VALO,5 RUE AMPERE,CORBAS,69960,69273,FERME,2024-03-22 15:40:57,4,
CAP VI CORBAS,2 Avenue de l Industrie,69960,CORBAS,43877412700056,0.8788251280784607,CAP TERRE,1 IMPASSE DU RHONE,CORBAS,69960,69273,FERME,2024-03-30 04:34:39,5,
CHAMPILYON,69 Rue Marcel Merieux,69960,CORBAS,38388325300023,0.9998729228973389,CHAMPILYON,69 RUE MARCEL MERIEUX,CORBAS,69960,69273,OUVERT,2025-01-15 02:08:54,1,
CHAMPILYON,69 Rue Marcel Merieux,69960,CORBAS,43533987400024,0.997833788394928,CHAMPI TOMM,69 RUE MARCEL MERIEUX,CORBAS,69960,69273,OUVERT,2025-02-11 02:29:30,2,
CHAMPILYON,69 Rue Marcel Merieux,69960,CORBAS,79249138300016,0.9897407293319702,DU 41,69 RUE MARCEL MERIEUX,CORBAS,69960,69273,OUVERT,2024-03-30 11:11:13,3,
CHAMPILYON,69 Rue Marcel Merieux,69960,CORBAS,84146910900018,0.9892380237579346,VERT FRAMBOISE,69 RUE MARCEL MERIEUX,CORBAS,69960,69273,OUVERT,2025-10-13 19:16:06,4,
CHAMPILYON,69 Rue Marcel Merieux,69960,CORBAS,79468653500038,0.9866397976875305,LYON SAVEURS,69 RUE MARCEL MERIEUX,CORBAS,69960,69273,OUVERT,2025-01-18 02:07:00,5,
CHARCUTERIE TRAITEUR SELECTION,7 Avenue de Montmartin,69960,CORBAS,95039687900088,0.9996569156646729,CTS,5 AVENUE DE MONTMARTIN,CORBAS,69960,69273,FERME,2025-10-29 10:16:54,1,
CHARCUTERIE TRAITEUR SELECTION,7 Avenue de Montmartin,69960,CORBAS,87910748000037,0.9903806447982788,RY2C,7 AVENUE DE MONTMARTIN,CORBAS,69960,69273,OUVERT,2024-08-05 13:50:06,2,
CHARCUTERIE TRAITEUR SELECTION,7 Avenue de Montmartin,69960,CORBAS,95039687900054,0.9646691679954529,CTS,31 RUE DE LA VANOISE,CORBAS,69960,69273,FERME,2024-03-29 23:00:45,3,
CHARCUTERIE TRAITEUR SELECTION,7 Avenue de Montmartin,69960,CORBAS,31446535200032,0.9174721240997314,CSL,LES TAILLIS,CORBAS,69960,69273,OUVERT,2025-01-24 02:54:38,4,
CHARCUTERIE TRAITEUR SELECTION,7 Avenue de Montmartin,69960,CORBAS,92824877200016,0.8521953821182251,FRESH AND PACK,7 AVENUE DE MONTMARTIN,CORBAS,69960,69273,OUVERT,2025-04-27 02:06:43,5,
CHRONOPOST - Agence  LYON SANTE FRESH,42 BOULEVARD DES NATIONS,69960,CORBAS,38396013502974,0.9990718364715576,CHRONOPOST,42 BOULEVARD DES NATIONS,CORBAS,69960,69273,OUVERT,2025-01-23 02:40:01,1,
CHRONOPOST - Agence  LYON SANTE FRESH,42 BOULEVARD DES NATIONS,69960,CORBAS,50921047200155,0.9961519837379456,CHRONOFRESH,42 BOULEVARD DES NATIONS,CORBAS,69960,69273,OUVERT,2024-03-30 06:45:41,2,
CHRONOPOST - Agence  LYON SANTE FRESH,42 BOULEVARD DES NATIONS,69960,CORBAS,38469201800086,0.9843829274177551,STERNE CARE,42 BOULEVARD DES NATIONS,CORBAS,69960,69273,OUVERT,2025-03-11 05:19:45,3,
CHRONOPOST - Agence  LYON SANTE FRESH,42 BOULEVARD DES NATIONS,69960,CORBAS,50921047200122,0.9776396751403809,CHRONOFRESH,6 AVENUE GABRIEL PERI,CORBAS,69960,69273,OUVERT,2024-03-30 06:45:41,4,
CHRONOPOST - Agence  LYON SANTE FRESH,42 BOULEVARD DES NATIONS,69960,CORBAS,38396013501554,0.9637089967727661,CHRONOPOST,6 AVENUE GABRIEL PERI,CORBAS,69960,69273,OUVERT,2025-01-23 02:27:39,5,
CHRONOPOST - Agence DE CORBAS,6 Avenue Gabriel Péri ,69960,CORBAS,38396013501554,0.9992033839225769,CHRONOPOST,6 AVENUE GABRIEL PERI,CORBAS,69960,69273,OUVERT,2025-01-23 02:27:39,1,
CHRONOPOST - Agence DE CORBAS,6 Avenue Gabriel Péri ,69960,CORBAS,50921047200122,0.986850380897522,CHRONOFRESH,6 AVENUE GABRIEL PERI,CORBAS,69960,69273,OUVERT,2024-03-30 06:45:41,2,
CHRONOPOST - Agence DE CORBAS,6 Avenue Gabriel Péri ,69960,CORBAS,38396013502974,0.9829077124595642,CHRONOPOST,42 BOULEVARD DES NATIONS,CORBAS,69960,69273,OUVERT,2025-01-23 02:40:01,3,
CHRONOPOST - Agence DE CORBAS,6 Avenue Gabriel Péri ,69960,CORBAS,39950664100766,0.8266111612319946,ATALIAN PROPRETE,6 AVENUE GABRIEL PERI,CORBAS,69960,69273,OUVERT,2025-02-12 02:29:39,4,
CHRONOPOST - Agence DE CORBAS,6 Avenue Gabriel Péri ,69960,CORBAS,67185001400281,0.8166030645370483,GEODIS RT CHIMIE LILLEBONNE,6 AVENUE GABRIEL PERI,CORBAS,69960,69273,FERME,2024-03-30 10:42:07,5,
CMR LOCATION,8 Avenue de l'Industrie,69960,CORBAS,49069921200026,0.999869704246521,CMR LOCATION,8 AVENUE DE L'INDUSTRIE,CORBAS,69960,69273,OUVERT,2025-02-17 02:19:07,1,
CMR LOCATION,8 Avenue de l'Industrie,69960,CORBAS,43922065800041,0.9939594268798828,T.D.E,8 AVENUE DE L'INDUSTRIE,CORBAS,69960,69273,FERME,2024-03-30 15:49:57,2,
CMR LOCATION,8 Avenue de l'Industrie,69960,CORBAS,31822472200021,0.988049328327179,LOCATION ET TRANSPORTS F. MARGIOTTA,20 AVENUE DU 24 AOUT 1944,CORBAS,69960,69273,FERME,2024-03-30 12:27:03,3,
CMR LOCATION,8 Avenue de l'Industrie,69960,CORBAS,91437134900012,0.9804334044456482,RHONE SERVICES LOCATION,8 AVENUE DE L'INDUSTRIE,CORBAS,69960,69273,FERME,2025-07-28 05:10:33,4,
CMR LOCATION,8 Avenue de l'Industrie,69960,CORBAS,80282923400029,0.9622227549552917,HOLDING S.M.C.C.,8 AVENUE DE L'INDUSTRIE,CORBAS,69960,69273,FERME,2025-10-22 15:57:09,5,
CMT,76 Rue Paul et Marc Barbezat,69150,DECINES-CHARPIEU,30742038000023,0.9998462200164795,CMT,76 RUE PAUL ET MARC BARBEZAT,DECINES-CHARPIEU,69150,69275,OUVERT,2025-02-05 02:27:38,1,
CMT,76 Rue Paul et Marc Barbezat,69150,DECINES-CHARPIEU,99181968100016,0.9987308382987976,CMT BIAX,76 RUE PAUL ET MARC BARBEZAT,DECINES-CHARPIEU,69150,69275,OUVERT,2025-10-07 05:22:40,2,
CMT,76 Rue Paul et Marc Barbezat,69150,DECINES-CHARPIEU,81918758400019,0.9982393980026245,CMT AUTOS,63 RUE PAUL ET MARC BARBEZAT,DECINES-CHARPIEU,69150,69275,FERME,2024-03-30 01:54:05,3,
CMT,76 Rue Paul et Marc Barbezat,69150,DECINES-CHARPIEU,35304274000012,0.9761316776275635,SORELI,76 RUE PAUL ET MARC BARBEZAT,DECINES-CHARPIEU,69150,69275,FERME,2025-01-22 02:56:15,4,
CMT,76 Rue Paul et Marc Barbezat,69150,DECINES-CHARPIEU,41903825200013,0.9747099280357361,GB FINANCE,76 RUE PAUL ET MARC BARBEZAT,DECINES-CHARPIEU,69150,69275,FERME,2025-01-14 02:49:59,5,
COFRULY,69 Rue Marcel Merieux,69960,CORBAS,38230906000020,0.9998241066932678,COFRULY,69 RUE MARCEL MERIEUX,CORBAS,69960,69273,OUVERT,2025-07-04 10:47:09,1,
COFRULY,69 Rue Marcel Merieux,69960,CORBAS,48210635800021,0.9887479543685913,PAMEX,69 RUE MARCEL MERIEUX,CORBAS,69960,69273,FERME,2025-02-07 02:14:28,2,
COFRULY,69 Rue Marcel Merieux,69960,CORBAS,42900125800020,0.9870009422302246,BLANCHE,69 RUE MARCEL MERIEUX,CORBAS,69960,69273,FERME,2024-03-30 03:41:38,3,
COFRULY,69 Rue Marcel Merieux,69960,CORBAS,42037022300034,0.981704592704773,COULEURS PRIMEURS,69 RUE MARCEL MERIEUX,CORBAS,69960,69273,OUVERT,2024-03-30 11:45:52,4,
COFRULY,69 Rue Marcel Merieux,69960,CORBAS,79249138300016,0.9790152311325073,DU 41,69 RUE MARCEL MERIEUX,CORBAS,69960,69273,OUVERT,2024-03-30 11:11:13,5,
COMPTOIR DE L AIL,69 Rue Marcel Merieux,69960,CORBAS,40091271300023,0.9998481273651123,COMPTOIR DE L AIL,69 RUE MARCEL MERIEUX,CORBAS,69960,69273,OUVERT,2024-03-30 17:51:42,1,
COMPTOIR DE L AIL,69 Rue Marcel Merieux,69960,CORBAS,96550106700056,0.9775906801223755,CLEDOR LA PROVENCE,69 RUE MARCEL MERIEUX,CORBAS,69960,69273,OUVERT,2024-04-25 13:09:11,2,
COMPTOIR DE L AIL,69 Rue Marcel Merieux,69960,CORBAS,44209549300049,0.9761584401130676,JABRI,69 RUE MARCEL MERIEUX,CORBAS,69960,69273,OUVERT,2024-03-30 08:38:42,3,
COMPTOIR DE L AIL,69 Rue Marcel Merieux,69960,CORBAS,89067198500012,0.9748705625534058,4CFJ,69 RUE MARCEL MERIEUX,CORBAS,69960,69273,OUVERT,2025-02-17 02:14:21,4,
COMPTOIR DE L AIL,69 Rue Marcel Merieux,69960,CORBAS,77983234400088,0.9728108048439026,SOLY IMPORT,69 RUE MARCEL MERIEUX,CORBAS,69960,69273,OUVERT,2024-03-30 15:57:53,5,
CORALLIS,6 Rue du Dauphiné,69960,CORBAS,42152046100367,0.950207531452179,CORALLIS FORMATION PROFESSIONNELLE,6 RUE DU DAUPHINE,CORBAS,69960,69273,OUVERT,2025-01-16 03:15:48,1,
CORALLIS,6 Rue du Dauphiné,69960,CORBAS,32345901600032,0.868463397026062,MERMET R CORBAS,6 RUE DU DAUPHINE,CORBAS,69960,69273,FERME,2024-03-30 10:48:45,2,
CORALLIS,6 Rue du Dauphiné,69960,CORBAS,60612032700030,0.8308210372924805,ROBERT MERMET,6 RUE DU DAUPHINE,CORBAS,69960,69273,OUVERT,2024-03-30 14:04:14,3,
CORALLIS,6 Rue du Dauphiné,69960,CORBAS,39937378600132,0.7723388075828552,AGROLOGIS,6 RUE DU DAUPHINE,CORBAS,69960,69273,OUVERT,2024-03-30 15:31:30,4,
CORALLIS,6 Rue du Dauphiné,69960,CORBAS,44107723700028,0.6461160182952881,GEMLOG (GPT EMPLOYEURS LOGISTIQUE ),6 RUE DU DAUPHINE,CORBAS,69960,69273,OUVERT,2024-03-30 01:55:26,5,
CORBAS - ALLENDE,38 avenue Salvador Allende,69960,CORBAS,21690273400013,0.800351619720459,MAIRIE,PL CHARLES JOCTEUR,CORBAS,69960,69273,OUVERT,2024-03-30 03:33:42,1,
CORBAS - ALLENDE,38 avenue Salvador Allende,69960,CORBAS,22690001701186,0.795743465423584,MDR MEDICO SOCIAL,38 AVENUE SALVADOR ALLENDE,CORBAS,69960,69273,OUVERT,2025-02-14 02:27:39,2,
CORBAS - ALLENDE,38 avenue Salvador Allende,69960,CORBAS,30678258200028,0.6816459894180298,ALLEMAND ET DE LAVIE,24 AV SALVADOR ALLENDE,CORBAS,69960,69273,FERME,2024-03-22 15:40:57,3,
CORBAS - ALLENDE,38 avenue Salvador Allende,69960,CORBAS,91047578900020,0.5953892469406128,BIEN BOIRE A CORBAS,8 RUE DES ROSES,CORBAS,69960,69273,OUVERT,2024-03-30 14:55:41,4,
CORBAS - ALLENDE,38 avenue Salvador Allende,69960,CORBAS,39388610600011,0.5353937149047852,AGRO CORBAS SERVICES,4 RUE DU MONT BLANC,CORBAS,69960,69273,FERME,2024-03-22 15:40:57,5,
CORBAS - COLLEGE CASSIN,chemin des Romanettes,69960,CORBAS,19692898000016,0.9993836879730225,CLG,CHEMIN DES ROMANETTES,CORBAS,69960,69273,OUVERT,2025-01-31 02:24:40,1,
CORBAS - COLLEGE CASSIN,chemin des Romanettes,69960,CORBAS,19692898000016,0.9993836879730225,CLG,CHEMIN DES ROMANETTES,CORBAS,69960,69273,OUVERT,2025-01-31 02:24:40,1,
CORBAS - COLLEGE CASSIN,chemin des Romanettes,69960,CORBAS,32099119300014,0.9686691761016846,ASS SPORTIVE COLLEGE RENE CASSIN,CHEMIN DES ROMANETTES,CORBAS,69960,69273,OUVERT,2024-03-30 04:44:56,2,
CORBAS - COLLEGE CASSIN,chemin des Romanettes,69960,CORBAS,32099119300014,0.9686691761016846,ASS SPORTIVE COLLEGE RENE CASSIN,CHEMIN DES ROMANETTES,CORBAS,69960,69273,OUVERT,2024-03-30 04:44:56,2,
CORBAS - COLLEGE CASSIN,chemin des Romanettes,69960,CORBAS,48392159900013,0.9281570315361023,16 R DU COLLEGE,19 ROUTE DE SAINT SYMPHORIEN D'OZON,CORBAS,69960,69273,OUVERT,2024-03-30 05:32:53,3,
CORBAS - COLLEGE CASSIN,chemin des Romanettes,69960,CORBAS,48392159900013,0.9281570315361023,16 R DU COLLEGE,19 ROUTE DE SAINT SYMPHORIEN D'OZON,CORBAS,69960,69273,OUVERT,2024-03-30 05:32:53,3,
CORBAS - COLLEGE CASSIN,chemin des Romanettes,69960,CORBAS,32099120100015,0.8826672434806824,FOYER SOCIO EDUCATIF DU COLLEGE RENE CASSIN,CHEMIN DES ROMANETTES,CORBAS,69960,69273,OUVERT,2025-01-20 02:49:40,4,
CORBAS - COLLEGE CASSIN,chemin des Romanettes,69960,CORBAS,32099120100015,0.8826672434806824,FOYER SOCIO EDUCATIF DU COLLEGE RENE CASSIN,CHEMIN DES ROMANETTES,CORBAS,69960,69273,OUVERT,2025-01-20 02:49:40,4,
CORBAS - COLLEGE CASSIN,chemin des Romanettes,69960,CORBAS,51266043200018,0.38920608162879944,QUIBLIER DEVELOPPEMENT,19 RUE DU VERCORS,CORBAS,69960,69273,FERME,2024-03-22 15:40:57,5,
CORBAS - COLLEGE CASSIN,chemin des Romanettes,69960,CORBAS,51266043200018,0.38920608162879944,QUIBLIER DEVELOPPEMENT,19 RUE DU VERCORS,CORBAS,69960,69273,FERME,2024-03-22 15:40:57,5,
CORETEC CONCEPTION REALISAT,64 Avenue des Bruyères,69150,DECINES-CHARPIEU,41940199700038,0.9994169473648071,CORETEC,64 AVENUE DES BRUYERES,DECINES-CHARPIEU,69150,69275,OUVERT,2025-07-16 16:36:54,1,
CORETEC CONCEPTION REALISAT,64 Avenue des Bruyères,69150,DECINES-CHARPIEU,41940199700046,0.9935358762741089,CORETEC,47 AVENUE DES BRUYERES,DECINES-CHARPIEU,69150,69275,OUVERT,2025-04-06 02:05:58,2,
CORETEC CONCEPTION REALISAT,64 Avenue des Bruyères,69150,DECINES-CHARPIEU,39479066100018,0.9585850834846497,PUBLI CONCEPT COMMUNICATION GRAPHIQUE,54 RUE RASPAIL,DECINES-CHARPIEU,69150,69275,OUVERT,2025-01-30 02:41:23,3,
CORETEC CONCEPTION REALISAT,64 Avenue des Bruyères,69150,DECINES-CHARPIEU,83057263200016,0.9188944101333618,INOVIA CONCEPT,42 RUE VAUCANSON,DECINES-CHARPIEU,69150,69275,OUVERT,2024-03-30 01:35:22,4,
CORETEC CONCEPTION REALISAT,64 Avenue des Bruyères,69150,DECINES-CHARPIEU,82148118100021,0.8527899980545044,PAYSAGE CONCEPT,34 RUE FRANCISCO FERRER,DECINES-CHARPIEU,69150,69275,OUVERT,2024-03-30 03:55:12,5,
COTE FRAIS DISTRIBUTION,17 Rue Du Vercors,69960,CORBAS,79143049900032,0.9997391104698181,COTE FRAIS DISTRIBUTION LYON,17 RUE DU VERCORS,CORBAS,69960,69273,OUVERT,2025-01-15 03:20:47,1,
COTE FRAIS DISTRIBUTION,17 Rue Du Vercors,69960,CORBAS,49246772500056,0.9993751645088196,COTE FRAIS DISTRIBUTION,17 RUE DU VERCORS,CORBAS,69960,69273,OUVERT,2024-03-30 12:16:15,2,
COTE FRAIS DISTRIBUTION,17 Rue Du Vercors,69960,CORBAS,79367339300013,0.9931981563568115,COLIS FRAIS,17 RUE DU VERCORS,CORBAS,69960,69273,FERME,2024-03-22 15:40:57,3,
COTE FRAIS DISTRIBUTION,17 Rue Du Vercors,69960,CORBAS,97951603600030,0.9922153353691101,FRESH DISTRIBUTION,17 RUE DU VERCORS,CORBAS,69960,69273,OUVERT,2025-10-23 12:56:40,4,
COTE FRAIS DISTRIBUTION,17 Rue Du Vercors,69960,CORBAS,38760403600013,0.9392102360725403,DU CHEMIN DE LA COTE,11 RUE FREDERIC CHOPIN,CORBAS,69960,69273,OUVERT,2024-03-30 14:46:24,5,
COULEUR PRIMEUR,69 Rue Marcel Merieux,69960,CORBAS,42037022300034,0.9993863105773926,COULEURS PRIMEURS,69 RUE MARCEL MERIEUX,CORBAS,69960,69273,OUVERT,2024-03-30 11:45:52,1,
COULEUR PRIMEUR,69 Rue Marcel Merieux,69960,CORBAS,50062848200027,0.9942817687988281,MARCHE DE CORBAS,69 RUE MARCEL MERIEUX,CORBAS,69960,69273,OUVERT,2024-07-16 14:26:28,2,
COULEUR PRIMEUR,69 Rue Marcel Merieux,69960,CORBAS,97250554900022,0.9931818842887878,MILAN PRIMEURS,69 RUE MARCEL MERIEUX,CORBAS,69960,69273,OUVERT,2024-03-30 09:57:35,3,
COULEUR PRIMEUR,69 Rue Marcel Merieux,69960,CORBAS,78015368000076,0.9928230047225952,VINDRY,69 RUE MARCEL MERIEUX,CORBAS,69960,69273,OUVERT,2025-01-19 03:16:01,4,
COULEUR PRIMEUR,69 Rue Marcel Merieux,69960,CORBAS,32876129100025,0.9912652373313904,EKVAL PRIMEURS,69 RUE MARCEL MERIEUX,CORBAS,69960,69273,FERME,2024-03-22 15:40:57,5,
DAD,7 Avenue de Montmartin,69960,CORBAS,89766474400025,0.9989734888076782,DAD,7 AVENUE DE MONTMARTIN,CORBAS,69960,69273,OUVERT,2024-03-30 10:22:57,1,
DAD,7 Avenue de Montmartin,69960,CORBAS,89766474400017,0.9889165163040161,DAD,RUE DE LA CHARTREUSE,CORBAS,69960,69273,FERME,2025-01-27 03:09:26,2,
DAD,7 Avenue de Montmartin,69960,CORBAS,51359179200058,0.9553013443946838,MY INVEST CONSULTING,7 AVENUE DE MONTMARTIN,CORBAS,69960,69273,OUVERT,2024-08-02 15:30:47,3,
DAD,7 Avenue de Montmartin,69960,CORBAS,52224113200037,0.9528307914733887,DENERGIE,7 AVENUE DE MONTMARTIN,CORBAS,69960,69273,OUVERT,2025-02-15 02:18:52,4,
DAD,7 Avenue de Montmartin,69960,CORBAS,87910748000037,0.9328746795654297,RY2C,7 AVENUE DE MONTMARTIN,CORBAS,69960,69273,OUVERT,2024-08-05 13:50:06,5,
DASIR (Dépot Auto Sport Industrie Rhodanien),5 Rue de Catalogne,69150,DECINES CHARPIEU,30327422900051,0.9997352957725525,DASIR,5 RUE DE CATALOGNE,DECINES-CHARPIEU,69150,69275,OUVERT,2025-01-15 03:08:54,1,
DASIR (Dépot Auto Sport Industrie Rhodanien),5 Rue de Catalogne,69150,DECINES CHARPIEU,30327422900077,0.9466373324394226,DASIR,85 RUE ELISEE RECLUS,DECINES-CHARPIEU,69150,69275,OUVERT,2025-01-17 02:12:09,2,
DASIR (Dépot Auto Sport Industrie Rhodanien),5 Rue de Catalogne,69150,DECINES CHARPIEU,30327422900085,0.9342424869537354,DASIR,91 AVENUE FRANKLIN ROOSEVELT,DECINES-CHARPIEU,69150,69275,OUVERT,2024-10-05 05:23:35,3,
DASIR (Dépot Auto Sport Industrie Rhodanien),5 Rue de Catalogne,69150,DECINES CHARPIEU,30327422900044,0.9342424869537354,DASIR,91 AVENUE FRANKLIN ROOSEVELT,DECINES-CHARPIEU,69150,69275,FERME,2024-03-30 11:17:06,4,
DASIR (Dépot Auto Sport Industrie Rhodanien),5 Rue de Catalogne,69150,DECINES CHARPIEU,30327422900036,0.9312559366226196,DASIR,171 AVENUE FRANKLIN ROOSEVELT,DECINES-CHARPIEU,69150,69275,FERME,2024-03-30 11:17:03,5,
DECINES - COLLEGE BASTIE,107-115 rue Emile Zola,69150,DECINES CHARPIEU,19691495600012,0.9996604919433594,CLG,107 RUE EMILE ZOLA,DECINES-CHARPIEU,69150,69275,OUVERT,2024-03-30 10:56:10,1,
DECINES - COLLEGE BASTIE,107-115 rue Emile Zola,69150,DECINES-CHARPIEU,19691495600012,0.9996604919433594,CLG,107 RUE EMILE ZOLA,DECINES-CHARPIEU,69150,69275,OUVERT,2024-03-30 10:56:10,1,
DECINES - COLLEGE BASTIE,107-115 rue Emile Zola,69150,DECINES CHARPIEU,32368680800011,0.9911763668060303,CONSEIL PARENTS ELEVES DU COLLEGE BASTIE,107 RUE EMILE ZOLA,DECINES-CHARPIEU,69150,69275,FERME,2024-03-30 17:28:19,2,
DECINES - COLLEGE BASTIE,107-115 rue Emile Zola,69150,DECINES-CHARPIEU,32368680800011,0.9911763668060303,CONSEIL PARENTS ELEVES DU COLLEGE BASTIE,107 RUE EMILE ZOLA,DECINES-CHARPIEU,69150,69275,FERME,2024-03-30 17:28:19,2,
DECINES - COLLEGE BASTIE,107-115 rue Emile Zola,69150,DECINES CHARPIEU,53239583700018,0.9668074250221252,FOYER SOCIO EDUCATIF DU COLLEGE GEORGES BRASSENS,17 AVENUE SALVADOR ALLENDE,DECINES-CHARPIEU,69150,69275,OUVERT,2024-03-30 11:10:36,3,
DECINES - COLLEGE BASTIE,107-115 rue Emile Zola,69150,DECINES-CHARPIEU,53239583700018,0.9668074250221252,FOYER SOCIO EDUCATIF DU COLLEGE GEORGES BRASSENS,17 AVENUE SALVADOR ALLENDE,DECINES-CHARPIEU,69150,69275,OUVERT,2024-03-30 11:10:36,3,
DECINES - COLLEGE BASTIE,107-115 rue Emile Zola,69150,DECINES CHARPIEU,19692157100010,0.9514957070350647,CLG,50 RUE SULLY,DECINES-CHARPIEU,69150,69275,OUVERT,2025-02-05 02:08:10,4,
DECINES - COLLEGE BASTIE,107-115 rue Emile Zola,69150,DECINES-CHARPIEU,19692157100010,0.9514957070350647,CLG,50 RUE SULLY,DECINES-CHARPIEU,69150,69275,OUVERT,2025-02-05 02:08:10,4,
DECINES - COLLEGE BASTIE,107-115 rue Emile Zola,69150,DECINES CHARPIEU,50898280800018,0.9348527789115906,ASSOCIATION SPORTIVE DU COLLEGE MARYSE BASTIE,107 RUE EMILE ZOLA,DECINES-CHARPIEU,69150,69275,OUVERT,2025-02-02 02:21:24,5,
DECINES - COLLEGE BASTIE,107-115 rue Emile Zola,69150,DECINES-CHARPIEU,50898280800018,0.9348527789115906,ASSOCIATION SPORTIVE DU COLLEGE MARYSE BASTIE,107 RUE EMILE ZOLA,DECINES-CHARPIEU,69150,69275,OUVERT,2025-02-02 02:21:24,5,
DECINES - COLLEGE BRASSENS,17 AVENUE SALVADOR ALLENDE,69150,DECINES CHARPIEU,19692157100010,0.9963322281837463,CLG,50 RUE SULLY,DECINES-CHARPIEU,69150,69275,OUVERT,2025-02-05 02:08:10,1,
DECINES - COLLEGE BRASSENS,17 AVENUE SALVADOR ALLENDE,69150,DECINES-CHARPIEU,19692157100010,0.9963322281837463,CLG,50 RUE SULLY,DECINES-CHARPIEU,69150,69275,OUVERT,2025-02-05 02:08:10,1,
DECINES - COLLEGE BRASSENS,17 AVENUE SALVADOR ALLENDE,69150,DECINES CHARPIEU,53239583700018,0.9885128736495972,FOYER SOCIO EDUCATIF DU COLLEGE GEORGES BRASSENS,17 AVENUE SALVADOR ALLENDE,DECINES-CHARPIEU,69150,69275,OUVERT,2024-03-30 11:10:36,2,
DECINES - COLLEGE BRASSENS,17 AVENUE SALVADOR ALLENDE,69150,DECINES-CHARPIEU,53239583700018,0.9885128736495972,FOYER SOCIO EDUCATIF DU COLLEGE GEORGES BRASSENS,17 AVENUE SALVADOR ALLENDE,DECINES-CHARPIEU,69150,69275,OUVERT,2024-03-30 11:10:36,2,
DECINES - COLLEGE BRASSENS,17 AVENUE SALVADOR ALLENDE,69150,DECINES CHARPIEU,53300386900013,0.9811413288116455,ASSOCIATION SPORTIVE DU COLLEGE GEORGES BRASSENS,50 RUE SULLY,DECINES-CHARPIEU,69150,69275,OUVERT,2024-03-30 09:53:47,3,
DECINES - COLLEGE BRASSENS,17 AVENUE SALVADOR ALLENDE,69150,DECINES-CHARPIEU,53300386900013,0.9811413288116455,ASSOCIATION SPORTIVE DU COLLEGE GEORGES BRASSENS,50 RUE SULLY,DECINES-CHARPIEU,69150,69275,OUVERT,2024-03-30 09:53:47,3,
DECINES - COLLEGE BRASSENS,17 AVENUE SALVADOR ALLENDE,69150,DECINES CHARPIEU,19691495600012,0.9494026899337769,CLG,107 RUE EMILE ZOLA,DECINES-CHARPIEU,69150,69275,OUVERT,2024-03-30 10:56:10,4,
DECINES - COLLEGE BRASSENS,17 AVENUE SALVADOR ALLENDE,69150,DECINES-CHARPIEU,19691495600012,0.9494026899337769,CLG,107 RUE EMILE ZOLA,DECINES-CHARPIEU,69150,69275,OUVERT,2024-03-30 10:56:10,4,
DECINES - COLLEGE BRASSENS,17 AVENUE SALVADOR ALLENDE,69150,DECINES CHARPIEU,50898280800018,0.8971801996231079,ASSOCIATION SPORTIVE DU COLLEGE MARYSE BASTIE,107 RUE EMILE ZOLA,DECINES-CHARPIEU,69150,69275,OUVERT,2025-02-02 02:21:24,5,
DECINES - COLLEGE BRASSENS,17 AVENUE SALVADOR ALLENDE,69150,DECINES-CHARPIEU,50898280800018,0.8971801996231079,ASSOCIATION SPORTIVE DU COLLEGE MARYSE BASTIE,107 RUE EMILE ZOLA,DECINES-CHARPIEU,69150,69275,OUVERT,2025-02-02 02:21:24,5,
DECINES - MITTERAND,5 place François Mitterrand,69150,DECINES CHARPIEU,91389226100011,0.9538721442222595,K ASM,5 PLACE FRANCOIS MITTERRAND,DECINES-CHARPIEU,69150,69275,OUVERT,2025-02-16 02:27:53,1,
DECINES - MITTERAND,5 place François Mitterrand,69150,DECINES-CHARPIEU,91389226100011,0.9538721442222595,K ASM,5 PLACE FRANCOIS MITTERRAND,DECINES-CHARPIEU,69150,69275,OUVERT,2025-02-16 02:27:53,1,
DECINES - MITTERAND,5 place François Mitterrand,69150,DECINES CHARPIEU,39254982000067,0.9055991768836975,TOP DUO,5 PLACE FRANCOIS MITTERRAND,DECINES-CHARPIEU,69150,69275,FERME,2024-03-30 16:35:30,2,
DECINES - MITTERAND,5 place François Mitterrand,69150,DECINES-CHARPIEU,39254982000067,0.9055991768836975,TOP DUO,5 PLACE FRANCOIS MITTERRAND,DECINES-CHARPIEU,69150,69275,FERME,2024-03-30 16:35:30,2,
DECINES - MITTERAND,5 place François Mitterrand,69150,DECINES CHARPIEU,42153716800013,0.787245512008667,ESPACE SERVICE RAPIDE,5 PLACE FRANCOIS MITTERRAND,DECINES-CHARPIEU,69150,69275,FERME,2024-03-30 12:26:23,3,
DECINES - MITTERAND,5 place François Mitterrand,69150,DECINES-CHARPIEU,42153716800013,0.787245512008667,ESPACE SERVICE RAPIDE,5 PLACE FRANCOIS MITTERRAND,DECINES-CHARPIEU,69150,69275,FERME,2024-03-30 12:26:23,3,
DECINES - MITTERAND,5 place François Mitterrand,69150,DECINES CHARPIEU,43404822900042,0.7492697834968567,AU RYTHME DES QUATRE SAISONS,5 PL FRANCOIS MITTERRAND,DECINES-CHARPIEU,69150,69275,FERME,2024-03-22 15:40:57,4,
DECINES - MITTERAND,5 place François Mitterrand,69150,DECINES-CHARPIEU,43404822900042,0.7492697834968567,AU RYTHME DES QUATRE SAISONS,5 PL FRANCOIS MITTERRAND,DECINES-CHARPIEU,69150,69275,FERME,2024-03-22 15:40:57,4,
DECINES - MITTERAND,5 place François Mitterrand,69150,DECINES CHARPIEU,49303863200029,0.7255867123603821,MACONNERIE RODRIGUES,4 PLACE FRANCOIS MITTERRAND,DECINES-CHARPIEU,69150,69275,OUVERT,2025-01-24 02:20:05,5,
DECINES - MITTERAND,5 place François Mitterrand,69150,DECINES-CHARPIEU,49303863200029,0.7255867123603821,MACONNERIE RODRIGUES,4 PLACE FRANCOIS MITTERRAND,DECINES-CHARPIEU,69150,69275,OUVERT,2025-01-24 02:20:05,5,
DELTA SERVICE LOCATION,29 Route de Lyon,69960,CORBAS,31874347300163,0.9996102452278137,DSL,29 ROUTE DE LYON,CORBAS,69960,69273,OUVERT,2025-01-28 03:09:09,1,
DELTA SERVICE LOCATION,29 Route de Lyon,69960,CORBAS,31874347300163,0.9996102452278137,DSL,29 ROUTE DE LYON,CORBAS,69960,69273,OUVERT,2025-01-28 03:09:09,1,
DELTA SERVICE LOCATION,29 Route de Lyon,69960,CORBAS,31874347300056,0.9995372295379639,DSL,RUE DE SAVOIE,CORBAS,69960,69273,OUVERT,2025-01-29 02:27:08,2,
DELTA SERVICE LOCATION,29 Route de Lyon,69960,CORBAS,31874347300056,0.9995372295379639,DSL,RUE DE SAVOIE,CORBAS,69960,69273,OUVERT,2025-01-29 02:27:08,2,
DELTA SERVICE LOCATION,29 Route de Lyon,69960,CORBAS,83131613800021,0.9967600703239441,DELTA SERVICE GROUP,RUE DE SAVOIE,CORBAS,69960,69273,OUVERT,2025-01-18 03:28:00,3,
DELTA SERVICE LOCATION,29 Route de Lyon,69960,CORBAS,83131613800021,0.9967600703239441,DELTA SERVICE GROUP,RUE DE SAVOIE,CORBAS,69960,69273,OUVERT,2025-01-18 03:28:00,3,
DELTA SERVICE LOCATION,29 Route de Lyon,69960,CORBAS,89207929400013,0.9882810711860657,DELTA MANAGERS,RUE DE SAVOIE,CORBAS,69960,69273,OUVERT,2025-02-11 02:16:34,4,
DELTA SERVICE LOCATION,29 Route de Lyon,69960,CORBAS,89207929400013,0.9882810711860657,DELTA MANAGERS,RUE DE SAVOIE,CORBAS,69960,69273,OUVERT,2025-02-11 02:16:34,4,
DELTA SERVICE LOCATION,29 Route de Lyon,69960,CORBAS,40839310600021,0.9872393012046814,RAPIDE SERVICE BACHES SERVICES,21 AVENUE DE MONTMARTIN,CORBAS,69960,69273,FERME,2025-02-05 02:07:19,5,
DELTA SERVICE LOCATION,29 Route de Lyon,69960,CORBAS,40839310600021,0.9872393012046814,RAPIDE SERVICE BACHES SERVICES,21 AVENUE DE MONTMARTIN,CORBAS,69960,69273,FERME,2025-02-05 02:07:19,5,
DEXIS,92 Avenue des Bruyères,69150,DECINES-CHARPIEU,80019655200031,0.993492066860199,INFINITICS,92 AVENUE DES BRUYERES,DECINES-CHARPIEU,69150,69275,FERME,2025-02-01 02:38:44,1,
DEXIS,92 Avenue des Bruyères,69150,DECINES-CHARPIEU,91034831700017,0.9722653031349182,CNP,92 AVENUE DES BRUYERES,DECINES-CHARPIEU,69150,69275,OUVERT,2025-07-22 05:17:53,2,
DEXIS,92 Avenue des Bruyères,69150,DECINES-CHARPIEU,99292617000018,0.9662413597106934,M&N GROUP,92 AVENUE DES BRUYERES,DECINES-CHARPIEU,69150,69275,OUVERT,2025-10-27 18:26:10,3,
DEXIS,92 Avenue des Bruyères,69150,DECINES-CHARPIEU,82299922300024,0.9611392617225647,BCC,92 AVENUE DES BRUYERES,DECINES-CHARPIEU,69150,69275,OUVERT,2025-02-06 02:31:49,4,
DEXIS,92 Avenue des Bruyères,69150,DECINES-CHARPIEU,33352047600156,0.959388792514801,BOURGOGNE FRANCHE COMTE AUTOMATISMES,92 AVENUE DES BRUYERES,DECINES-CHARPIEU,69150,69275,FERME,2025-09-25 14:10:20,5,
DGDDI LYON,12 AVENUE SIMONE VEIL,69150,DECINES CHARPIEU,44432008900022,0.9262685179710388,HOTEL ECLIPSE,25 AVENUE JEAN JAURES,DECINES-CHARPIEU,69150,69275,OUVERT,2025-02-13 02:32:37,1,
DGDDI LYON,12 AVENUE SIMONE VEIL,69150,DECINES CHARPIEU,48004083100020,0.9193534851074219,DISTRIBUTION SERVICE LYON,AV BEAUREGARD,DECINES-CHARPIEU,69150,69275,FERME,2024-03-22 15:40:57,2,
DGDDI LYON,12 AVENUE SIMONE VEIL,69150,DECINES CHARPIEU,95752298000045,0.8944088816642761,CINE DIGITAL LYON,89 AVENUE DES BRUYERES,DECINES-CHARPIEU,69150,69275,OUVERT,2025-02-04 02:56:02,3,
DGDDI LYON,12 AVENUE SIMONE VEIL,69150,DECINES CHARPIEU,83508352800025,0.8453285694122314,KOPSTER HOTEL,12 AVENUE SIMONE VEIL,DECINES-CHARPIEU,69150,69275,OUVERT,2025-02-10 02:09:29,4,
DGDDI LYON,12 AVENUE SIMONE VEIL,69150,DECINES CHARPIEU,41132150800029,0.8344565629959106,LOGIDOM,12 RUE DE LOMBARDIE,DECINES-CHARPIEU,69150,69275,FERME,2024-03-30 16:38:02,5,
DIATEX,8 Avenue de l’Industrie,69960,CORBAS,33999882500048,0.9994679093360901,DIATEX,8 AVENUE DE L'INDUSTRIE,CORBAS,69960,69273,OUVERT,2025-02-16 02:10:23,1,
DIATEX,8 Avenue de l’Industrie,69960,CORBAS,82789790100027,0.962664008140564,ADEXPERIS,8 AVENUE DE L'INDUSTRIE,CORBAS,69960,69273,FERME,2025-02-02 02:41:01,2,
DIATEX,8 Avenue de l’Industrie,69960,CORBAS,94911703000013,0.9586886167526245,SECUTECH,8 AVENUE DE L'INDUSTRIE,CORBAS,69960,69273,FERME,2024-03-30 15:34:11,3,
DIATEX,8 Avenue de l’Industrie,69960,CORBAS,43916488000023,0.9578269124031067,C B L F R,8 AVENUE DE L'INDUSTRIE,CORBAS,69960,69273,OUVERT,2025-02-08 02:28:24,4,
DIATEX,8 Avenue de l’Industrie,69960,CORBAS,43922065800041,0.950711727142334,T.D.E,8 AVENUE DE L'INDUSTRIE,CORBAS,69960,69273,FERME,2024-03-30 15:49:57,5,
DOLONIS,42 Rue Vaucanson,69150,DECINES-CHARPIEU,42086307800036,0.9998751878738403,DOLONIS,42 RUE VAUCANSON,DECINES-CHARPIEU,69150,69275,OUVERT,2024-03-30 05:40:21,1,
DOLONIS,42 Rue Vaucanson,69150,DECINES-CHARPIEU,47816639000011,0.9935781955718994,TEXABC,42 RUE VAUCANSON,DECINES-CHARPIEU,69150,69275,FERME,2025-02-07 02:25:25,2,
DOLONIS,42 Rue Vaucanson,69150,DECINES-CHARPIEU,48355837500026,0.9679673314094543,DIAKELYS,42 RUE VAUCANSON,DECINES-CHARPIEU,69150,69275,OUVERT,2024-08-02 11:25:13,3,
DOLONIS,42 Rue Vaucanson,69150,DECINES-CHARPIEU,75302836400028,0.9613394737243652,DEVOLYS,42 RUE VAUCANSON,DECINES-CHARPIEU,69150,69275,FERME,2025-02-05 02:26:41,4,
DOLONIS,42 Rue Vaucanson,69150,DECINES-CHARPIEU,53271962200047,0.9328746795654297,BSPM,42 RUE VAUCANSON,DECINES-CHARPIEU,69150,69275,OUVERT,2024-03-30 09:50:11,5,
DigitBoxing and coall,25 Avenue Beauregard,69150,DECINES-CHARPIEU,43136403300040,0.9951849579811096,MATOS 2 BOXE,25 AVENUE BEAUREGARD,DECINES-CHARPIEU,69150,69275,OUVERT,2025-02-08 02:12:27,1,
DigitBoxing and coall,25 Avenue Beauregard,69150,DECINES-CHARPIEU,53438295700015,0.9865781664848328,S.2.M.R,25 AVENUE BEAUREGARD,DECINES-CHARPIEU,69150,69275,FERME,2025-01-31 02:49:19,2,
DigitBoxing and coall,25 Avenue Beauregard,69150,DECINES-CHARPIEU,42173383300022,0.9741235971450806,L.R.P.,25 AVENUE BEAUREGARD,DECINES-CHARPIEU,69150,69275,FERME,2024-03-30 11:04:12,3,
DigitBoxing and coall,25 Avenue Beauregard,69150,DECINES-CHARPIEU,83119206700013,0.9680851697921753,ART METALLIQUE,25 AVENUE BEAUREGARD,DECINES-CHARPIEU,69150,69275,OUVERT,2025-01-30 02:26:50,4,
DigitBoxing and coall,25 Avenue Beauregard,69150,DECINES-CHARPIEU,43974264400024,0.9605749845504761,SMPS,25 AVENUE BEAUREGARD,DECINES-CHARPIEU,69150,69275,FERME,2024-03-30 02:35:38,5,
EASYDIS CORBAS,44 Boulevard des Nations,69960,CORBAS,38312387400505,0.9995386600494385,EASYDIS,BOULEVARD DES NATIONS,CORBAS,69960,69273,FERME,2025-02-10 02:30:58,1,
EASYDIS CORBAS,44 Boulevard des Nations,69960,CORBAS,38312387400497,0.9995386600494385,EASYDIS,BOULEVARD DES NATIONS,CORBAS,69960,69273,OUVERT,2024-03-29 22:32:47,2,
EASYDIS CORBAS,44 Boulevard des Nations,69960,CORBAS,82462272400154,0.9849302768707275,SAMSIC INDOORS,44 BOULEVARD DES NATIONS,CORBAS,69960,69273,FERME,2025-01-30 02:14:09,3,
EASYDIS CORBAS,44 Boulevard des Nations,69960,CORBAS,41016260600025,0.7547144889831543,SEL CORBAS,14 RUE MARCEL MERIEUX,CORBAS,69960,69273,FERME,2024-03-22 15:40:57,4,
EASYDIS CORBAS,44 Boulevard des Nations,69960,CORBAS,48782159700027,0.7244348526000977,COGEDIS MAINTENANCE ET SERVICES,20 BOULEVARD DES NATIONS,CORBAS,69960,69273,FERME,2025-02-13 02:21:03,5,
EBERLE,20 BOULEVARD DES NATIONS,69960,CORBAS,44974369900026,0.9996517896652222,EBERLE FRANCE,20 BOULEVARD DES NATIONS,CORBAS,69960,69273,OUVERT,2024-03-30 09:55:34,1,
EBERLE,20 BOULEVARD DES NATIONS,69960,CORBAS,48017965400029,0.9660313129425049,ANIBER,20 BD DES NATIONS,CORBAS,69960,69273,FERME,2025-01-15 02:28:00,2,
EBERLE,20 BOULEVARD DES NATIONS,69960,CORBAS,21690273400013,0.9437351822853088,MAIRIE,PL CHARLES JOCTEUR,CORBAS,69960,69273,OUVERT,2024-03-30 03:33:42,3,
EBERLE,20 BOULEVARD DES NATIONS,69960,CORBAS,48782159700027,0.9276001453399658,COGEDIS MAINTENANCE ET SERVICES,20 BOULEVARD DES NATIONS,CORBAS,69960,69273,FERME,2025-02-13 02:21:03,4,
EBERLE,20 BOULEVARD DES NATIONS,69960,CORBAS,38347141400029,0.9012171030044556,FP LYON,20 BOULEVARD DES NATIONS,CORBAS,69960,69273,FERME,2024-03-30 12:47:00,5,
ELLERS,29 Boulevard Charles de Gaulle,69150,DECINES-CHARPIEU,79446051900026,0.9999158382415771,ELLERS,29 BOULEVARD CHARLES DE GAULLE,DECINES-CHARPIEU,69150,69275,OUVERT,2024-03-30 07:48:42,1,
ELLERS,29 Boulevard Charles de Gaulle,69150,DECINES-CHARPIEU,87973236000026,0.9985029697418213,ELLERS PROFILS,29 BOULEVARD CHARLES DE GAULLE,DECINES-CHARPIEU,69150,69275,OUVERT,2025-01-24 03:14:17,2,
ELLERS,29 Boulevard Charles de Gaulle,69150,DECINES-CHARPIEU,90393967600016,0.9679700136184692,HACHOD,29 BOULEVARD CHARLES DE GAULLE,DECINES-CHARPIEU,69150,69275,OUVERT,2025-02-16 02:17:15,3,
ELLERS,29 Boulevard Charles de Gaulle,69150,DECINES-CHARPIEU,92116556900010,0.6543071269989014,SIRA ZZ,29 BOULEVARD CHARLES DE GAULLE,DECINES-CHARPIEU,69150,69275,OUVERT,2025-02-15 02:11:10,4,
ELLERS,29 Boulevard Charles de Gaulle,69150,DECINES-CHARPIEU,42411067400019,0.5177354216575623,S M D,93 AVENUE FRANKLIN ROOSEVELT,DECINES-CHARPIEU,69150,69275,OUVERT,2024-03-30 16:40:50,5,
ERIKS N.V.,28 Rue Wilson,69150,DECINES CHARPIEU,37903755900091,0.9993441700935364,ERIKS,28 RUE WILSON,DECINES-CHARPIEU,69150,69275,OUVERT,2025-01-16 03:20:48,1,
ERIKS N.V.,28 Rue Wilson,69150,DECINES CHARPIEU,31122396000064,0.9974014759063721,ERIKS FRANCE HOLDING,28 RUE WILSON,DECINES-CHARPIEU,69150,69275,OUVERT,2025-02-16 02:18:29,2,
ERIKS N.V.,28 Rue Wilson,69150,DECINES CHARPIEU,76680013000144,0.9939146637916565,ERIKS FLEXIBLES & RACCORDS,28 RUE WILSON,DECINES-CHARPIEU,69150,69275,FERME,2025-01-24 03:17:07,3,
ERIKS N.V.,28 Rue Wilson,69150,DECINES CHARPIEU,40787810700066,0.9777516722679138,SUEZ RV TRADING FRANCE,28 RUE WILSON,DECINES-CHARPIEU,69150,69275,FERME,2024-03-30 06:32:43,4,
ERIKS N.V.,28 Rue Wilson,69150,DECINES CHARPIEU,44330413400044,0.9589117765426636,SUEZ RV REBOND INSERTION,28 RUE WILSON,DECINES-CHARPIEU,69150,69275,OUVERT,2025-02-15 02:14:55,5,
EUROMASTER CORBAS,52 Rue Louis Pradel,69960,CORBAS,39252740400678,0.9990841150283813,EUROMASTER FRANCE,52 RUE LOUIS PRADEL,CORBAS,69960,69273,OUVERT,2025-02-14 02:12:06,1,
EUROMASTER CORBAS,52 Rue Louis Pradel,69960,CORBAS,97050509500087,0.9298538565635681,SERVICES EF,52 RUE LOUIS PRADEL,CORBAS,69960,69273,FERME,2024-03-22 15:40:57,2,
EUROMASTER CORBAS,52 Rue Louis Pradel,69960,CORBAS,47854191500011,0.8693249225616455,CHALLENGER,RUE LOUIS PRADEL,CORBAS,69960,69273,FERME,2025-02-01 03:01:54,3,
EUROMASTER CORBAS,52 Rue Louis Pradel,69960,CORBAS,38445469001229,0.8218216300010681,EIS,13 IMPASSE DU 24 AOUT 1944,CORBAS,69960,69273,OUVERT,2025-02-10 02:17:01,4,
EUROMASTER CORBAS,52 Rue Louis Pradel,69960,CORBAS,97890109800019,0.8193145990371704,EURO METAL,16 RUE DU VERCORS,CORBAS,69960,69273,OUVERT,2024-03-30 01:28:59,5,
FEDERAL EXPRESS CORBAS,83 RUE MARCEL MERIEUX,69960,CORBAS,97350535701885,0.997797966003418,TNT,83 RUE MARCEL MERIEUX,CORBAS,69960,69273,OUVERT,2024-03-30 02:40:45,1,
FEDERAL EXPRESS CORBAS,83 RUE MARCEL MERIEUX,69960,CORBAS,38495689200309,0.9961307048797607,FEDEX LOGISTICS SERVICES,83 RUE MARCEL MERIEUX,CORBAS,69960,69273,FERME,2024-03-30 06:01:23,2,
FEDERAL EXPRESS CORBAS,83 RUE MARCEL MERIEUX,69960,CORBAS,94967077200019,0.97929847240448,VALMY PARTNERS,83 RUE MARCEL MERIEUX,CORBAS,69960,69273,OUVERT,2025-02-08 02:15:20,3,
FEDERAL EXPRESS CORBAS,83 RUE MARCEL MERIEUX,69960,CORBAS,47978680800010,0.9746971130371094,CENTRE EXPRESS LIMOUSIN 69,AVENUE DE MONTMARTIN,CORBAS,69960,69273,FERME,2025-07-04 14:16:58,4,
FEDERAL EXPRESS CORBAS,83 RUE MARCEL MERIEUX,69960,CORBAS,84298155700015,0.9727184176445007,NOVA EXPRESS,9 IMPASSE DU CHALET,CORBAS,69960,69273,OUVERT,2025-01-22 02:47:47,5,
FEMAT,28 RUE LOUIS PRADEL,69960,CORBAS,84287252500063,0.9992035031318665,FEMAT GROUPE,28 RUE LOUIS PRADEL,CORBAS,69960,69273,OUVERT,2025-11-27 13:21:10,1,
FEMAT,28 RUE LOUIS PRADEL,69960,CORBAS,84287252500022,0.9992035031318665,FEMAT GROUPE,28 RUE LOUIS PRADEL,CORBAS,69960,69273,FERME,2025-04-20 02:07:47,2,
FEMAT,28 RUE LOUIS PRADEL,69960,CORBAS,94089427200019,0.9915327429771423,FEMAT HOLDING,11 IMPASSE DU RHONE,CORBAS,69960,69273,OUVERT,2025-02-20 10:56:37,3,
FEMAT,28 RUE LOUIS PRADEL,69960,CORBAS,44174995900017,0.9776361584663391,ROOFMART CENTRE EST,28 RUE LOUIS PRADEL,CORBAS,69960,69273,FERME,2024-03-30 11:11:40,4,
FEMAT,28 RUE LOUIS PRADEL,69960,CORBAS,35263586600010,0.8918639421463013,JV CODEBAT,28 RUE LOUIS PRADEL,CORBAS,69960,69273,FERME,2024-03-30 10:48:32,5,
FONTBONNE & FILS,57 Rue Émile Zola,69150,DECINES-CHARPIEU,96650042300035,0.9997566342353821,FONTBONNE ET FILS,57 RUE EMILE ZOLA,DECINES-CHARPIEU,69150,69275,OUVERT,2025-01-14 03:23:53,1,
FONTBONNE & FILS,57 Rue Émile Zola,69150,DECINES-CHARPIEU,33458144400018,0.9254117608070374,PINGEON ET FILS,4 RUE VOUT,DECINES-CHARPIEU,69150,69275,FERME,2024-03-22 15:40:57,2,
FONTBONNE & FILS,57 Rue Émile Zola,69150,DECINES-CHARPIEU,39756468300019,0.8992959260940552,BEN & FILS,RUE DE CATALOGNE,DECINES-CHARPIEU,69150,69275,OUVERT,2024-03-30 13:22:00,3,
FONTBONNE & FILS,57 Rue Émile Zola,69150,DECINES-CHARPIEU,34929586500043,0.8912387490272522,NASARRE ET FILS,RUE PAUL ET MARC BARBEZAT,DECINES-CHARPIEU,69150,69275,OUVERT,2025-09-09 05:17:42,4,
FONTBONNE & FILS,57 Rue Émile Zola,69150,DECINES-CHARPIEU,91098499600017,0.8734397292137146,FLTC,57 RUE EMILE ZOLA,DECINES-CHARPIEU,69150,69275,OUVERT,2025-01-19 02:48:56,5,
FOYER NOTRE DAME DES SANS ABRI DECINES CHARPIEU,51 Avenue Franklin Roosevelt,69150,DECINES-CHARPIEU,94273320500010,0.8524395823478699,EURO PARE BRISE + LYON,51 AVENUE FRANKLIN ROOSEVELT,DECINES-CHARPIEU,69150,69275,OUVERT,2025-05-23 05:15:42,1,
FOYER NOTRE DAME DES SANS ABRI DECINES CHARPIEU,51 Avenue Franklin Roosevelt,69150,DECINES-CHARPIEU,81879433100012,0.7513113617897034,DECINES OLYMPIQUE HANDISPORT,51 RUE DANTON,DECINES-CHARPIEU,69150,69275,OUVERT,2025-02-16 02:16:11,2,
FOYER NOTRE DAME DES SANS ABRI DECINES CHARPIEU,51 Avenue Franklin Roosevelt,69150,DECINES-CHARPIEU,33128901700013,0.7401056289672852,JUM'SERVICE,195 AVENUE FRANKLIN ROOSEVELT,DECINES-CHARPIEU,69150,69275,FERME,2024-03-30 11:33:54,3,
FOYER NOTRE DAME DES SANS ABRI DECINES CHARPIEU,51 Avenue Franklin Roosevelt,69150,DECINES-CHARPIEU,44303932600022,0.7165942192077637,DITIB,127 AVENUE FRANKLIN ROOSEVELT,DECINES-CHARPIEU,69150,69275,OUVERT,2024-03-30 14:25:39,4,
FOYER NOTRE DAME DES SANS ABRI DECINES CHARPIEU,51 Avenue Franklin Roosevelt,69150,DECINES-CHARPIEU,90182384900020,0.7069314122200012,SD2E,185 AVENUE FRANKLIN ROOSEVELT,DECINES-CHARPIEU,69150,69275,FERME,2025-02-01 02:13:05,5,
FRANCE VIANDES,30 Avenue du 24 Août 1944,69960,CORBAS,31563143200046,0.9998871088027954,FRANCE VIANDES,30 AVENUE DU 24 AOUT 1944,CORBAS,69960,69273,OUVERT,2024-03-30 07:22:28,1,
FRANCE VIANDES,30 Avenue du 24 Août 1944,69960,CORBAS,30903362900028,0.9953338503837585,SOC LYONNAISE DES VIANDES,1 AV MONTMARTIN,CORBAS,69960,69273,FERME,2024-03-22 15:40:57,2,
FRANCE VIANDES,30 Avenue du 24 Août 1944,69960,CORBAS,95550756100020,0.9904797673225403,SOCIETE LYONNAISE DES VIANDES,1 AVENUE DE MONTMARTIN,CORBAS,69960,69273,FERME,2024-03-30 12:06:50,3,
FRANCE VIANDES,30 Avenue du 24 Août 1944,69960,CORBAS,41365427800014,0.990016758441925,MARCHE DES VIANDES DE LYON,4 RUE DU MONT BLANC,CORBAS,69960,69273,FERME,2025-01-26 03:03:01,4,
FRANCE VIANDES,30 Avenue du 24 Août 1944,69960,CORBAS,31563143200038,0.9892833232879639,FRANCE VIANDES,36 AVENUE DE MONTMARTIN,CORBAS,69960,69273,FERME,2025-02-07 02:14:12,5,
FRIGO TRANSPORTS 69,Rue de la Vanoise,69960,CORBAS,34450958300052,0.9990335702896118,FRIGO TRANSPORTS 69,RUE DE LA VANOISE,CORBAS,69960,69273,OUVERT,2024-03-30 01:56:04,1,
FRIGO TRANSPORTS 69,Rue de la Vanoise,69960,CORBAS,45285394800035,0.9911516308784485,LOGISTIQUE TRANSPORTS FRIGO MARCEL OMONT,4 RUE DU MONT BLANC,CORBAS,69960,69273,OUVERT,2025-01-18 02:24:22,2,
FRIGO TRANSPORTS 69,Rue de la Vanoise,69960,CORBAS,89746951600016,0.969844400882721,LES FRIGOS DU RHONE,51 RUE MARCEL MERIEUX,CORBAS,69960,69273,OUVERT,2025-01-16 02:57:27,3,
FRIGO TRANSPORTS 69,Rue de la Vanoise,69960,CORBAS,58378011900058,0.9549742937088013,TRANSPORTS RAYMOND DUCROUX,RUE DE LA VANOISE,CORBAS,69960,69273,FERME,2024-03-30 03:14:56,4,
FRIGO TRANSPORTS 69,Rue de la Vanoise,69960,CORBAS,31822472200021,0.8292456269264221,LOCATION ET TRANSPORTS F. MARGIOTTA,20 AVENUE DU 24 AOUT 1944,CORBAS,69960,69273,FERME,2024-03-30 12:27:03,5,
FRUITAS SANCHEZ,69 Rue Marcel Mérieux,69960,CORBAS,31554738000024,0.9995800852775574,FRUTAS SANCHEZ,69 RUE MARCEL MERIEUX,CORBAS,69960,69273,OUVERT,2025-01-19 02:17:55,1,
FRUITAS SANCHEZ,69 Rue Marcel Mérieux,69960,CORBAS,51112302800017,0.9947848916053772,RHONE FRUITS,69 RUE MARCEL MERIEUX,CORBAS,69960,69273,OUVERT,2025-04-29 11:26:25,2,
FRUITAS SANCHEZ,69 Rue Marcel Mérieux,69960,CORBAS,44242245700055,0.9925354719161987,BLAMPIN FRUITS,69 RUE MARCEL MERIEUX,CORBAS,69960,69273,FERME,2024-03-22 15:40:57,3,
FRUITAS SANCHEZ,69 Rue Marcel Mérieux,69960,CORBAS,44242245700048,0.9917460083961487,BLAMPIN FRUITS,69 RUE MARCEL MERIEUX,CORBAS,69960,69273,FERME,2024-03-22 15:40:57,4,
FRUITAS SANCHEZ,69 Rue Marcel Mérieux,69960,CORBAS,53194863600018,0.9894604682922363,GIE DU MARCHE DE GROS LYON CORBAS,69 RUE MARCEL MERIEUX,CORBAS,69960,69273,OUVERT,2024-03-30 01:27:32,5,
Filmor,33 Avenue Franklin Roosevelt,69150,DECINES CHARPIEU,53257969500018,0.96962970495224,HYBAT,33 AVENUE FRANKLIN ROOSEVELT,DECINES-CHARPIEU,69150,69275,OUVERT,2024-03-30 10:08:58,1,
Filmor,33 Avenue Franklin Roosevelt,69150,DECINES CHARPIEU,21690275900010,0.7993337512016296,MAIRIE,PLACE ROGER SALENGRO,DECINES-CHARPIEU,69150,69275,OUVERT,2025-02-15 02:15:08,2,
Filmor,33 Avenue Franklin Roosevelt,69150,DECINES CHARPIEU,41028737900060,0.7885962128639221,HEXCEL REINFORCEMENTS,33 AVENUE FRANKLIN ROOSEVELT,DECINES-CHARPIEU,69150,69275,FERME,2024-03-29 23:57:35,3,
Filmor,33 Avenue Franklin Roosevelt,69150,DECINES CHARPIEU,34203669600025,0.743182897567749,V A C,133 AVENUE FRANKLIN ROOSEVELT,DECINES-CHARPIEU,69150,69275,FERME,2025-01-27 02:41:13,4,
Filmor,33 Avenue Franklin Roosevelt,69150,DECINES CHARPIEU,48952495900017,0.6232457756996155,G.N.S. INVEST,73 AVENUE FRANKLIN ROOSEVELT,DECINES-CHARPIEU,69150,69275,FERME,2024-03-30 11:01:40,5,
G. JACQUEMMOZ ET FILS Corbas,43 Avenue Gabriel Péri,69960,CORBAS,30385874000051,0.9995352029800415,G. JACQUEMMOZ ET FILS,43 AVENUE GABRIEL PERI,CORBAS,69960,69273,OUVERT,2024-03-30 09:26:13,1,
G. JACQUEMMOZ ET FILS Corbas,43 Avenue Gabriel Péri,69960,CORBAS,44290067600028,0.8128740191459656,MARTINEZ ET FILS,83 ROUTE DE LYON,CORBAS,69960,69273,FERME,2024-09-19 13:36:22,2,
G. JACQUEMMOZ ET FILS Corbas,43 Avenue Gabriel Péri,69960,CORBAS,77979065800016,0.806306004524231,DEHARO PERE ET FILS MACONNERIE,LD MAS VILLERME,CORBAS,69960,69273,FERME,2024-03-22 15:40:57,3,
G. JACQUEMMOZ ET FILS Corbas,43 Avenue Gabriel Péri,69960,CORBAS,47878421800263,0.8012352585792542,PETIT FORESTIER SERVICES,43 AV GABRIEL PERI,CORBAS,69960,69273,FERME,2025-02-07 02:11:06,4,
G. JACQUEMMOZ ET FILS Corbas,43 Avenue Gabriel Péri,69960,CORBAS,77574144000579,0.7399129867553711,STRICHER,43 AVENUE GABRIEL PERI,CORBAS,69960,69273,OUVERT,2024-03-29 22:42:23,5,
GAT International,est 4 rue de Collières,69960,CORBAS,31997093500072,0.9625087380409241,GAT INTERNATIONAL GERIB BESSON,2 RUE COLIERE,CORBAS,69960,69273,OUVERT,2025-02-05 02:36:11,1,
GAT International,est 4 rue de Collières,69960,CORBAS,80178657500010,0.9285657405853271,G.E.G.,4 RUE DU DAUPHINE,CORBAS,69960,69273,OUVERT,2025-02-15 02:20:20,2,
GAT International,est 4 rue de Collières,69960,CORBAS,39423231800045,0.8167045712471008,FSI,44 AVENUE DU 24 AOUT 1944,CORBAS,69960,69273,OUVERT,2024-03-30 07:57:09,3,
GAT International,est 4 rue de Collières,69960,CORBAS,49838980800029,0.6769216656684875,BAM INTERNATIONAL,5 RUE DES ALLOBROGES,CORBAS,69960,69273,FERME,2024-03-22 15:40:57,4,
GAT International,est 4 rue de Collières,69960,CORBAS,40013180100013,0.6573923826217651,REP INTERNATIONAL,15 RUE DU DAUPHINE,CORBAS,69960,69273,OUVERT,2025-01-26 03:21:17,5,
GIE FLAVIEN,16 RUE DE LOMBARDIE,69150,DECINES-CHARPIEU,38343468500038,0.9994956254959106,GIE FLAVIEN GCAT,16 RUE DE LOMBARDIE,DECINES-CHARPIEU,69150,69275,OUVERT,2025-02-04 02:08:45,1,
GIE FLAVIEN,16 RUE DE LOMBARDIE,69150,DECINES-CHARPIEU,78513510400079,0.9869871139526367,ASSOCIATION FLAVIEN,34 RUE VAUCANSON,DECINES-CHARPIEU,69150,69275,OUVERT,2024-03-30 05:54:40,2,
GIE FLAVIEN,16 RUE DE LOMBARDIE,69150,DECINES-CHARPIEU,38343468500012,0.9739100933074951,GIE FLAVIEN GCAT,36 RUE VAUCANSON,DECINES-CHARPIEU,69150,69275,FERME,2025-02-03 02:47:16,3,
GIE FLAVIEN,16 RUE DE LOMBARDIE,69150,DECINES-CHARPIEU,81520155300014,0.9658247232437134,RENESOLA FRANCE SPV1,16 RUE DE LOMBARDIE,DECINES-CHARPIEU,69150,69275,FERME,2025-02-07 02:27:32,4,
GIE FLAVIEN,16 RUE DE LOMBARDIE,69150,DECINES-CHARPIEU,92440626700014,0.954536497592926,FONDS DE DOTATION RESSOURCES ET PARTAGES,16 RUE DE LOMBARDIE,DECINES-CHARPIEU,69150,69275,OUVERT,2024-03-30 03:03:55,5,
GROUPE ADF,4 Rue Louis Pradel,69960,CORBAS,48839388500030,0.9973312616348267,CTRA,4 RUE LOUIS PRADEL,CORBAS,69960,69273,FERME,2025-01-20 03:20:26,1,
GROUPE ADF,4 Rue Louis Pradel,69960,CORBAS,38015320500139,0.9970621466636658,ADF MAINTENANCE INDUSTRIELLE,4 RUE LOUIS PRADEL,CORBAS,69960,69273,FERME,2025-01-25 03:12:25,2,
GROUPE ADF,4 Rue Louis Pradel,69960,CORBAS,07675022300125,0.996566116809845,ADF NUCLEAIRE,4 RUE LOUIS PRADEL,CORBAS,69960,69273,FERME,2024-03-30 11:25:11,3,
GROUPE ADF,4 Rue Louis Pradel,69960,CORBAS,42908509500025,0.9776480197906494,A.D. INVESTISSEMENTS,4 RUE LOUIS PRADEL,CORBAS,69960,69273,FERME,2024-03-30 02:18:35,4,
GROUPE ADF,4 Rue Louis Pradel,69960,CORBAS,41854508300010,0.9535095691680908,ACTE MEDIA APPLICATIONS,4 RUE LOUIS PRADEL,CORBAS,69960,69273,FERME,2024-03-30 06:31:12,5,
Groupe SIRENE (IPO),17 Rue Émile Zola,69150,DECINES-CHARPIEU,43339808800024,0.990298867225647,SIRENE,84 AVENUE DES BRUYERES,DECINES-CHARPIEU,69150,69275,FERME,2025-01-19 02:13:24,1,
Groupe SIRENE (IPO),17 Rue Émile Zola,69150,DECINES-CHARPIEU,37963306800075,0.9892951846122742,IPO TECHNOLOGIE,84 AVENUE DES BRUYERES,DECINES-CHARPIEU,69150,69275,OUVERT,2024-03-30 15:03:05,2,
Groupe SIRENE (IPO),17 Rue Émile Zola,69150,DECINES-CHARPIEU,81371053000029,0.985114574432373,UP SIGN,15 RUE EMILE ZOLA,DECINES-CHARPIEU,69150,69275,FERME,2024-03-22 15:40:57,3,
Groupe SIRENE (IPO),17 Rue Émile Zola,69150,DECINES-CHARPIEU,81354046500024,0.9685171842575073,ENERIS DEVELOPPEMENT,15 RUE EMILE ZOLA,DECINES-CHARPIEU,69150,69275,FERME,2025-02-03 02:51:29,4,
Groupe SIRENE (IPO),17 Rue Émile Zola,69150,DECINES-CHARPIEU,44074906700060,0.9003661870956421,NOVACTION ENERGIES,17 RUE EMILE ZOLA,DECINES-CHARPIEU,69150,69275,FERME,2024-03-30 14:29:56,5,
HEXATRANS,42b Boulevard des Nations,69960,CORBAS,33902484600042,0.9899882674217224,HEXATRANS,8 AVENUE DE L'INDUSTRIE,CORBAS,69960,69273,OUVERT,2024-03-30 14:09:12,1,
HEXATRANS,42b Boulevard des Nations,69960,CORBAS,32817162400021,0.9827777743339539,GENEST HEXA RHONE,RUE DU CARREAU,CORBAS,69960,69273,FERME,2024-03-22 15:40:57,2,
HEXATRANS,42b Boulevard des Nations,69960,CORBAS,38396013502974,0.858083963394165,CHRONOPOST,42 BOULEVARD DES NATIONS,CORBAS,69960,69273,OUVERT,2025-01-23 02:40:01,3,
HEXATRANS,42b Boulevard des Nations,69960,CORBAS,45167079800037,0.768009603023529,TRANS PROCESS,84 RUE DU CARREAU,CORBAS,69960,69273,OUVERT,2025-01-30 02:49:11,4,
HEXATRANS,42b Boulevard des Nations,69960,CORBAS,50921047200155,0.6832720637321472,CHRONOFRESH,42 BOULEVARD DES NATIONS,CORBAS,69960,69273,OUVERT,2024-03-30 06:45:41,5,
HTI MED,65 Avenue Franklin Roosevelt,69150,DECINES-CHARPIEU,53759247900019,0.9996402263641357,HTI MED,65 AVENUE FRANKLIN ROOSEVELT,DECINES-CHARPIEU,69150,69275,OUVERT,2025-01-25 03:05:55,1,
HTI MED,65 Avenue Franklin Roosevelt,69150,DECINES-CHARPIEU,39236472500037,0.990659236907959,HTI TECHNOLOGIES,65 AVENUE FRANKLIN ROOSEVELT,DECINES-CHARPIEU,69150,69275,OUVERT,2025-02-02 02:16:33,2,
HTI MED,65 Avenue Franklin Roosevelt,69150,DECINES-CHARPIEU,39236472500029,0.9861257672309875,HTI TECHNOLOGIES,49 AVENUE FRANKLIN ROOSEVELT,DECINES-CHARPIEU,69150,69275,OUVERT,2025-02-06 02:23:31,3,
HTI MED,65 Avenue Franklin Roosevelt,69150,DECINES-CHARPIEU,53067073600012,0.9723941683769226,TERRE DE SOIE,65 AVENUE FRANKLIN ROOSEVELT,DECINES-CHARPIEU,69150,69275,OUVERT,2025-02-16 02:24:58,4,
HTI MED,65 Avenue Franklin Roosevelt,69150,DECINES-CHARPIEU,98794008700016,0.9112384915351868,MED IMMO,4 RUE GUY DE MAUPASSANT,DECINES-CHARPIEU,69150,69275,OUVERT,2025-06-13 11:06:52,5,
HTI Technologies,49 Avenue Franklin Roosevelt,69150,DECINES-CHARPIEU,39236472500029,0.999853253364563,HTI TECHNOLOGIES,49 AVENUE FRANKLIN ROOSEVELT,DECINES-CHARPIEU,69150,69275,OUVERT,2025-02-06 02:23:31,1,
HTI Technologies,49 Avenue Franklin Roosevelt,69150,DECINES-CHARPIEU,39236472500037,0.9950793981552124,HTI TECHNOLOGIES,65 AVENUE FRANKLIN ROOSEVELT,DECINES-CHARPIEU,69150,69275,OUVERT,2025-02-02 02:16:33,2,
HTI Technologies,49 Avenue Franklin Roosevelt,69150,DECINES-CHARPIEU,53795997500013,0.9796265959739685,HI TECH ELECTRICITE,1 RUE PAUL MARCELLIN,DECINES CHARPIEU,69150,69275,OUVERT,2024-03-30 05:57:33,3,
HTI Technologies,49 Avenue Franklin Roosevelt,69150,DECINES-CHARPIEU,32058406300046,0.9724356532096863,ELECTRON FIL,49 AVENUE FRANKLIN ROOSEVELT,DECINES-CHARPIEU,69150,69275,FERME,2024-03-30 14:38:08,4,
HTI Technologies,49 Avenue Franklin Roosevelt,69150,DECINES-CHARPIEU,88461051000023,0.9606967568397522,MH TECHNOLOGIE,205 AVENUE FRANKLIN ROOSEVELT,DECINES-CHARPIEU,69150,69275,OUVERT,2024-03-30 07:56:14,5,
ISOJET,14 Boulevard des Nations,69960,CORBAS,38502373400036,0.999122679233551,ISOJET EQUIPEMENTS,14 BOULEVARD DES NATIONS,CORBAS,69960,69273,OUVERT,2025-01-14 02:13:20,1,
ISOJET,14 Boulevard des Nations,69960,CORBAS,91939853700010,0.9434595108032227,ZAH,14 BOULEVARD DES NATIONS,CORBAS,69960,69273,OUVERT,2025-11-18 17:06:53,2,
ISOJET,14 Boulevard des Nations,69960,CORBAS,48233236800034,0.8678100109100342,ABC RENOVATION,14 BOULEVARD DES NATIONS,CORBAS,69960,69273,FERME,2025-02-17 02:20:53,3,
ISOJET,14 Boulevard des Nations,69960,CORBAS,52357358200021,0.6145005822181702,NOUVEL AIR IMMOBILIER,14 RUE DE L'AVIATION,CORBAS,69960,69273,OUVERT,2025-03-11 14:07:16,4,
ISOJET,14 Boulevard des Nations,69960,CORBAS,88438262300020,0.5986183881759644,HANDUSTRY,14 BOULEVARD DES NATIONS,CORBAS,69960,69273,OUVERT,2024-03-30 10:08:52,5,
ITAFRAN,23 AVENUE DE L'INDUSTRIE,69960,CORBAS,30549218300143,0.9998088479042053,BDF,21 AVENUE DE L'INDUSTRIE,CORBAS,69960,69273,OUVERT,2025-02-09 02:17:56,1,
ITAFRAN,23 AVENUE DE L'INDUSTRIE,69960,CORBAS,30549218300069,0.9997051358222961,BDF,23 AVENUE DE L'INDUSTRIE,CORBAS,69960,69273,FERME,2024-03-30 03:50:32,2,
ITAFRAN,23 AVENUE DE L'INDUSTRIE,69960,CORBAS,30549218300101,0.9973915815353394,BDF,15 AVENUE DE MONTMARTIN,CORBAS,69960,69273,FERME,2024-03-30 03:50:32,3,
ITAFRAN,23 AVENUE DE L'INDUSTRIE,69960,CORBAS,30549218300135,0.9885799288749695,BDF,47 AVENUE GABRIEL PERI,CORBAS,69960,69273,FERME,2024-03-30 03:50:32,4,
ITAFRAN,23 AVENUE DE L'INDUSTRIE,69960,CORBAS,43450752100020,0.9517263174057007,LA COMPAGNIE FINANCIERE DE LA PONCETIERE,23 AVENUE DE L'INDUSTRIE,CORBAS,69960,69273,FERME,2024-03-30 09:03:35,5,
ITAFRAN Site 2,21 AVENUE DE L INDUSTRIE,69960,CORBAS,30549218300143,0.9991425275802612,BDF,21 AVENUE DE L'INDUSTRIE,CORBAS,69960,69273,OUVERT,2025-02-09 02:17:56,1,
ITAFRAN Site 2,21 AVENUE DE L INDUSTRIE,69960,CORBAS,30549218300069,0.9957648515701294,BDF,23 AVENUE DE L'INDUSTRIE,CORBAS,69960,69273,FERME,2024-03-30 03:50:32,2,
ITAFRAN Site 2,21 AVENUE DE L INDUSTRIE,69960,CORBAS,30549218300101,0.9872161746025085,BDF,15 AVENUE DE MONTMARTIN,CORBAS,69960,69273,FERME,2024-03-30 03:50:32,3,
ITAFRAN Site 2,21 AVENUE DE L INDUSTRIE,69960,CORBAS,30549218300135,0.9630194306373596,BDF,47 AVENUE GABRIEL PERI,CORBAS,69960,69273,FERME,2024-03-30 03:50:32,4,
ITAFRAN Site 2,21 AVENUE DE L INDUSTRIE,69960,CORBAS,40189867100011,0.9191604256629944,GANGLOFF SCOMA INDUSTRIES,21 AV DE L INDUSTRIE,CORBAS,69960,69273,FERME,2024-03-22 15:40:57,5,
JNC,1 IMPASSE DU RHONE,69960,CORBAS,79341104200013,0.9983160495758057,J.N.C,1 IMPASSE DU RHONE,CORBAS,69960,69273,OUVERT,2024-03-30 00:40:40,1,
JNC,1 IMPASSE DU RHONE,69960,CORBAS,53104274500038,0.9837363362312317,FLPG SOFTWARE,1 IMPASSE DU RHONE,CORBAS,69960,69273,FERME,2024-03-30 09:25:00,2,
JNC,1 IMPASSE DU RHONE,69960,CORBAS,51304869400048,0.9568487405776978,NEWCO MADIS,1 IMPASSE DU RHONE,CORBAS,69960,69273,OUVERT,2025-03-21 12:17:51,3,
JNC,1 IMPASSE DU RHONE,69960,CORBAS,34164463100036,0.9271225929260254,ERALPRO,1 IMPASSE DU RHONE,CORBAS,69960,69273,FERME,2024-03-30 02:25:23,4,
JNC,1 IMPASSE DU RHONE,69960,CORBAS,87919666500027,0.9252923727035522,DENJEAN B.E,1 IMPASSE DU RHONE,CORBAS,69960,69273,OUVERT,2024-03-30 03:21:50,5,
JOURDAN ET MARZE,69 Rue Marcel Merieux,69960,CORBAS,41255269700028,0.9994864463806152,JOURDAN ET MARZE SUCCESSEURS,69 RUE MARCEL MERIEUX,CORBAS,69960,69273,OUVERT,2024-03-30 10:13:12,1,
JOURDAN ET MARZE,69 Rue Marcel Merieux,69960,CORBAS,49241996500024,0.9783702492713928,JARDIN FINANCE,69 RUE MARCEL MERIEUX,CORBAS,69960,69273,FERME,2024-03-22 15:40:57,2,
JOURDAN ET MARZE,69 Rue Marcel Merieux,69960,CORBAS,50062848200027,0.9598994255065918,MARCHE DE CORBAS,69 RUE MARCEL MERIEUX,CORBAS,69960,69273,OUVERT,2024-07-16 14:26:28,3,
JOURDAN ET MARZE,69 Rue Marcel Merieux,69960,CORBAS,84357049000022,0.9512054920196533,RORI CORBAS,69 RUE MARCEL MERIEUX,CORBAS,69960,69273,OUVERT,2024-03-30 08:14:55,4,
JOURDAN ET MARZE,69 Rue Marcel Merieux,69960,CORBAS,41957403300025,0.9456695318222046,JARDIN DE FRANCE ETABLISSEMENTS DIZIN,69 RUE MARCEL MERIEUX,CORBAS,69960,69273,FERME,2024-03-22 15:40:57,5,
KOPSTER HOTEL,12 AVENUE SIMONE VEIL,69150,DECINES CHARPIEU,83508352800025,0.9992772936820984,KOPSTER HOTEL,12 AVENUE SIMONE VEIL,DECINES-CHARPIEU,69150,69275,OUVERT,2025-02-10 02:09:29,1,
KOPSTER HOTEL,12 AVENUE SIMONE VEIL,69150,DECINES CHARPIEU,97250787500011,0.9532687664031982,HOTEL PASSERELLE,57 RUE DE LA FRATERNITE,DECINES-CHARPIEU,69150,69275,FERME,2024-03-29 23:02:40,2,
KOPSTER HOTEL,12 AVENUE SIMONE VEIL,69150,DECINES CHARPIEU,39336910300030,0.9264089465141296,PREMIERE CLASSE,BOULEVARD CHARLES DE GAULLE,DECINES-CHARPIEU,69150,69275,OUVERT,2024-03-30 06:05:41,3,
KOPSTER HOTEL,12 AVENUE SIMONE VEIL,69150,DECINES CHARPIEU,91125915800010,0.6714867949485779,THRILLSTAGE,10 AVENUE SIMONE VEIL,DECINES-CHARPIEU,69150,69275,FERME,2025-02-18 02:16:01,4,
KOPSTER HOTEL,12 AVENUE SIMONE VEIL,69150,DECINES CHARPIEU,92033846400133,0.6694811582565308,LEGENDS HOSPITALITY FRANCE,10 AVENUE SIMONE VEIL,DECINES-CHARPIEU,69150,69275,FERME,2025-01-16 02:14:27,5,
L2G,17 Avenue du 24 Août 1944,69960,CORBAS,44888664800055,0.9994199275970459,"LA GENERALE DE GASTRONOMIE, REMINOX, BM PRODUCTION",17 AVENUE DU 24 AOUT 1944,CORBAS,69960,69273,OUVERT,2025-02-18 02:15:14,1,
L2G,17 Avenue du 24 Août 1944,69960,CORBAS,47845556100017,0.9844919443130493,ECHO VERT RHONE ALPES,17 AVENUE DU 24 AOUT 1944,CORBAS,69960,69273,FERME,2024-03-30 12:41:53,2,
L2G,17 Avenue du 24 Août 1944,69960,CORBAS,52314131500029,0.9648661613464355,EGL,17 AVENUE DU 24 AOUT 1944,CORBAS,69960,69273,FERME,2024-03-30 08:03:58,3,
L2G,17 Avenue du 24 Août 1944,69960,CORBAS,74715092800048,0.9526498913764954,INNOSEEDS MDG,17 AV DU 24 AOUT 1944,CORBAS,69960,69273,FERME,2024-03-22 15:40:57,4,
L2G,17 Avenue du 24 Août 1944,69960,CORBAS,49244168800032,0.9061261415481567,G.C.S.,17 AVENUE DU 24 AOUT 1944,CORBAS,69960,69273,FERME,2024-03-30 13:20:01,5,
LES BANQUES ALIMENTAIRES,127 Avenue Franklin Roosevelt,69150,DECINES-CHARPIEU,38078113800033,0.9987381100654602,BANQUE ALIMENTAIRE DU RHONE,127 AVENUE FRANKLIN ROOSEVELT,DECINES-CHARPIEU,69150,69275,OUVERT,2024-03-30 13:29:23,1,
LES BANQUES ALIMENTAIRES,127 Avenue Franklin Roosevelt,69150,DECINES-CHARPIEU,80328373800018,0.9954944849014282,FONDS DE DOTATION DE LA BANQUE ALIMENTAIRE DU RHONE,127 AVENUE FRANKLIN ROOSEVELT,DECINES-CHARPIEU,69150,69275,OUVERT,2025-01-19 02:09:25,2,
LES BANQUES ALIMENTAIRES,127 Avenue Franklin Roosevelt,69150,DECINES-CHARPIEU,49012842800011,0.9930383563041687,P.M.H.,127 AVENUE FRANKLIN ROOSEVELT,DECINES-CHARPIEU,69150,69275,FERME,2024-03-30 18:45:29,3,
LES BANQUES ALIMENTAIRES,127 Avenue Franklin Roosevelt,69150,DECINES-CHARPIEU,44303932600022,0.9927825927734375,DITIB,127 AVENUE FRANKLIN ROOSEVELT,DECINES-CHARPIEU,69150,69275,OUVERT,2024-03-30 14:25:39,4,
LES BANQUES ALIMENTAIRES,127 Avenue Franklin Roosevelt,69150,DECINES-CHARPIEU,96750106500056,0.854884922504425,DAIKIN AIRCONDITIONING FRANCE,127 AVENUE FRANKLIN ROOSEVELT,DECINES-CHARPIEU,69150,69275,FERME,2025-02-08 02:26:46,5,
LES DOUCEURS DU MOULIN,69 Rue Marcel Mérieux,69960,CORBAS,89357911000022,0.9949091076850891,LES DOUCEURS DU MOULIN FRUITS ET LEGUMES,69 RUE MARCEL MERIEUX,CORBAS,69960,69273,OUVERT,2024-03-30 02:49:46,1,
LES DOUCEURS DU MOULIN,69 Rue Marcel Mérieux,69960,CORBAS,49852066700029,0.9762871861457825,LES MURIERS,69 RUE MARCEL MERIEUX,CORBAS,69960,69273,OUVERT,2025-04-29 13:36:46,2,
LES DOUCEURS DU MOULIN,69 Rue Marcel Mérieux,69960,CORBAS,79249138300016,0.9294544458389282,DU 41,69 RUE MARCEL MERIEUX,CORBAS,69960,69273,OUVERT,2024-03-30 11:11:13,3,
LES DOUCEURS DU MOULIN,69 Rue Marcel Mérieux,69960,CORBAS,31554738000024,0.9252707362174988,FRUTAS SANCHEZ,69 RUE MARCEL MERIEUX,CORBAS,69960,69273,OUVERT,2025-01-19 02:17:55,4,
LES DOUCEURS DU MOULIN,69 Rue Marcel Mérieux,69960,CORBAS,84146910900018,0.911161482334137,VERT FRAMBOISE,69 RUE MARCEL MERIEUX,CORBAS,69960,69273,OUVERT,2025-10-13 19:16:06,5,
LTP Carreau Corbas,"4, rue du Carreau",69960,CORBAS,41154916500057,0.9008814692497253,TOUTES LES PORTES T.L.P,RUE DU CARREAU,CORBAS,69960,69273,FERME,2025-01-18 02:20:47,1,
LTP Carreau Corbas,"4, rue du Carreau",69960,CORBAS,89096240000010,0.8592463135719299,S.P.R,4 RUE DU CARREAU,CORBAS,69960,69273,OUVERT,2025-01-26 03:00:12,2,
LTP Carreau Corbas,"4, rue du Carreau",69960,CORBAS,38133685800026,0.8361344933509827,P.A.C.T.,RUE DU CARREAU,CORBAS,69960,69273,FERME,2024-03-30 05:33:22,3,
LTP Carreau Corbas,"4, rue du Carreau",69960,CORBAS,83144406200051,0.8288626670837402,H2O DETECTION,4 RUE DU CARREAU,CORBAS,69960,69273,OUVERT,2024-03-30 14:31:33,4,
LTP Carreau Corbas,"4, rue du Carreau",69960,CORBAS,44533821300058,0.7263496518135071,LALANNE TRANSPORTS,RUE DU CARREAU,CORBAS,69960,69273,FERME,2024-03-30 08:50:34,5,
La Tresse du Boucher,4 impasse du Rhone,69960,CORBAS,42476102100023,0.9968366622924805,LA TRESSE DU BOUCHER,4 IMPASSE DU RHONE,CORBAS,69960,69273,OUVERT,2025-02-17 02:10:11,1,
La Tresse du Boucher,4 impasse du Rhone,69960,CORBAS,75306553100018,0.9401776194572449,L'ATELIER DU BOUCHER,4 RUE DU DAUPHINE,CORBAS,69960,69273,FERME,2025-01-27 02:07:34,2,
La Tresse du Boucher,4 impasse du Rhone,69960,CORBAS,51809239000278,0.654373049736023,DIPENERGIE,IMPASSE DU RHONE,CORBAS,69960,69273,OUVERT,2025-01-25 02:24:56,3,
La Tresse du Boucher,4 impasse du Rhone,69960,CORBAS,48302368500033,0.6247835159301758,BOUCHERIE LA QUALITE,17 RUE DU VERCORS,CORBAS,69960,69273,OUVERT,2024-03-30 13:51:14,4,
La Tresse du Boucher,4 impasse du Rhone,69960,CORBAS,92236797400016,0.5874953866004944,INFINITY ODEM HOLDING,4 IMPASSE DU CHALET,CORBAS,69960,69273,OUVERT,2025-01-25 02:22:20,5,
Lyon Select,69 Rue Marcel Merieux,69960,CORBAS,42414632200021,0.9996609687805176,EKVAL PRIMEURS,69 RUE MARCEL MERIEUX,CORBAS,69960,69273,OUVERT,2025-04-25 18:37:00,1,
Lyon Select,69 Rue Marcel Merieux,69960,CORBAS,80372802100012,0.9974773526191711,SELECT GROUP L,69 RUE MARCEL MERIEUX,CORBAS,69960,69273,OUVERT,2024-03-30 12:54:02,2,
Lyon Select,69 Rue Marcel Merieux,69960,CORBAS,49391704100029,0.9970855116844177,SELECT GROUP,69 RUE MARCEL MERIEUX,CORBAS,69960,69273,FERME,2024-03-22 15:40:57,3,
Lyon Select,69 Rue Marcel Merieux,69960,CORBAS,80369966900013,0.9948374629020691,SELECT GROUP F,69 RUE MARCEL MERIEUX,CORBAS,69960,69273,FERME,2024-03-30 03:24:58,4,
Lyon Select,69 Rue Marcel Merieux,69960,CORBAS,80369965100011,0.9939234852790833,SELECT GROUP T,69 RUE MARCEL MERIEUX,CORBAS,69960,69273,OUVERT,2024-05-08 13:07:29,5,
MAHLE AFTERMARKET FRANCE SAS,2bis Rue de Catalogne,69150,DECINES-CHARPIEU,95850100900129,0.999786913394928,COFFI,6 RUE DE CATALOGNE,DECINES-CHARPIEU,69150,69275,OUVERT,2025-01-28 02:44:54,1,
MAHLE AFTERMARKET FRANCE SAS,2bis Rue de Catalogne,69150,DECINES-CHARPIEU,37920621200027,0.99775630235672,MAHLE FRANCE,6 RUE DE CATALOGNE,DECINES-CHARPIEU,69150,69275,OUVERT,2025-02-04 02:14:15,2,
MAHLE AFTERMARKET FRANCE SAS,2bis Rue de Catalogne,69150,DECINES-CHARPIEU,43032609000031,0.9446998834609985,B.C.O.,2 RUE DE CATALOGNE,DECINES-CHARPIEU,69150,69275,FERME,2024-03-30 02:23:11,3,
MAHLE AFTERMARKET FRANCE SAS,2bis Rue de Catalogne,69150,DECINES-CHARPIEU,49104276800029,0.8051408529281616,JMH IRIS FINANCE,2 RUE DE CATALOGNE,DECINES-CHARPIEU,69150,69275,OUVERT,2024-03-30 00:05:04,4,
MAHLE AFTERMARKET FRANCE SAS,2bis Rue de Catalogne,69150,DECINES-CHARPIEU,95230141400043,0.8007032871246338,UPTEL,2 RUE DE CATALOGNE,DECINES-CHARPIEU,69150,69275,OUVERT,2025-02-18 02:15:42,5,
MAHLE BEHR FRANCE ROUFFACH S.A.S Site Décines - Aftermarket,6 Rue de Catalogne,69150,DECINES-CHARPIEU,95850100900129,0.997771143913269,COFFI,6 RUE DE CATALOGNE,DECINES-CHARPIEU,69150,69275,OUVERT,2025-01-28 02:44:54,1,
MAHLE BEHR FRANCE ROUFFACH S.A.S Site Décines - Aftermarket,6 Rue de Catalogne,69150,DECINES-CHARPIEU,37920621200027,0.9948208332061768,MAHLE FRANCE,6 RUE DE CATALOGNE,DECINES-CHARPIEU,69150,69275,OUVERT,2025-02-04 02:14:15,2,
MAHLE BEHR FRANCE ROUFFACH S.A.S Site Décines - Aftermarket,6 Rue de Catalogne,69150,DECINES-CHARPIEU,30755928600025,0.9780009984970093,DAUDET,6 RUE DE CATALOGNE,DECINES-CHARPIEU,69150,69275,FERME,2025-01-26 02:44:05,3,
MAHLE BEHR FRANCE ROUFFACH S.A.S Site Décines - Aftermarket,6 Rue de Catalogne,69150,DECINES-CHARPIEU,89784621800013,0.5621641278266907,GRAND LARGE ASSURANCE & PRET,6 ALLEE HORIZON,DECINES-CHARPIEU,69150,69275,OUVERT,2025-01-27 02:47:59,4,
MAHLE BEHR FRANCE ROUFFACH S.A.S Site Décines - Aftermarket,6 Rue de Catalogne,69150,DECINES-CHARPIEU,42952680900026,0.47250062227249146,S.C.I 3 AMT,6 RUE DE LOMBARDIE,DECINES-CHARPIEU,69150,69275,OUVERT,2024-03-30 17:27:04,5,
MAIRIE DE CORBAS,1 place Charles Jocteur,69960,CORBAS,21690273400013,0.9996030926704407,MAIRIE,PL CHARLES JOCTEUR,CORBAS,69960,69273,OUVERT,2024-03-30 03:33:42,1,
MAIRIE DE CORBAS,1 place Charles Jocteur,69960,CORBAS,21690273400088,0.9437963366508484,MAISON DE SANTE,PL CHARLES JOCTEUR,CORBAS,69960,69273,OUVERT,2024-03-30 03:35:58,2,
MAIRIE DE CORBAS,1 place Charles Jocteur,69960,CORBAS,74984783600014,0.8863664865493774,OFFICE MUNICIPALE DES SPORTS DE CORBAS,PL CHARLES JOCTEUR,CORBAS,69960,69273,FERME,2024-03-30 10:55:50,3,
MAIRIE DE CORBAS,1 place Charles Jocteur,69960,CORBAS,52837424200014,0.839276909828186,SCC,PL CHARLES JOCTEUR,CORBAS,69960,69273,OUVERT,2024-03-30 11:45:57,4,
MAIRIE DE CORBAS,1 place Charles Jocteur,69960,CORBAS,39515897500023,0.8048253059387207,TREIZE QUARANTE 13 40,1 RUE CENTRALE,CORBAS,69960,69273,FERME,2024-03-30 05:42:25,5,
MASE RHONE ALPES,4 Avenue du 24 Août 1944,69960,CORBAS,48239538100023,0.9997935891151428,ASSOCIATION,4 AVENUE DU 24 AOUT 1944,CORBAS,69960,69273,OUVERT,2024-03-30 11:03:19,1,
MASE RHONE ALPES,4 Avenue du 24 Août 1944,69960,CORBAS,50949159300034,0.9990547299385071,MASE,4 AVENUE DU 24 AOUT 1944,CORBAS,69960,69273,OUVERT,2024-03-30 05:40:08,2,
MASE RHONE ALPES,4 Avenue du 24 Août 1944,69960,CORBAS,49166880200011,0.9976818561553955,G.E.I.Q TRANSPORT AVENIR EMPLOI RHONE ALPES,4 AVENUE DU 24 AOUT 1944,CORBAS,69960,69273,FERME,2024-03-30 17:15:15,3,
MASE RHONE ALPES,4 Avenue du 24 Août 1944,69960,CORBAS,51266292500019,0.9962291121482849,POLE ALIMENTS RHONE ALPES,4 AV DU 24 AOUT 1944,CORBAS,69960,69273,FERME,2025-02-02 02:46:56,4,
MASE RHONE ALPES,4 Avenue du 24 Août 1944,69960,CORBAS,41101042400066,0.9922375082969666,ALTRAD PLETTAC MEFRAN,4 AVENUE DU 24 AOUT 1944,CORBAS,69960,69273,FERME,2024-03-30 18:47:48,5,
MAUFFREY,11 avenue du 24-août-1944,69960,CORBAS,95750241200076,0.9993488192558289,MAUFFREY RHONE ALPES,11 AVENUE DU 24 AOUT 1944,CORBAS,69960,69273,OUVERT,2025-02-15 02:14:27,1,
MAUFFREY,11 avenue du 24-août-1944,69960,CORBAS,33483660800052,0.9993422627449036,MAUFFREY IMMOBILIER,11 AVENUE DU 24 AOUT 1944,CORBAS,69960,69273,FERME,2024-03-30 00:01:13,2,
MAUFFREY,11 avenue du 24-août-1944,69960,CORBAS,38805204500050,0.9976746439933777,HINTERALSPACH,11 AVENUE DU 24 AOUT 1944,CORBAS,69960,69273,FERME,2024-03-29 23:57:45,3,
MAUFFREY,11 avenue du 24-août-1944,69960,CORBAS,95750241200068,0.997651994228363,MAUFFREY RHONE ALPES,6 AVENUE DU 24 AOUT 1944,CORBAS,69960,69273,FERME,2024-03-30 13:13:01,4,
MAUFFREY,11 avenue du 24-août-1944,69960,CORBAS,95750241200043,0.9976149797439575,MAUFFREY RHONE ALPES,24 AVENUE DU 24 AOUT 1944,CORBAS,69960,69273,FERME,2024-03-30 12:37:05,5,
MC2A DECINES,"35 rue Emile Zola, Rez-de-chaussée",69150,DECINES CHARPIEU,92437886200305,0.998999297618866,MC2A,35 RUE EMILE ZOLA,DECINES-CHARPIEU,69150,69275,OUVERT,2025-02-04 05:17:41,1,
MC2A DECINES,"35 rue Emile Zola, Rez-de-chaussée",69150,DECINES CHARPIEU,47950907700018,0.7012859582901001,JAGI,AVENUE DES BRUYERES,DECINES-CHARPIEU,69150,69275,FERME,2024-03-30 05:04:44,2,
MC2A DECINES,"35 rue Emile Zola, Rez-de-chaussée",69150,DECINES CHARPIEU,82750943100017,0.37688279151916504,AUDIKA,195 AV JEAN JAURES,DECINES-CHARPIEU,69150,69275,FERME,2025-01-17 02:09:05,3,
MC2A DECINES,"35 rue Emile Zola, Rez-de-chaussée",69150,DECINES CHARPIEU,49451274200011,0.30977916717529297,A S C,35 RUE ANTOINE LUMIERE,DECINES-CHARPIEU,69150,69275,OUVERT,2024-03-30 09:29:17,4,
MC2A DECINES,"35 rue Emile Zola, Rez-de-chaussée",69150,DECINES CHARPIEU,81879433100012,0.2599497437477112,DECINES OLYMPIQUE HANDISPORT,51 RUE DANTON,DECINES-CHARPIEU,69150,69275,OUVERT,2025-02-16 02:16:11,5,
MEDISTOCK,Zi du Carreau - Rue du Carreau,69960,CORBAS,42045590900036,0.9998030066490173,MEDISTOCK,RUE DU CARREAU,CORBAS,69960,69273,OUVERT,2025-01-15 02:12:26,1,
MEDISTOCK,Zi du Carreau - Rue du Carreau,69960,CORBAS,88194102500010,0.9525220990180969,PRIMMO CORBAS NOUVELLE,4 RUE DU DAUPHINE,CORBAS,69960,69273,OUVERT,2024-03-30 13:06:37,2,
MEDISTOCK,Zi du Carreau - Rue du Carreau,69960,CORBAS,40026348900017,0.9405317306518555,M.S.I.,RUE DU CARREAU,CORBAS,69960,69273,FERME,2024-03-30 16:24:35,3,
MEDISTOCK,Zi du Carreau - Rue du Carreau,69960,CORBAS,78994691000013,0.9000632166862488,MACHEUROP,51 RUE DU CARREAU,CORBAS,69960,69273,OUVERT,2024-03-30 01:27:32,4,
MEDISTOCK,Zi du Carreau - Rue du Carreau,69960,CORBAS,81494584600016,0.8626737594604492,ARMAPRO DEVELOPPEMENT,4 RUE DU DAUPHINE,CORBAS,69960,69273,FERME,2024-03-22 15:40:57,5,
MELEO,4 Rue des Allobroges,69960,CORBAS,30870001200021,0.9980539083480835,ENTREPRISE MELEO,4 RUE DES ALLOBROGES,CORBAS,69960,69273,OUVERT,2025-02-17 02:10:59,1,
MELEO,4 Rue des Allobroges,69960,CORBAS,86750051404132,0.9926334023475647,LOXAM,4 RUE DES ALLOBROGES,CORBAS,69960,69273,FERME,2025-01-26 03:20:37,2,
MELEO,4 Rue des Allobroges,69960,CORBAS,49938790000016,0.9405794739723206,INDUSTRIE METALLERIE CORBASIENNE,4 RUE DES ALLOBROGES,CORBAS,69960,69273,OUVERT,2024-03-30 15:51:14,3,
MELEO,4 Rue des Allobroges,69960,CORBAS,50357495600010,0.8074821829795837,PINZERE,4 RUE DES ALLOBROGES,CORBAS,69960,69273,OUVERT,2024-03-30 10:33:36,4,
MELEO,4 Rue des Allobroges,69960,CORBAS,88008402500019,0.6273123621940613,TUYAUTERIE DES ALLOBROGES,4 RUE DES ALLOBROGES,CORBAS,69960,69273,OUVERT,2025-01-16 02:51:38,5,
MERGER,15 Avenue de Montmartin,69960,CORBAS,80931437000028,0.9996552467346191,MERGER,15 AVENUE DE MONTMARTIN,CORBAS,69960,69273,OUVERT,2025-02-12 02:17:45,1,
MERGER,15 Avenue de Montmartin,69960,CORBAS,80931437000010,0.9982490539550781,MERGER,23 AVENUE DE L'INDUSTRIE,CORBAS,69960,69273,FERME,2025-02-12 02:17:45,2,
MERGER,15 Avenue de Montmartin,69960,CORBAS,80273964900027,0.9382767677307129,BLG GROUPE,15 AVENUE DE MONTMARTIN,CORBAS,69960,69273,OUVERT,2025-07-05 05:24:29,3,
MERGER,15 Avenue de Montmartin,69960,CORBAS,78007906700044,0.8889333605766296,HUILLET,15 AVENUE DE MONTMARTIN,CORBAS,69960,69273,FERME,2024-03-30 14:49:00,4,
MERGER,15 Avenue de Montmartin,69960,CORBAS,94259977000016,0.836835503578186,SPIRIT,15 AVENUE DE MONTMARTIN,CORBAS,69960,69273,OUVERT,2025-03-31 13:17:32,5,
METALDYNE-  AAM Powertrain Decines Manufacturing Facility,51 Rue Vaucanson,69150,DECINES CHARPIEU,41267067100020,0.9982743263244629,METALDYNE INTERNATIONAL FRANCE,51 RUE VAUCANSON,DECINES-CHARPIEU,69150,69275,OUVERT,2024-03-30 17:29:38,1,
METALDYNE-  AAM Powertrain Decines Manufacturing Facility,51 Rue Vaucanson,69150,DECINES CHARPIEU,88916268100023,0.9153581857681274,CONSTANTINO METAL,99 AV FRANKLIN ROOSEVELT,DECINES-CHARPIEU,69150,69275,FERME,2025-01-16 03:31:03,2,
METALDYNE-  AAM Powertrain Decines Manufacturing Facility,51 Rue Vaucanson,69150,DECINES CHARPIEU,39045079900015,0.8773354887962341,PMBC METAL,31 RUE WILSON,DECINES-CHARPIEU,69150,69275,FERME,2024-03-29 22:41:25,3,
METALDYNE-  AAM Powertrain Decines Manufacturing Facility,51 Rue Vaucanson,69150,DECINES CHARPIEU,39498883600018,0.8624846935272217,AXALU METAL CONSTRUCTIONS,55 AVENUE DES BRUYERES,DECINES-CHARPIEU,69150,69275,FERME,2024-03-30 12:05:46,4,
METALDYNE-  AAM Powertrain Decines Manufacturing Facility,51 Rue Vaucanson,69150,DECINES CHARPIEU,48519687700065,0.8033025860786438,SOPREMA,51 RUE VAUCANSON,DECINES-CHARPIEU,69150,69275,FERME,2025-02-11 02:11:23,5,
Mecanhor,103 Avenue Franklin Roosevelt,69150,DECINES CHARPIEU,95751549700031,0.9998233914375305,MECANHOR,103 AVENUE FRANKLIN ROOSEVELT,DECINES-CHARPIEU,69150,69275,OUVERT,2025-01-14 03:27:22,1,
Mecanhor,103 Avenue Franklin Roosevelt,69150,DECINES CHARPIEU,34275117900025,0.9951122403144836,TMI,103 AVENUE FRANKLIN ROOSEVELT,DECINES-CHARPIEU,69150,69275,FERME,2025-02-18 02:10:24,2,
Mecanhor,103 Avenue Franklin Roosevelt,69150,DECINES CHARPIEU,47789736700017,0.923545777797699,I2 P,103 AV FRANKLIN ROOSEVELT,DECINES-CHARPIEU,69150,69275,FERME,2024-03-22 15:40:57,3,
Mecanhor,103 Avenue Franklin Roosevelt,69150,DECINES CHARPIEU,47791908800013,0.9087441563606262,I2P,103 AV FRANKLIN ROOSEVELT,DECINES-CHARPIEU,69150,69275,FERME,2025-01-30 02:36:22,4,
Mecanhor,103 Avenue Franklin Roosevelt,69150,DECINES CHARPIEU,96950891000011,0.8051674962043762,MECADEC ETS MASSON,213 AVENUE FRANKLIN ROOSEVELT,DECINES-CHARPIEU,69150,69275,FERME,2024-03-30 01:48:57,5,
OLYMPIQUE LYONNAIS,10 Avenue Simone Veil,69150,DECINES CHARPIEU,38507188100093,0.9998016953468323,OLYMPIQUE LYONNAIS,10 AVENUE SIMONE VEIL,DECINES-CHARPIEU,69150,69275,OUVERT,2025-08-04 12:46:59,1,
OLYMPIQUE LYONNAIS,10 Avenue Simone Veil,69150,DECINES CHARPIEU,38507188100119,0.9994902610778809,OL STADE,10 AVENUE SIMONE VEIL,DECINES-CHARPIEU,69150,69275,OUVERT,2025-03-27 11:47:14,2,
OLYMPIQUE LYONNAIS,10 Avenue Simone Veil,69150,DECINES CHARPIEU,77984556900069,0.9991699457168579,OLYMPIQUE LYONNAIS SECTION FOOT BALL,10 AVENUE SIMONE VEIL,DECINES-CHARPIEU,69150,69275,OUVERT,2025-01-21 03:22:32,3,
OLYMPIQUE LYONNAIS,10 Avenue Simone Veil,69150,DECINES CHARPIEU,95352154900014,0.9987396597862244,OL FEMININ,10 AVENUE SIMONE VEIL,DECINES-CHARPIEU,69150,69275,OUVERT,2025-10-20 18:06:48,4,
OLYMPIQUE LYONNAIS,10 Avenue Simone Veil,69150,DECINES CHARPIEU,38507188100085,0.9986513257026672,OL IMAGES,10 AVENUE SIMONE VEIL,DECINES-CHARPIEU,69150,69275,OUVERT,2025-01-15 03:10:45,5,
OREXAD BRAMMER SOL 69,33 Avenue Franklin Roosevelt,69150,DECINES CHARPIEU,31413618500035,0.9886038303375244,SOLYRO,33 AVENUE FRANKLIN ROOSEVELT,DECINES-CHARPIEU,69150,69275,OUVERT,2025-01-23 03:11:19,1,
OREXAD BRAMMER SOL 69,33 Avenue Franklin Roosevelt,69150,DECINES CHARPIEU,39950094100030,0.9306326508522034,HYBELE,33 AVENUE FRANKLIN ROOSEVELT,DECINES-CHARPIEU,69150,69275,OUVERT,2025-03-02 02:10:13,2,
OREXAD BRAMMER SOL 69,33 Avenue Franklin Roosevelt,69150,DECINES CHARPIEU,41028737900060,0.8766449093818665,HEXCEL REINFORCEMENTS,33 AVENUE FRANKLIN ROOSEVELT,DECINES-CHARPIEU,69150,69275,FERME,2024-03-29 23:57:35,3,
OREXAD BRAMMER SOL 69,33 Avenue Franklin Roosevelt,69150,DECINES CHARPIEU,31525302100036,0.7805117964744568,CONFECTION & DIFFUSION STORES & RIDEAUX,33 AV FRANKLIN ROOSEVELT,DECINES-CHARPIEU,69150,69275,FERME,2024-03-22 15:40:57,4,
OREXAD BRAMMER SOL 69,33 Avenue Franklin Roosevelt,69150,DECINES CHARPIEU,95550951800044,0.7357070446014404,RUBANTEX,73 AVENUE FRANKLIN ROOSEVELT,DECINES-CHARPIEU,69150,69275,FERME,2024-03-30 07:39:58,5,
OREXAD CORBAS,4 rue du Mont Blanc,69960,CORBAS,32095539602898,0.9963334798812866,RUBIX CORBAS,4 RUE DU MONT BLANC,CORBAS,69960,69273,OUVERT,2024-03-30 04:20:07,1,
OREXAD CORBAS,4 rue du Mont Blanc,69960,CORBAS,53104274500020,0.9781103730201721,FLPG SOFTWARE,4 RUE DU MONT BLANC,CORBAS,69960,69273,FERME,2025-01-15 02:37:49,2,
OREXAD CORBAS,4 rue du Mont Blanc,69960,CORBAS,44107723700010,0.9766570329666138,GEMLOG (GPT EMPLOYEURS LOGISTIQUE ),4 RUE DU MONT BLANC,CORBAS,69960,69273,FERME,2025-01-29 02:46:49,3,
OREXAD CORBAS,4 rue du Mont Blanc,69960,CORBAS,96850465400029,0.9746482968330383,M.R.J.,4 RUE DU MONT BLANC,CORBAS,69960,69273,FERME,2024-03-30 15:45:23,4,
OREXAD CORBAS,4 rue du Mont Blanc,69960,CORBAS,89503864400038,0.9745714068412781,MIM FRET,4 RUE DU MONT BLANC,CORBAS,69960,69273,OUVERT,2025-07-06 02:07:31,5,
PAACK LOGISTICS CORBAS,32 Rue Colière,69960,CORBAS,84144832700087,0.9995991587638855,PAACK,32 RUE COLIERE,CORBAS,69960,69273,OUVERT,2024-03-30 14:46:51,1,
PAACK LOGISTICS CORBAS,32 Rue Colière,69960,CORBAS,79146066000065,0.943777322769165,UTOPYA,32 RUE COLIERE,CORBAS,69960,69273,OUVERT,2025-02-05 02:16:53,2,
PAACK LOGISTICS CORBAS,32 Rue Colière,69960,CORBAS,72080083800123,0.8615329265594482,UNITED TRANSPORT LOGISTICS,AVENUE DE L'INDUSTRIE,CORBAS,69960,69273,FERME,2024-03-30 11:31:12,3,
PAACK LOGISTICS CORBAS,32 Rue Colière,69960,CORBAS,49859693100010,0.8381772041320801,TML,17 AV DU 24 AOUT 1944,CORBAS,69960,69273,FERME,2024-03-22 15:40:57,4,
PAACK LOGISTICS CORBAS,32 Rue Colière,69960,CORBAS,38782068100014,0.7209522128105164,LYON PLANEURS CTRE VOL A VOILE LYONNAIS,RUE COLIERE,CORBAS,69960,69273,FERME,2024-03-22 15:40:57,5,
PEINTURE VALBERT SAS,8 Rue Paul et Marc Barbezat,69150,DECINES-CHARPIEU,81269442000025,0.9994495511054993,PEINTURES VALBERT,8 RUE PAUL ET MARC BARBEZAT,DECINES-CHARPIEU,69150,69275,OUVERT,2025-01-24 02:50:28,1,
PEINTURE VALBERT SAS,8 Rue Paul et Marc Barbezat,69150,DECINES-CHARPIEU,38394592000023,0.9893010258674622,JUHEM,8 RUE PAUL ET MARC BARBEZAT,DECINES-CHARPIEU,69150,69275,OUVERT,2025-02-11 02:12:20,2,
PEINTURE VALBERT SAS,8 Rue Paul et Marc Barbezat,69150,DECINES-CHARPIEU,54001848800028,0.9807631969451904,SOLUTION PEINTURE DISTRIBUTION,45 AVENUE FRANKLIN ROOSEVELT,DECINES-CHARPIEU,69150,69275,OUVERT,2025-11-09 02:07:24,3,
PEINTURE VALBERT SAS,8 Rue Paul et Marc Barbezat,69150,DECINES-CHARPIEU,35086478100017,0.977347731590271,SOC LYO PEINTURE NETTOYAGE SOLYPEINT,58 AVENUE DES BRUYERES,DECINES-CHARPIEU,69150,69275,FERME,2024-03-30 15:42:08,4,
PEINTURE VALBERT SAS,8 Rue Paul et Marc Barbezat,69150,DECINES-CHARPIEU,93448655600012,0.9494025707244873,S.A.S. PEINTURE,15 RUE DE LA FRATERNITE,DECINES-CHARPIEU,69150,69275,OUVERT,2025-10-19 02:07:10,5,
PLEXY SIGN,48 Rue Vaucanson,69150,DECINES CHARPIEU,81021053400022,0.9998713731765747,PLEXY SIGN,48 RUE VAUCANSON,DECINES-CHARPIEU,69150,69275,OUVERT,2025-02-17 02:21:25,1,
PLEXY SIGN,48 Rue Vaucanson,69150,DECINES CHARPIEU,81021053400014,0.9947511553764343,PLEXY SIGN,54 AVENUE DES BRUYERES,DECINES-CHARPIEU,69150,69275,FERME,2025-01-19 03:19:31,2,
PLEXY SIGN,48 Rue Vaucanson,69150,DECINES CHARPIEU,53757081400021,0.9559441804885864,METALARC,48 RUE VAUCANSON,DECINES-CHARPIEU,69150,69275,FERME,2025-01-15 03:14:41,3,
PLEXY SIGN,48 Rue Vaucanson,69150,DECINES CHARPIEU,47766679600024,0.9531099200248718,SM2A,48 RUE VAUCANSON,DECINES-CHARPIEU,69150,69275,FERME,2025-01-17 03:01:03,4,
PLEXY SIGN,48 Rue Vaucanson,69150,DECINES CHARPIEU,81371053000029,0.9048024415969849,UP SIGN,15 RUE EMILE ZOLA,DECINES-CHARPIEU,69150,69275,FERME,2024-03-22 15:40:57,5,
POP Corbas,Rue Louis Pradel,69960,CORBAS,97050358700036,0.8998745679855347,L'EMBOUTISSAGE TECHNIQUE P.M.,50 RUE LOUIS PRADEL,CORBAS,69960,69273,FERME,2024-03-22 15:40:57,1,
POP Corbas,Rue Louis Pradel,69960,CORBAS,87805985600020,0.8692965507507324,B.C.D.,40 ROUTE DE LYON,CORBAS,69960,69273,OUVERT,2024-03-30 04:39:10,2,
POP Corbas,Rue Louis Pradel,69960,CORBAS,41473218000024,0.7938646078109741,PLATTARD LYON,2 RUE LOUIS PRADEL,CORBAS,69960,69273,FERME,2024-03-22 15:40:57,3,
POP Corbas,Rue Louis Pradel,69960,CORBAS,53136920500012,0.7193961143493652,GNEA TRANSPORTS,81 RUE LOUIS PRADEL,CORBAS,69960,69273,FERME,2024-03-22 15:40:57,4,
POP Corbas,Rue Louis Pradel,69960,CORBAS,32876945000011,0.7149789929389954,MLM,RUE LOUIS PRADEL,CORBAS,69960,69273,OUVERT,2024-03-30 14:35:15,5,
PORTUGAULE,Rue du Carreau,69960,CORBAS,44062776800052,0.9998315572738647,MB DIFFUSION,RUE DU CARREAU,CORBAS,69960,69273,OUVERT,2025-01-15 02:25:28,1,
PORTUGAULE,Rue du Carreau,69960,CORBAS,51534780500019,0.9067102670669556,MONDEXPORT DISTRIBUTION,51 RUE DU CARREAU,CORBAS,69960,69273,FERME,2024-03-30 17:54:06,2,
PORTUGAULE,Rue du Carreau,69960,CORBAS,33362118300016,0.8648726344108582,ENTREPOTS FRIGORIFIQUES DE CORBAS,12 RUE DU VERCORS,CORBAS,69960,69273,FERME,2024-03-22 15:40:57,3,
PORTUGAULE,Rue du Carreau,69960,CORBAS,88501626100012,0.8597776293754578,LA BASCULE,2 RUE DU CARREAU,CORBAS,69960,69273,OUVERT,2024-03-30 02:37:24,4,
PORTUGAULE,Rue du Carreau,69960,CORBAS,50101899800028,0.8580440282821655,BHD IN,RUE DU CARREAU,CORBAS,69960,69273,FERME,2024-03-22 15:40:57,5,
PRIMEURS DU SUD EST,69 Rue Marcel Merieux,69960,CORBAS,78015368000076,0.9997784495353699,VINDRY,69 RUE MARCEL MERIEUX,CORBAS,69960,69273,OUVERT,2025-01-19 03:16:01,1,
PRIMEURS DU SUD EST,69 Rue Marcel Merieux,69960,CORBAS,32876129100025,0.9953019618988037,EKVAL PRIMEURS,69 RUE MARCEL MERIEUX,CORBAS,69960,69273,FERME,2024-03-22 15:40:57,2,
PRIMEURS DU SUD EST,69 Rue Marcel Merieux,69960,CORBAS,42037022300034,0.9905698299407959,COULEURS PRIMEURS,69 RUE MARCEL MERIEUX,CORBAS,69960,69273,OUVERT,2024-03-30 11:45:52,3,
PRIMEURS DU SUD EST,69 Rue Marcel Merieux,69960,CORBAS,97250554900022,0.9892816543579102,MILAN PRIMEURS,69 RUE MARCEL MERIEUX,CORBAS,69960,69273,OUVERT,2024-03-30 09:57:35,4,
PRIMEURS DU SUD EST,69 Rue Marcel Merieux,69960,CORBAS,79410910800017,0.9848986268043518,GESCO PRIMEURS,69 RUE MARCEL MERIEUX,CORBAS,69960,69273,OUVERT,2025-01-24 02:56:43,5,
PROVIDIS SIEGE,11 Rue Marcel Mérieux,69960,CORBAS,42228238400037,0.9982925057411194,PROVIDIS LOGISTIQUE,11 RUE MARCEL MERIEUX,CORBAS,69960,69273,OUVERT,2024-03-30 11:31:11,1,
PROVIDIS SIEGE,11 Rue Marcel Mérieux,69960,CORBAS,82843700400017,0.9914639592170715,SICOVIDIS,11 RUE MARCEL MERIEUX,CORBAS,69960,69273,OUVERT,2025-02-15 02:23:49,2,
PROVIDIS SIEGE,11 Rue Marcel Mérieux,69960,CORBAS,49892042000029,0.9848535060882568,CP PRESQU'ILE,11 RUE MARCEL MERIEUX,CORBAS,69960,69273,FERME,2024-03-22 15:40:57,3,
PROVIDIS SIEGE,11 Rue Marcel Mérieux,69960,CORBAS,43896993300052,0.9767202734947205,PROVIFRUITS CERISE ET POTIRON PRIM'FRUIT,11 RUE MARCEL MERIEUX,CORBAS,69960,69273,FERME,2024-03-22 15:40:57,4,
PROVIDIS SIEGE,11 Rue Marcel Mérieux,69960,CORBAS,53880777700015,0.9744934439659119,JARDINS ET VERGERS DISTRIBUTION,11 RUE MARCEL MERIEUX,CORBAS,69960,69273,OUVERT,2025-10-23 11:26:51,5,
RACINE,Chemin des Pépinières,69150,DECINES-CHARPIEU,38343453700015,0.9954875111579895,RACINE,25 RUE VOLTAIRE,DECINES-CHARPIEU,69150,69275,FERME,2025-01-26 02:08:42,1,
RACINE,Chemin des Pépinières,69150,DECINES-CHARPIEU,90861060300015,0.9939740300178528,25 RACINE,16 RUE DES MIMOSAS,DECINES-CHARPIEU,69150,69275,OUVERT,2024-03-30 00:40:43,2,
RACINE,Chemin des Pépinières,69150,DECINES-CHARPIEU,81492147400023,0.6924625039100647,MJ2G,3 RUE MICHEL SERVET,DECINES-CHARPIEU,69150,69275,OUVERT,2024-03-30 06:06:13,3,
RACINE,Chemin des Pépinières,69150,DECINES-CHARPIEU,45108099800011,0.5491397976875305,SYJO,54 RUE SULLY,DECINES-CHARPIEU,69150,69275,FERME,2024-03-30 07:46:15,4,
RACINE,Chemin des Pépinières,69150,DECINES-CHARPIEU,90315698200014,0.515333890914917,NEJP,205 AVENUE JEAN JAURES,DECINES-CHARPIEU,69150,69275,OUVERT,2025-01-24 02:55:20,5,
RAS INTERIM,5 Rue du Mont-Blanc,69960,CORBAS,79470553300063,0.9975764155387878,RAS 250,5 RUE DU MONT BLANC,CORBAS,69960,69273,OUVERT,2025-01-17 02:31:34,1,
RAS INTERIM,5 Rue du Mont-Blanc,69960,CORBAS,96950856302469,0.9975191354751587,RAS,5 RUE DU MONT BLANC,CORBAS,69960,69273,OUVERT,2025-01-26 02:40:18,2,
RAS INTERIM,5 Rue du Mont-Blanc,69960,CORBAS,39797248000016,0.9746347069740295,Z.A.I.,5 RUE DU MONT BLANC,CORBAS,69960,69273,FERME,2024-03-22 15:40:57,3,
RAS INTERIM,5 Rue du Mont-Blanc,69960,CORBAS,32237493500086,0.9659111499786377,RAS,14 RUE MARCEL MERIEUX,CORBAS,69960,69273,OUVERT,2025-02-17 02:16:52,4,
RAS INTERIM,5 Rue du Mont-Blanc,69960,CORBAS,96950270700025,0.9266894459724426,COBOLY,5 RUE DU MONT BLANC,CORBAS,69960,69273,OUVERT,2025-01-26 02:20:34,5,
REP,15 RUE DU DAUPHINE,69960,CORBAS,35029321300012,0.9992947578430176,REP INTERNATIONAL,15 RUE DU DAUPHINE,CORBAS,69960,69273,FERME,2025-01-24 02:46:51,1,
REP,15 RUE DU DAUPHINE,69960,CORBAS,40013180100013,0.9983252882957458,REP INTERNATIONAL,15 RUE DU DAUPHINE,CORBAS,69960,69273,OUVERT,2025-01-26 03:21:17,2,
REP,15 RUE DU DAUPHINE,69960,CORBAS,95550136600087,0.9947807192802429,SOC LYONNAISE EQUIPEMENTS INDUSTRIEL REP,15 RUE DU DAUPHINE,CORBAS,69960,69273,FERME,2024-03-22 15:40:57,3,
REP,15 RUE DU DAUPHINE,69960,CORBAS,32152430800038,0.9794015884399414,SACOMAT,15 RUE DU DAUPHINE,CORBAS,69960,69273,FERME,2024-03-22 15:40:57,4,
REP,15 RUE DU DAUPHINE,69960,CORBAS,52035529800032,0.9087588787078857,PIERRON ASCO & CELDA,15 RUE DU DAUPHINE,CORBAS,69960,69273,OUVERT,2024-03-29 23:14:22,5,
RHODANIENNE DE NEGOCE ET DE LOCATION,Rue Louis Pradel,69960,CORBAS,41983805700067,0.9998094439506531,RHODANIENNE DE NEGOCE ET DE LOCATION,65 RUE LOUIS PRADEL,CORBAS,69960,69273,OUVERT,2025-01-26 02:42:36,1,
RHODANIENNE DE NEGOCE ET DE LOCATION,Rue Louis Pradel,69960,CORBAS,41983805700059,0.9978234767913818,RHODANIENNE DE NEGOCE ET DE LOCATION,8 AVENUE DE L'INDUSTRIE,CORBAS,69960,69273,FERME,2024-03-30 18:08:41,2,
RHODANIENNE DE NEGOCE ET DE LOCATION,Rue Louis Pradel,69960,CORBAS,83283531800029,0.9803398251533508,LYON EST RHODANIENNE,65 RUE LOUIS PRADEL,CORBAS,69960,69273,OUVERT,2025-10-17 08:16:37,3,
RHODANIENNE DE NEGOCE ET DE LOCATION,Rue Louis Pradel,69960,CORBAS,32316789000165,0.975992739200592,RDT (R D T ),12 AVENUE DE L'INDUSTRIE,CORBAS,69960,69273,OUVERT,2025-04-06 02:06:23,4,
RHODANIENNE DE NEGOCE ET DE LOCATION,Rue Louis Pradel,69960,CORBAS,43756769600046,0.9725052118301392,S.R.M.N.I,10 RUE LOUIS PRADEL,CORBAS,69960,69273,FERME,2024-03-30 10:38:05,5,
RUBIX FRANCE,33 Avenue Franklin Roosevelt,69150,DECINES CHARPIEU,31413618500035,0.9911477565765381,SOLYRO,33 AVENUE FRANKLIN ROOSEVELT,DECINES-CHARPIEU,69150,69275,OUVERT,2025-01-23 03:11:19,1,
RUBIX FRANCE,33 Avenue Franklin Roosevelt,69150,DECINES CHARPIEU,95550951800044,0.9718410968780518,RUBANTEX,73 AVENUE FRANKLIN ROOSEVELT,DECINES-CHARPIEU,69150,69275,FERME,2024-03-30 07:39:58,2,
RUBIX FRANCE,33 Avenue Franklin Roosevelt,69150,DECINES CHARPIEU,31525302100036,0.9454582929611206,CONFECTION & DIFFUSION STORES & RIDEAUX,33 AV FRANKLIN ROOSEVELT,DECINES-CHARPIEU,69150,69275,FERME,2024-03-22 15:40:57,3,
RUBIX FRANCE,33 Avenue Franklin Roosevelt,69150,DECINES CHARPIEU,48428659600016,0.9427778124809265,SAMPE FRANCE,33 AVENUE FRANKLIN ROOSEVELT,DECINES-CHARPIEU,69150,69275,FERME,2024-03-30 05:14:16,4,
RUBIX FRANCE,33 Avenue Franklin Roosevelt,69150,DECINES CHARPIEU,41028737900060,0.9386622905731201,HEXCEL REINFORCEMENTS,33 AVENUE FRANKLIN ROOSEVELT,DECINES-CHARPIEU,69150,69275,FERME,2024-03-29 23:57:35,5,
SARL White Warehouse,133 AVENUE FRANKLIN ROOSEVELT,69150,DECINES-CHARPIEU,51306659700024,0.9502041935920715,PROMETHEE LOGISTICS CONSEILS,133 AVENUE FRANKLIN ROOSEVELT,DECINES-CHARPIEU,69150,69275,FERME,2024-03-30 05:50:24,1,
SARL White Warehouse,133 AVENUE FRANKLIN ROOSEVELT,69150,DECINES-CHARPIEU,80417569300022,0.9476238489151001,TOSILE,133 AVENUE FRANKLIN ROOSEVELT,DECINES-CHARPIEU,69150,69275,FERME,2025-01-28 02:10:08,2,
SARL White Warehouse,133 AVENUE FRANKLIN ROOSEVELT,69150,DECINES-CHARPIEU,92035163200020,0.9468568563461304,LA COLOREUSE,133 AVENUE FRANKLIN ROOSEVELT,DECINES-CHARPIEU,69150,69275,FERME,2025-07-03 09:38:47,3,
SARL White Warehouse,133 AVENUE FRANKLIN ROOSEVELT,69150,DECINES-CHARPIEU,52237889200015,0.9084633588790894,PB3,133 AVENUE FRANKLIN ROOSEVELT,DECINES-CHARPIEU,69150,69275,OUVERT,2024-03-30 06:37:07,4,
SARL White Warehouse,133 AVENUE FRANKLIN ROOSEVELT,69150,DECINES-CHARPIEU,90279716600029,0.8927226066589355,STUDIO SYLVAIN DE ROZEVIRE,133 AVENUE FRANKLIN ROOSEVELT,DECINES-CHARPIEU,69150,69275,OUVERT,2025-09-26 14:51:34,5,
SARL White Warehouse Site 2,79 AVENUE FRANKLIN ROOSEVELT,69150,DECINES-CHARPIEU,42391928100034,0.9793807864189148,A 2 C,79 AVENUE FRANKLIN ROOSEVELT,DECINES-CHARPIEU,69150,69275,FERME,2024-03-30 02:14:50,1,
SARL White Warehouse Site 2,79 AVENUE FRANKLIN ROOSEVELT,69150,DECINES-CHARPIEU,80067624900025,0.9393852353096008,A.B.I.,79 AVENUE FRANKLIN ROOSEVELT,DECINES-CHARPIEU,69150,69275,OUVERT,2024-03-30 11:49:13,2,
SARL White Warehouse Site 2,79 AVENUE FRANKLIN ROOSEVELT,69150,DECINES-CHARPIEU,41347259800031,0.9330939650535583,CYBERLABO,79 AVENUE FRANKLIN ROOSEVELT,DECINES-CHARPIEU,69150,69275,FERME,2025-01-25 03:07:14,3,
SARL White Warehouse Site 2,79 AVENUE FRANKLIN ROOSEVELT,69150,DECINES-CHARPIEU,49929447800015,0.8634843230247498,S.T.A.,79 AVENUE FRANKLIN ROOSEVELT,DECINES-CHARPIEU,69150,69275,FERME,2024-03-30 06:52:15,4,
SARL White Warehouse Site 2,79 AVENUE FRANKLIN ROOSEVELT,69150,DECINES-CHARPIEU,88335352600022,0.8312772512435913,ISYCOD,79 AVENUE FRANKLIN ROOSEVELT,DECINES-CHARPIEU,69150,69275,FERME,2025-02-17 02:24:35,5,
SAS THE REVIVAL,2 Rue Colière,69960,CORBAS,91505740000011,0.9980002045631409,TIRE REVIVAL,2 RUE COLIERE,CORBAS,69960,69273,OUVERT,2025-01-23 02:06:45,1,
SAS THE REVIVAL,2 Rue Colière,69960,CORBAS,91505740000029,0.9015882611274719,TIRE REVIVAL,65 RUE LOUIS PRADEL,CORBAS,69960,69273,OUVERT,2025-07-06 02:08:04,2,
SAS THE REVIVAL,2 Rue Colière,69960,CORBAS,87748101000016,0.8988600969314575,MAXI,2 RUE COLIERE,CORBAS,69960,69273,FERME,2024-03-30 10:58:36,3,
SAS THE REVIVAL,2 Rue Colière,69960,CORBAS,50973144400022,0.8090246319770813,M2P,2 RUE COLIERE,CORBAS,69960,69273,FERME,2025-02-04 02:52:42,4,
SAS THE REVIVAL,2 Rue Colière,69960,CORBAS,32585796900035,0.7917354106903076,JALLON,2 RUE MARCEL MERIEUX,CORBAS,69960,69273,FERME,2024-03-30 17:23:05,5,
SEI LYON,32 Rue Louis Pradel,69960,CORBAS,31514474100040,0.9989442229270935,SEI,32 RUE LOUIS PRADEL,CORBAS,69960,69273,FERME,2024-03-22 15:40:57,1,
SEI LYON,32 Rue Louis Pradel,69960,CORBAS,79020030700011,0.9957809448242188,SEI SAVOIES,32 RUE LOUIS PRADEL,CORBAS,69960,69273,FERME,2024-03-22 15:40:57,2,
SEI LYON,32 Rue Louis Pradel,69960,CORBAS,44822880900027,0.9899321794509888,LYON EQUIPEMENT INDUSTRIEL,21 MONTMARTIN,CORBAS,69960,69273,FERME,2024-03-30 18:02:36,3,
SEI LYON,32 Rue Louis Pradel,69960,CORBAS,44139546400015,0.9563859105110168,LYON TRANSMISSION,23 AV DE L INDUSTRIE,CORBAS,69960,69273,FERME,2024-03-22 15:40:57,4,
SEI LYON,32 Rue Louis Pradel,69960,CORBAS,44974272500012,0.9493223428726196,TRANSPORT INT LYONNAIS T.I.L,11 AVENUE DE MONTMARTIN,CORBAS,69960,69273,FERME,2024-03-30 12:40:31,5,
SERF EXTREMITY,16 RUE DE LOMBARDIE,69150,DECINES CHARPIEU,97350450900058,0.9989370703697205,SERF,16 RUE DE LOMBARDIE,DECINES-CHARPIEU,69150,69275,OUVERT,2025-01-23 03:20:35,1,
SERF EXTREMITY,16 RUE DE LOMBARDIE,69150,DECINES CHARPIEU,97350450900033,0.9967901110649109,SERF,85 AVENUE DES BRUYERES,DECINES-CHARPIEU,69150,69275,OUVERT,2025-06-13 18:06:15,2,
SERF EXTREMITY,16 RUE DE LOMBARDIE,69150,DECINES CHARPIEU,93754655400018,0.9847553372383118,SERF TECHNOLOGIES,85 AVENUE DES BRUYERES,DECINES-CHARPIEU,69150,69275,OUVERT,2025-06-11 14:26:30,3,
SERF EXTREMITY,16 RUE DE LOMBARDIE,69150,DECINES CHARPIEU,97350450900041,0.9710185527801514,SERF,89 AVENUE DES BRUYERES,DECINES-CHARPIEU,69150,69275,FERME,2025-01-23 02:57:32,4,
SERF EXTREMITY,16 RUE DE LOMBARDIE,69150,DECINES CHARPIEU,81520155300014,0.9421277046203613,RENESOLA FRANCE SPV1,16 RUE DE LOMBARDIE,DECINES-CHARPIEU,69150,69275,FERME,2025-02-07 02:27:32,5,
SERPAY,25 Avenue Beauregard,69150,DECINES-CHARPIEU,42322927700029,0.9998990297317505,SERPAY,25 AVENUE BEAUREGARD,DECINES-CHARPIEU,69150,69275,OUVERT,2025-01-28 02:21:24,1,
SERPAY,25 Avenue Beauregard,69150,DECINES-CHARPIEU,44371769900054,0.9860000014305115,PACT AUTOMATISMES,25 AVENUE BEAUREGARD,DECINES-CHARPIEU,69150,69275,FERME,2025-01-15 02:49:55,2,
SERPAY,25 Avenue Beauregard,69150,DECINES-CHARPIEU,53259108800036,0.9731143712997437,H.O.V.E,25 AVENUE BEAUREGARD,DECINES-CHARPIEU,69150,69275,FERME,2025-01-31 02:55:47,3,
SERPAY,25 Avenue Beauregard,69150,DECINES-CHARPIEU,85120177200023,0.9648106694221497,SP COATING,25 AVENUE BEAUREGARD,DECINES-CHARPIEU,69150,69275,FERME,2024-03-30 00:56:19,4,
SERPAY,25 Avenue Beauregard,69150,DECINES-CHARPIEU,42173383300022,0.9504450559616089,L.R.P.,25 AVENUE BEAUREGARD,DECINES-CHARPIEU,69150,69275,FERME,2024-03-30 11:04:12,5,
SMEG FRANCE CORBAS,83 RUE MARCEL MERIEUX,69960,CORBAS,34408301900085,0.9990468621253967,SMEG,83 RUE MARCEL MERIEUX,CORBAS,69960,69273,OUVERT,2024-03-30 10:48:43,1,
SMEG FRANCE CORBAS,83 RUE MARCEL MERIEUX,69960,CORBAS,34408301900069,0.9923802614212036,SMEG FRANCE,11 AVENUE DU 24 AOUT 1944,CORBAS,69960,69273,FERME,2024-03-30 10:48:42,2,
SMEG FRANCE CORBAS,83 RUE MARCEL MERIEUX,69960,CORBAS,33045834000057,0.9565386772155762,FG INOX,83 RUE MARCEL MERIEUX,CORBAS,69960,69273,FERME,2024-03-30 15:50:55,3,
SMEG FRANCE CORBAS,83 RUE MARCEL MERIEUX,69960,CORBAS,38495689200309,0.9459876418113708,FEDEX LOGISTICS SERVICES,83 RUE MARCEL MERIEUX,CORBAS,69960,69273,FERME,2024-03-30 06:01:23,4,
SMEG FRANCE CORBAS,83 RUE MARCEL MERIEUX,69960,CORBAS,97350535701885,0.9377858638763428,TNT,83 RUE MARCEL MERIEUX,CORBAS,69960,69273,OUVERT,2024-03-30 02:40:45,5,
SMEG France,83 Rue Marcel Mérieux,69960,CORBAS,34408301900085,0.9989521503448486,SMEG,83 RUE MARCEL MERIEUX,CORBAS,69960,69273,OUVERT,2024-03-30 10:48:43,1,
SMEG France,83 Rue Marcel Mérieux,69960,CORBAS,34408301900069,0.9923802614212036,SMEG FRANCE,11 AVENUE DU 24 AOUT 1944,CORBAS,69960,69273,FERME,2024-03-30 10:48:42,2,
SMEG France,83 Rue Marcel Mérieux,69960,CORBAS,97350535701885,0.9773762226104736,TNT,83 RUE MARCEL MERIEUX,CORBAS,69960,69273,OUVERT,2024-03-30 02:40:45,3,
SMEG France,83 Rue Marcel Mérieux,69960,CORBAS,33045834000057,0.9561586380004883,FG INOX,83 RUE MARCEL MERIEUX,CORBAS,69960,69273,FERME,2024-03-30 15:50:55,4,
SMEG France,83 Rue Marcel Mérieux,69960,CORBAS,38495689200309,0.9555038213729858,FEDEX LOGISTICS SERVICES,83 RUE MARCEL MERIEUX,CORBAS,69960,69273,FERME,2024-03-30 06:01:23,5,
SOCIETE MODERNE D'ISOLATION,33 Route de Lyon,69960,CORBAS,33245542700028,0.9998779296875,SOCIETE MODERNE D'ISOLATION,33 ROUTE DE LYON,CORBAS,69960,69273,FERME,2025-10-09 17:36:21,1,
SOCIETE MODERNE D'ISOLATION,33 Route de Lyon,69960,CORBAS,05781296800998,0.9960792660713196,SMI SOCIETE MODERNE D'ISOLATION,33 ROUTE DE LYON,CORBAS,69960,69273,OUVERT,2025-04-24 11:26:37,2,
SOCIETE MODERNE D'ISOLATION,33 Route de Lyon,69960,CORBAS,38816962500026,0.9560336470603943,MAJIM,33 RTE DE LYON,CORBAS,69960,69273,FERME,2025-01-23 02:26:10,3,
SOCIETE MODERNE D'ISOLATION,33 Route de Lyon,69960,CORBAS,79130141900010,0.9394270181655884,EOZIA,33 ROUTE DE LYON,CORBAS,69960,69273,FERME,2025-02-15 02:14:00,4,
SOCIETE MODERNE D'ISOLATION,33 Route de Lyon,69960,CORBAS,44007757600021,0.9374056458473206,SEFIS,33 RTE DE LYON,CORBAS,69960,69273,FERME,2024-03-22 15:40:57,5,
SOLY IMPORT,51 Rue Marcel Merieux,69960,CORBAS,77983234400070,0.9999066591262817,SOLY IMPORT,51 RUE MARCEL MERIEUX,CORBAS,69960,69273,OUVERT,2025-01-14 03:18:44,1,
SOLY IMPORT,51 Rue Marcel Merieux,69960,CORBAS,77983234400088,0.99968421459198,SOLY IMPORT,69 RUE MARCEL MERIEUX,CORBAS,69960,69273,OUVERT,2024-03-30 15:57:53,2,
SOLY IMPORT,51 Rue Marcel Merieux,69960,CORBAS,87955528200018,0.9947448968887329,SOLY FROST HOLDING,51 RUE MARCEL MERIEUX,CORBAS,69960,69273,OUVERT,2025-09-01 10:49:59,3,
SOLY IMPORT,51 Rue Marcel Merieux,69960,CORBAS,49122827600029,0.9502653479576111,DU PETIT BOIS,51 RUE MARCEL MERIEUX,CORBAS,69960,69273,OUVERT,2024-11-13 16:35:59,4,
SOLY IMPORT,51 Rue Marcel Merieux,69960,CORBAS,80253160800015,0.9213170409202576,BAFILCO,51 RUE MARCEL MERIEUX,CORBAS,69960,69273,OUVERT,2024-03-30 00:13:08,5,
SOPINVEST,92 Avenue des Bruyères,69150,DECINES-CHARPIEU,50829414700055,0.9994392991065979,SOPINVEST,92 AVENUE DES BRUYERES,DECINES-CHARPIEU,69150,69275,OUVERT,2024-03-30 09:01:52,1,
SOPINVEST,92 Avenue des Bruyères,69150,DECINES-CHARPIEU,84955409200015,0.9902920126914978,A ET L,92 AVENUE DES BRUYERES,DECINES-CHARPIEU,69150,69275,OUVERT,2024-03-30 02:10:56,2,
SOPINVEST,92 Avenue des Bruyères,69150,DECINES-CHARPIEU,82299922300024,0.9802911281585693,BCC,92 AVENUE DES BRUYERES,DECINES-CHARPIEU,69150,69275,OUVERT,2025-02-06 02:31:49,3,
SOPINVEST,92 Avenue des Bruyères,69150,DECINES-CHARPIEU,33352047600156,0.9791649580001831,BOURGOGNE FRANCHE COMTE AUTOMATISMES,92 AVENUE DES BRUYERES,DECINES-CHARPIEU,69150,69275,FERME,2025-09-25 14:10:20,4,
SOPINVEST,92 Avenue des Bruyères,69150,DECINES-CHARPIEU,90266841700014,0.977627694606781,AURYX BY AWAGROUP,92 AVENUE DES BRUYERES,DECINES-CHARPIEU,69150,69275,FERME,2025-06-08 02:07:54,5,
STAT Corbas,38 Avenue du 24 Août 1944,69960,CORBAS,32902163800229,0.9994786381721497,STAT,38 AVENUE DU 24 AOUT 1944,CORBAS,69960,69273,OUVERT,2025-01-25 03:05:15,1,
STAT Corbas,38 Avenue du 24 Août 1944,69960,CORBAS,32902163800088,0.9945381283760071,STAT,RUE DU CARREAU,CORBAS,69960,69273,FERME,2025-02-12 02:28:08,2,
STAT Corbas,38 Avenue du 24 Août 1944,69960,CORBAS,79192333700012,0.46022289991378784,ARAUCANIA,AVENUE DU 24 AOUT 1944,CORBAS,69960,69273,FERME,2025-02-07 02:21:14,3,
STAT Corbas,38 Avenue du 24 Août 1944,69960,CORBAS,79347420600018,0.4136463701725006,LE NOUVEAU PAYSAGE SERVICES,AVENUE DU 24 AOUT 1944,CORBAS,69960,69273,FERME,2024-03-30 07:07:59,4,
STAT Corbas,38 Avenue du 24 Août 1944,69960,CORBAS,52314131500029,0.4042258560657501,EGL,17 AVENUE DU 24 AOUT 1944,CORBAS,69960,69273,FERME,2024-03-30 08:03:58,5,
Sabeco,92 Avenue des Bruyères,69150,DECINES CHARPIEU,91016759200013,0.9888461232185364,SABEXTRA,92 AVENUE DES BRUYERES,DECINES-CHARPIEU,69150,69275,FERME,2025-01-28 02:59:44,1,
Sabeco,92 Avenue des Bruyères,69150,DECINES CHARPIEU,01675055600165,0.986943244934082,ETABLISSEMENTS G. BOUTILLON,92 AVENUE DES BRUYERES,DECINES-CHARPIEU,69150,69275,OUVERT,2025-01-18 02:07:03,2,
Sabeco,92 Avenue des Bruyères,69150,DECINES CHARPIEU,79422623300037,0.9845995306968689,SABEKO LYON,92 AVENUE DES BRUYERES,DECINES-CHARPIEU,69150,69275,OUVERT,2025-02-02 02:22:49,3,
Sabeco,92 Avenue des Bruyères,69150,DECINES CHARPIEU,91034831700017,0.9442140460014343,CNP,92 AVENUE DES BRUYERES,DECINES-CHARPIEU,69150,69275,OUVERT,2025-07-22 05:17:53,4,
Sabeco,92 Avenue des Bruyères,69150,DECINES CHARPIEU,80019655200031,0.9352414608001709,INFINITICS,92 AVENUE DES BRUYERES,DECINES-CHARPIEU,69150,69275,FERME,2025-02-01 02:38:44,5,
Simonetti,167 avenue Franklin Roosevelt,69150,DECINES CHARPIEU,97250156300035,0.991898775100708,ENTREPRISE SIMONETTI,167 AVENUE FRANKLIN ROOSEVELT,DECINES-CHARPIEU,69150,69275,OUVERT,2024-03-30 12:07:12,1,
Simonetti,167 avenue Franklin Roosevelt,69150,DECINES CHARPIEU,47893595000012,0.7190119028091431,ALPAYA,171 AVENUE FRANKLIN ROOSEVELT,DECINES-CHARPIEU,69150,69275,FERME,2024-03-30 11:22:37,2,
Simonetti,167 avenue Franklin Roosevelt,69150,DECINES CHARPIEU,94273320500010,0.5629870891571045,EURO PARE BRISE + LYON,51 AVENUE FRANKLIN ROOSEVELT,DECINES-CHARPIEU,69150,69275,OUVERT,2025-05-23 05:15:42,3,
Simonetti,167 avenue Franklin Roosevelt,69150,DECINES CHARPIEU,53137307400016,0.5474485158920288,VOILA,227 AVENUE FRANKLIN ROOSEVELT,DECINES-CHARPIEU,69150,69275,FERME,2024-03-30 05:05:48,4,
Simonetti,167 avenue Franklin Roosevelt,69150,DECINES CHARPIEU,97050240700012,0.4912334084510803,FRANCIA HOVAL,AV FRANKLIN ROOSEVELT,DECINES-CHARPIEU,69150,69275,FERME,2024-03-22 15:40:57,5,
Sirene SAS,84 Avenue des Bruyères,69150,DECINES CHARPIEU,43339808800024,0.9994658827781677,SIRENE,84 AVENUE DES BRUYERES,DECINES-CHARPIEU,69150,69275,FERME,2025-01-19 02:13:24,1,
Sirene SAS,84 Avenue des Bruyères,69150,DECINES CHARPIEU,81354046500016,0.9520480036735535,ENERIS DEVELOPPEMENT,84 AV DES BRUYERES,DECINES-CHARPIEU,69150,69275,FERME,2025-02-03 02:44:44,2,
Sirene SAS,84 Avenue des Bruyères,69150,DECINES CHARPIEU,81473046100013,0.8795309066772461,BRUNVERT,84 AVENUE DES BRUYERES,DECINES-CHARPIEU,69150,69275,FERME,2025-01-28 02:08:41,3,
Sirene SAS,84 Avenue des Bruyères,69150,DECINES CHARPIEU,81371053000011,0.776560366153717,UP SIGN,84 AV DES BRUYERES,DECINES-CHARPIEU,69150,69275,FERME,2024-03-22 15:40:57,4,
Sirene SAS,84 Avenue des Bruyères,69150,DECINES CHARPIEU,95399912500016,0.7595879435539246,CM 23,84 AVENUE DES BRUYERES,DECINES-CHARPIEU,69150,69275,FERME,2025-02-06 02:18:43,5,
Sitiv Corbas,PLACE CHARLES-JOCTEUR,69960,CORBAS,80774024600010,0.8442142009735107,COR.BAL.TRAD.,PL CHARLES JOCTEUR,CORBAS,69960,69273,OUVERT,2025-01-29 02:31:06,1,
Sitiv Corbas,PLACE CHARLES-JOCTEUR,69960,CORBAS,21690273400088,0.8374248743057251,MAISON DE SANTE,PL CHARLES JOCTEUR,CORBAS,69960,69273,OUVERT,2024-03-30 03:35:58,2,
Sitiv Corbas,PLACE CHARLES-JOCTEUR,69960,CORBAS,51085000100023,0.8358052372932434,CORBAS RUNNING,1 PL CHARLES JOCTEUR,CORBAS,69960,69273,OUVERT,2024-03-30 15:11:24,3,
Sitiv Corbas,PLACE CHARLES-JOCTEUR,69960,CORBAS,81436747000014,0.829790472984314,LE CHOEURBASIEN !,PL CHARLES JOCTEUR,CORBAS,69960,69273,OUVERT,2024-03-30 07:07:29,4,
Sitiv Corbas,PLACE CHARLES-JOCTEUR,69960,CORBAS,82115901900024,0.8137127757072449,CORBAS PATISS',PL CHARLES JOCTEUR,CORBAS,69960,69273,OUVERT,2024-03-30 10:26:26,5,
Stryker Corporation,85 Avenue des Bruyères,69150,DECINES-CHARPIEU,93754655400018,0.8356558680534363,SERF TECHNOLOGIES,85 AVENUE DES BRUYERES,DECINES-CHARPIEU,69150,69275,OUVERT,2025-06-11 14:26:30,1,
Stryker Corporation,16 RUE DE LOMBARDIE,69150,DECINES-CHARPIEU,79009806500044,0.8115032315254211,ISTA SECG,16 RUE DE LOMBARDIE,DECINES-CHARPIEU,69150,69275,OUVERT,2024-03-30 14:19:03,1,
Stryker Corporation,85 Avenue des Bruyères,69150,DECINES-CHARPIEU,50195086900021,0.7461254596710205,MENIX,85 AV DES BRUYERES,DECINES-CHARPIEU,69150,69275,FERME,2024-03-22 15:40:57,2,
Stryker Corporation,16 RUE DE LOMBARDIE,69150,DECINES-CHARPIEU,79779881600014,0.38822638988494873,CARANSIERA,16 RUE DE VERDUN,DECINES-CHARPIEU,69150,69275,FERME,2024-03-29 23:30:41,2,
Stryker Corporation,85 Avenue des Bruyères,69150,DECINES-CHARPIEU,79926766100012,0.5434610247612,SERF EXTREMITIES,85 AVENUE DES BRUYERES,DECINES-CHARPIEU,69150,69275,FERME,2025-01-16 02:58:15,3,
Stryker Corporation,16 RUE DE LOMBARDIE,69150,DECINES-CHARPIEU,81520155300014,0.3330817222595215,RENESOLA FRANCE SPV1,16 RUE DE LOMBARDIE,DECINES-CHARPIEU,69150,69275,FERME,2025-02-07 02:27:32,3,
Stryker Corporation,85 Avenue des Bruyères,69150,DECINES-CHARPIEU,83246703900026,0.5300299525260925,MENIX,85 AVENUE DES BRUYERES,DECINES-CHARPIEU,69150,69275,FERME,2025-02-10 02:14:00,4,
Stryker Corporation,16 RUE DE LOMBARDIE,69150,DECINES-CHARPIEU,67201637500111,0.31523042917251587,SECR,16 RUE DE LOMBARDIE,DECINES-CHARPIEU,69150,69275,FERME,2024-03-22 15:40:57,4,
Stryker Corporation,85 Avenue des Bruyères,69150,DECINES-CHARPIEU,47797108900040,0.3586430251598358,L.H.P.,9 AVENUE DES BRUYERES,DECINES-CHARPIEU,69150,69275,FERME,2024-03-30 07:01:08,5,
Stryker Corporation,16 RUE DE LOMBARDIE,69150,DECINES-CHARPIEU,97350450900058,0.2567274868488312,SERF,16 RUE DE LOMBARDIE,DECINES-CHARPIEU,69150,69275,OUVERT,2025-01-23 03:20:35,5,
TECNIPLAST FRANCE,37 RUE EMILE ZOLA,69150,DECINES,45126922900048,0.9999115467071533,TECNIPLAST FRANCE,37 RUE EMILE ZOLA,DECINES-CHARPIEU,69150,69275,OUVERT,2025-02-05 02:09:28,1,
TECNIPLAST FRANCE,37 RUE EMILE ZOLA,69150,DECINES,30119018700015,0.9710822105407715,TECHNO CHEMIE FRANCE,RUE VAUCANSON,DECINES-CHARPIEU,69150,69275,FERME,2024-03-22 15:40:57,2,
TECNIPLAST FRANCE,37 RUE EMILE ZOLA,69150,DECINES,33130803100045,0.9641794562339783,COPELAND FRANCE,61 RUE EMILE ZOLA,DECINES-CHARPIEU,69150,69275,FERME,2024-03-22 15:40:57,3,
TECNIPLAST FRANCE,37 RUE EMILE ZOLA,69150,DECINES,96650222100031,0.9410205483436584,COPELAND FRANCE,61 RUE EMILE ZOLA,DECINES-CHARPIEU,69150,69275,FERME,2025-02-06 02:25:09,4,
TECNIPLAST FRANCE,37 RUE EMILE ZOLA,69150,DECINES,80125053100101,0.8908630609512329,BRANDT FRANCE,31 RUE WILSON,DECINES-CHARPIEU,69150,69275,FERME,2025-05-23 17:27:24,5,
TRANS GROUPAGE EXPRESS,8 Avenue de l’Industrie,69960,CORBAS,53278720700036,0.9997946619987488,T.G.E,8 AVENUE DE L'INDUSTRIE,CORBAS,69960,69273,OUVERT,2024-03-30 06:15:16,1,
TRANS GROUPAGE EXPRESS,8 Avenue de l’Industrie,69960,CORBAS,93868146700016,0.9857432246208191,D&M EXPRESS,18 RUE MARCEL CERDAN,CORBAS,69960,69273,OUVERT,2025-02-05 05:21:11,2,
TRANS GROUPAGE EXPRESS,8 Avenue de l’Industrie,69960,CORBAS,93122956100010,0.9764828681945801,ELINE EXPRESS,4 IMPASSE JACQUES PREVERT,CORBAS,69960,69273,OUVERT,2024-07-22 17:27:15,3,
TRANS GROUPAGE EXPRESS,8 Avenue de l’Industrie,69960,CORBAS,47978680800010,0.9761812686920166,CENTRE EXPRESS LIMOUSIN 69,AVENUE DE MONTMARTIN,CORBAS,69960,69273,FERME,2025-07-04 14:16:58,4,
TRANS GROUPAGE EXPRESS,8 Avenue de l’Industrie,69960,CORBAS,58595026400069,0.9704551100730896,GROUPE MULTI TRANSPORTS,AVENUE DE L'INDUSTRIE,CORBAS,69960,69273,FERME,2024-03-30 02:43:44,5,
TRANSPORTS FRIGORIFIQUES DU VIVARAIS,24 Avenue du 24 Août 1944,69960,CORBAS,53112426100029,0.9983198046684265,VIVARAIS LYON,26 AVENUE DU 24 AOUT 1944,CORBAS,69960,69273,OUVERT,2025-02-02 02:09:35,1,
TRANSPORTS FRIGORIFIQUES DU VIVARAIS,24 Avenue du 24 Août 1944,69960,CORBAS,90113494000013,0.9702062606811523,V TREX TRANSPORTS,18 AVENUE DE LA VILLERME,CORBAS,69960,69273,FERME,2024-03-30 14:12:07,2,
TRANSPORTS FRIGORIFIQUES DU VIVARAIS,24 Avenue du 24 Août 1944,69960,CORBAS,40161108200017,0.9647563099861145,TRANSERVICE,24 AVENUE DU 24 AOUT 1944,CORBAS,69960,69273,FERME,2025-02-10 02:23:57,3,
TRANSPORTS FRIGORIFIQUES DU VIVARAIS,24 Avenue du 24 Août 1944,69960,CORBAS,38403315500035,0.9483109712600708,G.T.I. LOGISTIQUE,24 AVENUE DU 24 AOUT 1944,CORBAS,69960,69273,FERME,2025-02-08 02:20:34,4,
TRANSPORTS FRIGORIFIQUES DU VIVARAIS,24 Avenue du 24 Août 1944,69960,CORBAS,01655107900078,0.9369938373565674,PADIJOU,24 AVENUE DU 24 AOUT 1944,CORBAS,69960,69273,FERME,2024-03-30 05:11:50,5,
Timcod Rhone-Alpes,40 route de Lyon,69960,CORBAS,48048580400037,0.9880521297454834,APLISTORE,40 ROUTE DE LYON,CORBAS,69960,69273,OUVERT,2025-02-18 02:17:00,1,
Timcod Rhone-Alpes,40 route de Lyon,69960,CORBAS,79452887700044,0.921141505241394,SOGEQUIP INDUSTRIES ET SOLUTIONS,40 ROUTE DE LYON,CORBAS,69960,69273,FERME,2024-06-27 12:17:38,2,
Timcod Rhone-Alpes,40 route de Lyon,69960,CORBAS,48889457700045,0.8995754718780518,CEME PROCESS INDUSTRIEL,40 RTE DE LYON,CORBAS,69960,69273,FERME,2025-02-07 02:21:14,3,
Timcod Rhone-Alpes,40 route de Lyon,69960,CORBAS,96050098100050,0.873537003993988,CEME CERNIAUT,40 ROUTE DE LYON,CORBAS,69960,69273,OUVERT,2024-03-30 15:35:26,4,
Timcod Rhone-Alpes,40 route de Lyon,69960,CORBAS,87805985600020,0.8668383359909058,B.C.D.,40 ROUTE DE LYON,CORBAS,69960,69273,OUVERT,2024-03-30 04:39:10,5,
UNIVERSAL ARCHERY,81 Rue Elisée Reclus,69150,DECINES-CHARPIEU,81280940800014,0.9995303153991699,UNIVERSAL ARCHERY,81 RUE ELISEE RECLUS,DECINES-CHARPIEU,69150,69275,OUVERT,2025-01-17 03:18:56,1,
UNIVERSAL ARCHERY,81 Rue Elisée Reclus,69150,DECINES-CHARPIEU,80053604700023,0.9550355076789856,RHONE ALPES AUVERGNE CARRELAGE,81 RUE ELISEE RECLUS,DECINES-CHARPIEU,69150,69275,OUVERT,2024-03-30 00:30:32,2,
UNIVERSAL ARCHERY,81 Rue Elisée Reclus,69150,DECINES-CHARPIEU,21690275900010,0.9379011988639832,MAIRIE,PLACE ROGER SALENGRO,DECINES-CHARPIEU,69150,69275,OUVERT,2025-02-15 02:15:08,3,
UNIVERSAL ARCHERY,81 Rue Elisée Reclus,69150,DECINES-CHARPIEU,39902465200238,0.9342966675758362,RECORD PORTES AUTOMATIQUES,81 RUE ELISEE RECLUS,DECINES-CHARPIEU,69150,69275,OUVERT,2024-03-30 15:32:46,4,
UNIVERSAL ARCHERY,81 Rue Elisée Reclus,69150,DECINES-CHARPIEU,48802039700037,0.9315760135650635,SCHEM'ELEC,81 RUE ELISEE RECLUS,DECINES-CHARPIEU,69150,69275,OUVERT,2025-01-30 02:22:39,5,
VIGNAL SYSTEMS,19 AVENUE DU 24 AOUT 1944,69960,CORBAS,45032486800030,0.9998881816864014,VIGNAL SYSTEMS,19 AVENUE DU 24 AOUT 1944,CORBAS,69960,69273,OUVERT,2025-02-18 02:16:03,1,
VIGNAL SYSTEMS,19 AVENUE DU 24 AOUT 1944,69960,CORBAS,45032486800022,0.9994930028915405,VIGNAL SYSTEMS,IMPASSE DU 24 AOUT 1944,CORBAS,69960,69273,FERME,2024-03-30 09:58:05,2,
VIGNAL SYSTEMS,19 AVENUE DU 24 AOUT 1944,69960,CORBAS,81265702100026,0.9979323148727417,VIGNAL IMMO,19 AVENUE DU 24 AOUT 1944,CORBAS,69960,69273,OUVERT,2024-03-30 12:18:10,3,
VIGNAL SYSTEMS,19 AVENUE DU 24 AOUT 1944,69960,CORBAS,45032486800048,0.9976860284805298,VIGNAL SYSTEMS,12 AVENUE DE L'INDUSTRIE,CORBAS,69960,69273,OUVERT,2025-04-06 02:06:11,4,
VIGNAL SYSTEMS,19 AVENUE DU 24 AOUT 1944,69960,CORBAS,95752556100040,0.9961506128311157,SESALY,19 AVENUE DU 24 AOUT 1944,CORBAS,69960,69273,OUVERT,2025-01-24 03:00:51,5,
